Datum von;Datum bis;Deutschland/Luxemburg [€/MWh] Originalauflösungen;∅ Anrainer DE/LU [€/MWh] Originalauflösungen;Belgien [€/MWh] Originalauflösungen;Dänemark 1 [€/MWh] Originalauflösungen;Dänemark 2 [€/MWh] Originalauflösungen;Frankreich [€/MWh] Originalauflösungen;Niederlande [€/MWh] Originalauflösungen;Norwegen 2 [€/MWh] Originalauflösungen;Österreich [€/MWh] Originalauflösungen;Polen [€/MWh] Originalauflösungen;Schweden 4 [€/MWh] Originalauflösungen;Schweiz [€/MWh] Originalauflösungen;Tschechien [€/MWh] Originalauflösungen;DE/AT/LU [€/MWh] Originalauflösungen;Italien (Nord) [€/MWh] Originalauflösungen;Slowenien [€/MWh] Originalauflösungen;Ungarn [€/MWh] Originalauflösungen
01.01.2025 00:00;01.01.2025 01:00;2,16;27,99;10,62;2,16;2,54;12,36;13,62;16,35;109,00;15,41;2,67;102,20;21,00;-;-;118,46;147,25
01.01.2025 01:00;01.01.2025 02:00;1,60;29,36;10,27;1,60;1,93;18,92;6,24;14,05;97,03;2,19;2,04;98,20;70,50;-;-;129,07;126,12
01.01.2025 02:00;01.01.2025 03:00;0,00;25,86;8,38;1,63;1,93;16,66;4,16;12,39;91,47;2,18;2,04;72,60;71,07;-;-;121,10;116,50
01.01.2025 03:00;01.01.2025 04:00;-0,01;22,10;6,61;1,09;1,43;13,10;3,28;13,21;72,87;1,69;1,54;67,85;60,45;-;-;94,28;71,49
01.01.2025 04:00;01.01.2025 05:00;-0,01;20,38;2,29;0,47;1,04;5,90;0,68;12,23;77,42;0,09;1,18;62,87;60,01;-;-;63,69;68,66
01.01.2025 05:00;01.01.2025 06:00;-0,06;21,71;3,01;0,00;2,28;9,27;0,00;6,73;95,01;1,16;2,38;58,99;60,01;-;-;102,26;41,58
01.01.2025 06:00;01.01.2025 07:00;-0,09;21,88;3,52;0,76;1,15;10,04;0,76;15,37;95,08;0,04;1,29;68,57;44,06;-;-;99,93;32,45
01.01.2025 07:00;01.01.2025 08:00;-0,01;20,22;2,55;0,79;1,35;7,23;0,79;16,11;101,00;0,08;1,49;74,03;17,00;-;-;93,56;30,46
01.01.2025 08:00;01.01.2025 09:00;-0,01;21,24;4,24;1,89;2,26;12,83;1,89;16,55;101,03;-4,94;2,40;76,55;18,94;-;-;43,13;26,83
01.01.2025 09:00;01.01.2025 10:00;-0,04;20,66;7,50;2,12;2,54;13,76;7,50;17,95;109,03;-50,26;2,70;88,10;26,27;-;-;47,80;44,72
01.01.2025 10:00;01.01.2025 11:00;-0,03;19,99;15,91;3,54;3,54;17,95;27,32;21,06;101,08;-72,99;3,70;85,73;13,00;-;-;38,50;34,48
01.01.2025 11:00;01.01.2025 12:00;-0,10;21,98;20,59;3,70;3,70;20,59;37,49;23,54;95,04;-59,57;3,86;75,80;17,00;-;-;39,82;36,04
01.01.2025 12:00;01.01.2025 13:00;-0,05;25,67;29,94;3,75;3,75;28,11;60,10;27,12;89,62;-48,26;3,90;70,74;13,62;-;-;40,25;40,25
01.01.2025 13:00;01.01.2025 14:00;-0,10;30,38;37,14;3,81;3,81;30,00;63,32;27,20;78,55;-4,94;3,96;68,38;23,00;-;-;42,59;55,45
01.01.2025 14:00;01.01.2025 15:00;-1,01;30,17;26,32;5,37;5,37;21,50;47,00;27,11;101,00;0,13;5,50;65,05;27,55;-;-;60,75;66,80
01.01.2025 15:00;01.01.2025 16:00;-0,01;38,76;22,10;12,28;12,28;10,68;50,10;27,02;101,01;23,25;12,28;82,71;72,64;-;-;80,80;95,56
01.01.2025 16:00;01.01.2025 17:00;-0,01;46,95;19,28;19,72;19,40;20,18;27,64;26,80;104,84;45,19;19,29;104,10;110,00;-;-;100,01;130,20
01.01.2025 17:00;01.01.2025 18:00;0,07;56,85;41,92;22,18;21,63;35,72;79,97;26,72;105,04;47,03;21,43;107,30;116,46;-;-;109,62;159,62
01.01.2025 18:00;01.01.2025 19:00;1,01;59,59;57,95;17,44;17,03;48,06;95,00;26,10;101,04;41,76;16,88;108,20;125,98;-;-;118,92;151,59
01.01.2025 19:00;01.01.2025 20:00;1,48;58,46;59,23;10,20;10,13;50,14;95,00;26,60;101,07;39,38;10,11;106,18;135,00;-;-;123,50;158,76
01.01.2025 20:00;01.01.2025 21:00;1,00;53,54;45,86;8,00;8,00;41,50;81,49;26,83;101,05;34,63;8,01;102,83;130,75;-;-;123,08;143,95
01.01.2025 21:00;01.01.2025 22:00;0,07;43,57;38,46;6,73;6,73;34,93;68,96;27,02;88,51;13,82;6,76;102,33;85,01;-;-;113,59;134,65
01.01.2025 22:00;01.01.2025 23:00;10,05;43,35;32,07;10,05;9,84;34,69;46,37;26,49;101,05;9,71;9,80;103,56;93,24;-;-;124,62;86,45
01.01.2025 23:00;02.01.2025 00:00;7,01;37,92;25,49;7,01;7,01;28,04;38,00;25,76;90,99;0,04;7,01;102,74;85,01;-;-;90,99;45,45
02.01.2025 00:00;02.01.2025 01:00;2,55;44,78;46,42;2,83;2,84;39,84;101,94;27,11;105,02;-15,12;2,95;108,93;69,86;-;-;68,35;58,14
02.01.2025 01:00;02.01.2025 02:00;1,56;48,30;61,27;2,70;2,70;44,10;146,95;26,80;92,94;-8,43;2,82;109,49;50,00;-;-;84,57;68,10
02.01.2025 02:00;02.01.2025 03:00;3,45;47,65;62,37;3,57;3,57;44,70;148,44;26,15;95,01;-21,04;3,67;107,70;50,01;-;-;81,39;73,04
02.01.2025 03:00;02.01.2025 04:00;7,02;44,80;59,83;7,02;6,89;42,92;138,00;27,38;58,94;-10,56;6,84;107,00;48,58;-;-;50,73;47,49
02.01.2025 04:00;02.01.2025 05:00;12,75;43,46;52,61;12,75;12,75;40,15;100,10;29,36;72,46;-10,68;12,29;106,30;50,01;-;-;59,02;54,81
02.01.2025 05:00;02.01.2025 06:00;30,07;54,20;61,63;30,07;22,65;52,51;107,47;31,98;93,79;0,05;21,44;106,82;67,79;-;-;79,36;75,45
02.01.2025 06:00;02.01.2025 07:00;67,13;80,40;103,55;67,13;50,96;93,30;154,68;37,82;99,04;40,08;39,94;110,95;86,90;-;-;107,90;119,02
02.01.2025 07:00;02.01.2025 08:00;98,83;112,16;129,62;98,83;98,83;120,03;174,70;88,61;119,62;93,73;93,41;125,37;91,01;-;-;128,31;142,73
02.01.2025 08:00;02.01.2025 09:00;121,53;130,08;142,71;121,53;121,53;135,52;175,07;115,95;130,22;107,61;118,62;132,08;130,00;-;-;130,44;130,00
02.01.2025 09:00;02.01.2025 10:00;127,23;132,54;141,40;127,23;127,23;136,48;165,37;119,84;133,58;114,93;124,20;133,40;134,33;-;-;133,32;132,71
02.01.2025 10:00;02.01.2025 11:00;126,35;127,09;130,25;124,53;124,53;129,04;136,00;120,84;129,04;119,79;123,32;130,97;129,72;-;-;128,94;128,67
02.01.2025 11:00;02.01.2025 12:00;119,97;117,90;130,60;111,58;111,58;125,70;111,93;108,27;123,74;110,47;110,47;127,45;125,06;-;-;124,02;123,61
02.01.2025 12:00;02.01.2025 13:00;115,95;112,00;133,89;100,40;100,40;125,72;101,52;97,40;122,97;96,95;100,49;124,81;127,43;-;-;123,55;122,86
02.01.2025 13:00;02.01.2025 14:00;113,90;112,36;124,11;105,10;105,49;119,30;105,60;102,10;116,77;108,02;105,62;126,35;117,45;-;-;116,95;116,62
02.01.2025 14:00;02.01.2025 15:00;122,21;118,81;126,45;111,21;111,79;124,65;118,95;107,83;125,25;113,55;111,95;128,95;126,36;-;-;125,12;125,05
02.01.2025 15:00;02.01.2025 16:00;130,11;128,87;130,11;126,18;126,79;130,11;130,11;122,30;130,11;130,11;127,01;134,59;130,11;-;-;130,11;130,11
02.01.2025 16:00;02.01.2025 17:00;138,59;136,91;139,04;135,26;135,27;139,50;138,81;131,09;142,83;136,43;135,26;138,13;134,44;-;-;148,47;163,22
02.01.2025 17:00;02.01.2025 18:00;152,87;150,40;153,13;149,73;149,78;153,40;153,00;145,14;154,10;151,99;149,82;143,59;150,68;-;-;159,05;173,64
02.01.2025 18:00;02.01.2025 19:00;152,94;148,94;153,04;145,27;145,92;153,15;152,99;139,16;153,42;152,60;146,16;144,57;152,08;-;-;155,36;161,06
02.01.2025 19:00;02.01.2025 20:00;139,15;128,56;153,06;107,37;107,37;146,66;128,00;104,10;142,13;139,06;107,56;141,12;137,72;-;-;147,83;163,56
02.01.2025 20:00;02.01.2025 21:00;130,00;120,29;131,07;102,60;102,61;130,60;129,17;99,49;130,60;128,74;102,80;135,32;130,20;-;-;130,80;131,22
02.01.2025 21:00;02.01.2025 22:00;119,78;104,48;120,23;77,94;77,94;120,62;120,00;75,53;125,30;100,91;75,55;125,73;129,53;-;-;124,87;125,06
02.01.2025 22:00;02.01.2025 23:00;113,42;97,50;117,97;65,66;61,50;117,89;119,90;63,71;118,02;101,27;61,57;125,85;119,11;-;-;117,89;117,56
02.01.2025 23:00;03.01.2025 00:00;82,47;83,65;112,03;49,77;48,89;118,56;116,07;48,29;110,06;74,79;48,95;115,99;76,80;-;-;105,02;95,24
03.01.2025 00:00;03.01.2025 01:00;99,56;81,82;105,68;42,69;42,69;103,88;114,32;40,63;103,66;89,13;42,76;108,58;106,05;-;-;103,88;103,66
03.01.2025 01:00;03.01.2025 02:00;87,53;75,46;98,54;38,13;38,13;95,18;115,00;36,76;94,84;68,97;38,13;107,16;99,20;-;-;95,18;94,54
03.01.2025 02:00;03.01.2025 03:00;85,01;71,52;92,04;35,21;35,21;89,94;103,00;33,97;89,72;73,07;35,21;106,82;92,53;-;-;89,94;89,52
03.01.2025 03:00;03.01.2025 04:00;83,79;69,52;89,37;33,43;33,43;87,67;98,00;33,34;87,54;74,27;33,43;104,43;89,82;-;-;87,72;87,39
03.01.2025 04:00;03.01.2025 05:00;77,50;63,65;80,99;28,73;30,08;84,06;78,15;32,64;85,43;53,28;30,01;105,74;91,07;-;-;86,03;85,24
03.01.2025 05:00;03.01.2025 06:00;79,88;68,95;99,97;31,28;30,85;92,25;71,00;33,13;91,47;68,00;30,79;110,43;99,31;-;-;92,25;92,10
03.01.2025 06:00;03.01.2025 07:00;83,56;80,00;108,81;38,44;38,44;100,14;68,96;39,49;110,01;97,53;38,42;118,32;121,40;-;-;108,78;112,39
03.01.2025 07:00;03.01.2025 08:00;78,43;90,22;113,19;52,12;52,09;119,27;86,00;50,90;127,40;90,80;52,14;127,40;121,14;-;-;132,34;144,66
03.01.2025 08:00;03.01.2025 09:00;82,57;106,82;117,00;80,28;80,51;127,28;112,64;78,38;131,60;99,90;80,60;135,08;131,70;-;-;135,47;144,59
03.01.2025 09:00;03.01.2025 10:00;80,76;112,21;147,51;75,01;79,42;132,97;134,51;72,68;132,50;100,75;81,18;134,13;143,60;-;-;133,66;139,68
03.01.2025 10:00;03.01.2025 11:00;77,64;105,55;145,19;75,43;75,69;130,52;100,00;73,05;121,45;82,92;75,79;131,00;150,00;-;-;125,30;125,74
03.01.2025 11:00;03.01.2025 12:00;70,48;91,90;101,44;62,36;67,54;123,20;86,60;58,76;111,12;73,93;69,02;126,31;130,61;-;-;113,83;111,72
03.01.2025 12:00;03.01.2025 13:00;69,94;86,80;95,63;53,89;54,32;113,51;83,80;49,20;108,25;89,18;54,48;121,69;130,80;-;-;111,47;111,27
03.01.2025 13:00;03.01.2025 14:00;77,80;86,78;97,72;52,39;52,80;107,60;97,20;47,53;106,79;92,99;52,96;120,04;126,59;-;-;109,45;109,95
03.01.2025 14:00;03.01.2025 15:00;78,81;89,92;101,95;53,65;53,75;105,88;117,05;48,89;110,28;94,02;53,79;121,01;128,90;-;-;114,73;118,63
03.01.2025 15:00;03.01.2025 16:00;85,29;105,24;119,96;72,38;72,89;110,22;149,99;66,94;129,80;89,08;73,09;128,61;144,66;-;-;128,22;135,51
03.01.2025 16:00;03.01.2025 17:00;105,51;113,71;133,32;100,31;100,47;123,20;125,80;99,40;129,76;100,59;100,53;137,46;100,00;-;-;139,96;163,00
03.01.2025 17:00;03.01.2025 18:00;116,66;124,91;158,28;105,43;105,79;141,20;149,93;102,18;134,16;105,93;105,93;146,44;118,70;-;-;141,20;155,69
03.01.2025 18:00;03.01.2025 19:00;115,06;125,24;166,95;108,09;108,51;144,48;133,20;104,07;136,06;108,99;108,67;146,29;112,31;-;-;142,46;152,83
03.01.2025 19:00;03.01.2025 20:00;114,91;120,52;161,94;100,36;100,69;141,43;124,30;97,39;134,96;108,44;100,81;143,90;111,46;-;-;141,43;152,58
03.01.2025 20:00;03.01.2025 21:00;113,30;109,83;147,31;81,78;82,76;133,20;125,00;70,98;133,20;88,19;83,10;137,92;124,68;-;-;135,44;141,29
03.01.2025 21:00;03.01.2025 22:00;107,80;107,77;124,91;80,49;80,72;119,90;155,20;86,99;120,06;88,50;80,90;131,06;116,71;-;-;121,05;124,23
03.01.2025 22:00;03.01.2025 23:00;98,22;99,89;138,25;67,12;67,13;123,58;133,20;66,85;118,37;89,08;67,33;129,81;98,12;-;-;123,58;132,03
03.01.2025 23:00;04.01.2025 00:00;88,57;103,68;136,75;74,95;67,76;126,09;192,70;70,83;113,41;68,95;67,94;126,99;94,14;-;-;120,17;126,65
04.01.2025 00:00;04.01.2025 01:00;90,43;91,19;115,00;90,43;60,59;109,06;136,40;48,58;106,36;57,35;50,63;120,59;108,14;-;-;109,06;115,38
04.01.2025 01:00;04.01.2025 02:00;90,29;89,91;105,11;90,29;81,97;101,00;130,39;43,40;102,21;63,46;47,26;119,25;104,68;-;-;103,95;108,42
04.01.2025 02:00;04.01.2025 03:00;90,20;85,71;96,77;90,20;90,20;95,53;106,70;39,31;100,78;58,84;43,56;114,93;105,97;-;-;101,08;100,91
04.01.2025 03:00;04.01.2025 04:00;91,52;84,98;94,70;91,52;91,53;94,33;99,00;38,98;98,70;69,22;43,56;110,68;102,61;-;-;98,89;98,85
04.01.2025 04:00;04.01.2025 05:00;95,95;87,03;96,32;95,95;95,95;96,62;96,09;38,98;99,80;82,64;42,51;110,28;102,21;-;-;99,93;99,99
04.01.2025 05:00;04.01.2025 06:00;102,11;91,66;102,40;102,11;102,11;102,63;102,22;38,99;105,06;91,93;42,80;111,06;106,90;-;-;105,16;105,21
04.01.2025 06:00;04.01.2025 07:00;110,66;101,46;110,78;110,66;110,66;110,89;110,70;55,14;112,00;105,96;57,25;119,20;112,85;-;-;112,05;112,07
04.01.2025 07:00;04.01.2025 08:00;119,96;115,03;120,10;119,96;119,96;120,25;120,02;95,99;120,86;119,45;83,71;126,11;118,88;-;-;123,24;130,80
04.01.2025 08:00;04.01.2025 09:00;128,39;125,21;128,39;128,39;128,39;128,39;128,39;118,42;128,39;128,39;99,69;132,07;128,39;-;-;128,39;128,39
04.01.2025 09:00;04.01.2025 10:00;130,75;128,12;130,75;130,75;130,75;130,75;130,75;124,42;130,75;130,75;105,28;133,57;130,75;-;-;130,75;130,75
04.01.2025 10:00;04.01.2025 11:00;130,34;127,57;130,34;130,34;130,35;130,34;130,34;123,61;130,34;130,34;105,83;131,06;130,34;-;-;130,34;130,34
04.01.2025 11:00;04.01.2025 12:00;128,29;125,39;128,29;128,29;128,29;128,29;128,29;121,83;128,29;128,29;105,04;126,09;128,29;-;-;128,29;128,29
04.01.2025 12:00;04.01.2025 13:00;130,03;126,48;130,03;130,03;130,03;130,03;130,03;123,17;130,03;130,03;102,89;124,93;130,03;-;-;130,03;130,03
04.01.2025 13:00;04.01.2025 14:00;129,85;120,74;129,85;129,85;129,85;129,85;129,85;85,64;129,85;129,85;77,59;126,09;129,85;-;-;129,85;129,85
04.01.2025 14:00;04.01.2025 15:00;136,40;132,89;136,40;136,40;136,40;136,40;136,40;130,03;136,40;137,36;111,13;128,47;136,40;-;-;136,40;136,40
04.01.2025 15:00;04.01.2025 16:00;138,72;140,11;138,81;138,72;138,73;138,89;138,76;133,85;139,22;163,92;135,43;136,84;138,07;-;-;140,60;144,99
04.01.2025 16:00;04.01.2025 17:00;142,00;138,33;136,85;142,00;142,01;133,52;141,20;117,69;144,94;143,57;141,79;144,26;133,83;-;-;157,23;197,51
04.01.2025 17:00;04.01.2025 18:00;151,24;147,45;142,53;151,24;151,24;136,78;149,83;141,94;152,93;148,75;148,35;152,62;145,74;-;-;163,03;197,83
04.01.2025 18:00;04.01.2025 19:00;143,85;143,15;144,38;143,85;143,86;145,00;144,17;137,98;147,91;141,33;140,49;147,76;137,93;-;-;160,75;201,06
04.01.2025 19:00;04.01.2025 20:00;137,96;137,15;138,84;137,96;137,97;139,73;138,38;132,40;142,68;135,06;133,63;140,82;131,16;-;-;157,49;203,88
04.01.2025 20:00;04.01.2025 21:00;129,49;128,29;129,99;129,49;129,50;130,49;129,73;123,96;132,16;127,84;117,95;134,39;125,66;-;-;140,52;166,00
04.01.2025 21:00;04.01.2025 22:00;122,83;119,79;123,33;122,83;122,85;123,82;123,07;94,91;125,75;121,18;113,97;126,95;119,03;-;-;133,78;157,79
04.01.2025 22:00;04.01.2025 23:00;118,29;110,54;118,76;118,29;118,29;119,23;118,54;70,60;121,05;116,76;73,67;126,10;114,69;-;-;128,64;151,00
04.01.2025 23:00;05.01.2025 00:00;109,49;101,31;109,70;109,49;109,50;109,90;109,61;58,03;110,69;108,89;61,45;119,21;107,94;-;-;113,99;124,32
05.01.2025 00:00;05.01.2025 01:00;113,84;100,79;106,68;113,84;113,85;101,77;111,61;48,33;112,09;113,49;54,21;119,40;113,39;-;-;111,95;112,75
05.01.2025 01:00;05.01.2025 02:00;100,33;88,15;81,88;100,33;100,33;70,50;94,76;49,03;104,09;99,88;54,89;114,11;99,89;-;-;98,69;98,78
05.01.2025 02:00;05.01.2025 03:00;93,61;84,28;74,60;93,61;93,61;64,81;85,62;50,30;109,91;94,11;55,85;110,07;94,63;-;-;96,20;96,35
05.01.2025 03:00;05.01.2025 04:00;93,87;81,40;63,59;93,87;93,88;46,70;82,94;52,70;109,96;93,85;57,77;105,83;94,35;-;-;94,17;95,49
05.01.2025 04:00;05.01.2025 05:00;89,38;81,33;58,84;89,38;89,39;43,87;74,73;64,99;118,07;90,18;66,50;107,53;91,16;-;-;94,17;94,40
05.01.2025 05:00;05.01.2025 06:00;83,55;77,66;51,18;83,55;83,55;36,61;67,00;57,17;121,43;84,82;67,70;115,10;86,19;-;-;91,31;90,90
05.01.2025 06:00;05.01.2025 07:00;83,92;80,46;49,58;83,92;83,93;34,04;65,67;68,35;125,57;85,68;81,24;119,94;87,12;-;-;92,89;92,22
05.01.2025 07:00;05.01.2025 08:00;82,53;82,61;54,29;82,53;81,52;44,00;64,22;68,83;132,45;88,80;81,89;124,22;86,01;-;-;97,92;98,89
05.01.2025 08:00;05.01.2025 09:00;84,05;87,97;62,20;84,05;85,07;51,27;75,50;72,89;127,21;98,87;85,46;127,80;97,39;-;-;98,95;98,60
05.01.2025 09:00;05.01.2025 10:00;89,15;90,26;62,60;88,10;89,16;50,00;75,70;76,53;128,51;105,98;89,55;129,11;97,67;-;-;100,42;100,21
05.01.2025 10:00;05.01.2025 11:00;82,95;88,61;64,17;82,95;83,93;49,81;82,95;72,25;127,88;106,00;84,29;128,02;92,41;-;-;97,21;96,11
05.01.2025 11:00;05.01.2025 12:00;88,82;90,37;60,18;88,82;89,60;43,05;80,02;77,26;141,38;102,08;91,00;126,77;93,91;-;-;102,49;100,91
05.01.2025 12:00;05.01.2025 13:00;81,66;88,03;68,20;81,66;82,34;45,74;81,66;71,34;132,97;104,71;83,66;126,10;89,91;-;-;100,20;97,00
05.01.2025 13:00;05.01.2025 14:00;78,39;84,05;59,23;77,53;78,40;35,19;65,32;68,07;137,70;99,54;78,72;126,36;98,54;-;-;106,31;104,86
05.01.2025 14:00;05.01.2025 15:00;68,00;82,89;52,71;68,00;68,00;30,00;59,67;59,54;144,56;115,21;68,27;130,16;115,71;-;-;113,81;116,42
05.01.2025 15:00;05.01.2025 16:00;50,64;76,20;37,25;50,64;51,82;28,00;49,98;46,39;155,01;115,01;51,99;132,10;120,00;-;-;118,36;143,91
05.01.2025 16:00;05.01.2025 17:00;49,91;76,38;39,38;49,91;51,03;35,22;49,91;47,98;151,90;110,26;51,15;133,39;120,00;-;-;134,47;222,25
05.01.2025 17:00;05.01.2025 18:00;66,30;86,18;59,60;63,39;66,38;57,72;63,23;61,42;144,94;96,70;66,62;132,93;135,00;-;-;136,78;196,99
05.01.2025 18:00;05.01.2025 19:00;65,05;86,45;62,25;61,83;63,84;64,81;61,13;59,10;134,31;96,83;64,06;132,80;150,00;-;-;133,39;177,33
05.01.2025 19:00;05.01.2025 20:00;51,28;79,06;54,18;50,65;51,28;59,06;52,08;47,83;132,64;103,83;51,41;131,70;135,00;-;-;141,43;174,66
05.01.2025 20:00;05.01.2025 21:00;36,85;72,55;44,50;36,85;36,85;50,97;40,88;35,98;118,07;88,80;36,88;127,19;181,09;-;-;132,03;170,21
05.01.2025 21:00;05.01.2025 22:00;36,80;71,51;42,97;36,72;36,86;48,89;39,00;35,07;118,02;86,11;36,93;117,88;188,18;-;-;126,36;157,71
05.01.2025 22:00;05.01.2025 23:00;34,68;62,66;34,88;34,68;34,61;38,22;32,48;33,32;105,31;71,98;34,66;119,41;149,66;-;-;99,98;112,05
05.01.2025 23:00;06.01.2025 00:00;28,14;47,63;20,36;28,14;28,14;20,55;20,36;29,92;89,46;49,41;28,07;120,01;89,46;-;-;71,20;76,45
06.01.2025 00:00;06.01.2025 01:00;27,52;46,83;16,66;27,52;27,52;13,28;25,99;29,54;113,92;42,75;27,44;115,69;74,83;-;-;107,63;107,63
06.01.2025 01:00;06.01.2025 02:00;19,26;42,39;8,35;19,26;23,76;8,35;9,65;25,52;102,80;44,19;23,68;105,95;94,76;-;-;88,92;94,76
06.01.2025 02:00;06.01.2025 03:00;11,35;34,75;4,90;11,35;19,62;5,23;6,20;23,83;80,49;34,31;19,60;98,58;78,09;-;-;66,29;78,09
06.01.2025 03:00;06.01.2025 04:00;9,20;31,45;2,77;9,20;16,76;3,52;2,77;20,49;76,15;28,20;16,76;94,81;74,49;-;-;62,64;74,41
06.01.2025 04:00;06.01.2025 05:00;10,00;31,87;2,51;10,00;15,56;3,52;1,97;19,33;76,88;31,04;15,57;98,69;75,47;-;-;62,87;74,14
06.01.2025 05:00;06.01.2025 06:00;14,81;39,70;4,39;14,81;14,88;5,61;3,69;22,07;104,07;40,97;14,91;112,34;99,00;-;-;85,14;100,98
06.01.2025 06:00;06.01.2025 07:00;23,82;48,48;10,53;23,82;25,01;11,27;10,00;27,10;120,04;56,22;24,92;123,07;101,31;-;-;105,03;139,44
06.01.2025 07:00;06.01.2025 08:00;31,72;64,94;36,70;31,72;30,53;37,00;45,54;32,93;125,22;68,03;30,42;132,41;143,85;-;-;117,64;140,38
06.01.2025 08:00;06.01.2025 09:00;41,37;75,56;58,15;39,58;40,58;58,15;72,00;41,37;115,00;79,47;38,19;132,44;156,25;-;-;119,32;135,71
06.01.2025 09:00;06.01.2025 10:00;36,36;68,68;53,71;36,08;36,20;51,15;77,03;37,83;103,06;66,17;35,55;132,80;125,92;-;-;103,06;117,78
06.01.2025 10:00;06.01.2025 11:00;34,69;61,39;43,81;34,69;34,69;40,81;60,00;35,81;98,25;56,95;34,48;130,65;105,16;-;-;88,93;98,25
06.01.2025 11:00;06.01.2025 12:00;32,83;53,51;35,10;32,83;32,83;32,83;40,28;33,84;84,75;50,74;32,63;128,06;84,75;-;-;71,76;76,73
06.01.2025 12:00;06.01.2025 13:00;31,28;52,57;33,12;31,28;31,28;31,28;42,06;32,35;85,87;50,40;30,77;123,41;86,48;-;-;77,89;82,15
06.01.2025 13:00;06.01.2025 14:00;28,60;58,05;31,32;28,60;28,60;28,60;45,06;30,81;111,71;70,25;28,50;123,41;111,71;-;-;96,00;104,71
06.01.2025 14:00;06.01.2025 15:00;25,61;62,19;35,30;25,61;25,60;26,95;64,57;30,25;119,08;84,33;25,41;127,91;119,08;-;-;119,08;119,08
06.01.2025 15:00;06.01.2025 16:00;26,32;65,49;37,23;26,32;26,32;26,32;77,94;30,70;125,33;88,85;26,14;137,19;118,00;-;-;103,14;143,57
06.01.2025 16:00;06.01.2025 17:00;26,87;69,72;44,05;26,87;26,87;38,49;77,92;30,95;134,40;89,25;26,70;137,05;134,40;-;-;126,36;165,59
06.01.2025 17:00;06.01.2025 18:00;31,66;78,86;71,89;31,66;31,67;67,50;102,91;32,71;119,02;81,30;31,70;139,99;157,07;-;-;135,79;179,08
06.01.2025 18:00;06.01.2025 19:00;31,58;85,31;108,20;31,58;31,59;88,34;126,66;32,41;119,10;77,74;31,91;137,50;153,35;-;-;132,54;164,05
06.01.2025 19:00;06.01.2025 20:00;28,74;81,84;94,83;28,01;27,93;79,66;119,95;30,72;120,00;72,91;28,07;134,91;163,26;-;-;132,80;161,34
06.01.2025 20:00;06.01.2025 21:00;26,59;74,87;74,32;24,86;23,08;67,18;99,90;29,94;115,08;71,50;22,82;129,80;165,13;-;-;127,16;155,22
06.01.2025 21:00;06.01.2025 22:00;13,82;60,88;53,68;13,82;13,65;48,79;79,94;26,57;93,51;55,14;13,47;128,88;142,18;-;-;107,47;129,04
06.01.2025 22:00;06.01.2025 23:00;26,94;58,37;53,28;20,42;15,49;48,02;73,43;27,89;99,91;53,44;15,26;125,88;109,00;-;-;103,02;122,49
06.01.2025 23:00;07.01.2025 00:00;12,99;43,61;37,00;10,11;8,27;28,80;50,96;26,01;81,22;33,03;8,24;122,13;73,96;-;-;74,71;91,93
07.01.2025 00:00;07.01.2025 01:00;19,07;29,81;20,06;13,60;10,61;20,88;19,51;24,68;28,99;24,27;10,28;118,51;36,50;-;-;30,93;34,01
07.01.2025 01:00;07.01.2025 02:00;8,71;30,33;6,25;8,71;8,71;6,66;8,71;21,66;60,39;26,11;6,98;115,19;64,29;-;-;51,03;58,58
07.01.2025 02:00;07.01.2025 03:00;8,90;29,30;10,40;8,90;5,30;12,54;8,90;20,37;43,36;26,12;5,33;115,86;65,24;-;-;45,37;53,33
07.01.2025 03:00;07.01.2025 04:00;5,01;18,34;5,21;5,01;5,01;5,59;5,01;18,74;12,21;8,66;4,17;115,35;16,73;-;-;12,21;13,57
07.01.2025 04:00;07.01.2025 05:00;5,13;30,42;0,56;5,13;5,13;0,40;5,13;24,82;75,67;27,59;5,01;111,27;73,90;-;-;59,78;69,80
07.01.2025 05:00;07.01.2025 06:00;5,80;37,14;8,28;5,80;5,80;12,49;5,80;28,25;79,95;42,75;5,66;118,40;95,38;-;-;76,16;86,73
07.01.2025 06:00;07.01.2025 07:00;48,86;71,32;56,86;44,81;28,08;60,01;60,00;31,50;119,02;99,24;28,02;124,39;132,63;-;-;122,04;138,34
07.01.2025 07:00;07.01.2025 08:00;76,83;89,62;99,55;38,03;36,01;97,56;116,56;35,75;132,13;102,53;36,03;131,69;160,00;-;-;144,52;171,73
07.01.2025 08:00;07.01.2025 09:00;85,08;96,62;125,91;37,20;37,23;115,00;165,98;36,77;122,62;116,50;37,25;138,40;130,00;-;-;130,88;152,33
07.01.2025 09:00;07.01.2025 10:00;84,24;92,48;111,92;35,01;35,01;105,18;138,50;35,34;132,95;119,43;35,01;134,50;134,47;-;-;131,42;134,47
07.01.2025 10:00;07.01.2025 11:00;75,25;85,01;98,21;34,27;34,27;93,49;110,74;35,30;123,87;101,93;34,27;133,78;135,00;-;-;122,06;124,11
07.01.2025 11:00;07.01.2025 12:00;62,80;79,18;74,91;34,65;34,65;74,93;79,95;34,42;135,00;97,82;34,65;136,04;134,00;-;-;121,55;124,60
07.01.2025 12:00;07.01.2025 13:00;62,44;77,07;68,96;33,33;33,33;71,25;70,10;34,32;135,12;98,41;33,30;131,54;138,10;-;-;122,26;126,12
07.01.2025 13:00;07.01.2025 14:00;63,90;79,86;69,10;33,27;33,27;73,12;67,33;34,25;133,91;111,70;33,27;129,20;160,00;-;-;128,65;135,98
07.01.2025 14:00;07.01.2025 15:00;72,56;82,45;76,42;33,28;33,28;79,76;75,00;34,27;144,21;113,44;33,22;134,05;150,00;-;-;139,39;143,12
07.01.2025 15:00;07.01.2025 16:00;78,11;85,34;83,16;33,25;33,25;85,00;84,90;34,23;155,61;120,57;33,22;140,60;135,00;-;-;147,14;151,25
07.01.2025 16:00;07.01.2025 17:00;79,98;93,37;104,34;35,05;35,04;100,64;125,58;34,95;144,98;130,59;35,01;145,89;135,00;-;-;149,54;167,75
07.01.2025 17:00;07.01.2025 18:00;96,03;98,61;124,83;38,45;44,26;118,34;160,70;35,52;135,61;109,79;36,27;145,90;135,00;-;-;145,43;176,73
07.01.2025 18:00;07.01.2025 19:00;101,11;101,23;140,00;35,01;35,01;128,87;173,86;34,93;135,56;113,29;34,98;142,06;140,00;-;-;144,08;167,25
07.01.2025 19:00;07.01.2025 20:00;86,21;96,82;144,12;33,18;33,53;125,00;127,50;33,94;139,01;105,87;32,93;139,97;150,00;-;-;148,06;163,04
07.01.2025 20:00;07.01.2025 21:00;78,01;83,63;120,06;25,20;23,25;107,24;102,90;33,73;125,21;93,49;23,23;135,00;130,67;-;-;136,85;154,62
07.01.2025 21:00;07.01.2025 22:00;72,45;74,68;105,70;20,02;22,43;100,55;97,60;33,66;111,66;82,88;6,20;131,90;108,87;-;-;122,34;138,21
07.01.2025 22:00;07.01.2025 23:00;72,45;71,76;111,04;22,60;23,22;98,53;82,20;33,54;104,04;79,23;4,86;131,90;98,17;-;-;112,47;124,54
07.01.2025 23:00;08.01.2025 00:00;50,04;65,02;107,09;37,18;12,42;89,27;80,01;33,60;98,72;50,24;3,87;128,02;74,79;-;-;112,04;98,79
08.01.2025 00:00;08.01.2025 01:00;71,05;59,93;75,65;20,50;13,18;74,23;66,19;33,44;84,74;71,82;12,43;115,19;91,90;-;-;83,43;84,48
08.01.2025 01:00;08.01.2025 02:00;68,01;55,93;75,07;23,34;13,66;69,50;52,96;32,99;84,87;65,79;12,88;109,69;74,49;-;-;76,02;75,07
08.01.2025 02:00;08.01.2025 03:00;63,34;53,84;64,12;23,93;23,26;59,97;50,17;32,96;87,45;55,98;17,61;104,36;72,45;-;-;74,03;72,94
08.01.2025 03:00;08.01.2025 04:00;57,01;50,40;54,55;23,07;17,88;53,00;49,90;32,86;80,00;53,09;16,83;102,32;70,87;-;-;69,67;69,99
08.01.2025 04:00;08.01.2025 05:00;66,29;55,50;62,93;26,38;21,49;59,52;52,80;32,79;103,04;53,49;20,25;103,28;74,49;-;-;86,77;83,14
08.01.2025 05:00;08.01.2025 06:00;72,07;64,80;69,41;28,46;23,90;70,20;68,93;33,25;104,99;79,18;22,52;117,28;94,72;-;-;101,53;110,43
08.01.2025 06:00;08.01.2025 07:00;82,70;81,34;100,00;30,99;26,37;97,41;75,10;35,99;120,10;104,62;24,94;129,85;149,35;-;-;124,83;132,36
08.01.2025 07:00;08.01.2025 08:00;100,73;99,91;132,35;46,50;45,43;124,39;120,46;47,17;138,95;116,17;43,64;136,03;147,92;-;-;149,00;158,96
08.01.2025 08:00;08.01.2025 09:00;128,22;108,44;136,47;58,98;61,72;135,01;141,04;56,00;141,02;130,39;56,46;138,40;137,40;-;-;148,17;152,95
08.01.2025 09:00;08.01.2025 10:00;108,18;107,18;143,80;67,11;67,11;131,32;146,77;64,90;123,48;108,64;65,07;135,24;125,56;-;-;124,26;124,37
08.01.2025 10:00;08.01.2025 11:00;94,65;102,09;142,88;71,35;69,87;125,04;125,60;69,00;109,40;95,98;69,30;134,65;109,89;-;-;109,28;107,36
08.01.2025 11:00;08.01.2025 12:00;100,01;93,97;106,89;74,06;70,81;104,46;108,63;64,88;102,33;97,07;70,87;131,28;102,38;-;-;102,30;101,94
08.01.2025 12:00;08.01.2025 13:00;89,99;91,59;100,44;72,66;69,13;97,57;105,87;62,22;104,96;92,05;69,33;127,71;105,53;-;-;104,02;103,99
08.01.2025 13:00;08.01.2025 14:00;97,20;96,46;100,59;77,98;74,06;100,21;102,37;66,48;119,02;107,34;74,28;128,69;110,01;-;-;115,84;115,55
08.01.2025 14:00;08.01.2025 15:00;110,19;104,66;110,28;85,00;80,76;110,19;110,28;71,90;127,93;118,55;81,03;135,39;120,00;-;-;125,79;125,29
08.01.2025 15:00;08.01.2025 16:00;127,80;122,83;127,80;105,40;104,99;126,62;127,97;92,71;145,90;135,85;105,35;143,24;135,31;-;-;144,00;143,99
08.01.2025 16:00;08.01.2025 17:00;135,82;136,04;135,41;125,52;132,17;124,05;137,31;116,49;156,91;145,13;132,60;146,11;144,73;-;-;152,73;153,55
08.01.2025 17:00;08.01.2025 18:00;155,46;150,02;153,67;152,78;153,42;124,58;157,35;146,34;154,40;154,57;152,54;146,57;153,96;-;-;152,33;155,92
08.01.2025 18:00;08.01.2025 19:00;149,23;148,61;151,86;149,23;146,85;137,58;162,00;144,24;149,65;148,88;145,45;150,34;148,64;-;-;149,40;152,71
08.01.2025 19:00;08.01.2025 20:00;146,48;143,07;137,60;145,26;143,80;131,00;146,66;137,96;150,27;148,38;142,89;141,74;148,16;-;-;149,18;150,82
08.01.2025 20:00;08.01.2025 21:00;136,86;125,53;129,58;118,30;110,91;124,81;134,87;108,00;136,45;136,70;109,92;134,91;136,35;-;-;136,68;139,61
08.01.2025 21:00;08.01.2025 22:00;127,86;112,98;118,70;100,68;95,01;112,66;125,11;88,00;125,40;127,24;94,67;128,27;127,09;-;-;125,36;126,33
08.01.2025 22:00;08.01.2025 23:00;115,92;103,85;113,19;91,91;75,72;111,90;114,40;81,29;119,05;116,04;75,72;126,98;116,13;-;-;116,36;116,39
08.01.2025 23:00;09.01.2025 00:00;103,59;90,05;100,13;91,41;51,30;98,77;100,50;56,44;113,02;104,40;50,91;118,91;104,77;-;-;106,51;106,01
09.01.2025 00:00;09.01.2025 01:00;101,44;84,69;93,56;101,44;70,19;60,38;99,98;40,88;106,55;103,33;33,87;117,59;103,80;-;-;106,62;104,99
09.01.2025 01:00;09.01.2025 02:00;100,00;84,94;91,23;100,00;100,00;49,90;100,00;39,53;106,58;102,40;31,84;109,81;103,02;-;-;106,65;104,55
09.01.2025 02:00;09.01.2025 03:00;98,77;82,58;87,54;98,77;98,77;51,86;92,46;39,83;103,86;100,75;31,32;102,08;101,14;-;-;104,04;102,38
09.01.2025 03:00;09.01.2025 04:00;95,22;77,54;78,21;95,22;95,21;25,61;85,10;40,34;102,61;98,12;31,89;101,93;98,67;-;-;102,88;100,46
09.01.2025 04:00;09.01.2025 05:00;98,28;78,19;76,69;98,28;98,28;13,01;84,64;41,62;107,12;101,79;33,69;102,53;102,42;-;-;107,47;104,58
09.01.2025 05:00;09.01.2025 06:00;102,65;85,13;84,45;102,65;102,65;30,29;90,77;46,68;110,07;105,61;43,36;113,81;106,11;-;-;110,36;107,92
09.01.2025 06:00;09.01.2025 07:00;133,54;108,21;89,37;133,54;133,54;60,08;121,04;70,38;122,06;130,44;67,62;132,54;129,74;-;-;121,85;125,51
09.01.2025 07:00;09.01.2025 08:00;148,80;136,67;113,71;148,80;148,81;90,79;141,90;124,70;142,11;147,64;146,11;151,57;147,26;-;-;142,11;145,15
09.01.2025 08:00;09.01.2025 09:00;164,88;152,79;126,29;164,88;164,88;100,99;152,28;159,70;155,15;162,27;161,99;170,52;161,70;-;-;154,28;158,43
09.01.2025 09:00;09.01.2025 10:00;156,15;144,46;123,71;156,15;156,15;102,44;145,41;144,93;147,98;153,95;153,81;151,00;153,50;-;-;147,30;150,76
09.01.2025 10:00;09.01.2025 11:00;147,64;137,71;117,40;147,64;147,65;97,45;138,91;140,03;140,10;145,60;145,44;149,38;145,17;-;-;139,39;142,62
09.01.2025 11:00;09.01.2025 12:00;140,21;130,38;110,30;140,21;140,21;90,41;131,91;127,22;132,75;138,22;140,78;144,38;137,77;-;-;132,05;135,25
09.01.2025 12:00;09.01.2025 13:00;128,18;122,10;108,11;128,18;128,19;94,75;122,39;117,38;123,17;126,83;128,67;138,90;126,54;-;-;122,70;124,85
09.01.2025 13:00;09.01.2025 14:00;121,15;115,93;98,97;121,15;121,15;84,19;114,85;110,98;117,76;127,51;121,61;134,69;122,34;-;-;117,85;121,29
09.01.2025 14:00;09.01.2025 15:00;123,95;117,67;98,13;123,95;123,96;80,89;116,27;113,51;120,49;134,72;124,43;131,40;126,62;-;-;121,30;125,76
09.01.2025 15:00;09.01.2025 16:00;127,53;122,80;103,68;127,86;129,35;88,11;121,29;118,42;132,99;134,72;129,84;132,90;131,61;-;-;131,41;134,20
09.01.2025 16:00;09.01.2025 17:00;123,75;127,79;115,01;127,36;130,85;109,40;122,00;119,79;140,10;148,18;131,36;131,39;130,26;-;-;139,87;159,53
09.01.2025 17:00;09.01.2025 18:00;130,91;131,38;131,25;132,17;133,99;131,62;131,07;125,20;133,12;129,68;134,38;135,00;127,73;-;-;139,26;158,61
09.01.2025 18:00;09.01.2025 19:00;134,75;134,97;135,64;136,08;137,79;135,73;134,52;130,12;136,70;133,43;138,13;134,99;131,49;-;-;142,92;162,22
09.01.2025 19:00;09.01.2025 20:00;125,44;126,99;143,18;129,44;125,44;135,01;112,95;115,10;133,78;123,00;125,87;132,90;120,20;-;-;138,50;145,92
09.01.2025 20:00;09.01.2025 21:00;119,23;119,48;119,98;119,23;119,23;120,36;119,23;115,36;125,25;116,04;119,39;126,89;113,36;-;-;129,34;136,40
09.01.2025 21:00;09.01.2025 22:00;104,99;106,00;105,39;104,99;104,99;105,80;105,17;101,72;110,03;102,08;102,47;123,09;100,29;-;-;113,12;118,58
09.01.2025 22:00;09.01.2025 23:00;101,10;102,28;101,50;101,10;101,10;101,43;100,92;97,48;102,23;100,41;96,81;122,07;100,01;-;-;102,89;104,06
09.01.2025 23:00;10.01.2025 00:00;88,19;88,95;100,00;88,19;88,19;94,26;80,01;77,10;89,81;88,85;68,02;114,97;89,06;-;-;89,77;89,36
10.01.2025 00:00;10.01.2025 01:00;84,79;84,22;87,68;84,79;84,79;86,82;90,97;61,18;87,15;79,76;66,47;109,15;87,67;-;-;87,24;87,35
10.01.2025 01:00;10.01.2025 02:00;80,23;77,47;80,24;80,23;80,23;80,25;80,23;50,45;80,39;79,74;54,36;105,50;80,50;-;-;80,39;80,40
10.01.2025 02:00;10.01.2025 03:00;71,29;69,76;71,70;71,29;71,29;72,09;71,40;47,52;76,62;54,95;51,14;98,99;80,40;-;-;76,62;76,88
10.01.2025 03:00;10.01.2025 04:00;69,05;67,19;69,51;69,05;69,05;69,94;69,20;44,22;74,98;50,94;47,50;95,51;79,14;-;-;74,98;75,27
10.01.2025 04:00;10.01.2025 05:00;69,89;68,16;69,98;69,89;69,89;70,07;69,92;45,77;71,11;66,18;49,22;95,71;71,98;-;-;71,11;71,17
10.01.2025 05:00;10.01.2025 06:00;83,90;80,89;84,48;83,90;83,90;85,06;84,17;54,04;91,90;75,09;58,34;106,81;82,15;-;-;95,05;101,39
10.01.2025 06:00;10.01.2025 07:00;99,09;100,58;100,93;99,09;99,09;101,80;99,09;95,79;109,08;94,88;96,72;117,19;92,68;-;-;121,38;135,49
10.01.2025 07:00;10.01.2025 08:00;123,92;123,38;125,33;123,92;123,92;126,12;123,92;120,02;133,53;117,96;124,08;126,10;112,27;-;-;145,00;173,40
10.01.2025 08:00;10.01.2025 09:00;139,47;138,30;139,92;139,47;139,47;140,33;139,69;135,19;137,95;138,92;139,64;133,88;136,85;-;-;155,00;160,79
10.01.2025 09:00;10.01.2025 10:00;136,92;135,94;137,07;136,92;136,92;137,22;136,98;132,67;137,99;136,26;136,12;131,80;135,41;-;-;140,87;141,57
10.01.2025 10:00;10.01.2025 11:00;123,57;123,54;123,57;123,57;123,57;123,57;123,57;119,74;123,57;123,57;123,42;127,20;123,57;-;-;123,57;123,57
10.01.2025 11:00;10.01.2025 12:00;113,59;114,09;113,59;113,59;113,59;113,59;113,59;110,06;113,59;113,59;113,74;122,47;113,59;-;-;113,59;113,59
10.01.2025 12:00;10.01.2025 13:00;107,43;108,35;107,43;107,43;107,76;107,43;107,43;103,70;107,43;107,43;107,94;120,39;107,43;-;-;107,43;107,43
10.01.2025 13:00;10.01.2025 14:00;105,01;105,76;105,01;105,01;104,69;105,01;105,01;101,76;105,01;105,01;104,67;117,20;105,01;-;-;105,01;105,01
10.01.2025 14:00;10.01.2025 15:00;110,01;110,26;110,01;110,01;110,02;110,01;110,01;106,47;110,01;110,01;109,12;117,20;110,01;-;-;110,01;110,01
10.01.2025 15:00;10.01.2025 16:00;128,69;127,96;128,69;128,69;128,69;128,69;128,69;124,56;128,69;128,69;125,61;127,83;128,69;-;-;128,69;128,69
10.01.2025 16:00;10.01.2025 17:00;134,87;134,10;135,21;134,87;134,87;135,57;135,01;130,69;136,20;133,53;130,48;137,30;131,41;-;-;143,28;163,29
10.01.2025 17:00;10.01.2025 18:00;142,56;141,99;142,63;142,56;142,56;142,72;142,60;138,00;142,94;142,16;137,95;146,19;141,55;-;-;145,00;150,85
10.01.2025 18:00;10.01.2025 19:00;144,12;143,30;144,20;144,12;144,11;144,28;144,15;139,51;144,41;143,82;136,07;148,33;143,35;-;-;145,99;150,48
10.01.2025 19:00;10.01.2025 20:00;141,05;132,66;141,16;141,05;141,05;141,27;141,10;92,90;141,45;140,64;95,62;143,04;140,01;-;-;143,58;149,62
10.01.2025 20:00;10.01.2025 21:00;134,82;120,04;134,82;128,81;134,82;134,83;134,82;59,43;134,87;134,78;55,31;133,19;134,75;-;-;134,94;135,02
10.01.2025 21:00;10.01.2025 22:00;122,51;104,75;122,51;109,70;94,42;122,51;122,51;42,12;122,51;122,51;45,40;125,53;122,51;-;-;122,51;122,51
10.01.2025 22:00;10.01.2025 23:00;119,77;101,10;119,78;116,33;75,18;119,79;119,77;39,87;119,89;119,35;40,07;122,10;120,00;-;-;119,90;119,91
10.01.2025 23:00;11.01.2025 00:00;111,71;93,03;111,86;109,88;54,00;112,00;111,74;38,48;113,33;105,90;33,64;117,51;114,97;-;-;113,56;113,66
11.01.2025 00:00;11.01.2025 01:00;106,64;91,25;114,57;99,31;61,05;112,00;118,88;34,87;109,68;102,57;28,43;113,68;108,67;-;-;109,43;108,67
11.01.2025 01:00;11.01.2025 02:00;98,99;83,86;101,36;101,64;48,21;100,61;104,09;34,76;100,02;97,23;21,70;113,02;99,83;-;-;100,02;99,83
11.01.2025 02:00;11.01.2025 03:00;95,71;79,82;96,41;94,42;44,30;96,32;97,40;34,59;98,07;93,42;17,58;109,00;96,52;-;-;96,69;96,21
11.01.2025 03:00;11.01.2025 04:00;89,45;75,72;92,51;89,45;39,37;92,02;95,80;34,12;98,02;80,72;10,01;107,76;93,17;-;-;93,06;91,95
11.01.2025 04:00;11.01.2025 05:00;88,35;74,46;91,51;76,26;36,45;90,82;95,00;35,69;96,05;80,18;17,36;107,44;92,34;-;-;92,19;91,26
11.01.2025 05:00;11.01.2025 06:00;88,40;74,50;93,35;67,10;29,65;92,16;98,61;35,68;98,07;77,51;24,73;108,59;94,05;-;-;93,65;92,53
11.01.2025 06:00;11.01.2025 07:00;88,13;78,16;98,37;77,14;41,04;95,46;105,10;34,88;98,02;74,69;27,05;111,74;96,30;-;-;95,07;94,03
11.01.2025 07:00;11.01.2025 08:00;94,68;86,51;107,80;94,68;53,62;104,07;119,90;36,07;105,00;86,72;34,96;114,98;93,82;-;-;109,39;117,21
11.01.2025 08:00;11.01.2025 09:00;107,65;96,52;120,00;107,65;67,47;115,85;128,34;36,94;112,07;105,11;38,29;120,30;109,69;-;-;113,14;114,99
11.01.2025 09:00;11.01.2025 10:00;103,14;97,20;126,28;103,14;64,36;118,19;141,93;37,63;108,22;104,28;40,19;119,07;105,89;-;-;109,46;106,00
11.01.2025 10:00;11.01.2025 11:00;101,13;93,62;122,94;101,13;58,18;114,24;127,81;37,97;105,08;102,57;41,48;114,97;103,46;-;-;105,34;104,20
11.01.2025 11:00;11.01.2025 12:00;99,56;85,27;101,25;91,06;55,75;100,58;101,61;37,96;99,86;99,67;41,56;108,97;99,74;-;-;99,88;99,79
11.01.2025 12:00;11.01.2025 13:00;96,74;83,36;97,40;91,06;56,08;97,14;97,57;37,61;96,86;96,78;41,05;108,59;96,81;-;-;96,87;96,83
11.01.2025 13:00;11.01.2025 14:00;93,15;80,29;93,15;91,03;45,22;93,15;93,15;36,61;93,15;93,15;42,79;108,59;93,15;-;-;93,15;93,15
11.01.2025 14:00;11.01.2025 15:00;94,90;82,68;95,61;89,30;49,62;95,74;95,74;36,58;98,08;96,79;42,72;108,59;100,72;-;-;98,28;98,07
11.01.2025 15:00;11.01.2025 16:00;104,89;90,41;105,10;102,56;69,38;105,05;105,23;37,13;105,04;104,85;43,30;112,06;104,76;-;-;105,30;106,15
11.01.2025 16:00;11.01.2025 17:00;112,12;97,78;112,71;112,12;88,13;113,29;112,46;39,23;115,10;110,11;45,73;119,80;106,95;-;-;125,00;154,88
11.01.2025 17:00;11.01.2025 18:00;119,80;106,77;120,39;119,80;119,80;120,97;120,12;42,12;123,63;114,86;49,22;127,69;115,88;-;-;131,87;155,18
11.01.2025 18:00;11.01.2025 19:00;122,34;108,84;123,71;122,34;122,34;123,86;124,10;39,56;126,82;114,48;46,09;133,08;120,91;-;-;131,40;141,71
11.01.2025 19:00;11.01.2025 20:00;114,85;105,48;127,20;114,85;100,12;123,55;135,00;37,44;120,10;113,93;43,55;132,89;111,70;-;-;129,21;155,63
11.01.2025 20:00;11.01.2025 21:00;111,19;100,65;123,90;108,10;82,71;119,95;131,40;36,81;117,26;107,52;41,73;127,10;110,66;-;-;121,89;133,88
11.01.2025 21:00;11.01.2025 22:00;104,80;96,60;122,84;104,80;73,00;116,20;124,20;36,70;109,97;105,23;41,89;123,02;104,72;-;-;113,64;124,35
11.01.2025 22:00;11.01.2025 23:00;103,07;94,74;119,00;103,07;69,28;113,27;124,19;36,46;107,12;104,06;40,10;121,20;104,39;-;-;108,24;111,09
11.01.2025 23:00;12.01.2025 00:00;105,69;90,13;105,99;105,69;67,00;106,10;105,94;36,06;105,05;104,80;35,31;113,30;106,20;-;-;105,88;105,89
12.01.2025 00:00;12.01.2025 01:00;83,58;85,30;125,53;83,58;41,02;110,36;140,60;34,43;95,08;86,35;31,02;103,08;87,22;-;-;96,90;102,00
12.01.2025 01:00;12.01.2025 02:00;83,79;78,37;106,58;83,79;40,39;97,57;115,00;34,31;89,02;85,31;26,15;97,77;86,15;-;-;88,93;89,05
12.01.2025 02:00;12.01.2025 03:00;86,75;75,00;91,62;86,75;42,92;90,00;100,00;34,22;88,69;83,48;25,15;94,34;87,87;-;-;89,04;89,43
12.01.2025 03:00;12.01.2025 04:00;84,20;72,29;86,75;84,20;39,37;85,91;90,00;34,03;85,27;82,67;30,35;91,41;85,27;-;-;85,35;85,35
12.01.2025 04:00;12.01.2025 05:00;85,00;72,03;85,00;85,00;38,41;85,00;85,00;33,79;85,00;85,00;34,18;90,96;85,00;-;-;85,00;85,00
12.01.2025 05:00;12.01.2025 06:00;83,75;73,57;86,64;83,75;48,09;85,70;89,90;34,52;85,11;81,56;35,25;93,30;85,48;-;-;85,19;85,07
12.01.2025 06:00;12.01.2025 07:00;85,90;78,33;92,39;85,90;65,77;90,13;97,00;34,73;87,91;85,02;35,82;99,43;87,52;-;-;87,81;87,47
12.01.2025 07:00;12.01.2025 08:00;101,75;89,88;101,75;101,75;101,75;101,75;101,75;35,06;101,75;101,75;36,34;103,31;101,75;-;-;101,75;101,75
12.01.2025 08:00;12.01.2025 09:00;114,67;100,57;114,83;114,67;114,67;114,97;114,76;35,88;116,40;109,36;38,90;114,14;117,68;-;-;116,50;116,70
12.01.2025 09:00;12.01.2025 10:00;120,07;107,04;120,07;120,07;120,07;120,07;120,07;45,30;120,07;120,07;52,61;119,01;120,07;-;-;120,07;120,07
12.01.2025 10:00;12.01.2025 11:00;117,77;108,27;117,77;117,77;117,77;117,77;117,77;63,38;117,77;117,77;68,80;116,61;117,77;-;-;117,77;117,77
12.01.2025 11:00;12.01.2025 12:00;105,61;101,06;105,61;105,61;105,61;105,61;105,61;76,83;105,61;105,61;79,92;110,00;105,61;-;-;105,61;105,61
12.01.2025 12:00;12.01.2025 13:00;102,99;97,39;102,99;102,99;102,99;102,99;102,99;68,32;102,99;102,99;71,83;107,24;102,99;-;-;102,99;102,99
12.01.2025 13:00;12.01.2025 14:00;99,61;94,10;99,61;99,61;99,61;99,61;99,61;64,08;99,61;99,61;67,77;106,35;99,61;-;-;99,61;99,61
12.01.2025 14:00;12.01.2025 15:00;104,74;101,62;102,41;104,74;104,74;95,40;103,23;89,63;105,34;105,02;92,68;109,59;105,09;-;-;105,60;105,29
12.01.2025 15:00;12.01.2025 16:00;118,70;116,10;114,54;118,70;118,70;101,24;116,32;112,01;120,07;119,31;115,87;120,94;119,43;-;-;120,48;119,91
12.01.2025 16:00;12.01.2025 17:00;132,92;129,16;127,07;132,92;132,92;109,56;129,52;125,88;134,73;133,88;129,75;130,55;133,94;-;-;135,34;135,00
12.01.2025 17:00;12.01.2025 18:00;141,00;137,41;136,09;141,00;141,00;120,61;138,12;133,57;142,77;141,69;137,64;137,20;141,84;-;-;143,02;142,35
12.01.2025 18:00;12.01.2025 19:00;146,66;145,88;146,66;146,66;146,66;146,66;146,66;141,96;146,66;146,66;145,81;143,64;146,66;-;-;146,66;146,66
12.01.2025 19:00;12.01.2025 20:00;143,66;141,83;142,22;143,66;143,66;138,07;142,79;136,74;144,13;143,87;140,22;140,90;143,90;-;-;144,24;144,11
12.01.2025 20:00;12.01.2025 21:00;134,86;132,60;132,08;134,86;134,86;124,00;133,11;128,25;135,77;135,29;131,64;133,37;135,34;-;-;135,99;135,74
12.01.2025 21:00;12.01.2025 22:00;127,49;123,63;126,51;127,49;127,49;123,67;126,85;107,62;127,79;127,61;111,04;126,23;127,63;-;-;127,84;127,72
12.01.2025 22:00;12.01.2025 23:00;121,20;111,56;120,05;121,20;121,20;116,73;120,45;68,74;121,54;121,33;72,12;122,40;121,36;-;-;121,61;121,46
12.01.2025 23:00;13.01.2025 00:00;114,90;101,61;114,90;114,90;114,90;114,90;114,90;39,39;114,90;114,90;41,80;117,28;114,90;-;-;114,90;114,90
13.01.2025 00:00;13.01.2025 01:00;112,39;99,46;112,39;112,39;112,39;112,39;112,39;39,10;112,39;112,39;41,49;114,31;112,39;-;-;112,39;112,39
13.01.2025 01:00;13.01.2025 02:00;105,07;93,35;105,07;105,07;105,07;105,07;105,07;36,77;105,07;105,07;38,89;110,64;105,07;-;-;105,07;105,07
13.01.2025 02:00;13.01.2025 03:00;104,46;92,77;104,46;104,46;104,46;104,46;104,46;38,57;104,46;104,46;39,16;107,01;104,46;-;-;104,46;104,46
13.01.2025 03:00;13.01.2025 04:00;100,37;89,41;100,37;100,37;100,37;100,37;100,37;36,94;100,37;100,37;38,10;105,52;100,37;-;-;100,37;100,37
13.01.2025 04:00;13.01.2025 05:00;100,00;87,79;100,00;90,51;96,53;100,00;100,00;35,95;100,00;100,00;37,64;105,07;100,00;-;-;100,00;100,00
13.01.2025 05:00;13.01.2025 06:00;110,11;90,76;109,86;59,66;91,85;109,13;109,97;34,88;110,19;110,14;36,71;115,85;110,15;-;-;110,20;110,17
13.01.2025 06:00;13.01.2025 07:00;140,28;113,63;134,75;85,14;129,70;127,14;138,67;35,97;139,99;140,29;37,75;140,29;140,28;-;-;139,95;140,14
13.01.2025 07:00;13.01.2025 08:00;181,92;148,66;162,04;122,00;181,92;150,16;177,83;67,00;177,25;181,64;70,00;165,47;180,00;-;-;176,71;180,31
13.01.2025 08:00;13.01.2025 09:00;223,09;184,46;199,77;152,85;223,09;186,00;218,80;99,82;217,72;222,42;102,63;185,05;220,91;-;-;217,72;220,91
13.01.2025 09:00;13.01.2025 10:00;174,09;141,14;156,72;115,15;174,10;146,50;171,00;54,35;171,92;175,11;56,89;157,30;173,53;-;-;172,98;172,98
13.01.2025 10:00;13.01.2025 11:00;141,69;114,66;133,34;92,01;125,60;128,38;139,97;37,29;140,71;142,31;39,50;140,67;141,49;-;-;140,71;141,12
13.01.2025 11:00;13.01.2025 12:00;115,73;99,17;115,81;67,44;99,08;116,13;115,58;36,24;121,10;130,02;38,33;130,10;121,08;-;-;120,80;122,67
13.01.2025 12:00;13.01.2025 13:00;104,10;92,06;105,16;57,19;83,96;105,69;104,83;35,79;114,62;130,56;37,66;122,99;114,26;-;-;114,12;117,76
13.01.2025 13:00;13.01.2025 14:00;103,04;92,69;103,64;56,22;82,57;100,81;103,11;35,17;119,01;142,62;36,99;121,10;118,34;-;-;118,44;123,67
13.01.2025 14:00;13.01.2025 15:00;104,67;95,55;105,80;62,57;86,72;104,91;105,55;33,96;123,89;147,81;35,66;124,40;119,76;-;-;123,70;131,48
13.01.2025 15:00;13.01.2025 16:00;138,20;105,71;122,20;56,71;100,89;112,59;135,34;33,20;141,91;151,22;34,68;132,45;141,59;-;-;140,32;144,77
13.01.2025 16:00;13.01.2025 17:00;142,62;110,14;132,46;64,67;107,27;126,64;140,82;33,10;147,96;139,49;34,96;150,12;134,07;-;-;154,99;164,46
13.01.2025 17:00;13.01.2025 18:00;149,00;118,75;148,75;67,10;111,77;148,70;149,00;33,11;151,69;148,18;34,91;166,87;146,21;-;-;154,49;157,60
13.01.2025 18:00;13.01.2025 19:00;149,00;116,95;157,65;50,15;99,38;157,07;140,41;31,68;152,52;149,16;32,95;167,71;147,81;-;-;156,20;157,51
13.01.2025 19:00;13.01.2025 20:00;139,73;108,55;159,88;40,39;71,08;158,39;119,60;29,96;145,66;140,81;30,21;159,33;138,69;-;-;155,05;155,05
13.01.2025 20:00;13.01.2025 21:00;123,18;90,60;142,46;24,72;29,43;141,32;105,00;29,62;134,19;122,47;5,79;143,10;118,50;-;-;139,33;149,12
13.01.2025 21:00;13.01.2025 22:00;120,22;83,99;122,50;22,88;16,73;122,59;118,27;29,31;123,82;118,00;2,02;129,59;118,19;-;-;126,18;129,95
13.01.2025 22:00;13.01.2025 23:00;115,57;80,12;121,81;21,09;3,70;121,41;109,00;29,01;118,83;114,17;1,60;125,11;115,57;-;-;119,26;119,34
13.01.2025 23:00;14.01.2025 00:00;102,31;74,62;121,70;17,77;3,68;120,10;95,80;28,66;107,19;103,77;0,00;118,35;103,84;-;-;108,13;107,93
14.01.2025 00:00;14.01.2025 01:00;106,38;78,60;122,03;36,91;12,17;122,19;89,37;30,94;109,69;108,05;-0,11;124,97;108,44;-;-;110,12;109,18
14.01.2025 01:00;14.01.2025 02:00;103,70;76,64;117,71;40,00;9,28;117,67;88,75;30,69;106,62;105,17;-0,11;121,69;105,52;-;-;107,01;106,17
14.01.2025 02:00;14.01.2025 03:00;99,08;73,78;114,34;41,60;5,00;114,53;82,61;30,61;102,30;100,70;-0,13;118,92;101,09;-;-;102,73;101,81
14.01.2025 03:00;14.01.2025 04:00;97,99;72,74;112,03;42,25;3,69;112,20;82,06;30,56;100,96;99,48;-0,23;117,30;99,84;-;-;101,35;100,50
14.01.2025 04:00;14.01.2025 05:00;101,88;74,36;112,21;40,22;3,69;112,20;91,09;30,59;104,04;102,96;-0,11;117,79;103,23;-;-;104,32;103,71
14.01.2025 05:00;14.01.2025 06:00;107,64;78,25;114,34;46,21;3,70;114,34;100,55;30,91;109,24;107,78;1,02;123,81;108,88;-;-;109,40;109,02
14.01.2025 06:00;14.01.2025 07:00;123,40;94,55;137,76;50,40;23,00;138,52;109,90;32,63;137,62;122,72;1,79;137,96;147,76;-;-;138,52;139,07
14.01.2025 07:00;14.01.2025 08:00;156,62;115,56;160,84;60,29;55,00;161,02;152,42;33,13;160,41;157,83;3,88;166,57;159,75;-;-;161,02;162,21
14.01.2025 08:00;14.01.2025 09:00;184,03;138,52;186,54;68,51;95,82;186,54;181,31;33,77;184,96;184,15;33,90;184,22;183,97;-;-;185,24;185,55
14.01.2025 09:00;14.01.2025 10:00;151,86;119,53;152,46;63,02;103,24;152,47;151,12;34,17;151,98;151,92;34,53;167,96;151,94;-;-;152,01;151,97
14.01.2025 10:00;14.01.2025 11:00;117,62;99,45;133,59;55,11;79,23;133,76;100,40;33,78;137,85;123,39;29,64;143,47;123,72;-;-;131,02;130,44
14.01.2025 11:00;14.01.2025 12:00;109,31;93,66;114,15;56,13;75,63;114,53;104,45;33,78;129,18;116,98;34,19;133,80;117,43;-;-;124,65;123,93
14.01.2025 12:00;14.01.2025 13:00;103,11;88,33;111,87;48,23;62,37;112,37;93,72;33,18;124,54;111,48;33,53;128,33;112,05;-;-;120,00;119,03
14.01.2025 13:00;14.01.2025 14:00;108,11;89,43;111,31;52,19;55,00;111,63;105,00;33,15;122,33;117,04;33,90;129,21;112,97;-;-;120,00;120,00
14.01.2025 14:00;14.01.2025 15:00;115,35;93,13;115,85;60,40;47,00;116,44;115,56;35,07;132,30;118,32;36,22;131,94;115,35;-;-;132,01;137,05
14.01.2025 15:00;14.01.2025 16:00;125,35;100,29;127,36;56,99;42,60;129,11;126,14;33,93;147,30;124,86;35,15;156,01;123,70;-;-;158,05;178,01
14.01.2025 16:00;14.01.2025 17:00;141,97;115,03;143,58;69,46;103,29;145,13;142,58;36,88;162,32;136,27;39,12;164,35;122,33;-;-;175,04;203,04
14.01.2025 17:00;14.01.2025 18:00;165,86;130,64;167,73;73,89;125,91;169,66;166,54;36,40;184,80;157,79;38,38;170,34;145,63;-;-;207,61;274,94
14.01.2025 18:00;14.01.2025 19:00;170,07;135,15;186,82;69,86;117,18;188,31;154,14;35,71;188,31;164,50;36,48;190,20;155,13;-;-;206,90;260,21
14.01.2025 19:00;14.01.2025 20:00;158,38;127,41;188,82;62,03;93,64;189,54;127,50;35,28;179,97;156,39;35,30;184,75;148,25;-;-;190,09;209,54
14.01.2025 20:00;14.01.2025 21:00;135,46;106,88;152,40;58,94;42,52;154,00;117,00;35,16;157,99;125,44;33,59;172,18;126,47;-;-;167,62;186,22
14.01.2025 21:00;14.01.2025 22:00;117,69;92,60;126,13;59,42;30,09;127,62;111,00;35,29;137,73;110,40;29,86;150,23;100,80;-;-;152,57;176,56
14.01.2025 22:00;14.01.2025 23:00;121,00;93,16;134,43;58,84;25,67;135,31;108,43;35,10;136,20;112,62;25,30;137,94;114,93;-;-;145,00;158,62
14.01.2025 23:00;15.01.2025 00:00;121,76;92,36;122,03;68,84;27,16;122,27;121,87;35,06;124,78;111,68;23,38;131,61;127,32;-;-;125,00;125,13
15.01.2025 00:00;15.01.2025 01:00;108,28;89,86;119,94;62,03;78,05;119,33;97,17;35,94;114,49;108,49;23,71;123,19;106,14;-;-;117,01;120,93
15.01.2025 01:00;15.01.2025 02:00;107,72;90,71;124,48;63,30;79,99;122,40;99,93;36,12;112,38;105,45;23,90;118,11;111,75;-;-;112,63;111,75
15.01.2025 02:00;15.01.2025 03:00;108,41;89,23;119,68;64,83;72,76;118,60;100,00;36,62;111,14;108,19;24,19;115,07;110,48;-;-;111,33;110,70
15.01.2025 03:00;15.01.2025 04:00;108,04;88,24;109,86;77,54;58,32;109,76;106,00;37,00;108,81;107,03;34,42;112,96;108,91;-;-;108,83;108,74
15.01.2025 04:00;15.01.2025 05:00;108,75;92,25;111,69;105,35;64,99;111,77;105,35;37,23;112,85;108,12;35,75;115,79;105,85;-;-;115,00;119,04
15.01.2025 05:00;15.01.2025 06:00;114,92;103,00;117,77;114,92;114,93;118,13;112,07;38,92;121,94;113,42;48,54;123,43;108,88;-;-;126,44;134,44
15.01.2025 06:00;15.01.2025 07:00;134,49;131,91;135,02;133,49;134,04;135,56;134,68;98,71;141,16;127,35;131,38;151,61;128,02;-;-;145,75;154,13
15.01.2025 07:00;15.01.2025 08:00;191,79;185,98;191,90;191,79;191,79;192,04;191,86;147,17;193,67;172,33;192,30;191,22;189,75;-;-;195,66;198,03
15.01.2025 08:00;15.01.2025 09:00;307,24;278,83;287,10;307,24;307,25;275,00;300,71;218,65;306,83;240,64;300,00;222,62;301,07;-;-;309,03;316,78
15.01.2025 09:00;15.01.2025 10:00;315,02;264,50;285,11;315,02;315,03;250,00;306,66;124,73;309,12;286,23;199,94;210,30;307,36;-;-;310,82;322,58
15.01.2025 10:00;15.01.2025 11:00;311,03;249,26;261,94;311,03;311,03;179,56;300,00;122,30;297,91;240,61;239,54;178,09;299,88;-;-;297,91;315,00
15.01.2025 11:00;15.01.2025 12:00;304,80;232,45;221,55;304,80;304,81;169,10;282,60;58,72;296,10;240,69;216,10;168,43;294,05;-;-;296,10;316,17
15.01.2025 12:00;15.01.2025 13:00;311,02;229,48;201,44;311,02;311,03;166,26;244,27;57,73;287,16;243,82;239,69;162,50;299,39;-;-;284,53;295,16
15.01.2025 13:00;15.01.2025 14:00;309,34;228,18;192,81;309,34;309,35;156,64;230,34;57,08;284,01;273,83;239,70;159,91;296,95;-;-;281,26;292,48
15.01.2025 14:00;15.01.2025 15:00;285,83;225,23;212,11;285,83;285,83;143,49;264,58;55,95;278,42;264,15;239,84;169,38;277,91;-;-;279,88;293,33
15.01.2025 15:00;15.01.2025 16:00;301,74;223,14;202,24;262,48;287,79;140,65;272,73;60,37;292,16;282,32;200,08;174,91;278,85;-;-;298,56;327,98
15.01.2025 16:00;15.01.2025 17:00;333,52;243,47;210,48;260,47;333,52;135,00;298,92;66,68;312,18;325,93;239,82;175,10;320,03;-;-;302,01;323,07
15.01.2025 17:00;15.01.2025 18:00;377,99;264,03;261,84;295,25;377,99;191,02;350,48;67,27;355,28;325,15;102,02;209,63;368,41;-;-;343,51;361,82
15.01.2025 18:00;15.01.2025 19:00;324,74;236,79;260,73;270,02;324,74;221,91;309,56;44,86;311,09;281,34;46,76;213,20;320,52;-;-;302,07;315,44
15.01.2025 19:00;15.01.2025 20:00;270,09;208,73;235,89;223,25;270,09;215,00;262,42;41,18;261,79;272,61;43,27;201,85;268,72;-;-;253,78;266,23
15.01.2025 20:00;15.01.2025 21:00;181,66;151,23;173,65;171,24;175,03;168,78;179,45;38,20;180,00;181,43;38,61;176,20;180,95;-;-;179,35;180,95
15.01.2025 21:00;15.01.2025 22:00;150,87;125,93;150,94;129,30;140,63;150,97;150,94;37,27;149,94;127,39;36,64;159,97;151,20;-;-;156,18;152,32
15.01.2025 22:00;15.01.2025 23:00;141,16;117,07;139,67;133,49;138,42;138,77;140,85;36,90;139,81;127,57;10,01;141,54;140,72;-;-;144,58;143,12
15.01.2025 23:00;16.01.2025 00:00;123,90;101,31;123,90;88,55;111,28;123,90;123,90;36,34;123,90;123,90;0,01;134,80;123,90;-;-;123,90;123,90
16.01.2025 00:00;16.01.2025 01:00;126,33;106,42;125,10;124,82;125,74;124,33;126,06;37,45;126,14;126,21;-0,22;128,81;126,14;-;-;126,14;126,38
16.01.2025 01:00;16.01.2025 02:00;119,12;99,96;118,86;110,78;115,09;118,41;118,87;37,21;120,70;118,76;-0,29;123,35;117,84;-;-;121,56;123,23
16.01.2025 02:00;16.01.2025 03:00;117,62;95,17;111,20;96,07;104,57;114,00;111,30;36,70;119,16;116,79;-0,29;120,01;117,38;-;-;118,88;118,18
16.01.2025 03:00;16.01.2025 04:00;115,03;87,33;104,22;58,61;83,79;108,58;104,40;36,74;117,55;113,63;-0,28;118,63;114,72;-;-;117,04;115,78
16.01.2025 04:00;16.01.2025 05:00;115,75;87,29;103,00;58,25;82,93;108,59;103,12;36,76;119,75;113,79;-0,29;119,93;114,38;-;-;119,75;119,52
16.01.2025 05:00;16.01.2025 06:00;123,27;95,10;114,54;67,10;93,39;118,10;114,90;37,44;127,47;121,53;1,21;129,56;120,87;-;-;128,34;130,12
16.01.2025 06:00;16.01.2025 07:00;138,70;113,03;130,41;102,66;117,58;130,80;129,90;37,93;146,84;135,08;38,52;145,59;128,06;-;-;153,57;166,79
16.01.2025 07:00;16.01.2025 08:00;173,04;142,27;157,54;125,79;149,80;148,04;169,61;54,06;186,46;170,93;47,24;192,73;162,75;-;-;192,04;207,87
16.01.2025 08:00;16.01.2025 09:00;199,65;174,91;199,79;150,10;177,30;199,94;199,73;104,51;201,93;198,89;78,27;216,34;197,25;-;-;203,85;206,74
16.01.2025 09:00;16.01.2025 10:00;175,00;149,84;175,00;141,92;160,24;175,00;175,00;57,57;175,00;175,00;51,26;187,20;175,00;-;-;175,00;175,00
16.01.2025 10:00;16.01.2025 11:00;151,90;129,62;151,90;119,00;137,30;151,90;151,90;47,34;151,90;151,90;48,54;162,26;151,90;-;-;151,90;151,90
16.01.2025 11:00;16.01.2025 12:00;140,64;114,94;140,64;74,01;111,06;140,64;140,64;45,32;140,64;140,64;47,42;142,64;140,64;-;-;140,64;140,64
16.01.2025 12:00;16.01.2025 13:00;131,13;108,84;130,92;70,54;104,16;131,13;130,56;45,37;134,85;132,45;46,78;138,22;132,21;-;-;135,05;134,86
16.01.2025 13:00;16.01.2025 14:00;130,58;106,96;126,15;67,97;101,75;123,84;128,71;41,81;138,70;133,70;43,36;137,39;133,21;-;-;138,70;138,18
16.01.2025 14:00;16.01.2025 15:00;138,42;109,32;124,25;70,47;106,38;115,14;135,05;40,72;145,10;140,23;42,00;144,29;138,91;-;-;145,00;146,59
16.01.2025 15:00;16.01.2025 16:00;163,04;124,53;136,67;86,85;125,72;119,64;156,74;45,52;167,36;162,25;46,82;163,19;159,07;-;-;167,36;175,03
16.01.2025 16:00;16.01.2025 17:00;179,20;141,51;153,88;135,08;151,56;137,69;173,17;44,73;177,64;175,62;46,35;188,97;171,96;-;-;180,00;188,68
16.01.2025 17:00;16.01.2025 18:00;191,56;156,59;174,60;161,00;172,60;164,77;187,35;54,95;190,42;168,91;53,18;207,02;187,68;-;-;191,55;196,48
16.01.2025 18:00;16.01.2025 19:00;184,32;157,70;184,32;159,53;173,32;184,32;184,32;44,70;184,32;179,97;46,84;208,71;184,32;-;-;184,32;184,32
16.01.2025 19:00;16.01.2025 20:00;179,97;142,87;179,97;88,52;139,87;179,97;179,97;41,15;179,97;166,56;43,10;192,51;179,97;-;-;179,97;179,97
16.01.2025 20:00;16.01.2025 21:00;159,60;123,90;159,60;76,59;122,17;159,60;159,60;38,59;159,60;134,85;39,63;153,04;159,60;-;-;159,60;159,60
16.01.2025 21:00;16.01.2025 22:00;141,60;112,91;141,96;69,55;109,20;142,32;141,76;37,27;146,14;138,51;37,11;139,90;138,33;-;-;148,95;154,08
16.01.2025 22:00;16.01.2025 23:00;135,29;107,76;135,68;68,85;104,69;136,02;135,45;36,51;139,91;123,18;30,07;134,01;140,96;-;-;140,55;141,84
16.01.2025 23:00;17.01.2025 00:00;123,75;98,00;124,12;63,49;96,71;124,44;123,90;36,14;128,10;113,99;11,99;127,50;127,60;-;-;129,08;130,95
17.01.2025 00:00;17.01.2025 01:00;118,87;90,23;107,11;55,59;80,53;124,83;100,00;36,17;128,10;114,94;1,48;123,94;119,83;-;-;127,38;123,07
17.01.2025 01:00;17.01.2025 02:00;118,39;91,23;113,26;57,74;87,08;121,32;110,00;35,53;124,03;111,89;1,11;120,09;121,50;-;-;123,77;121,92
17.01.2025 02:00;17.01.2025 03:00;115,71;89,55;109,61;60,49;86,24;118,20;106,35;35,83;120,93;110,57;1,00;117,70;118,11;-;-;120,64;118,78
17.01.2025 03:00;17.01.2025 04:00;114,72;89,01;109,22;60,47;85,98;117,49;105,90;35,71;119,10;112,75;1,13;116,14;115,27;-;-;118,77;116,74
17.01.2025 04:00;17.01.2025 05:00;115,48;89,91;108,87;64,06;87,64;117,26;106,06;36,10;119,04;114,59;2,17;117,64;115,58;-;-;118,73;116,99
17.01.2025 05:00;17.01.2025 06:00;122,16;94,58;113,13;69,94;93,55;119,99;112,00;36,16;125,54;120,97;3,56;123,61;121,93;-;-;125,07;123,36
17.01.2025 06:00;17.01.2025 07:00;140,80;115,47;140,80;94,87;119,34;140,80;140,80;36,94;140,80;140,80;34,08;140,17;140,80;-;-;140,80;140,80
17.01.2025 07:00;17.01.2025 08:00;175,01;142,60;175,01;108,52;144,34;175,01;175,01;44,28;175,01;175,01;44,75;176,65;175,01;-;-;175,01;175,01
17.01.2025 08:00;17.01.2025 09:00;208,13;166,54;208,13;105,95;166,47;208,13;208,13;54,91;208,13;205,46;51,76;206,77;208,13;-;-;208,13;208,13
17.01.2025 09:00;17.01.2025 10:00;175,34;142,10;175,34;96,60;146,91;175,34;175,34;45,58;175,34;175,34;45,95;176,07;175,34;-;-;175,34;175,34
17.01.2025 10:00;17.01.2025 11:00;158,00;124,57;153,04;77,67;129,77;149,39;156,83;42,10;158,00;152,70;43,05;149,68;158,00;-;-;157,35;157,87
17.01.2025 11:00;17.01.2025 12:00;140,73;110,55;138,67;69,43;115,67;136,00;140,10;37,85;140,73;123,25;38,25;135,39;140,74;-;-;140,60;140,70
17.01.2025 12:00;17.01.2025 13:00;126,44;102,41;126,44;64,82;104,78;126,44;126,44;37,43;126,44;122,26;36,77;128,21;126,44;-;-;126,44;126,44
17.01.2025 13:00;17.01.2025 14:00;124,03;100,84;124,03;63,76;102,85;124,03;124,03;36,95;124,03;122,69;36,46;126,36;124,03;-;-;124,03;124,03
17.01.2025 14:00;17.01.2025 15:00;132,99;105,50;128,81;67,79;109,62;119,51;131,20;36,97;133,58;131,26;37,36;131,19;133,25;-;-;133,74;133,68
17.01.2025 15:00;17.01.2025 16:00;151,98;116,55;137,75;74,52;124,76;120,02;147,69;37,06;151,98;152,17;38,07;146,07;151,98;-;-;151,39;152,42
17.01.2025 16:00;17.01.2025 17:00;170,21;130,46;150,00;92,01;141,28;138,02;165,02;37,46;167,94;168,18;39,04;169,69;166,42;-;-;168,87;174,81
17.01.2025 17:00;17.01.2025 18:00;178,79;149,21;174,70;167,50;174,70;172,31;177,75;37,48;178,28;164,14;39,27;177,14;178,02;-;-;178,44;179,59
17.01.2025 18:00;17.01.2025 19:00;179,92;154,44;179,92;174,99;178,10;179,92;179,92;36,93;179,92;179,92;38,41;190,93;179,92;-;-;179,92;179,92
17.01.2025 19:00;17.01.2025 20:00;174,22;147,74;174,22;167,71;171,28;174,22;174,22;36,99;174,22;174,22;25,16;178,64;174,22;-;-;174,22;174,22
17.01.2025 20:00;17.01.2025 21:00;157,91;130,26;157,91;146,45;151,42;157,91;157,91;37,16;157,91;148,98;3,15;156,11;157,91;-;-;157,91;157,91
17.01.2025 21:00;17.01.2025 22:00;145,00;120,00;145,00;136,87;141,43;145,00;145,00;37,10;145,00;135,50;1,33;142,75;145,00;-;-;145,00;145,00
17.01.2025 22:00;17.01.2025 23:00;139,97;115,15;139,97;119,17;130,85;139,97;139,97;36,95;139,97;139,97;-0,10;140,00;139,97;-;-;139,97;139,97
17.01.2025 23:00;18.01.2025 00:00;126,84;104,36;126,96;103,48;113,55;127,05;126,89;36,81;128,11;122,76;-0,30;133,51;129,09;-;-;128,15;128,23
18.01.2025 00:00;18.01.2025 01:00;125,29;106,12;125,38;124,95;125,17;125,46;125,34;36,98;126,23;122,24;-0,30;128,92;126,97;-;-;126,26;126,31
18.01.2025 01:00;18.01.2025 02:00;121,05;102,66;121,06;121,05;121,05;121,08;121,06;36,95;121,23;120,47;-0,31;124,20;121,42;-;-;121,23;121,24
18.01.2025 02:00;18.01.2025 03:00;120,98;102,38;121,02;120,98;120,98;121,06;121,00;36,91;121,42;119,56;-0,31;121,77;121,77;-;-;121,44;121,46
18.01.2025 03:00;18.01.2025 04:00;118,85;100,57;118,85;118,85;118,85;118,86;118,85;36,42;118,90;118,67;-0,29;119,37;118,96;-;-;118,91;118,91
18.01.2025 04:00;18.01.2025 05:00;116,46;98,71;116,52;116,30;116,40;116,56;116,49;36,14;117,02;114,68;0,06;118,17;117,46;-;-;117,04;117,07
18.01.2025 05:00;18.01.2025 06:00;119,77;101,83;119,78;119,77;119,77;119,78;119,78;36,72;119,83;119,58;3,86;121,41;119,88;-;-;119,83;119,84
18.01.2025 06:00;18.01.2025 07:00;119,75;105,34;119,87;119,52;119,67;120,00;119,81;36,71;121,05;119,40;36,87;127,48;118,35;-;-;122,20;124,06
18.01.2025 07:00;18.01.2025 08:00;133,39;113,17;133,61;105,09;120,24;133,80;133,49;39,53;136,17;125,95;43,01;136,42;137,54;-;-;135,80;135,95
18.01.2025 08:00;18.01.2025 09:00;145,63;125,92;145,67;138,59;142,38;145,69;145,65;41,13;146,00;144,60;44,77;144,46;146,20;-;-;145,96;145,98
18.01.2025 09:00;18.01.2025 10:00;144,10;125,76;144,10;144,10;144,10;144,10;144,10;42,54;144,10;144,10;46,01;142,02;144,10;-;-;144,10;144,10
18.01.2025 10:00;18.01.2025 11:00;131,21;116,13;131,50;131,21;131,21;131,70;131,37;44,04;133,97;122,30;47,40;136,81;135,94;-;-;133,97;134,11
18.01.2025 11:00;18.01.2025 12:00;121,56;108,44;121,58;121,56;121,56;121,60;121,57;44,41;121,79;120,82;47,64;128,40;121,96;-;-;121,79;121,80
18.01.2025 12:00;18.01.2025 13:00;118,87;105,80;118,87;118,87;118,87;118,87;118,87;42,88;118,87;118,87;46,22;123,75;118,87;-;-;118,87;118,87
18.01.2025 13:00;18.01.2025 14:00;115,01;102,81;115,01;115,01;115,01;115,01;115,01;42,81;115,01;115,01;45,58;122,43;115,01;-;-;115,01;115,01
18.01.2025 14:00;18.01.2025 15:00;119,32;105,85;118,78;119,32;119,32;117,28;119,03;43,29;119,55;119,38;45,90;123,09;119,36;-;-;119,60;119,59
18.01.2025 15:00;18.01.2025 16:00;133,32;115,19;128,29;133,32;133,32;113,97;130,56;44,75;136,57;133,58;46,78;133,22;132,70;-;-;137,66;138,87
18.01.2025 16:00;18.01.2025 17:00;149,71;124,86;131,29;149,71;149,71;120,90;145,50;44,45;155,55;144,92;47,08;144,92;139,43;-;-;160,13;174,16
18.01.2025 17:00;18.01.2025 18:00;164,59;138,65;152,54;164,59;164,59;145,65;161,91;44,96;165,97;162,44;47,18;155,36;160,00;-;-;167,51;173,52
18.01.2025 18:00;18.01.2025 19:00;167,57;144,75;167,57;167,57;167,57;167,57;167,57;44,68;167,57;167,57;45,46;161,52;167,57;-;-;167,57;167,57
18.01.2025 19:00;18.01.2025 20:00;167,85;144,38;167,85;167,85;167,85;167,85;167,85;41,67;167,85;167,85;42,53;161,23;167,85;-;-;167,85;167,85
18.01.2025 20:00;18.01.2025 21:00;156,12;134,08;156,12;156,12;156,12;156,12;156,12;39,94;156,12;156,12;39,89;146,09;156,12;-;-;156,12;156,12
18.01.2025 21:00;18.01.2025 22:00;143,42;124,27;143,42;143,42;143,42;143,42;143,42;39,79;143,42;143,42;39,66;140,20;143,42;-;-;143,42;143,42
18.01.2025 22:00;18.01.2025 23:00;136,40;118,60;136,40;136,40;136,40;136,40;136,40;38,99;136,40;136,40;38,70;135,73;136,40;-;-;136,40;136,40
18.01.2025 23:00;19.01.2025 00:00;129,36;112,46;129,36;129,36;129,36;129,36;129,36;36,95;129,36;129,36;36,01;129,23;129,36;-;-;129,36;129,36
19.01.2025 00:00;19.01.2025 01:00;129,73;112,31;129,75;129,73;129,73;129,77;129,75;38,52;129,91;129,20;29,01;129,96;130,04;-;-;129,91;129,92
19.01.2025 01:00;19.01.2025 02:00;124,20;107,79;124,29;124,20;124,20;124,35;124,26;38,78;125,00;121,74;27,54;125,77;125,60;-;-;125,03;125,07
19.01.2025 02:00;19.01.2025 03:00;123,05;106,71;123,12;123,05;123,05;123,17;123,10;39,47;123,70;121,05;25,21;124,68;124,18;-;-;123,73;123,76
19.01.2025 03:00;19.01.2025 04:00;121,24;105,45;121,24;121,24;121,24;121,24;121,24;39,07;121,24;121,24;28,85;122,12;121,24;-;-;121,24;121,24
19.01.2025 04:00;19.01.2025 05:00;120,18;104,23;120,18;120,18;120,18;120,18;120,18;39,91;120,18;120,18;25,16;120,01;120,18;-;-;120,18;120,18
19.01.2025 05:00;19.01.2025 06:00;120,00;104,64;120,00;120,00;120,00;120,00;120,00;39,34;120,00;120,00;29,21;122,45;120,00;-;-;120,00;120,00
19.01.2025 06:00;19.01.2025 07:00;121,57;106,28;121,59;121,57;121,57;121,59;121,58;39,80;121,69;121,22;31,72;125,02;121,77;-;-;121,69;121,70
19.01.2025 07:00;19.01.2025 08:00;123,33;108,41;123,41;123,33;123,33;123,47;123,37;39,96;124,08;120,96;38,62;127,29;124,65;-;-;124,11;124,15
19.01.2025 08:00;19.01.2025 09:00;123,60;109,15;123,60;123,60;123,59;123,61;123,60;41,28;123,67;123,34;40,00;130,64;123,74;-;-;123,68;123,68
19.01.2025 09:00;19.01.2025 10:00;125,16;110,62;125,26;125,16;125,16;125,33;125,21;42,29;126,30;122,16;43,22;129,90;126,82;-;-;126,13;126,18
19.01.2025 10:00;19.01.2025 11:00;125,19;110,60;125,33;125,19;125,19;125,43;125,27;43,53;126,41;121,02;44,29;127,46;127,50;-;-;126,54;126,60
19.01.2025 11:00;19.01.2025 12:00;121,56;107,60;122,08;121,56;121,56;122,16;121,56;43,95;124,03;113,15;45,18;122,12;126,21;-;-;124,29;124,40
19.01.2025 12:00;19.01.2025 13:00;112,25;100,49;112,25;112,25;112,25;112,25;112,25;43,71;112,25;112,25;45,89;117,80;112,25;-;-;112,25;112,25
19.01.2025 13:00;19.01.2025 14:00;107,51;96,81;107,51;107,51;107,51;107,51;107,51;44,20;107,51;107,51;46,39;114,29;107,51;-;-;107,51;107,51
19.01.2025 14:00;19.01.2025 15:00;116,81;104,01;116,81;116,81;116,81;116,81;116,81;44,82;116,81;116,81;47,24;117,53;116,81;-;-;116,81;116,81
19.01.2025 15:00;19.01.2025 16:00;126,29;110,94;122,93;126,29;126,29;113,41;124,36;47,22;127,30;126,80;49,77;129,12;126,88;-;-;127,62;127,21
19.01.2025 16:00;19.01.2025 17:00;140,15;131,82;135,20;140,15;140,15;120,74;137,57;118,50;145,83;139,98;93,91;141,08;136,94;-;-;149,22;153,87
19.01.2025 17:00;19.01.2025 18:00;149,67;147,25;148,14;149,67;149,68;143,04;148,81;142,12;156,72;147,52;133,27;155,99;144,80;-;-;160,30;167,90
19.01.2025 18:00;19.01.2025 19:00;159,04;158,41;159,37;159,04;159,04;159,68;159,19;149,19;163,36;157,97;155,26;164,99;155,42;-;-;165,58;170,57
19.01.2025 19:00;19.01.2025 20:00;156,60;153,47;156,98;156,60;156,60;157,33;156,79;132,45;161,46;154,75;138,77;163,71;152,75;-;-;164,09;170,04
19.01.2025 20:00;19.01.2025 21:00;149,06;136,45;149,57;149,06;149,06;150,03;149,31;77,92;155,77;146,87;73,90;155,61;143,82;-;-;159,04;166,45
19.01.2025 21:00;19.01.2025 22:00;139,26;123,80;139,85;139,26;139,26;140,38;139,52;51,85;147,00;133,45;54,10;142,40;134,70;-;-;150,49;158,70
19.01.2025 22:00;19.01.2025 23:00;130,99;116,38;131,31;130,99;130,99;131,56;131,14;46,26;134,67;120,69;49,67;136,13;136,78;-;-;134,41;134,62
19.01.2025 23:00;20.01.2025 00:00;122,94;109,56;123,04;122,94;122,94;123,12;122,99;44,72;124,07;119,77;47,01;129,89;124,72;-;-;123,99;124,05
20.01.2025 00:00;20.01.2025 01:00;122,27;110,83;122,28;122,27;122,27;122,30;122,27;55,64;122,47;121,60;56,29;129,12;122,64;-;-;122,48;122,49
20.01.2025 01:00;20.01.2025 02:00;119,44;108,17;119,47;119,44;119,44;119,50;119,45;55,10;119,81;118,23;52,30;127,04;120,11;-;-;119,83;119,85
20.01.2025 02:00;20.01.2025 03:00;116,56;105,76;116,57;116,56;116,56;116,57;116,56;54,92;116,61;116,42;50,91;125,04;116,64;-;-;116,61;116,61
20.01.2025 03:00;20.01.2025 04:00;114,41;102,97;114,41;114,41;114,41;114,41;114,41;50,02;114,41;114,41;44,65;122,69;114,41;-;-;114,41;114,41
20.01.2025 04:00;20.01.2025 05:00;115,45;103,72;115,45;115,45;115,45;115,45;115,45;50,57;115,45;115,45;43,25;123,52;115,45;-;-;115,45;115,45
20.01.2025 05:00;20.01.2025 06:00;127,54;119,59;124,54;127,54;127,54;116,10;125,82;56,32;129,94;123,75;123,88;129,66;130,43;-;-;130,14;129,83
20.01.2025 06:00;20.01.2025 07:00;161,71;147,81;146,30;161,71;161,71;137,33;157,70;84,43;160,41;153,01;157,83;147,64;157,86;-;-;162,18;167,11
20.01.2025 07:00;20.01.2025 08:00;276,48;241,89;220,07;276,48;276,47;190,26;260,24;252,09;268,45;180,84;261,48;212,20;262,23;-;-;278,50;300,99
20.01.2025 08:00;20.01.2025 09:00;431,99;365,43;338,48;431,99;431,96;289,00;404,11;401,30;421,89;176,16;426,44;279,94;418,43;-;-;426,71;450,00
20.01.2025 09:00;20.01.2025 10:00;291,70;272,45;289,94;291,70;291,67;289,00;291,18;292,63;291,39;152,67;284,61;230,41;291,70;-;-;291,54;291,90
20.01.2025 10:00;20.01.2025 11:00;236,29;222,40;236,29;236,29;236,28;236,29;236,29;227,88;236,29;140,63;232,41;191,45;236,29;-;-;236,29;236,29
20.01.2025 11:00;20.01.2025 12:00;187,48;184,97;187,93;187,48;187,47;188,28;187,69;176,81;191,91;172,14;185,18;173,70;196,09;-;-;192,40;192,65
20.01.2025 12:00;20.01.2025 13:00;176,00;173,91;176,28;176,00;175,99;176,50;176,13;168,05;178,76;165,85;173,60;164,48;181,38;-;-;179,06;179,21
20.01.2025 13:00;20.01.2025 14:00;171,39;167,80;171,39;171,39;171,38;171,39;171,39;165,88;171,39;147,95;168,85;163,39;171,39;-;-;171,39;171,39
20.01.2025 14:00;20.01.2025 15:00;191,85;183,18;187,90;192,73;191,84;182,73;190,30;180,32;191,79;141,40;191,30;172,82;191,90;-;-;191,78;191,84
20.01.2025 15:00;20.01.2025 16:00;277,17;246,47;239,34;277,17;277,17;193,39;262,81;250,87;275,49;187,90;276,65;193,38;277,05;-;-;275,71;277,05
20.01.2025 16:00;20.01.2025 17:00;402,12;324,77;294,08;402,12;402,12;235,00;370,28;358,18;381,61;168,47;352,12;226,90;381,61;-;-;398,83;455,20
20.01.2025 17:00;20.01.2025 18:00;583,40;435,61;379,99;583,40;583,40;276,18;523,47;493,32;561,75;163,00;400,06;264,05;563,13;-;-;561,75;615,15
20.01.2025 18:00;20.01.2025 19:00;473,28;405,02;473,28;473,28;473,28;473,28;473,28;428,83;473,28;140,83;282,59;290,01;473,28;-;-;473,28;473,28
20.01.2025 19:00;20.01.2025 20:00;295,57;265,46;295,57;295,57;295,57;295,57;295,57;269,90;295,57;148,39;183,03;249,76;295,57;-;-;295,57;295,57
20.01.2025 20:00;20.01.2025 21:00;220,00;200,14;220,00;220,00;220,00;220,00;220,00;201,16;220,00;132,47;139,23;188,65;220,00;-;-;220,00;220,00
20.01.2025 21:00;20.01.2025 22:00;170,00;156,52;170,00;170,00;170,00;170,00;170,00;140,61;170,00;128,01;103,80;159,27;170,00;-;-;170,00;170,00
20.01.2025 22:00;20.01.2025 23:00;152,51;134,25;153,09;152,51;152,50;153,58;152,74;58,29;158,78;131,45;52,17;147,21;164,46;-;-;159,36;159,78
20.01.2025 23:00;21.01.2025 00:00;137,98;122,67;138,87;137,98;137,98;139,00;137,74;56,73;142,42;123,43;50,22;138,59;146,37;-;-;142,82;143,06
21.01.2025 00:00;21.01.2025 01:00;127,52;120,79;141,36;127,52;127,52;136,00;113,00;42,04;133,79;124,37;124,45;130,56;128,04;-;-;136,00;139,06
21.01.2025 01:00;21.01.2025 02:00;121,65;115,11;136,28;121,65;121,65;130,65;106,76;40,03;128,61;115,15;115,25;125,42;124,74;-;-;130,65;133,22
21.01.2025 02:00;21.01.2025 03:00;116,67;109,79;129,29;116,67;116,67;124,35;103,80;40,33;122,05;114,59;99,92;123,15;116,86;-;-;123,94;126,54
21.01.2025 03:00;21.01.2025 04:00;113,86;106,33;118,38;113,86;113,85;117,05;109,68;39,94;119,54;112,68;93,46;122,05;109,16;-;-;123,38;129,45
21.01.2025 04:00;21.01.2025 05:00;113,54;106,12;114,69;111,49;112,32;115,30;113,00;39,96;122,39;110,85;99,95;123,01;104,41;-;-;129,27;140,31
21.01.2025 05:00;21.01.2025 06:00;122,34;112,02;122,43;106,60;112,81;123,83;120,73;42,52;136,02;117,81;112,78;129,07;107,58;-;-;147,02;164,76
21.01.2025 06:00;21.01.2025 07:00;142,20;129,09;139,40;106,97;142,20;138,86;141,78;54,87;160,38;135,08;135,17;147,23;118,07;-;-;184,00;211,89
21.01.2025 07:00;21.01.2025 08:00;190,06;176,43;180,40;165,35;190,06;190,00;166,90;118,33;229,21;174,87;174,89;211,44;139,33;-;-;274,31;330,95
21.01.2025 08:00;21.01.2025 09:00;248,32;231,60;244,40;209,50;248,32;245,00;248,32;190,94;297,28;198,35;229,49;253,39;182,65;-;-;367,32;436,69
21.01.2025 09:00;21.01.2025 10:00;211,68;205,77;211,34;210,33;211,68;212,22;212,00;202,61;233,84;164,70;203,57;215,81;185,39;-;-;256,16;286,33
21.01.2025 10:00;21.01.2025 11:00;198,05;189,18;199,15;198,05;198,05;200,00;198,05;191,67;213,59;136,12;192,53;173,77;180,00;-;-;229,55;249,80
21.01.2025 11:00;21.01.2025 12:00;161,50;157,72;163,39;161,50;161,50;164,84;162,00;156,30;178,90;131,49;155,54;157,59;141,91;-;-;195,22;217,56
21.01.2025 12:00;21.01.2025 13:00;147,44;145,83;149,41;147,44;147,44;151,36;148,37;142,56;168,89;140,13;140,18;145,20;123,12;-;-;189,10;216,64
21.01.2025 13:00;21.01.2025 14:00;142,83;141,54;144,33;142,83;142,83;145,81;143,54;138,23;159,15;137,40;137,39;141,05;124,43;-;-;174,51;195,45
21.01.2025 14:00;21.01.2025 15:00;150,05;148,07;150,05;150,05;150,05;151,03;150,48;145,22;172,71;144,40;144,39;144,97;125,40;-;-;194,00;223,26
21.01.2025 15:00;21.01.2025 16:00;173,43;176,27;165,99;173,43;173,42;165,48;171,01;165,72;232,88;187,33;169,27;167,28;167,12;-;-;277,33;304,80
21.01.2025 16:00;21.01.2025 17:00;212,13;198,14;177,34;202,39;212,13;160,32;202,77;196,10;213,71;207,31;199,88;208,31;199,30;-;-;222,77;237,97
21.01.2025 17:00;21.01.2025 18:00;301,15;265,10;232,75;282,52;301,15;199,32;282,52;274,55;297,38;246,62;274,28;240,82;284,16;-;-;307,88;328,93
21.01.2025 18:00;21.01.2025 19:00;251,93;239,14;222,68;243,96;251,93;208,44;243,96;235,93;250,37;217,28;234,67;276,61;244,75;-;-;254,89;263,91
21.01.2025 19:00;21.01.2025 20:00;202,68;196,96;192,62;199,94;202,68;187,72;199,94;189,69;202,09;201,65;162,98;227,03;200,27;-;-;203,59;206,62
21.01.2025 20:00;21.01.2025 21:00;174,84;169,55;165,01;174,84;174,84;160,18;172,16;158,79;174,29;173,82;170,64;168,03;172,45;-;-;175,78;178,79
21.01.2025 21:00;21.01.2025 22:00;155,19;147,18;149,77;155,19;155,18;147,08;153,72;141,67;154,93;125,39;138,14;144,10;153,82;-;-;155,79;157,51
21.01.2025 22:00;21.01.2025 23:00;138,60;128,88;137,49;138,60;138,60;137,00;138,31;96,62;140,00;138,00;75,55;140,89;136,59;-;-;141,62;144,05
21.01.2025 23:00;22.01.2025 00:00;125,29;114,51;125,50;109,70;125,29;125,75;125,40;54,04;129,13;124,16;85,38;134,00;121,22;-;-;132,17;137,05
22.01.2025 00:00;22.01.2025 01:00;128,00;110,71;126,78;106,89;128,00;123,53;127,30;47,14;131,31;129,05;34,76;134,27;128,83;-;-;131,09;131,29
22.01.2025 01:00;22.01.2025 02:00;125,06;106,43;122,65;101,53;125,06;116,30;123,69;40,60;125,97;125,40;32,41;131,69;125,47;-;-;126,00;125,71
22.01.2025 02:00;22.01.2025 03:00;122,22;103,57;116,29;105,02;122,22;106,78;117,43;40,64;125,08;122,54;31,36;129,01;122,91;-;-;124,83;123,79
22.01.2025 03:00;22.01.2025 04:00;121,66;102,60;113,48;103,86;121,65;104,45;114,12;40,75;126,00;121,76;31,93;128,19;122,40;-;-;125,45;123,80
22.01.2025 04:00;22.01.2025 05:00;123,16;102,49;113,87;93,75;123,16;103,60;114,62;41,16;128,10;123,28;32,68;129,15;124,01;-;-;127,47;125,60
22.01.2025 05:00;22.01.2025 06:00;128,32;109,67;122,60;107,45;128,32;107,00;125,03;50,12;134,83;127,90;38,17;140,00;124,98;-;-;138,20;142,76
22.01.2025 06:00;22.01.2025 07:00;156,92;142,08;130,23;129,03;156,92;120,57;145,00;122,94;171,92;139,16;153,07;154,00;140,01;-;-;186,81;210,92
22.01.2025 07:00;22.01.2025 08:00;208,25;191,04;161,61;195,47;208,23;140,33;195,47;200,98;237,68;201,23;203,00;188,52;168,87;-;-;305,87;346,92
22.01.2025 08:00;22.01.2025 09:00;238,60;227,31;212,87;238,60;238,57;200,00;231,36;224,00;238,60;235,00;232,55;219,45;229,46;-;-;244,57;254,86
22.01.2025 09:00;22.01.2025 10:00;199,41;195,98;199,41;199,41;199,40;199,41;199,41;193,92;199,41;169,06;198,94;197,96;199,41;-;-;199,41;199,41
22.01.2025 10:00;22.01.2025 11:00;179,06;172,40;179,06;179,06;179,06;179,06;179,06;173,51;179,06;114,23;174,76;180,44;179,06;-;-;179,06;179,06
22.01.2025 11:00;22.01.2025 12:00;172,94;165,83;172,94;172,94;172,94;172,94;172,94;167,58;172,94;109,22;168,79;167,93;172,94;-;-;172,94;172,94
22.01.2025 12:00;22.01.2025 13:00;165,00;158,84;165,00;165,00;165,00;165,00;165,00;160,22;165,00;110,97;161,04;160,05;165,00;-;-;165,00;165,00
22.01.2025 13:00;22.01.2025 14:00;170,00;163,85;170,00;170,00;170,00;170,00;170,00;165,07;170,00;119,02;170,00;158,28;170,00;-;-;170,00;170,00
22.01.2025 14:00;22.01.2025 15:00;179,92;171,06;178,06;179,92;179,92;177,03;179,40;174,70;179,92;108,89;179,92;164,02;179,92;-;-;179,92;180,02
22.01.2025 15:00;22.01.2025 16:00;195,67;189,33;188,61;195,67;195,67;185,00;193,68;189,99;195,61;166,87;190,97;187,32;193,22;-;-;197,18;199,94
22.01.2025 16:00;22.01.2025 17:00;199,04;187,77;176,34;199,04;199,04;165,85;193,01;193,27;213,78;168,80;193,27;189,18;173,93;-;-;245,08;266,56
22.01.2025 17:00;22.01.2025 18:00;208,99;189,05;168,33;208,99;208,99;149,03;197,66;202,93;226,61;135,34;202,93;197,62;181,09;-;-;245,08;282,50
22.01.2025 18:00;22.01.2025 19:00;180,43;170,92;166,12;180,43;180,43;159,60;176,52;175,19;193,11;122,16;175,19;186,35;165,00;-;-;203,10;225,70
22.01.2025 19:00;22.01.2025 20:00;167,08;163,61;167,08;167,08;167,08;167,72;167,40;162,23;179,53;139,96;162,23;169,06;150,33;-;-;203,08;216,16
22.01.2025 20:00;22.01.2025 21:00;134,49;135,72;137,07;134,49;134,49;139,49;135,82;129,99;157,00;125,80;129,99;164,00;104,81;-;-;200,21;223,86
22.01.2025 21:00;22.01.2025 22:00;127,78;128,44;127,78;127,78;127,78;127,94;127,91;123,82;144,90;116,47;123,82;147,02;117,61;-;-;153,51;170,64
22.01.2025 22:00;22.01.2025 23:00;128,09;124,89;129,01;128,09;128,09;129,86;128,51;103,58;139,91;114,67;103,58;141,49;127,00;-;-;144,62;153,88
22.01.2025 23:00;23.01.2025 00:00;114,68;102,80;115,49;113,13;78,66;116,27;115,06;58,51;124,15;111,44;58,51;134,89;104,67;-;-;131,82;142,40
23.01.2025 00:00;23.01.2025 01:00;113,70;98,47;114,17;112,80;59,81;114,60;113,92;49,46;118,81;111,99;49,46;130,14;108,01;-;-;123,33;130,20
23.01.2025 01:00;23.01.2025 02:00;108,88;93,03;109,34;108,88;55,84;109,77;109,10;39,46;113,89;107,09;39,46;127,16;103,33;-;-;118,33;125,07
23.01.2025 02:00;23.01.2025 03:00;105,58;91,23;105,67;105,58;51,01;105,84;105,62;37,86;113,50;106,93;37,86;125,11;108,55;-;-;110,75;110,58
23.01.2025 03:00;23.01.2025 04:00;100,01;87,84;100,17;100,01;46,84;100,45;100,08;37,86;112,72;103,48;37,86;123,70;103,09;-;-;108,92;109,48
23.01.2025 04:00;23.01.2025 05:00;97,59;86,20;97,99;97,59;41,82;98,53;97,77;37,83;115,28;100,87;37,83;123,95;98,75;-;-;112,73;116,51
23.01.2025 05:00;23.01.2025 06:00;100,01;90,00;100,88;100,01;38,15;101,82;100,43;38,44;126,84;106,25;38,15;131,00;108,01;-;-;123,31;128,60
23.01.2025 06:00;23.01.2025 07:00;106,41;115,13;110,58;106,41;90,66;113,79;108,56;99,81;145,00;115,73;90,62;145,26;140,00;-;-;160,81;184,97
23.01.2025 07:00;23.01.2025 08:00;136,60;142,44;139,67;136,60;136,60;142,28;138,14;133,72;166,62;136,07;133,72;166,77;136,60;-;-;185,05;215,31
23.01.2025 08:00;23.01.2025 09:00;159,03;159,67;159,71;159,03;159,03;160,34;159,35;154,25;166,86;153,56;155,22;174,07;155,00;-;-;171,97;179,96
23.01.2025 09:00;23.01.2025 10:00;155,42;155,52;156,46;155,42;148,24;157,26;155,93;150,59;165,10;141,99;142,38;167,35;170,00;-;-;167,00;169,55
23.01.2025 10:00;23.01.2025 11:00;130,94;134,36;136,00;130,94;117,87;135,21;128,00;126,87;157,94;116,98;117,45;161,05;149,61;-;-;151,27;150,92
23.01.2025 11:00;23.01.2025 12:00;116,10;125,24;124,83;116,10;109,44;123,60;111,42;108,52;157,09;109,52;109,47;156,65;151,00;-;-;148,40;148,68
23.01.2025 12:00;23.01.2025 13:00;94,93;111,03;104,18;94,75;92,63;104,18;91,40;91,98;151,91;97,80;92,65;150,98;148,85;-;-;142,94;146,11
23.01.2025 13:00;23.01.2025 14:00;88,56;107,29;96,39;83,46;85,37;98,58;88,32;79,53;144,94;108,15;86,64;148,27;160,59;-;-;144,94;154,44
23.01.2025 14:00;23.01.2025 15:00;85,86;102,65;94,79;72,35;73,23;95,40;85,86;64,89;151,90;111,76;74,60;152,51;151,90;-;-;152,20;169,94
23.01.2025 15:00;23.01.2025 16:00;89,80;102,66;95,61;67,60;64,11;100,26;92,77;57,71;158,00;112,87;64,36;160,99;155,00;-;-;169,15;201,73
23.01.2025 16:00;23.01.2025 17:00;89,87;110,64;95,71;83,69;87,62;100,97;92,55;78,97;162,54;117,09;87,73;170,21;140,00;-;-;182,30;230,51
23.01.2025 17:00;23.01.2025 18:00;106,75;118,07;111,41;91,19;100,99;115,69;109,00;82,58;165,10;116,94;101,18;172,01;132,70;-;-;185,97;233,27
23.01.2025 18:00;23.01.2025 19:00;112,00;114,43;119,29;85,09;99,89;121,78;112,00;71,11;155,11;117,55;80,19;166,03;130,72;-;-;177,42;214,55
23.01.2025 19:00;23.01.2025 20:00;101,87;107,55;113,06;77,88;87,49;114,79;99,90;58,46;151,53;113,54;67,27;158,01;141,07;-;-;172,44;204,16
23.01.2025 20:00;23.01.2025 21:00;86,36;96,05;93,34;65,17;71,06;98,44;89,50;45,37;148,94;102,11;52,91;149,70;140,00;-;-;175,30;217,89
23.01.2025 21:00;23.01.2025 22:00;74,28;85,80;79,89;57,42;66,21;84,21;77,23;41,00;126,39;93,30;40,49;143,29;134,36;-;-;144,00;170,52
23.01.2025 22:00;23.01.2025 23:00;75,68;84,01;81,01;55,95;65,95;85,09;78,49;37,70;125,07;92,80;27,94;141,40;132,70;-;-;141,80;167,00
23.01.2025 23:00;24.01.2025 00:00;58,23;72,62;61,85;44,56;53,11;65,01;60,09;37,03;123,04;93,13;26,90;134,04;100,02;-;-;121,90;138,81
24.01.2025 00:00;24.01.2025 01:00;69,03;71,25;72,37;37,28;37,28;75,16;70,33;36,70;110,05;83,05;25,47;128,01;108,01;-;-;115,41;125,03
24.01.2025 01:00;24.01.2025 02:00;58,16;68,72;60,21;40,00;39,99;63,05;58,53;36,47;115,09;83,91;25,07;125,56;108,01;-;-;106,75;112,91
24.01.2025 02:00;24.01.2025 03:00;45,05;63,19;45,62;41,54;41,53;48,60;44,24;36,19;120,00;82,58;24,91;123,95;85,90;-;-;102,30;107,00
24.01.2025 03:00;24.01.2025 04:00;40,60;61,31;41,21;37,74;37,74;44,37;39,58;36,05;120,00;85,37;24,82;122,92;84,59;-;-;101,11;105,85
24.01.2025 04:00;24.01.2025 05:00;50,17;60,30;40,05;36,11;36,11;16,01;43,81;35,52;125,01;97,94;24,69;123,45;84,59;-;-;108,34;111,92
24.01.2025 05:00;24.01.2025 06:00;73,20;70,40;61,93;36,88;36,88;30,03;66,66;36,21;131,65;106,27;25,91;130,02;112,01;-;-;129,64;140,04
24.01.2025 06:00;24.01.2025 07:00;85,44;83,86;70,47;40,71;40,71;64,93;81,40;37,87;145,06;117,06;29,15;145,12;150,00;-;-;155,00;180,02
24.01.2025 07:00;24.01.2025 08:00;109,16;108,92;104,84;70,28;70,28;104,09;109,02;68,64;153,93;126,69;69,91;160,61;159,79;-;-;170,00;195,63
24.01.2025 08:00;24.01.2025 09:00;116,23;116,27;108,28;80,06;80,06;105,26;115,24;78,05;161,14;144,07;79,78;162,00;165,00;-;-;160,95;172,01
24.01.2025 09:00;24.01.2025 10:00;96,34;102,36;96,14;59,53;59,53;97,14;96,93;57,90;153,90;137,65;59,41;152,80;155,00;-;-;146,83;153,27
24.01.2025 10:00;24.01.2025 11:00;88,90;94,76;91,27;47,06;47,06;93,63;90,00;45,65;147,72;126,70;47,10;151,16;155,00;-;-;142,28;145,29
24.01.2025 11:00;24.01.2025 12:00;78,44;86,19;80,40;41,83;41,83;81,93;79,16;39,47;142,92;112,56;41,91;141,03;145,00;-;-;131,54;134,72
24.01.2025 12:00;24.01.2025 13:00;76,48;83,40;79,23;37,15;37,15;79,68;77,24;37,19;127,94;109,37;37,38;130,05;164,97;-;-;127,94;133,34
24.01.2025 13:00;24.01.2025 14:00;74,69;82,66;77,26;25,12;58,24;77,26;75,27;36,79;125,09;109,31;36,01;126,98;161,90;-;-;125,50;131,10
24.01.2025 14:00;24.01.2025 15:00;74,51;83,45;76,66;23,18;51,36;75,07;74,88;36,90;133,29;109,39;31,79;140,47;165,00;-;-;130,57;135,66
24.01.2025 15:00;24.01.2025 16:00;74,51;85,08;75,90;23,39;48,45;77,26;78,80;36,26;142,91;126,69;29,72;146,54;150,00;-;-;145,80;163,60
24.01.2025 16:00;24.01.2025 17:00;75,25;86,53;77,13;20,00;65,44;77,13;79,90;35,32;142,98;131,25;29,22;150,51;142,98;-;-;170,00;212,83
24.01.2025 17:00;24.01.2025 18:00;83,02;89,05;90,17;26,90;41,59;92,70;90,17;35,75;150,10;122,29;27,01;152,92;150,00;-;-;173,13;214,52
24.01.2025 18:00;24.01.2025 19:00;88,59;86,76;95,00;28,66;30,94;99,64;91,97;34,82;144,92;107,84;25,53;150,11;144,92;-;-;167,78;206,72
24.01.2025 19:00;24.01.2025 20:00;91,78;83,48;96,85;20,62;41,59;101,02;93,27;32,19;140,47;101,34;23,42;146,74;120,72;-;-;164,23;201,44
24.01.2025 20:00;24.01.2025 21:00;84,99;78,67;89,75;21,10;37,94;93,67;86,74;31,22;131,22;95,71;22,47;143,08;112,52;-;-;154,34;189,91
24.01.2025 21:00;24.01.2025 22:00;80,79;71,01;84,65;20,00;29,88;87,96;82,30;30,79;120,00;81,40;18,29;141,25;84,59;-;-;144,23;178,08
24.01.2025 22:00;24.01.2025 23:00;91,97;70,37;94,45;13,10;19,05;96,72;92,93;30,79;120,00;82,23;7,50;138,83;78,49;-;-;138,86;146,78
24.01.2025 23:00;25.01.2025 00:00;86,29;64,21;88,55;10,12;17,00;90,70;87,04;30,68;115,09;60,35;3,97;133,07;69,69;-;-;131,37;122,50
25.01.2025 00:00;25.01.2025 01:00;59,04;59,00;57,91;16,92;16,92;57,03;57,36;30,04;118,05;76,01;2,87;137,09;78,81;-;-;109,28;119,97
25.01.2025 01:00;25.01.2025 02:00;64,96;59,13;64,90;21,22;21,90;35,00;77,87;28,10;109,93;78,19;2,25;131,82;79,28;-;-;102,87;106,99
25.01.2025 02:00;25.01.2025 03:00;63,55;60,50;69,40;19,89;38,74;25,20;92,00;28,06;98,00;77,12;0,95;131,19;85,00;-;-;91,73;89,16
25.01.2025 03:00;25.01.2025 04:00;67,17;60,41;73,76;27,26;27,26;19,71;105,19;28,04;89,40;76,54;0,65;130,81;85,89;-;-;88,55;85,73
25.01.2025 04:00;25.01.2025 05:00;76,77;55,58;59,70;24,59;24,59;16,80;66,81;28,45;94,24;82,41;0,57;130,11;83,08;-;-;90,58;88,35
25.01.2025 05:00;25.01.2025 06:00;76,89;57,16;60,09;21,21;21,21;17,72;67,06;29,20;107,00;86,62;0,30;130,97;87,35;-;-;98,71;96,26
25.01.2025 06:00;25.01.2025 07:00;79,32;62,20;64,70;29,80;29,80;25,00;70,62;30,50;118,05;89,49;0,99;138,72;86,48;-;-;112,12;116,03
25.01.2025 07:00;25.01.2025 08:00;76,89;71,71;69,20;47,14;47,14;49,29;72,06;30,85;141,70;94,77;2,17;141,18;93,34;-;-;123,96;126,96
25.01.2025 08:00;25.01.2025 09:00;88,99;77,49;81,16;59,90;73,59;55,54;85,02;32,13;120,10;98,61;2,93;143,94;99,43;-;-;110,28;108,65
25.01.2025 09:00;25.01.2025 10:00;87,31;80,69;83,98;66,64;87,31;73,40;85,55;32,26;118,02;96,95;3,38;142,48;97,58;-;-;107,53;106,51
25.01.2025 10:00;25.01.2025 11:00;86,32;78,54;80,40;79,17;86,32;60,73;83,36;32,31;104,48;90,64;16,66;138,84;90,98;-;-;96,16;95,10
25.01.2025 11:00;25.01.2025 12:00;88,15;77,64;83,50;72,27;88,15;63,25;87,73;32,31;89,69;88,68;29,77;129,76;88,95;-;-;90,54;89,66
25.01.2025 12:00;25.01.2025 13:00;82,55;77,17;80,00;81,82;82,55;70,17;81,82;32,17;91,01;84,64;32,62;127,35;84,76;-;-;87,22;86,68
25.01.2025 13:00;25.01.2025 14:00;81,98;77,48;81,01;81,98;81,98;76,09;81,98;32,24;89,26;83,70;33,26;126,91;83,83;-;-;85,75;85,42
25.01.2025 14:00;25.01.2025 15:00;89,00;79,88;81,15;85,09;89,00;55,16;85,09;32,19;102,92;93,40;33,06;127,86;93,78;-;-;99,32;98,01
25.01.2025 15:00;25.01.2025 16:00;111,07;90,88;95,78;103,54;111,07;45,09;103,54;32,67;117,95;111,83;33,90;132,93;111,34;-;-;119,27;119,04
25.01.2025 16:00;25.01.2025 17:00;132,97;106,20;115,04;124,11;132,97;53,77;124,11;33,83;145,38;132,28;35,45;143,10;128,12;-;-;151,71;158,17
25.01.2025 17:00;25.01.2025 18:00;145,85;118,58;134,60;138,60;145,85;85,21;138,60;34,70;152,96;145,59;37,47;147,39;143,36;-;-;156,43;159,74
25.01.2025 18:00;25.01.2025 19:00;151,00;125,43;144,96;147,10;151,00;118,32;147,10;33,79;155,47;150,63;35,05;147,39;148,87;-;-;158,05;160,85
25.01.2025 19:00;25.01.2025 20:00;147,53;122,81;142,63;144,35;144,35;120,74;144,35;32,58;152,84;146,58;33,62;144,99;143,84;-;-;156,79;161,65
25.01.2025 20:00;25.01.2025 21:00;137,60;112,00;126,30;130,75;130,75;96,37;130,75;32,12;144,99;136,59;25,09;144,03;134,26;-;-;149,29;154,07
25.01.2025 21:00;25.01.2025 22:00;134,61;106,66;121,63;126,75;126,75;87,38;126,75;32,01;141,87;128,57;5,12;138,70;137,76;-;-;143,77;144,71
25.01.2025 22:00;25.01.2025 23:00;132,26;104,38;119,52;124,50;124,50;86,50;124,50;31,91;137,08;128,16;1,39;134,00;136,07;-;-;137,50;136,17
25.01.2025 23:00;26.01.2025 00:00;122,03;97,08;110,45;114,99;114,99;81,06;114,99;32,21;125,10;122,60;0,00;128,49;122,98;-;-;125,29;124,00
26.01.2025 00:00;26.01.2025 01:00;126,21;99,69;108,98;126,21;126,21;60,02;116,40;34,29;131,59;127,54;1,03;136,16;128,16;-;-;131,89;129,81
26.01.2025 01:00;26.01.2025 02:00;115,79;92,94;101,36;115,79;115,79;61,36;107,47;34,94;120,24;116,91;1,05;130,01;117,41;-;-;120,49;118,78
26.01.2025 02:00;26.01.2025 03:00;111,30;86,25;89,00;111,30;111,30;29,70;98,13;35,30;118,03;113,04;1,21;128,00;113,77;-;-;118,41;115,82
26.01.2025 03:00;26.01.2025 04:00;106,85;85,52;90,59;106,85;106,84;49,34;97,07;35,30;111,65;108,09;1,33;125,09;108,60;-;-;111,91;110,07
26.01.2025 04:00;26.01.2025 05:00;105,43;81,90;82,62;105,43;105,43;26,21;91,71;35,26;112,17;107,20;1,99;125,01;107,90;-;-;112,54;109,95
26.01.2025 05:00;26.01.2025 06:00;107,86;84,10;86,41;103,06;103,06;33,41;94,96;35,18;114,19;109,52;10,02;125,09;110,17;-;-;114,54;112,11
26.01.2025 06:00;26.01.2025 07:00;110,60;87,99;91,90;99,43;99,43;44,20;99,43;35,02;116,36;112,21;29,05;128,00;112,83;-;-;116,68;114,53
26.01.2025 07:00;26.01.2025 08:00;117,62;94,00;97,86;105,82;111,67;47,96;105,82;34,29;123,73;119,36;33,99;133,47;120,00;-;-;124,06;121,81
26.01.2025 08:00;26.01.2025 09:00;124,17;96,39;97,71;108,36;124,17;29,54;108,36;34,91;132,34;126,38;35,08;136,00;127,40;-;-;132,82;129,82
26.01.2025 09:00;26.01.2025 10:00;121,97;95,91;95,58;118,51;121,97;26,21;106,20;35,20;129,94;123,02;36,93;136,53;124,96;-;-;130,35;127,27
26.01.2025 10:00;26.01.2025 11:00;105,51;85,67;83,64;105,51;105,51;25,95;92,44;35,42;112,26;107,44;37,02;128,96;108,20;-;-;112,58;110,29
26.01.2025 11:00;26.01.2025 12:00;102,57;89,68;96,16;102,57;102,58;79,22;98,76;35,60;104,41;103,16;37,73;122,96;103,36;-;-;104,64;103,98
26.01.2025 12:00;26.01.2025 13:00;96,73;85,87;93,48;96,73;96,73;84,83;94,82;36,10;97,66;97,03;39,27;110,79;97,14;-;-;97,76;97,46
26.01.2025 13:00;26.01.2025 14:00;90,02;75,55;73,21;90,02;90,02;29,81;80,00;35,97;95,74;98,52;39,60;105,99;92,16;-;-;95,75;93,82
26.01.2025 14:00;26.01.2025 15:00;92,52;78,57;71,52;92,52;92,52;14,98;80,10;35,88;114,83;101,22;42,58;112,13;105,97;-;-;112,79;110,44
26.01.2025 15:00;26.01.2025 16:00;111,63;88,58;85,03;111,63;111,64;13,46;95,96;35,99;120,47;113,68;43,16;129,17;114,20;-;-;121,56;120,00
26.01.2025 16:00;26.01.2025 17:00;125,92;98,60;94,96;125,92;125,92;13,45;107,68;39,01;135,62;128,42;42,79;141,32;129,53;-;-;136,41;133,87
26.01.2025 17:00;26.01.2025 18:00;132,77;105,07;103,45;132,77;132,77;25,20;115,49;39,67;143,49;134,82;43,28;149,77;135,05;-;-;144,58;142,98
26.01.2025 18:00;26.01.2025 19:00;118,94;100,35;100,45;109,65;118,94;51,54;108,02;39,59;132,90;124,04;43,08;150,80;124,79;-;-;132,57;130,54
26.01.2025 19:00;26.01.2025 20:00;90,32;88,83;76,78;82,51;90,32;44,38;81,38;38,47;148,31;109,94;43,31;147,90;113,78;-;-;134,04;135,36
26.01.2025 20:00;26.01.2025 21:00;78,93;83,22;66,87;69,51;78,93;39,06;70,64;36,26;145,00;108,37;43,49;146,15;111,15;-;-;126,10;125,22
26.01.2025 21:00;26.01.2025 22:00;68,26;75,69;57,58;59,34;68,27;33,78;60,75;35,88;138,00;93,77;43,01;141,28;100,88;-;-;116,81;115,43
26.01.2025 22:00;26.01.2025 23:00;49,25;65,04;43,16;43,28;43,29;32,35;44,34;35,51;120,06;93,38;39,86;138,16;82,00;-;-;97,69;96,78
26.01.2025 23:00;27.01.2025 00:00;23,89;53,06;24,08;23,89;27,68;26,32;22,84;29,24;98,07;94,16;27,61;132,27;77,55;-;-;78,52;79,87
27.01.2025 00:00;27.01.2025 01:00;40,14;49,91;34,08;39,12;39,13;15,67;36,10;36,60;57,77;52,13;39,18;124,33;74,89;-;-;60,36;61,75
27.01.2025 01:00;27.01.2025 02:00;35,26;44,45;28,12;35,26;34,57;7,06;30,35;32,70;53,22;47,24;34,63;115,72;70,06;-;-;55,81;57,05
27.01.2025 02:00;27.01.2025 03:00;26,38;38,37;14,93;26,38;27,06;13,10;15,77;27,91;71,06;47,67;27,02;113,04;38,09;-;-;41,52;39,97
27.01.2025 03:00;27.01.2025 04:00;14,07;29,06;11,69;14,07;14,07;3,52;12,38;14,93;27,43;54,42;14,03;111,63;41,50;-;-;29,41;30,70
27.01.2025 04:00;27.01.2025 05:00;10,10;32,83;8,94;10,10;10,10;0,65;9,10;15,28;39,91;71,02;10,02;111,75;74,30;-;-;44,65;48,41
27.01.2025 05:00;27.01.2025 06:00;21,52;46,41;18,86;21,52;21,70;4,94;19,40;27,58;79,07;90,04;21,52;125,65;80,24;-;-;102,75;126,71
27.01.2025 06:00;27.01.2025 07:00;34,10;74,40;35,01;33,40;34,30;19,57;34,27;32,06;114,61;110,66;35,06;139,94;229,52;-;-;141,20;155,26
27.01.2025 07:00;27.01.2025 08:00;56,99;93,00;54,94;51,35;56,64;31,84;54,91;39,96;142,93;122,67;58,71;146,27;262,77;-;-;170,14;183,90
27.01.2025 08:00;27.01.2025 09:00;71,76;92,91;67,00;60,49;64,28;48,01;68,00;48,42;148,78;120,55;70,15;147,30;179,00;-;-;159,30;163,35
27.01.2025 09:00;27.01.2025 10:00;62,96;80,35;60,43;38,56;52,41;43,06;62,96;38,34;147,29;100,09;54,09;147,30;139,31;-;-;131,13;132,78
27.01.2025 10:00;27.01.2025 11:00;45,57;66,90;44,09;40,76;43,57;35,72;45,00;37,14;120,08;75,96;44,63;149,85;99,15;-;-;101,25;101,89
27.01.2025 11:00;27.01.2025 12:00;40,11;63,08;38,69;36,94;38,63;32,76;38,84;36,34;115,17;73,76;39,45;147,50;95,78;-;-;96,95;98,30
27.01.2025 12:00;27.01.2025 13:00;35,66;61,20;37,00;34,19;35,67;32,69;36,19;34,23;77,99;73,14;36,37;146,41;129,35;-;-;86,21;92,37
27.01.2025 13:00;27.01.2025 14:00;38,37;64,13;37,84;35,92;36,84;33,77;37,61;35,50;126,87;79,04;37,56;139,10;105,39;-;-;105,03;106,36
27.01.2025 14:00;27.01.2025 15:00;53,95;72,07;44,52;39,97;42,41;22,54;44,52;36,48;147,29;94,62;43,53;145,17;131,67;-;-;129,77;132,93
27.01.2025 15:00;27.01.2025 16:00;86,79;84,32;68,45;47,17;61,59;19,90;74,37;36,36;156,50;118,34;45,07;149,82;150,00;-;-;146,88;148,06
27.01.2025 16:00;27.01.2025 17:00;102,46;89,46;81,85;50,00;70,39;22,97;87,72;37,17;150,04;124,30;44,77;149,86;165,00;-;-;173,53;193,24
27.01.2025 17:00;27.01.2025 18:00;118,56;96,59;101,74;54,06;82,99;55,67;107,20;38,20;153,08;129,88;45,11;149,52;145,00;-;-;170,57;188,06
27.01.2025 18:00;27.01.2025 19:00;118,67;94,69;102,41;54,31;83,37;57,18;107,67;38,19;149,55;125,31;45,37;148,18;130,00;-;-;171,49;193,91
27.01.2025 19:00;27.01.2025 20:00;100,05;93,13;90,24;50,31;73,91;57,10;93,30;37,18;146,21;121,96;43,64;145,61;165,00;-;-;170,00;191,80
27.01.2025 20:00;27.01.2025 21:00;94,07;84,46;80,87;45,28;66,47;40,90;85,10;36,62;133,29;111,97;36,82;146,30;145,44;-;-;153,00;170,82
27.01.2025 21:00;27.01.2025 22:00;85,08;74,92;72,90;40,46;60,00;37,68;76,64;34,34;114,58;96,73;33,40;141,14;116,26;-;-;130,68;146,11
27.01.2025 22:00;27.01.2025 23:00;82,26;73,41;69,41;38,53;57,01;32,00;73,45;33,14;109,74;99,33;30,56;134,36;130,00;-;-;119,27;125,15
27.01.2025 23:00;28.01.2025 00:00;69,28;63,03;56,26;37,63;49,92;26,23;60,00;31,43;104,00;85,88;24,86;128,42;88,67;-;-;99,23;97,54
28.01.2025 00:00;28.01.2025 01:00;76,92;58,25;39,27;38,89;50,85;16,55;61,60;32,40;93,37;82,36;23,52;122,64;79,25;-;-;95,52;107,34
28.01.2025 01:00;28.01.2025 02:00;71,53;54,93;32,86;38,03;47,21;9,12;55,73;32,40;82,01;84,11;24,84;117,57;80,38;-;-;78,71;82,12
28.01.2025 02:00;28.01.2025 03:00;57,33;53,25;23,75;35,70;39,48;4,56;42,95;32,97;94,90;90,64;25,71;113,78;81,28;-;-;87,38;90,06
28.01.2025 03:00;28.01.2025 04:00;69,28;55,82;28,79;38,05;45,00;5,29;51,38;33,75;91,35;100,79;25,93;113,07;80,57;-;-;81,15;84,03
28.01.2025 04:00;28.01.2025 05:00;76,92;57,32;29,70;40,86;49,78;0,65;57,77;34,40;83,49;106,31;27,30;116,14;84,17;-;-;80,47;84,69
28.01.2025 05:00;28.01.2025 06:00;77,59;63,66;28,78;42,62;50,17;0,65;57,07;36,46;119,34;101,98;37,08;124,31;101,80;-;-;112,63;119,54
28.01.2025 06:00;28.01.2025 07:00;98,22;80,37;47,24;57,45;82,03;16,27;77,82;39,30;140,00;124,03;38,13;138,94;122,89;-;-;139,10;142,34
28.01.2025 07:00;28.01.2025 08:00;125,45;111,98;72,06;105,87;125,46;39,60;103,55;98,99;154,71;135,34;114,10;148,26;133,83;-;-;138,23;143,76
28.01.2025 08:00;28.01.2025 09:00;147,50;123,70;94,31;118,86;147,50;61,83;127,60;106,75;144,32;147,58;118,26;146,84;146,80;-;-;139,38;144,68
28.01.2025 09:00;28.01.2025 10:00;135,30;115,20;87,62;115,00;135,31;58,32;117,47;104,37;126,02;133,28;113,20;144,05;132,61;-;-;124,06;128,95
28.01.2025 10:00;28.01.2025 11:00;120,53;108,01;91,20;112,87;120,54;23,28;100,20;104,07;130,54;124,31;112,84;143,06;125,20;-;-;131,95;128,03
28.01.2025 11:00;28.01.2025 12:00;116,34;105,15;89,95;108,83;116,34;29,14;98,04;103,69;125,34;119,75;108,49;136,54;120,56;-;-;126,62;123,10
28.01.2025 12:00;28.01.2025 13:00;114,75;104,72;92,93;107,09;114,76;41,44;99,62;100,93;122,22;117,59;107,53;129,53;118,25;-;-;123,26;120,35
28.01.2025 13:00;28.01.2025 14:00;117,39;104,29;89,86;108,99;117,39;25,05;98,31;103,57;126,77;120,90;107,07;127,49;121,75;-;-;128,09;124,41
28.01.2025 14:00;28.01.2025 15:00;121,33;107,63;92,32;112,71;121,33;23,57;101,22;109,44;131,23;125,04;109,44;131,66;125,94;-;-;132,62;128,74
28.01.2025 15:00;28.01.2025 16:00;139,91;111,22;69,00;125,17;139,91;25,56;113,93;105,56;126,12;136,91;105,56;139,70;135,95;-;-;123,22;130,49
28.01.2025 16:00;28.01.2025 17:00;147,00;123,49;89,71;130,28;147,00;30,67;122,46;126,50;143,03;146,83;126,50;148,72;146,66;-;-;141,99;144,52
28.01.2025 17:00;28.01.2025 18:00;149,60;125,26;75,95;139,72;149,60;31,58;125,00;125,61;150,83;152,20;125,61;149,50;152,24;-;-;142,91;149,58
28.01.2025 18:00;28.01.2025 19:00;134,94;122,95;110,39;120,50;134,94;51,46;120,50;117,01;149,78;140,54;117,01;148,61;141,76;-;-;148,40;145,44
28.01.2025 19:00;28.01.2025 20:00;128,90;118,36;111,34;110,14;128,90;69,50;117,34;105,08;140,06;133,43;105,08;147,22;133,90;-;-;139,82;137,60
28.01.2025 20:00;28.01.2025 21:00;94,76;99,08;84,51;85,40;94,76;60,00;87,84;75,67;141,56;117,92;79,17;144,98;118,07;-;-;140,45;137,86
28.01.2025 21:00;28.01.2025 22:00;87,26;83,05;62,52;72,09;87,27;48,03;78,31;58,71;110,35;97,90;64,50;139,82;94,05;-;-;114,39;121,87
28.01.2025 22:00;28.01.2025 23:00;79,80;76,91;50,94;62,02;79,81;34,22;69,00;44,63;117,43;101,05;49,10;137,36;100,50;-;-;116,54;117,86
28.01.2025 23:00;29.01.2025 00:00;64,43;67,58;52,27;50,84;64,43;26,28;55,50;37,96;104,05;94,48;40,86;130,00;86,66;-;-;98,40;96,73
29.01.2025 00:00;29.01.2025 01:00;87,72;74,96;70,27;87,72;87,72;27,74;75,79;38,48;98,43;87,81;42,33;121,76;86,54;-;-;98,78;94,85
29.01.2025 01:00;29.01.2025 02:00;83,39;71,38;66,56;83,39;83,39;25,52;71,91;37,49;90,78;84,94;41,24;114,99;84,95;-;-;90,76;88,33
29.01.2025 02:00;29.01.2025 03:00;78,16;66,77;59,86;78,16;78,16;15,05;65,74;37,32;84,93;80,49;40,78;112,96;81,03;-;-;84,74;82,68
29.01.2025 03:00;29.01.2025 04:00;75,64;64,51;53,31;75,64;75,64;3,52;59,94;37,35;92,10;78,86;40,56;112,92;79,81;-;-;85,48;82,70
29.01.2025 04:00;29.01.2025 05:00;79,01;66,59;57,14;75,81;77,85;3,52;64,01;37,38;92,03;83,82;41,08;114,93;84,95;-;-;90,66;88,10
29.01.2025 05:00;29.01.2025 06:00;86,98;73,77;62,79;80,47;84,64;3,52;70,23;38,39;111,57;95,92;42,26;125,76;95,93;-;-;112,36;112,99
29.01.2025 06:00;29.01.2025 07:00;93,14;92,98;76,17;92,86;93,15;38,16;81,16;55,84;142,91;115,93;64,22;143,33;119,06;-;-;143,47;144,85
29.01.2025 07:00;29.01.2025 08:00;141,42;130,69;101,32;141,42;141,42;76,68;126,95;136,81;149,29;142,32;138,04;149,66;133,72;-;-;160,00;176,21
29.01.2025 08:00;29.01.2025 09:00;142,54;138,14;131,23;142,54;142,54;103,61;136,20;137,99;146,71;143,81;142,79;147,93;144,22;-;-;146,54;145,20
29.01.2025 09:00;29.01.2025 10:00;130,45;125,17;115,35;130,45;130,46;69,20;130,45;126,15;138,08;132,62;128,82;141,72;133,53;-;-;137,68;135,34
29.01.2025 10:00;29.01.2025 11:00;105,05;102,15;90,35;105,05;105,06;45,00;105,05;101,70;112,48;107,20;105,24;138,45;108,03;-;-;112,08;109,81
29.01.2025 11:00;29.01.2025 12:00;89,25;88,97;78,58;89,25;89,25;46,02;89,25;86,32;94,63;90,79;89,25;133,90;91,41;-;-;94,34;92,69
29.01.2025 12:00;29.01.2025 13:00;85,00;87,13;82,05;85,00;85,00;72,92;85,00;82,27;86,49;85,43;84,17;124,53;85,60;-;-;86,41;85,95
29.01.2025 13:00;29.01.2025 14:00;85,53;87,60;83,04;85,53;85,53;75,39;85,53;82,76;86,79;85,90;83,49;123,58;86,04;-;-;86,72;86,32
29.01.2025 14:00;29.01.2025 15:00;87,67;91,22;84,60;87,67;87,67;75,16;87,67;84,83;99,00;92,59;85,57;125,79;92,91;-;-;98,19;97,26
29.01.2025 15:00;29.01.2025 16:00;102,75;108,57;99,36;102,75;102,75;85,61;102,75;99,19;131,61;115,33;100,29;139,51;115,15;-;-;130,37;129,66
29.01.2025 16:00;29.01.2025 17:00;132,66;129,60;125,54;132,30;132,66;102,94;132,72;128,33;146,28;130,80;129,79;144,35;119,94;-;-;161,14;177,91
29.01.2025 17:00;29.01.2025 18:00;149,57;147,23;150,11;149,57;149,57;147,40;149,57;133,43;156,17;146,92;146,04;149,99;140,72;-;-;165,94;177,48
29.01.2025 18:00;29.01.2025 19:00;150,09;147,40;151,50;150,09;150,10;140,11;165,00;119,87;155,36;145,46;143,79;150,09;150,00;-;-;158,37;161,73
29.01.2025 19:00;29.01.2025 20:00;146,30;140,34;147,10;138,64;143,52;146,08;148,60;108,45;152,01;133,29;131,59;149,09;145,35;-;-;158,40;166,22
29.01.2025 20:00;29.01.2025 21:00;131,95;123,76;134,10;109,16;123,76;134,31;135,30;91,00;141,35;106,71;105,68;144,90;135,08;-;-;146,42;155,47
29.01.2025 21:00;29.01.2025 22:00;119,65;107,38;124,43;102,92;113,63;118,57;122,10;54,39;129,31;90,48;62,82;139,50;123,06;-;-;135,04;145,42
29.01.2025 22:00;29.01.2025 23:00;111,99;101,73;115,55;107,11;110,25;99,38;122,35;43,02;120,09;100,51;49,57;135,97;115,19;-;-;122,16;125,40
29.01.2025 23:00;30.01.2025 00:00;99,33;85,48;101,06;99,33;43,44;91,01;100,10;37,91;101,80;93,02;43,62;128,77;100,21;-;-;103,02;105,12
30.01.2025 00:00;30.01.2025 01:00;92,41;87,88;108,59;85,15;52,59;66,63;131,34;42,85;103,96;95,59;52,77;129,80;97,39;-;-;102,80;99,69
30.01.2025 01:00;30.01.2025 02:00;92,43;85,75;105,36;83,89;53,38;65,29;125,79;40,27;103,08;95,43;48,74;125,00;97,02;-;-;102,05;99,17
30.01.2025 02:00;30.01.2025 03:00;93,33;83,63;99,52;80,00;57,18;72,82;111,90;38,88;100,06;95,25;45,18;122,91;96,22;-;-;99,44;97,60
30.01.2025 03:00;30.01.2025 04:00;92,95;78,00;89,07;76,19;46,59;39,15;104,48;38,26;103,32;96,12;45,03;122,47;97,37;-;-;102,57;99,64
30.01.2025 04:00;30.01.2025 05:00;92,43;75,95;84,76;76,32;44,51;30,45;100,00;38,25;101,96;95,75;44,66;121,90;96,94;-;-;102,33;99,30
30.01.2025 05:00;30.01.2025 06:00;108,65;87,69;94,88;94,52;54,97;55,79;101,09;43,34;114,68;110,72;55,20;128,13;111,24;-;-;114,54;112,71
30.01.2025 06:00;30.01.2025 07:00;139,83;111,48;127,14;112,51;68,68;93,26;131,36;52,04;145,21;139,57;68,99;145,51;141,97;-;-;145,43;144,69
30.01.2025 07:00;30.01.2025 08:00;152,64;134,88;148,12;130,09;141,65;135,85;149,65;70,50;154,44;153,13;89,23;157,89;153,11;-;-;154,63;154,44
30.01.2025 08:00;30.01.2025 09:00;160,30;149,86;160,30;143,92;152,80;160,30;160,30;101,03;160,30;160,30;124,75;164,20;160,30;-;-;160,30;160,30
30.01.2025 09:00;30.01.2025 10:00;151,51;142,61;152,00;138,27;145,37;143,87;151,49;102,41;151,92;151,61;125,08;155,06;151,64;-;-;151,87;151,73
30.01.2025 10:00;30.01.2025 11:00;135,09;126,59;134,85;125,01;130,26;134,75;134,90;89,26;133,41;123,61;108,90;144,77;132,75;-;-;132,69;131,78
30.01.2025 11:00;30.01.2025 12:00;123,25;113,83;123,25;107,39;115,88;123,25;123,25;67,25;123,25;123,25;82,75;139,37;123,25;-;-;123,25;123,25
30.01.2025 12:00;30.01.2025 13:00;115,89;111,10;115,83;107,69;111,95;115,97;115,74;82,35;113,85;113,23;99,45;132,17;113,85;-;-;112,69;112,91
30.01.2025 13:00;30.01.2025 14:00;113,30;109,10;113,30;109,57;113,31;113,30;113,30;74,45;113,30;113,30;90,49;132,51;113,30;-;-;113,30;113,30
30.01.2025 14:00;30.01.2025 15:00;129,41;121,14;122,35;123,39;129,42;110,04;125,74;86,37;130,00;129,74;105,23;140,41;129,80;-;-;130,03;129,89
30.01.2025 15:00;30.01.2025 16:00;153,22;129,88;133,09;140,74;153,22;103,76;142,67;64,06;152,98;153,67;81,44;149,37;153,72;-;-;153,25;153,50
30.01.2025 16:00;30.01.2025 17:00;160,87;136,63;134,79;146,03;155,99;97,78;151,05;76,30;160,33;161,41;95,96;161,80;161,45;-;-;160,72;161,10
30.01.2025 17:00;30.01.2025 18:00;180,36;160,17;166,90;172,86;184,97;115,90;178,09;104,37;173,69;179,34;130,07;176,71;178,92;-;-;175,12;177,21
30.01.2025 18:00;30.01.2025 19:00;176,58;155,94;179,60;166,46;176,86;143,31;179,93;77,27;170,33;175,27;99,07;172,36;174,84;-;-;171,60;173,38
30.01.2025 19:00;30.01.2025 20:00;161,28;145,94;161,16;152,09;161,29;161,00;161,24;69,92;161,28;161,29;89,74;165,00;161,29;-;-;161,28;161,28
30.01.2025 20:00;30.01.2025 21:00;150,20;133,28;147,16;140,71;150,21;138,91;148,49;58,97;151,33;150,54;76,26;152,93;150,56;-;-;151,45;151,24
30.01.2025 21:00;30.01.2025 22:00;134,17;119,98;131,71;126,07;134,17;125,00;132,59;53,27;134,97;134,45;69,10;143,97;134,48;-;-;135,14;134,94
30.01.2025 22:00;30.01.2025 23:00;126,46;114,39;125,30;119,23;126,46;122,11;125,73;51,30;126,94;126,47;66,10;142,01;126,66;-;-;126,96;126,88
30.01.2025 23:00;31.01.2025 00:00;120,20;108,34;120,20;109,85;120,20;120,20;120,20;48,02;120,20;120,20;58,24;134,20;120,20;-;-;120,20;120,20
31.01.2025 00:00;31.01.2025 01:00;120,00;106,33;120,00;107,88;114,94;120,00;120,00;46,50;120,00;120,00;48,29;132,07;120,00;-;-;120,00;120,00
31.01.2025 01:00;31.01.2025 02:00;117,08;101,11;116,04;94,94;105,13;113,22;116,49;43,81;117,52;117,03;46,80;123,91;117,35;-;-;117,53;117,41
31.01.2025 02:00;31.01.2025 03:00;113,89;99,41;113,41;94,90;102,57;112,10;113,60;44,03;114,09;113,86;46,80;124,09;114,01;-;-;114,09;114,04
31.01.2025 03:00;31.01.2025 04:00;113,12;97,64;109,67;93,70;102,88;100,33;111,06;44,07;114,57;112,95;46,67;124,09;114,01;-;-;114,58;114,19
31.01.2025 04:00;31.01.2025 05:00;115,98;97,51;112,52;81,43;98,38;102,47;113,48;43,23;117,40;116,48;45,97;124,70;116,58;-;-;117,40;117,07
31.01.2025 05:00;31.01.2025 06:00;120,74;101,05;118,25;74,38;98,08;111,54;119,20;45,49;121,80;121,03;48,69;132,11;121,01;-;-;121,87;121,78
31.01.2025 06:00;31.01.2025 07:00;131,87;124,21;129,02;104,02;117,73;120,47;130,00;88,36;143,53;141,32;92,17;145,33;154,37;-;-;148,61;149,16
31.01.2025 07:00;31.01.2025 08:00;157,97;154,44;153,94;153,98;154,96;143,16;155,82;148,77;160,09;158,85;154,50;154,92;159,87;-;-;160,09;159,71
31.01.2025 08:00;31.01.2025 09:00;163,70;163,08;163,70;163,70;163,70;163,70;163,70;158,12;163,70;163,70;163,97;162,24;163,70;-;-;163,70;163,70
31.01.2025 09:00;31.01.2025 10:00;154,82;154,16;154,82;154,82;154,83;154,82;154,82;145,08;154,82;154,82;154,52;157,58;154,82;-;-;154,82;154,82
31.01.2025 10:00;31.01.2025 11:00;130,10;130,60;130,10;130,10;130,10;130,10;130,10;121,67;130,10;130,10;129,84;144,31;130,10;-;-;130,10;130,10
31.01.2025 11:00;31.01.2025 12:00;126,20;126,99;126,20;126,20;126,20;126,20;126,20;118,34;126,20;126,20;125,96;142,94;126,20;-;-;126,20;126,20
31.01.2025 12:00;31.01.2025 13:00;120,06;121,09;120,06;120,06;120,06;120,06;120,06;112,58;120,06;120,06;119,83;139,09;120,06;-;-;120,06;120,06
31.01.2025 13:00;31.01.2025 14:00;121,19;121,33;121,19;121,19;121,19;121,19;121,19;110,84;121,19;121,19;118,32;136,00;121,19;-;-;121,19;121,19
31.01.2025 14:00;31.01.2025 15:00;119,76;120,09;118,90;119,76;119,77;116,68;119,30;109,33;120,02;119,86;116,93;140,50;119,89;-;-;120,07;119,97
31.01.2025 15:00;31.01.2025 16:00;149,87;143,82;138,96;149,87;149,87;111,00;144,11;137,61;153,81;151,11;146,31;147,92;151,47;-;-;153,66;152,37
31.01.2025 16:00;31.01.2025 17:00;168,26;157,84;142,85;168,26;168,26;111,56;160,46;154,60;167,18;168,60;164,26;161,66;168,59;-;-;167,50;168,09
31.01.2025 17:00;31.01.2025 18:00;185,26;167,83;151,24;185,26;185,27;121,32;177,13;144,03;180,00;185,32;150,00;182,01;184,56;-;-;180,00;183,17
31.01.2025 18:00;31.01.2025 19:00;184,48;182,52;184,48;184,48;184,49;184,48;184,48;172,80;184,48;184,48;179,42;179,63;184,48;-;-;184,48;184,48
31.01.2025 19:00;31.01.2025 20:00;178,99;165,22;178,99;178,99;179,00;178,99;178,99;105,20;178,99;178,99;110,26;170,02;178,99;-;-;178,99;178,99
31.01.2025 20:00;31.01.2025 21:00;162,66;145,29;162,66;162,66;162,66;162,66;162,66;69,61;162,66;162,66;73,52;153,78;162,66;-;-;162,66;162,66
31.01.2025 21:00;31.01.2025 22:00;152,70;134,84;152,70;152,70;152,70;152,70;152,70;56,59;152,70;152,70;60,14;144,94;152,70;-;-;152,70;152,70
31.01.2025 22:00;31.01.2025 23:00;144,31;126,23;144,68;144,31;144,31;145,02;144,41;44,77;148,58;129,72;48,49;141,81;152,38;-;-;149,00;149,22
31.01.2025 23:00;01.02.2025 00:00;131,41;116,04;131,45;131,41;131,41;131,29;131,40;43,12;133,24;124,97;47,00;136,20;134,97;-;-;133,52;133,60
01.02.2025 00:00;01.02.2025 01:00;136,93;120,54;137,06;136,93;136,93;137,18;137,00;42,64;138,25;131,89;50,15;138,40;139,56;-;-;138,47;138,53
01.02.2025 01:00;01.02.2025 02:00;129,42;114,47;129,53;128,91;129,11;129,61;129,48;42,51;130,41;125,69;49,14;133,38;131,39;-;-;130,57;130,61
01.02.2025 02:00;01.02.2025 03:00;124,24;110,69;124,32;124,24;124,24;124,38;124,28;42,42;125,01;121,27;49,65;131,99;125,78;-;-;125,14;125,17
01.02.2025 03:00;01.02.2025 04:00;119,12;106,55;118,50;119,12;119,12;116,96;118,72;42,19;119,30;119,16;49,43;130,37;119,17;-;-;119,30;119,23
01.02.2025 04:00;01.02.2025 05:00;118,86;103,49;114,80;110,46;113,48;104,73;116,20;42,85;120,02;119,13;49,14;128,36;119,22;-;-;120,06;119,59
01.02.2025 05:00;01.02.2025 06:00;120,54;103,33;116,96;99,41;106,75;108,17;118,22;44,26;121,57;120,78;50,37;129,31;120,86;-;-;121,60;121,19
01.02.2025 06:00;01.02.2025 07:00;127,10;111,53;126,34;116,40;120,28;124,45;126,61;45,70;127,33;127,16;52,01;133,32;127,18;-;-;127,34;127,25
01.02.2025 07:00;01.02.2025 08:00;144,74;126,12;144,74;125,46;132,72;144,74;144,74;55,45;144,74;144,74;60,95;144,28;144,74;-;-;144,74;144,74
01.02.2025 08:00;01.02.2025 09:00;153,46;137,95;153,46;147,65;149,78;153,46;153,46;76,22;153,46;153,46;74,17;148,91;153,46;-;-;153,46;153,46
01.02.2025 09:00;01.02.2025 10:00;142,44;140,34;142,44;142,44;142,44;142,44;142,44;128,36;142,44;142,44;133,53;142,31;142,44;-;-;142,44;142,44
01.02.2025 10:00;01.02.2025 11:00;128,40;128,22;128,40;128,40;128,40;128,40;128,40;121,00;128,40;128,40;125,34;136,90;128,40;-;-;128,40;128,40
01.02.2025 11:00;01.02.2025 12:00;120,08;120,60;120,08;120,08;120,09;120,08;120,08;112,85;120,08;120,08;117,23;135,90;120,08;-;-;120,08;120,08
01.02.2025 12:00;01.02.2025 13:00;110,29;112,16;110,29;110,29;110,29;110,29;110,29;104,20;110,29;118,83;107,66;131,08;110,29;-;-;110,29;110,29
01.02.2025 13:00;01.02.2025 14:00;103,40;106,89;103,40;103,40;103,40;103,40;103,40;97,84;103,40;121,05;100,94;132,20;103,40;-;-;103,40;103,40
01.02.2025 14:00;01.02.2025 15:00;113,70;114,15;113,70;113,70;113,70;113,70;113,70;102,40;113,70;119,68;105,63;132,03;113,70;-;-;113,70;113,70
01.02.2025 15:00;01.02.2025 16:00;129,49;126,81;125,00;128,10;129,49;113,66;126,73;122,53;130,68;129,82;126,32;132,65;129,91;-;-;130,80;130,31
01.02.2025 16:00;01.02.2025 17:00;154,43;149,00;144,41;152,11;154,43;124,88;149,46;144,52;155,85;154,92;150,07;153,31;155,04;-;-;155,96;155,45
01.02.2025 17:00;01.02.2025 18:00;168,27;160,89;149,13;166,35;168,27;132,10;163,39;158,81;165,93;168,14;164,26;165,40;168,01;-;-;165,67;166,95
01.02.2025 18:00;01.02.2025 19:00;167,51;164,30;161,18;167,51;167,51;155,79;165,77;158,61;166,68;167,45;163,51;165,90;167,41;-;-;166,59;167,04
01.02.2025 19:00;01.02.2025 20:00;162,98;161,85;162,98;162,98;162,99;162,98;162,98;153,96;162,98;162,98;159,09;163,41;162,98;-;-;162,98;162,98
01.02.2025 20:00;01.02.2025 21:00;156,60;155,20;156,60;155,95;156,60;156,60;156,60;148,77;156,60;156,60;152,86;153,44;156,60;-;-;156,60;156,60
01.02.2025 21:00;01.02.2025 22:00;145,24;144,41;145,24;145,24;145,25;145,24;145,24;138,12;145,24;145,24;141,77;146,73;145,24;-;-;145,24;145,24
01.02.2025 22:00;01.02.2025 23:00;141,73;131,40;141,73;141,73;141,74;141,73;141,73;83,96;141,73;141,73;86,36;141,18;141,73;-;-;141,73;141,73
01.02.2025 23:00;02.02.2025 00:00;131,74;118,56;131,74;131,74;131,74;131,74;131,74;58,35;131,74;131,74;59,89;132,03;131,74;-;-;131,74;131,74
02.02.2025 00:00;02.02.2025 01:00;133,26;118,81;133,26;133,26;133,26;133,26;133,26;52,33;133,26;133,26;53,94;134,53;133,26;-;-;133,26;133,26
02.02.2025 01:00;02.02.2025 02:00;126,91;113,44;126,91;126,91;126,91;126,91;126,91;51,31;126,91;126,91;53,40;127,89;126,91;-;-;126,91;126,91
02.02.2025 02:00;02.02.2025 03:00;122,99;110,16;122,99;122,99;122,99;122,99;122,99;51,38;122,99;122,99;53,21;123,26;122,99;-;-;122,99;122,99
02.02.2025 03:00;02.02.2025 04:00;120,66;108,25;120,66;120,66;120,67;120,66;120,66;52,15;120,66;120,66;53,14;120,16;120,66;-;-;120,66;120,66
02.02.2025 04:00;02.02.2025 05:00;122,34;109,30;122,34;122,34;122,34;122,34;122,34;51,70;122,34;122,34;52,81;119,05;122,34;-;-;122,34;122,34
02.02.2025 05:00;02.02.2025 06:00;123,41;110,71;123,41;123,41;123,42;123,41;123,41;54,16;123,41;123,41;55,09;121,22;123,41;-;-;123,41;123,41
02.02.2025 06:00;02.02.2025 07:00;128,09;118,12;128,09;128,09;128,09;128,09;128,09;73,22;128,09;128,09;73,98;127,37;128,09;-;-;128,09;128,09
02.02.2025 07:00;02.02.2025 08:00;135,90;134,36;135,90;135,90;135,90;135,90;135,90;125,69;135,90;135,90;125,59;139,43;135,90;-;-;135,90;135,90
02.02.2025 08:00;02.02.2025 09:00;137,30;137,24;137,30;137,30;137,30;137,30;137,30;132,89;137,30;137,30;134,00;144,36;137,30;-;-;137,30;137,30
02.02.2025 09:00;02.02.2025 10:00;137,70;137,08;137,70;137,70;137,70;137,70;137,70;133,27;137,70;137,70;131,67;141,38;137,70;-;-;137,70;137,70
02.02.2025 10:00;02.02.2025 11:00;130,04;129,24;130,04;130,04;130,04;130,04;130,04;125,84;130,04;130,04;123,39;132,08;130,04;-;-;130,04;130,04
02.02.2025 11:00;02.02.2025 12:00;129,33;127,56;129,33;129,33;129,33;129,33;129,33;125,13;129,33;129,33;119,80;123,55;129,33;-;-;129,33;129,33
02.02.2025 12:00;02.02.2025 13:00;122,24;119,76;122,24;122,24;122,24;122,24;122,24;118,27;122,24;122,24;112,59;108,60;122,24;-;-;122,24;122,24
02.02.2025 13:00;02.02.2025 14:00;111,88;110,30;111,88;111,88;111,88;111,88;111,88;108,24;111,88;119,66;102,51;99,70;111,88;-;-;111,88;111,88
02.02.2025 14:00;02.02.2025 15:00;116,42;113,38;114,78;116,42;116,42;110,45;115,36;111,61;116,94;116,60;106,26;105,74;116,65;-;-;117,00;116,80
02.02.2025 15:00;02.02.2025 16:00;127,97;123,84;121,22;127,97;127,97;103,27;124,01;123,83;130,09;128,71;119,34;126,98;128,89;-;-;130,34;129,54
02.02.2025 16:00;02.02.2025 17:00;151,21;145,09;137,57;151,21;151,21;101,26;143,94;146,35;154,66;152,75;147,60;156,31;153,14;-;-;156,07;154,43
02.02.2025 17:00;02.02.2025 18:00;164,03;159,99;155,43;164,03;164,03;132,80;159,44;159,09;166,21;165,01;160,10;168,45;165,25;-;-;167,10;166,07
02.02.2025 18:00;02.02.2025 19:00;172,49;170,18;168,07;172,49;172,49;164,67;171,20;166,98;171,98;172,36;168,35;171,09;172,32;-;-;171,72;172,05
02.02.2025 19:00;02.02.2025 20:00;173,95;172,74;173,95;173,95;173,95;173,95;173,95;167,77;173,95;173,95;169,77;170,99;173,95;-;-;173,95;173,95
02.02.2025 20:00;02.02.2025 21:00;165,50;163,53;165,50;165,06;165,49;165,50;165,50;160,20;165,50;165,50;154,28;160,79;165,50;-;-;165,50;165,50
02.02.2025 21:00;02.02.2025 22:00;155,77;149,96;155,77;145,93;155,77;155,77;155,77;126,02;155,77;155,77;133,02;154,21;155,77;-;-;155,77;155,77
02.02.2025 22:00;02.02.2025 23:00;148,44;133,24;148,44;123,15;148,43;148,44;148,44;85,10;148,44;148,44;70,43;147,92;148,44;-;-;148,44;148,44
02.02.2025 23:00;03.02.2025 00:00;133,24;118,77;133,24;121,70;133,23;133,24;133,24;62,50;133,24;133,24;48,78;140,81;133,24;-;-;133,24;133,24
03.02.2025 00:00;03.02.2025 01:00;129,54;118,28;129,54;125,30;129,53;129,54;129,54;70,91;129,54;129,54;63,30;134,81;129,54;-;-;129,54;129,54
03.02.2025 01:00;03.02.2025 02:00;126,63;113,76;126,63;126,63;126,63;126,63;126,63;57,10;126,63;126,63;49,51;131,66;126,63;-;-;126,63;126,63
03.02.2025 02:00;03.02.2025 03:00;124,72;111,92;124,72;124,72;124,71;124,72;124,72;57,05;124,72;124,72;49,20;127,13;124,72;-;-;124,72;124,72
03.02.2025 03:00;03.02.2025 04:00;120,04;108,24;120,04;120,04;120,03;120,04;120,04;56,03;120,04;120,04;48,21;126,14;120,04;-;-;120,04;120,04
03.02.2025 04:00;03.02.2025 05:00;123,24;109,74;123,24;110,91;123,23;123,24;123,24;58,74;123,24;123,24;47,19;127,67;123,24;-;-;123,24;123,24
03.02.2025 05:00;03.02.2025 06:00;127,77;116,32;127,77;116,90;127,76;127,77;127,77;77,51;127,77;127,77;54,40;136,36;127,77;-;-;127,77;127,77
03.02.2025 06:00;03.02.2025 07:00;159,18;158,33;159,18;159,18;159,17;159,18;159,18;153,12;159,18;159,18;155,32;159,73;159,18;-;-;159,18;159,18
03.02.2025 07:00;03.02.2025 08:00;207,88;206,73;207,88;207,88;207,88;207,88;207,88;198,03;207,88;204,43;205,85;210,52;207,88;-;-;207,88;207,88
03.02.2025 08:00;03.02.2025 09:00;243,23;239,21;243,23;243,23;243,23;243,23;243,23;224,48;243,23;205,84;242,04;256,39;243,23;-;-;243,23;243,23
03.02.2025 09:00;03.02.2025 10:00;178,04;176,29;178,04;178,04;178,03;178,04;178,04;176,46;178,04;152,45;175,01;188,99;178,04;-;-;178,04;178,04
03.02.2025 10:00;03.02.2025 11:00;149,95;148,73;149,95;149,95;149,95;149,95;149,95;145,90;149,95;132,49;149,81;158,14;149,95;-;-;149,95;149,95
03.02.2025 11:00;03.02.2025 12:00;126,05;127,79;127,15;126,05;126,05;126,69;125,02;121,38;126,21;126,13;126,07;148,80;126,16;-;-;126,24;126,19
03.02.2025 12:00;03.02.2025 13:00;117,27;118,83;117,27;117,27;117,26;117,27;117,27;112,35;117,27;117,27;117,24;139,37;117,27;-;-;117,27;117,27
03.02.2025 13:00;03.02.2025 14:00;115,29;117,04;115,09;115,29;115,29;115,19;114,93;111,18;116,09;115,53;115,22;138,15;115,52;-;-;115,74;115,74
03.02.2025 14:00;03.02.2025 15:00;124,18;124,74;121,76;124,18;124,19;122,73;120,00;118,88;125,07;124,37;124,19;142,48;124,31;-;-;124,48;124,56
03.02.2025 15:00;03.02.2025 16:00;145,86;141,71;134,25;144,74;145,87;135,33;127,10;128,33;150,44;147,22;145,17;153,01;147,32;-;-;148,03;148,28
03.02.2025 16:00;03.02.2025 17:00;170,71;163,58;146,31;170,71;170,71;135,13;160,00;164,69;167,29;169,85;169,87;175,27;169,51;-;-;165,63;167,76
03.02.2025 17:00;03.02.2025 18:00;216,00;202,87;186,55;216,00;216,00;170,64;204,71;198,65;211,72;215,06;215,22;182,41;214,64;-;-;209,52;212,35
03.02.2025 18:00;03.02.2025 19:00;200,73;201,47;200,73;200,73;200,73;200,73;200,73;194,56;200,73;200,73;200,22;215,56;200,73;-;-;200,73;200,73
03.02.2025 19:00;03.02.2025 20:00;201,10;201,88;201,10;200,79;201,10;201,10;201,10;193,90;201,10;201,10;200,54;217,70;201,10;-;-;201,10;201,10
03.02.2025 20:00;03.02.2025 21:00;167,74;167,30;167,74;167,15;167,74;167,74;167,74;162,13;167,74;167,74;163,72;173,10;167,74;-;-;167,74;167,74
03.02.2025 21:00;03.02.2025 22:00;153,00;147,62;153,00;143,58;153,01;153,00;153,00;134,99;153,00;139,31;131,58;156,36;153,00;-;-;153,00;153,00
03.02.2025 22:00;03.02.2025 23:00;144,23;135,59;144,00;122,16;144,23;144,09;139,50;105,85;144,20;144,21;107,72;151,35;144,21;-;-;144,19;144,20
03.02.2025 23:00;04.02.2025 00:00;135,81;117,96;135,81;93,51;135,81;135,81;135,81;58,95;135,81;135,81;53,69;140,77;135,81;-;-;135,81;135,81
04.02.2025 00:00;04.02.2025 01:00;132,40;117,80;132,40;118,67;132,40;132,40;132,40;59,94;132,40;132,40;54,37;136,06;132,40;-;-;132,40;132,40
04.02.2025 01:00;04.02.2025 02:00;125,54;112,56;125,54;120,57;125,54;125,54;125,54;53,49;125,54;125,54;52,89;132,47;125,54;-;-;125,54;125,54
04.02.2025 02:00;04.02.2025 03:00;123,18;109,72;123,18;110,31;123,18;123,18;123,18;52,64;123,18;123,18;52,06;129,61;123,18;-;-;123,18;123,18
04.02.2025 03:00;04.02.2025 04:00;123,99;108,58;123,99;97,50;123,99;123,99;123,99;50,73;123,99;123,99;52,41;125,80;123,99;-;-;123,99;123,99
04.02.2025 04:00;04.02.2025 05:00;123,25;106,22;123,25;77,69;123,25;123,25;123,25;49,95;123,25;123,25;52,06;125,97;123,25;-;-;123,25;123,25
04.02.2025 05:00;04.02.2025 06:00;127,63;110,45;127,63;80,53;127,63;127,63;127,63;51,87;127,63;127,63;53,50;135,61;127,63;-;-;127,63;127,63
04.02.2025 06:00;04.02.2025 07:00;155,42;138,03;153,26;106,58;155,45;151,95;154,79;80,55;155,00;155,39;93,99;155,97;155,37;-;-;155,00;155,21
04.02.2025 07:00;04.02.2025 08:00;192,24;178,39;181,29;155,20;192,27;187,50;149,50;149,21;190,66;191,38;187,88;186,24;191,13;-;-;190,27;190,77
04.02.2025 08:00;04.02.2025 09:00;211,99;205,93;211,99;197,32;212,04;211,99;211,99;187,11;211,99;211,99;207,58;189,20;211,99;-;-;211,99;211,99
04.02.2025 09:00;04.02.2025 10:00;163,31;158,82;163,31;150,60;163,35;163,31;163,31;139,83;163,31;152,44;159,32;164,89;163,31;-;-;163,31;163,31
04.02.2025 10:00;04.02.2025 11:00;136,53;135,78;136,53;134,72;136,53;136,53;136,53;129,85;136,53;126,49;133,28;150,09;136,53;-;-;136,53;136,53
04.02.2025 11:00;04.02.2025 12:00;126,57;122,32;127,95;112,92;126,57;127,80;125,00;102,53;126,85;121,91;106,25;141,06;126,71;-;-;126,86;126,76
04.02.2025 12:00;04.02.2025 13:00;116,89;112,47;123,43;97,34;116,89;122,71;109,45;83,74;118,23;117,42;99,96;130,42;117,55;-;-;118,25;117,83
04.02.2025 13:00;04.02.2025 14:00;113,17;105,88;113,27;86,06;113,17;113,26;113,06;69,26;113,19;113,18;86,99;130,07;113,18;-;-;113,19;113,19
04.02.2025 14:00;04.02.2025 15:00;120,09;105,97;120,09;78,27;120,09;120,09;120,09;53,65;120,09;120,09;56,03;137,07;120,09;-;-;120,09;120,09
04.02.2025 15:00;04.02.2025 16:00;127,47;119,66;122,47;80,76;127,47;124,97;119,15;52,79;145,59;137,06;124,43;143,13;138,47;-;-;143,21;143,95
04.02.2025 16:00;04.02.2025 17:00;164,81;137,03;121,28;95,41;164,82;122,57;117,00;54,15;164,99;177,11;160,88;158,69;170,43;-;-;166,45;171,44
04.02.2025 17:00;04.02.2025 18:00;168,99;148,76;140,65;99,91;168,99;134,32;149,60;57,57;176,33;195,96;164,96;169,85;178,26;-;-;173,20;179,69
04.02.2025 18:00;04.02.2025 19:00;175,00;156,79;175,00;98,97;175,00;175,00;175,00;53,43;175,00;175,00;170,82;176,51;175,00;-;-;175,00;175,00
04.02.2025 19:00;04.02.2025 20:00;162,04;139,60;172,52;86,07;162,04;173,92;140,00;50,32;171,74;182,16;53,83;171,99;171,02;-;-;171,88;173,72
04.02.2025 20:00;04.02.2025 21:00;145,01;126,81;151,29;75,48;145,01;152,47;132,54;47,70;162,05;165,00;50,94;159,61;152,85;-;-;158,92;162,19
04.02.2025 21:00;04.02.2025 22:00;132,43;112,03;132,76;67,93;123,29;132,91;131,96;45,59;133,99;131,97;48,45;152,52;131,00;-;-;135,02;137,02
04.02.2025 22:00;04.02.2025 23:00;129,42;108,21;142,43;65,05;105,41;140,32;115,00;40,96;132,19;130,49;42,93;144,81;130,77;-;-;132,02;131,29
04.02.2025 23:00;05.02.2025 00:00;120,62;99,21;138,99;52,79;75,72;137,95;94,90;39,53;125,52;122,57;41,39;138,89;123,05;-;-;125,08;123,89
05.02.2025 00:00;05.02.2025 01:00;113,34;96,86;131,22;59,46;78,39;128,44;94,84;42,39;117,27;114,86;45,21;138,20;115,20;-;-;116,93;115,92
05.02.2025 01:00;05.02.2025 02:00;109,67;94,27;121,25;58,42;79,85;119,39;98,84;41,61;112,09;116,05;44,56;134,10;110,86;-;-;111,97;111,32
05.02.2025 02:00;05.02.2025 03:00;109,40;90,18;117,93;58,78;81,52;116,59;101,45;41,47;111,18;116,81;5,04;130,98;110,27;-;-;111,09;110,61
05.02.2025 03:00;05.02.2025 04:00;108,18;89,33;117,03;58,49;80,57;115,64;99,90;41,64;110,03;118,02;3,71;128,53;109,09;-;-;109,94;109,44
05.02.2025 04:00;05.02.2025 05:00;115,17;92,75;117,73;61,54;88,90;117,33;112,80;41,19;115,71;118,25;3,13;128,20;115,43;-;-;115,68;115,53
05.02.2025 05:00;05.02.2025 06:00;122,42;102,52;123,17;75,93;96,52;123,05;121,71;40,48;122,58;122,48;40,92;138,40;122,50;-;-;122,57;122,53
05.02.2025 06:00;05.02.2025 07:00;139,81;119,15;139,96;87,06;109,83;140,34;139,80;44,28;150,98;152,05;46,30;152,34;147,67;-;-;151,43;152,59
05.02.2025 07:00;05.02.2025 08:00;165,32;135,53;168,87;98,77;126,38;168,48;161,70;46,37;168,49;170,93;50,99;161,73;168,12;-;-;168,83;169,29
05.02.2025 08:00;05.02.2025 09:00;180,81;145,68;180,81;107,52;139,99;180,81;180,81;47,76;180,81;180,81;52,11;170,29;180,81;-;-;180,81;180,81
05.02.2025 09:00;05.02.2025 10:00;159,33;127,47;159,33;100,39;132,62;159,33;159,33;47,55;159,33;118,47;51,60;154,91;159,33;-;-;159,33;159,33
05.02.2025 10:00;05.02.2025 11:00;132,19;113,62;145,67;88,00;112,12;143,61;119,54;48,06;134,26;125,64;51,26;148,15;133,50;-;-;134,93;134,10
05.02.2025 11:00;05.02.2025 12:00;119,96;103,52;140,60;68,68;90,05;137,61;100,95;47,63;124,08;121,60;49,96;135,55;121,97;-;-;124,15;122,88
05.02.2025 12:00;05.02.2025 13:00;115,46;100,01;131,48;68,11;91,01;129,14;100,00;46,68;118,66;116,74;48,99;132,33;117,02;-;-;118,71;117,72
05.02.2025 13:00;05.02.2025 14:00;118,80;100,47;126,00;68,32;92,07;124,95;111,85;46,67;120,23;119,37;47,19;128,98;119,50;-;-;120,26;119,81
05.02.2025 14:00;05.02.2025 15:00;128,85;107,71;128,85;82,68;103,69;128,85;128,85;46,36;128,85;128,85;46,88;132,14;128,85;-;-;128,85;128,85
05.02.2025 15:00;05.02.2025 16:00;144,12;120,03;144,12;93,90;120,63;144,12;144,12;47,18;144,12;144,12;49,57;144,32;144,12;-;-;144,12;144,12
05.02.2025 16:00;05.02.2025 17:00;160,58;132,90;153,77;108,62;135,24;150,04;159,08;55,92;159,75;160,42;59,28;159,44;160,36;-;-;159,04;159,75
05.02.2025 17:00;05.02.2025 18:00;177,19;151,72;175,23;130,44;177,19;174,07;176,77;60,70;177,10;177,18;64,05;179,03;177,15;-;-;177,00;177,10
05.02.2025 18:00;05.02.2025 19:00;189,90;162,13;189,90;138,50;189,90;189,90;189,90;62,57;189,90;189,90;65,49;187,59;189,90;-;-;189,90;189,90
05.02.2025 19:00;05.02.2025 20:00;189,63;157,97;189,63;137,66;157,29;189,63;189,63;56,50;189,63;189,63;61,50;186,92;189,63;-;-;189,63;189,63
05.02.2025 20:00;05.02.2025 21:00;170,00;140,93;170,00;122,43;140,95;170,00;170,00;50,44;170,00;170,00;51,90;164,50;170,00;-;-;170,00;170,00
05.02.2025 21:00;05.02.2025 22:00;155,42;130,40;155,42;115,79;130,85;155,42;155,42;53,99;155,42;146,23;56,56;153,86;155,42;-;-;155,42;155,42
05.02.2025 22:00;05.02.2025 23:00;143,70;121,87;143,70;106,69;120,69;143,70;143,70;48,73;143,70;143,70;50,45;151,85;143,70;-;-;143,70;143,70
05.02.2025 23:00;06.02.2025 00:00;133,21;113,31;137,73;91,28;112,30;136,95;128,57;46,80;134,19;133,60;48,19;143,08;133,68;-;-;134,10;133,86
06.02.2025 00:00;06.02.2025 01:00;133,67;116,49;133,67;109,44;130,50;133,67;133,67;49,02;133,67;133,67;51,30;139,06;133,67;-;-;133,67;133,67
06.02.2025 01:00;06.02.2025 02:00;129,57;114,67;131,92;116,69;129,40;131,51;126,84;48,49;130,04;129,76;50,56;136,41;129,80;-;-;130,02;129,90
06.02.2025 02:00;06.02.2025 03:00;125,87;112,02;126,60;120,56;122,55;126,48;125,00;48,60;126,02;125,93;50,61;133,95;125,95;-;-;126,01;125,97
06.02.2025 03:00;06.02.2025 04:00;125,00;111,67;125,01;122,64;123,51;125,01;125,00;48,74;125,01;125,00;50,51;132,98;125,00;-;-;125,01;125,00
06.02.2025 04:00;06.02.2025 05:00;125,01;110,44;125,01;115,27;118,48;125,01;125,01;49,06;125,01;125,01;51,16;130,80;125,01;-;-;125,01;125,01
06.02.2025 05:00;06.02.2025 06:00;135,28;116,04;128,31;122,26;126,81;131,33;120,09;53,73;133,86;134,64;56,16;134,76;134,50;-;-;133,96;134,26
06.02.2025 06:00;06.02.2025 07:00;156,12;133,82;142,42;119,84;156,12;144,92;135,25;76,74;154,19;155,19;80,54;151,88;154,93;-;-;153,51;154,30
06.02.2025 07:00;06.02.2025 08:00;180,09;175,64;180,09;173,76;177,41;180,09;180,09;154,96;180,09;180,09;159,56;185,76;180,09;-;-;180,09;180,09
06.02.2025 08:00;06.02.2025 09:00;219,42;212,59;213,41;212,99;219,42;210,56;216,65;193,13;218,62;219,14;199,06;216,41;219,08;-;-;218,03;218,60
06.02.2025 09:00;06.02.2025 10:00;178,99;177,89;178,06;177,61;179,00;177,44;178,62;170,63;178,87;178,96;176,58;182,07;178,95;-;-;178,77;178,87
06.02.2025 10:00;06.02.2025 11:00;160,14;158,19;158,06;158,26;159,04;158,82;156,30;151,12;159,95;160,35;156,95;161,03;160,22;-;-;158,82;161,20
06.02.2025 11:00;06.02.2025 12:00;152,56;138,56;136,42;135,30;146,06;142,89;122,00;117,76;150,09;151,20;121,89;149,69;150,88;-;-;149,59;150,33
06.02.2025 12:00;06.02.2025 13:00;147,89;127,02;128,51;118,36;136,78;136,27;111,20;90,61;144,93;146,27;94,73;143,72;145,88;-;-;144,34;145,21
06.02.2025 13:00;06.02.2025 14:00;145,48;120,45;121,40;117,84;129,02;131,06;99,90;76,50;141,80;143,46;80,04;141,00;142,97;-;-;141,06;142,14
06.02.2025 14:00;06.02.2025 15:00;137,79;118,99;132,91;110,96;121,97;115,25;119,29;71,62;140,00;138,90;74,62;144,29;139,07;-;-;140,98;139,92
06.02.2025 15:00;06.02.2025 16:00;150,80;130,51;128,80;130,04;150,80;119,17;117,79;92,22;150,00;150,29;95,64;150,80;150,09;-;-;150,26;150,18
06.02.2025 16:00;06.02.2025 17:00;164,89;146,25;127,82;139,99;164,90;123,44;127,00;119,61;165,20;183,19;124,14;162,29;171,17;-;-;166,79;172,17
06.02.2025 17:00;06.02.2025 18:00;171,59;167,69;152,23;170,17;171,60;141,02;167,43;165,09;177,04;183,19;171,22;169,00;176,63;-;-;173,44;176,93
06.02.2025 18:00;06.02.2025 19:00;170,48;170,71;170,56;170,48;170,49;170,78;170,48;164,97;175,38;171,30;170,80;173,50;169,12;-;-;176,19;179,65
06.02.2025 19:00;06.02.2025 20:00;162,95;163,53;163,21;162,65;162,95;163,65;162,95;157,42;170,10;166,54;162,65;164,59;162,12;-;-;171,25;176,07
06.02.2025 20:00;06.02.2025 21:00;141,33;142,99;142,86;140,78;141,33;143,52;140,38;135,74;152,56;145,86;140,83;153,90;135,15;-;-;160,00;172,96
06.02.2025 21:00;06.02.2025 22:00;131,26;130,58;133,03;131,10;131,26;133,16;129,75;122,49;139,15;128,71;113,21;150,99;123,54;-;-;144,94;155,13
06.02.2025 22:00;06.02.2025 23:00;134,00;122,75;134,99;121,93;129,51;134,89;132,90;72,99;137,01;129,42;74,77;150,58;131,27;-;-;138,97;142,61
06.02.2025 23:00;07.02.2025 00:00;121,95;112,68;121,95;115,03;118,79;121,95;121,95;62,33;121,95;121,95;65,90;145,72;121,95;-;-;121,95;121,95
07.02.2025 00:00;07.02.2025 01:00;-;-;-;-;-;-;-;-;-;-;-;-;-;-;-;-;-
07.02.2025 01:00;07.02.2025 02:00;-;-;-;-;-;-;-;-;-;-;-;-;-;-;-;-;-
07.02.2025 02:00;07.02.2025 03:00;-;-;-;-;-;-;-;-;-;-;-;-;-;-;-;-;-
07.02.2025 03:00;07.02.2025 04:00;-;-;-;-;-;-;-;-;-;-;-;-;-;-;-;-;-
07.02.2025 04:00;07.02.2025 05:00;-;-;-;-;-;-;-;-;-;-;-;-;-;-;-;-;-
07.02.2025 05:00;07.02.2025 06:00;-;-;-;-;-;-;-;-;-;-;-;-;-;-;-;-;-
07.02.2025 06:00;07.02.2025 07:00;-;-;-;-;-;-;-;-;-;-;-;-;-;-;-;-;-
07.02.2025 07:00;07.02.2025 08:00;-;-;-;-;-;-;-;-;-;-;-;-;-;-;-;-;-
07.02.2025 08:00;07.02.2025 09:00;-;-;-;-;-;-;-;-;-;-;-;-;-;-;-;-;-
07.02.2025 09:00;07.02.2025 10:00;-;-;-;-;-;-;-;-;-;-;-;-;-;-;-;-;-
07.02.2025 10:00;07.02.2025 11:00;-;-;-;-;-;-;-;-;-;-;-;-;-;-;-;-;-
07.02.2025 11:00;07.02.2025 12:00;-;-;-;-;-;-;-;-;-;-;-;-;-;-;-;-;-
07.02.2025 12:00;07.02.2025 13:00;-;-;-;-;-;-;-;-;-;-;-;-;-;-;-;-;-
07.02.2025 13:00;07.02.2025 14:00;-;-;-;-;-;-;-;-;-;-;-;-;-;-;-;-;-
07.02.2025 14:00;07.02.2025 15:00;-;-;-;-;-;-;-;-;-;-;-;-;-;-;-;-;-
07.02.2025 15:00;07.02.2025 16:00;-;-;-;-;-;-;-;-;-;-;-;-;-;-;-;-;-
07.02.2025 16:00;07.02.2025 17:00;-;-;-;-;-;-;-;-;-;-;-;-;-;-;-;-;-
07.02.2025 17:00;07.02.2025 18:00;-;-;-;-;-;-;-;-;-;-;-;-;-;-;-;-;-
07.02.2025 18:00;07.02.2025 19:00;-;-;-;-;-;-;-;-;-;-;-;-;-;-;-;-;-
07.02.2025 19:00;07.02.2025 20:00;-;-;-;-;-;-;-;-;-;-;-;-;-;-;-;-;-
07.02.2025 20:00;07.02.2025 21:00;-;-;-;-;-;-;-;-;-;-;-;-;-;-;-;-;-
07.02.2025 21:00;07.02.2025 22:00;-;-;-;-;-;-;-;-;-;-;-;-;-;-;-;-;-
07.02.2025 22:00;07.02.2025 23:00;-;-;-;-;-;-;-;-;-;-;-;-;-;-;-;-;-
07.02.2025 23:00;08.02.2025 00:00;-;-;-;-;-;-;-;-;-;-;-;-;-;-;-;-;-
08.02.2025 00:00;08.02.2025 01:00;-;-;-;-;-;-;-;-;-;-;-;-;-;-;-;-;-
08.02.2025 01:00;08.02.2025 02:00;-;-;-;-;-;-;-;-;-;-;-;-;-;-;-;-;-
08.02.2025 02:00;08.02.2025 03:00;-;-;-;-;-;-;-;-;-;-;-;-;-;-;-;-;-
08.02.2025 03:00;08.02.2025 04:00;-;-;-;-;-;-;-;-;-;-;-;-;-;-;-;-;-
08.02.2025 04:00;08.02.2025 05:00;-;-;-;-;-;-;-;-;-;-;-;-;-;-;-;-;-
08.02.2025 05:00;08.02.2025 06:00;-;-;-;-;-;-;-;-;-;-;-;-;-;-;-;-;-
08.02.2025 06:00;08.02.2025 07:00;-;-;-;-;-;-;-;-;-;-;-;-;-;-;-;-;-
08.02.2025 07:00;08.02.2025 08:00;-;-;-;-;-;-;-;-;-;-;-;-;-;-;-;-;-
08.02.2025 08:00;08.02.2025 09:00;-;-;-;-;-;-;-;-;-;-;-;-;-;-;-;-;-
08.02.2025 09:00;08.02.2025 10:00;-;-;-;-;-;-;-;-;-;-;-;-;-;-;-;-;-
08.02.2025 10:00;08.02.2025 11:00;-;-;-;-;-;-;-;-;-;-;-;-;-;-;-;-;-
08.02.2025 11:00;08.02.2025 12:00;-;-;-;-;-;-;-;-;-;-;-;-;-;-;-;-;-
08.02.2025 12:00;08.02.2025 13:00;-;-;-;-;-;-;-;-;-;-;-;-;-;-;-;-;-
08.02.2025 13:00;08.02.2025 14:00;-;-;-;-;-;-;-;-;-;-;-;-;-;-;-;-;-
08.02.2025 14:00;08.02.2025 15:00;-;-;-;-;-;-;-;-;-;-;-;-;-;-;-;-;-
08.02.2025 15:00;08.02.2025 16:00;-;-;-;-;-;-;-;-;-;-;-;-;-;-;-;-;-
08.02.2025 16:00;08.02.2025 17:00;-;-;-;-;-;-;-;-;-;-;-;-;-;-;-;-;-
08.02.2025 17:00;08.02.2025 18:00;-;-;-;-;-;-;-;-;-;-;-;-;-;-;-;-;-
08.02.2025 18:00;08.02.2025 19:00;-;-;-;-;-;-;-;-;-;-;-;-;-;-;-;-;-
08.02.2025 19:00;08.02.2025 20:00;-;-;-;-;-;-;-;-;-;-;-;-;-;-;-;-;-
08.02.2025 20:00;08.02.2025 21:00;-;-;-;-;-;-;-;-;-;-;-;-;-;-;-;-;-
08.02.2025 21:00;08.02.2025 22:00;-;-;-;-;-;-;-;-;-;-;-;-;-;-;-;-;-
08.02.2025 22:00;08.02.2025 23:00;-;-;-;-;-;-;-;-;-;-;-;-;-;-;-;-;-
08.02.2025 23:00;09.02.2025 00:00;-;-;-;-;-;-;-;-;-;-;-;-;-;-;-;-;-
09.02.2025 00:00;09.02.2025 01:00;-;-;-;-;-;-;-;-;-;-;-;-;-;-;-;-;-
09.02.2025 01:00;09.02.2025 02:00;-;-;-;-;-;-;-;-;-;-;-;-;-;-;-;-;-
09.02.2025 02:00;09.02.2025 03:00;-;-;-;-;-;-;-;-;-;-;-;-;-;-;-;-;-
09.02.2025 03:00;09.02.2025 04:00;-;-;-;-;-;-;-;-;-;-;-;-;-;-;-;-;-
09.02.2025 04:00;09.02.2025 05:00;-;-;-;-;-;-;-;-;-;-;-;-;-;-;-;-;-
09.02.2025 05:00;09.02.2025 06:00;-;-;-;-;-;-;-;-;-;-;-;-;-;-;-;-;-
09.02.2025 06:00;09.02.2025 07:00;-;-;-;-;-;-;-;-;-;-;-;-;-;-;-;-;-
09.02.2025 07:00;09.02.2025 08:00;-;-;-;-;-;-;-;-;-;-;-;-;-;-;-;-;-
09.02.2025 08:00;09.02.2025 09:00;-;-;-;-;-;-;-;-;-;-;-;-;-;-;-;-;-
09.02.2025 09:00;09.02.2025 10:00;-;-;-;-;-;-;-;-;-;-;-;-;-;-;-;-;-
09.02.2025 10:00;09.02.2025 11:00;-;-;-;-;-;-;-;-;-;-;-;-;-;-;-;-;-
09.02.2025 11:00;09.02.2025 12:00;-;-;-;-;-;-;-;-;-;-;-;-;-;-;-;-;-
09.02.2025 12:00;09.02.2025 13:00;-;-;-;-;-;-;-;-;-;-;-;-;-;-;-;-;-
09.02.2025 13:00;09.02.2025 14:00;-;-;-;-;-;-;-;-;-;-;-;-;-;-;-;-;-
09.02.2025 14:00;09.02.2025 15:00;-;-;-;-;-;-;-;-;-;-;-;-;-;-;-;-;-
09.02.2025 15:00;09.02.2025 16:00;-;-;-;-;-;-;-;-;-;-;-;-;-;-;-;-;-
09.02.2025 16:00;09.02.2025 17:00;-;-;-;-;-;-;-;-;-;-;-;-;-;-;-;-;-
09.02.2025 17:00;09.02.2025 18:00;-;-;-;-;-;-;-;-;-;-;-;-;-;-;-;-;-
09.02.2025 18:00;09.02.2025 19:00;-;-;-;-;-;-;-;-;-;-;-;-;-;-;-;-;-
09.02.2025 19:00;09.02.2025 20:00;-;-;-;-;-;-;-;-;-;-;-;-;-;-;-;-;-
09.02.2025 20:00;09.02.2025 21:00;-;-;-;-;-;-;-;-;-;-;-;-;-;-;-;-;-
09.02.2025 21:00;09.02.2025 22:00;-;-;-;-;-;-;-;-;-;-;-;-;-;-;-;-;-
09.02.2025 22:00;09.02.2025 23:00;-;-;-;-;-;-;-;-;-;-;-;-;-;-;-;-;-
09.02.2025 23:00;10.02.2025 00:00;-;-;-;-;-;-;-;-;-;-;-;-;-;-;-;-;-
10.02.2025 00:00;10.02.2025 01:00;-;-;-;-;-;-;-;-;-;-;-;-;-;-;-;-;-
10.02.2025 01:00;10.02.2025 02:00;-;-;-;-;-;-;-;-;-;-;-;-;-;-;-;-;-
10.02.2025 02:00;10.02.2025 03:00;-;-;-;-;-;-;-;-;-;-;-;-;-;-;-;-;-
10.02.2025 03:00;10.02.2025 04:00;-;-;-;-;-;-;-;-;-;-;-;-;-;-;-;-;-
10.02.2025 04:00;10.02.2025 05:00;-;-;-;-;-;-;-;-;-;-;-;-;-;-;-;-;-
10.02.2025 05:00;10.02.2025 06:00;-;-;-;-;-;-;-;-;-;-;-;-;-;-;-;-;-
10.02.2025 06:00;10.02.2025 07:00;-;-;-;-;-;-;-;-;-;-;-;-;-;-;-;-;-
10.02.2025 07:00;10.02.2025 08:00;-;-;-;-;-;-;-;-;-;-;-;-;-;-;-;-;-
10.02.2025 08:00;10.02.2025 09:00;-;-;-;-;-;-;-;-;-;-;-;-;-;-;-;-;-
10.02.2025 09:00;10.02.2025 10:00;-;-;-;-;-;-;-;-;-;-;-;-;-;-;-;-;-
10.02.2025 10:00;10.02.2025 11:00;-;-;-;-;-;-;-;-;-;-;-;-;-;-;-;-;-
10.02.2025 11:00;10.02.2025 12:00;-;-;-;-;-;-;-;-;-;-;-;-;-;-;-;-;-
10.02.2025 12:00;10.02.2025 13:00;-;-;-;-;-;-;-;-;-;-;-;-;-;-;-;-;-
10.02.2025 13:00;10.02.2025 14:00;-;-;-;-;-;-;-;-;-;-;-;-;-;-;-;-;-
10.02.2025 14:00;10.02.2025 15:00;-;-;-;-;-;-;-;-;-;-;-;-;-;-;-;-;-
10.02.2025 15:00;10.02.2025 16:00;-;-;-;-;-;-;-;-;-;-;-;-;-;-;-;-;-
10.02.2025 16:00;10.02.2025 17:00;-;-;-;-;-;-;-;-;-;-;-;-;-;-;-;-;-
10.02.2025 17:00;10.02.2025 18:00;-;-;-;-;-;-;-;-;-;-;-;-;-;-;-;-;-
10.02.2025 18:00;10.02.2025 19:00;-;-;-;-;-;-;-;-;-;-;-;-;-;-;-;-;-
10.02.2025 19:00;10.02.2025 20:00;-;-;-;-;-;-;-;-;-;-;-;-;-;-;-;-;-
10.02.2025 20:00;10.02.2025 21:00;-;-;-;-;-;-;-;-;-;-;-;-;-;-;-;-;-
10.02.2025 21:00;10.02.2025 22:00;-;-;-;-;-;-;-;-;-;-;-;-;-;-;-;-;-
10.02.2025 22:00;10.02.2025 23:00;-;-;-;-;-;-;-;-;-;-;-;-;-;-;-;-;-
10.02.2025 23:00;11.02.2025 00:00;-;-;-;-;-;-;-;-;-;-;-;-;-;-;-;-;-
11.02.2025 00:00;11.02.2025 01:00;-;-;-;-;-;-;-;-;-;-;-;-;-;-;-;-;-
11.02.2025 01:00;11.02.2025 02:00;-;-;-;-;-;-;-;-;-;-;-;-;-;-;-;-;-
11.02.2025 02:00;11.02.2025 03:00;-;-;-;-;-;-;-;-;-;-;-;-;-;-;-;-;-
11.02.2025 03:00;11.02.2025 04:00;-;-;-;-;-;-;-;-;-;-;-;-;-;-;-;-;-
11.02.2025 04:00;11.02.2025 05:00;-;-;-;-;-;-;-;-;-;-;-;-;-;-;-;-;-
11.02.2025 05:00;11.02.2025 06:00;-;-;-;-;-;-;-;-;-;-;-;-;-;-;-;-;-
11.02.2025 06:00;11.02.2025 07:00;-;-;-;-;-;-;-;-;-;-;-;-;-;-;-;-;-
11.02.2025 07:00;11.02.2025 08:00;-;-;-;-;-;-;-;-;-;-;-;-;-;-;-;-;-
11.02.2025 08:00;11.02.2025 09:00;-;-;-;-;-;-;-;-;-;-;-;-;-;-;-;-;-
11.02.2025 09:00;11.02.2025 10:00;-;-;-;-;-;-;-;-;-;-;-;-;-;-;-;-;-
11.02.2025 10:00;11.02.2025 11:00;-;-;-;-;-;-;-;-;-;-;-;-;-;-;-;-;-
11.02.2025 11:00;11.02.2025 12:00;-;-;-;-;-;-;-;-;-;-;-;-;-;-;-;-;-
11.02.2025 12:00;11.02.2025 13:00;-;-;-;-;-;-;-;-;-;-;-;-;-;-;-;-;-
11.02.2025 13:00;11.02.2025 14:00;-;-;-;-;-;-;-;-;-;-;-;-;-;-;-;-;-
11.02.2025 14:00;11.02.2025 15:00;-;-;-;-;-;-;-;-;-;-;-;-;-;-;-;-;-
11.02.2025 15:00;11.02.2025 16:00;-;-;-;-;-;-;-;-;-;-;-;-;-;-;-;-;-
11.02.2025 16:00;11.02.2025 17:00;-;-;-;-;-;-;-;-;-;-;-;-;-;-;-;-;-
11.02.2025 17:00;11.02.2025 18:00;-;-;-;-;-;-;-;-;-;-;-;-;-;-;-;-;-
11.02.2025 18:00;11.02.2025 19:00;-;-;-;-;-;-;-;-;-;-;-;-;-;-;-;-;-
11.02.2025 19:00;11.02.2025 20:00;-;-;-;-;-;-;-;-;-;-;-;-;-;-;-;-;-
11.02.2025 20:00;11.02.2025 21:00;-;-;-;-;-;-;-;-;-;-;-;-;-;-;-;-;-
11.02.2025 21:00;11.02.2025 22:00;-;-;-;-;-;-;-;-;-;-;-;-;-;-;-;-;-
11.02.2025 22:00;11.02.2025 23:00;-;-;-;-;-;-;-;-;-;-;-;-;-;-;-;-;-
11.02.2025 23:00;12.02.2025 00:00;-;-;-;-;-;-;-;-;-;-;-;-;-;-;-;-;-
12.02.2025 00:00;12.02.2025 01:00;-;-;-;-;-;-;-;-;-;-;-;-;-;-;-;-;-
12.02.2025 01:00;12.02.2025 02:00;-;-;-;-;-;-;-;-;-;-;-;-;-;-;-;-;-
12.02.2025 02:00;12.02.2025 03:00;-;-;-;-;-;-;-;-;-;-;-;-;-;-;-;-;-
12.02.2025 03:00;12.02.2025 04:00;-;-;-;-;-;-;-;-;-;-;-;-;-;-;-;-;-
12.02.2025 04:00;12.02.2025 05:00;-;-;-;-;-;-;-;-;-;-;-;-;-;-;-;-;-
12.02.2025 05:00;12.02.2025 06:00;-;-;-;-;-;-;-;-;-;-;-;-;-;-;-;-;-
12.02.2025 06:00;12.02.2025 07:00;-;-;-;-;-;-;-;-;-;-;-;-;-;-;-;-;-
12.02.2025 07:00;12.02.2025 08:00;-;-;-;-;-;-;-;-;-;-;-;-;-;-;-;-;-
12.02.2025 08:00;12.02.2025 09:00;-;-;-;-;-;-;-;-;-;-;-;-;-;-;-;-;-
12.02.2025 09:00;12.02.2025 10:00;-;-;-;-;-;-;-;-;-;-;-;-;-;-;-;-;-
12.02.2025 10:00;12.02.2025 11:00;-;-;-;-;-;-;-;-;-;-;-;-;-;-;-;-;-
12.02.2025 11:00;12.02.2025 12:00;-;-;-;-;-;-;-;-;-;-;-;-;-;-;-;-;-
12.02.2025 12:00;12.02.2025 13:00;-;-;-;-;-;-;-;-;-;-;-;-;-;-;-;-;-
12.02.2025 13:00;12.02.2025 14:00;-;-;-;-;-;-;-;-;-;-;-;-;-;-;-;-;-
12.02.2025 14:00;12.02.2025 15:00;-;-;-;-;-;-;-;-;-;-;-;-;-;-;-;-;-
12.02.2025 15:00;12.02.2025 16:00;-;-;-;-;-;-;-;-;-;-;-;-;-;-;-;-;-
12.02.2025 16:00;12.02.2025 17:00;-;-;-;-;-;-;-;-;-;-;-;-;-;-;-;-;-
12.02.2025 17:00;12.02.2025 18:00;-;-;-;-;-;-;-;-;-;-;-;-;-;-;-;-;-
12.02.2025 18:00;12.02.2025 19:00;-;-;-;-;-;-;-;-;-;-;-;-;-;-;-;-;-
12.02.2025 19:00;12.02.2025 20:00;-;-;-;-;-;-;-;-;-;-;-;-;-;-;-;-;-
12.02.2025 20:00;12.02.2025 21:00;-;-;-;-;-;-;-;-;-;-;-;-;-;-;-;-;-
12.02.2025 21:00;12.02.2025 22:00;-;-;-;-;-;-;-;-;-;-;-;-;-;-;-;-;-
12.02.2025 22:00;12.02.2025 23:00;-;-;-;-;-;-;-;-;-;-;-;-;-;-;-;-;-
12.02.2025 23:00;13.02.2025 00:00;-;-;-;-;-;-;-;-;-;-;-;-;-;-;-;-;-
13.02.2025 00:00;13.02.2025 01:00;-;-;-;-;-;-;-;-;-;-;-;-;-;-;-;-;-
13.02.2025 01:00;13.02.2025 02:00;-;-;-;-;-;-;-;-;-;-;-;-;-;-;-;-;-
13.02.2025 02:00;13.02.2025 03:00;-;-;-;-;-;-;-;-;-;-;-;-;-;-;-;-;-
13.02.2025 03:00;13.02.2025 04:00;-;-;-;-;-;-;-;-;-;-;-;-;-;-;-;-;-
13.02.2025 04:00;13.02.2025 05:00;-;-;-;-;-;-;-;-;-;-;-;-;-;-;-;-;-
13.02.2025 05:00;13.02.2025 06:00;-;-;-;-;-;-;-;-;-;-;-;-;-;-;-;-;-
13.02.2025 06:00;13.02.2025 07:00;-;-;-;-;-;-;-;-;-;-;-;-;-;-;-;-;-
13.02.2025 07:00;13.02.2025 08:00;-;-;-;-;-;-;-;-;-;-;-;-;-;-;-;-;-
13.02.2025 08:00;13.02.2025 09:00;-;-;-;-;-;-;-;-;-;-;-;-;-;-;-;-;-
13.02.2025 09:00;13.02.2025 10:00;-;-;-;-;-;-;-;-;-;-;-;-;-;-;-;-;-
13.02.2025 10:00;13.02.2025 11:00;-;-;-;-;-;-;-;-;-;-;-;-;-;-;-;-;-
13.02.2025 11:00;13.02.2025 12:00;-;-;-;-;-;-;-;-;-;-;-;-;-;-;-;-;-
13.02.2025 12:00;13.02.2025 13:00;-;-;-;-;-;-;-;-;-;-;-;-;-;-;-;-;-
13.02.2025 13:00;13.02.2025 14:00;-;-;-;-;-;-;-;-;-;-;-;-;-;-;-;-;-
13.02.2025 14:00;13.02.2025 15:00;-;-;-;-;-;-;-;-;-;-;-;-;-;-;-;-;-
13.02.2025 15:00;13.02.2025 16:00;-;-;-;-;-;-;-;-;-;-;-;-;-;-;-;-;-
13.02.2025 16:00;13.02.2025 17:00;-;-;-;-;-;-;-;-;-;-;-;-;-;-;-;-;-
13.02.2025 17:00;13.02.2025 18:00;-;-;-;-;-;-;-;-;-;-;-;-;-;-;-;-;-
13.02.2025 18:00;13.02.2025 19:00;-;-;-;-;-;-;-;-;-;-;-;-;-;-;-;-;-
13.02.2025 19:00;13.02.2025 20:00;-;-;-;-;-;-;-;-;-;-;-;-;-;-;-;-;-
13.02.2025 20:00;13.02.2025 21:00;-;-;-;-;-;-;-;-;-;-;-;-;-;-;-;-;-
13.02.2025 21:00;13.02.2025 22:00;-;-;-;-;-;-;-;-;-;-;-;-;-;-;-;-;-
13.02.2025 22:00;13.02.2025 23:00;-;-;-;-;-;-;-;-;-;-;-;-;-;-;-;-;-
13.02.2025 23:00;14.02.2025 00:00;-;-;-;-;-;-;-;-;-;-;-;-;-;-;-;-;-
14.02.2025 00:00;14.02.2025 01:00;-;-;-;-;-;-;-;-;-;-;-;-;-;-;-;-;-
14.02.2025 01:00;14.02.2025 02:00;-;-;-;-;-;-;-;-;-;-;-;-;-;-;-;-;-
14.02.2025 02:00;14.02.2025 03:00;-;-;-;-;-;-;-;-;-;-;-;-;-;-;-;-;-
14.02.2025 03:00;14.02.2025 04:00;-;-;-;-;-;-;-;-;-;-;-;-;-;-;-;-;-
14.02.2025 04:00;14.02.2025 05:00;-;-;-;-;-;-;-;-;-;-;-;-;-;-;-;-;-
14.02.2025 05:00;14.02.2025 06:00;-;-;-;-;-;-;-;-;-;-;-;-;-;-;-;-;-
14.02.2025 06:00;14.02.2025 07:00;-;-;-;-;-;-;-;-;-;-;-;-;-;-;-;-;-
14.02.2025 07:00;14.02.2025 08:00;-;-;-;-;-;-;-;-;-;-;-;-;-;-;-;-;-
14.02.2025 08:00;14.02.2025 09:00;-;-;-;-;-;-;-;-;-;-;-;-;-;-;-;-;-
14.02.2025 09:00;14.02.2025 10:00;-;-;-;-;-;-;-;-;-;-;-;-;-;-;-;-;-
14.02.2025 10:00;14.02.2025 11:00;-;-;-;-;-;-;-;-;-;-;-;-;-;-;-;-;-
14.02.2025 11:00;14.02.2025 12:00;-;-;-;-;-;-;-;-;-;-;-;-;-;-;-;-;-
14.02.2025 12:00;14.02.2025 13:00;-;-;-;-;-;-;-;-;-;-;-;-;-;-;-;-;-
14.02.2025 13:00;14.02.2025 14:00;-;-;-;-;-;-;-;-;-;-;-;-;-;-;-;-;-
14.02.2025 14:00;14.02.2025 15:00;-;-;-;-;-;-;-;-;-;-;-;-;-;-;-;-;-
14.02.2025 15:00;14.02.2025 16:00;-;-;-;-;-;-;-;-;-;-;-;-;-;-;-;-;-
14.02.2025 16:00;14.02.2025 17:00;-;-;-;-;-;-;-;-;-;-;-;-;-;-;-;-;-
14.02.2025 17:00;14.02.2025 18:00;-;-;-;-;-;-;-;-;-;-;-;-;-;-;-;-;-
14.02.2025 18:00;14.02.2025 19:00;-;-;-;-;-;-;-;-;-;-;-;-;-;-;-;-;-
14.02.2025 19:00;14.02.2025 20:00;-;-;-;-;-;-;-;-;-;-;-;-;-;-;-;-;-
14.02.2025 20:00;14.02.2025 21:00;-;-;-;-;-;-;-;-;-;-;-;-;-;-;-;-;-
14.02.2025 21:00;14.02.2025 22:00;-;-;-;-;-;-;-;-;-;-;-;-;-;-;-;-;-
14.02.2025 22:00;14.02.2025 23:00;-;-;-;-;-;-;-;-;-;-;-;-;-;-;-;-;-
14.02.2025 23:00;15.02.2025 00:00;-;-;-;-;-;-;-;-;-;-;-;-;-;-;-;-;-
15.02.2025 00:00;15.02.2025 01:00;-;-;-;-;-;-;-;-;-;-;-;-;-;-;-;-;-
15.02.2025 01:00;15.02.2025 02:00;-;-;-;-;-;-;-;-;-;-;-;-;-;-;-;-;-
15.02.2025 02:00;15.02.2025 03:00;-;-;-;-;-;-;-;-;-;-;-;-;-;-;-;-;-
15.02.2025 03:00;15.02.2025 04:00;-;-;-;-;-;-;-;-;-;-;-;-;-;-;-;-;-
15.02.2025 04:00;15.02.2025 05:00;-;-;-;-;-;-;-;-;-;-;-;-;-;-;-;-;-
15.02.2025 05:00;15.02.2025 06:00;-;-;-;-;-;-;-;-;-;-;-;-;-;-;-;-;-
15.02.2025 06:00;15.02.2025 07:00;-;-;-;-;-;-;-;-;-;-;-;-;-;-;-;-;-
15.02.2025 07:00;15.02.2025 08:00;-;-;-;-;-;-;-;-;-;-;-;-;-;-;-;-;-
15.02.2025 08:00;15.02.2025 09:00;-;-;-;-;-;-;-;-;-;-;-;-;-;-;-;-;-
15.02.2025 09:00;15.02.2025 10:00;-;-;-;-;-;-;-;-;-;-;-;-;-;-;-;-;-
15.02.2025 10:00;15.02.2025 11:00;-;-;-;-;-;-;-;-;-;-;-;-;-;-;-;-;-
15.02.2025 11:00;15.02.2025 12:00;-;-;-;-;-;-;-;-;-;-;-;-;-;-;-;-;-
15.02.2025 12:00;15.02.2025 13:00;-;-;-;-;-;-;-;-;-;-;-;-;-;-;-;-;-
15.02.2025 13:00;15.02.2025 14:00;-;-;-;-;-;-;-;-;-;-;-;-;-;-;-;-;-
15.02.2025 14:00;15.02.2025 15:00;-;-;-;-;-;-;-;-;-;-;-;-;-;-;-;-;-
15.02.2025 15:00;15.02.2025 16:00;-;-;-;-;-;-;-;-;-;-;-;-;-;-;-;-;-
15.02.2025 16:00;15.02.2025 17:00;-;-;-;-;-;-;-;-;-;-;-;-;-;-;-;-;-
15.02.2025 17:00;15.02.2025 18:00;-;-;-;-;-;-;-;-;-;-;-;-;-;-;-;-;-
15.02.2025 18:00;15.02.2025 19:00;-;-;-;-;-;-;-;-;-;-;-;-;-;-;-;-;-
15.02.2025 19:00;15.02.2025 20:00;-;-;-;-;-;-;-;-;-;-;-;-;-;-;-;-;-
15.02.2025 20:00;15.02.2025 21:00;-;-;-;-;-;-;-;-;-;-;-;-;-;-;-;-;-
15.02.2025 21:00;15.02.2025 22:00;-;-;-;-;-;-;-;-;-;-;-;-;-;-;-;-;-
15.02.2025 22:00;15.02.2025 23:00;-;-;-;-;-;-;-;-;-;-;-;-;-;-;-;-;-
15.02.2025 23:00;16.02.2025 00:00;-;-;-;-;-;-;-;-;-;-;-;-;-;-;-;-;-
16.02.2025 00:00;16.02.2025 01:00;-;-;-;-;-;-;-;-;-;-;-;-;-;-;-;-;-
16.02.2025 01:00;16.02.2025 02:00;-;-;-;-;-;-;-;-;-;-;-;-;-;-;-;-;-
16.02.2025 02:00;16.02.2025 03:00;-;-;-;-;-;-;-;-;-;-;-;-;-;-;-;-;-
16.02.2025 03:00;16.02.2025 04:00;-;-;-;-;-;-;-;-;-;-;-;-;-;-;-;-;-
16.02.2025 04:00;16.02.2025 05:00;-;-;-;-;-;-;-;-;-;-;-;-;-;-;-;-;-
16.02.2025 05:00;16.02.2025 06:00;-;-;-;-;-;-;-;-;-;-;-;-;-;-;-;-;-
16.02.2025 06:00;16.02.2025 07:00;-;-;-;-;-;-;-;-;-;-;-;-;-;-;-;-;-
16.02.2025 07:00;16.02.2025 08:00;-;-;-;-;-;-;-;-;-;-;-;-;-;-;-;-;-
16.02.2025 08:00;16.02.2025 09:00;-;-;-;-;-;-;-;-;-;-;-;-;-;-;-;-;-
16.02.2025 09:00;16.02.2025 10:00;-;-;-;-;-;-;-;-;-;-;-;-;-;-;-;-;-
16.02.2025 10:00;16.02.2025 11:00;-;-;-;-;-;-;-;-;-;-;-;-;-;-;-;-;-
16.02.2025 11:00;16.02.2025 12:00;-;-;-;-;-;-;-;-;-;-;-;-;-;-;-;-;-
16.02.2025 12:00;16.02.2025 13:00;-;-;-;-;-;-;-;-;-;-;-;-;-;-;-;-;-
16.02.2025 13:00;16.02.2025 14:00;-;-;-;-;-;-;-;-;-;-;-;-;-;-;-;-;-
16.02.2025 14:00;16.02.2025 15:00;-;-;-;-;-;-;-;-;-;-;-;-;-;-;-;-;-
16.02.2025 15:00;16.02.2025 16:00;-;-;-;-;-;-;-;-;-;-;-;-;-;-;-;-;-
16.02.2025 16:00;16.02.2025 17:00;-;-;-;-;-;-;-;-;-;-;-;-;-;-;-;-;-
16.02.2025 17:00;16.02.2025 18:00;-;-;-;-;-;-;-;-;-;-;-;-;-;-;-;-;-
16.02.2025 18:00;16.02.2025 19:00;-;-;-;-;-;-;-;-;-;-;-;-;-;-;-;-;-
16.02.2025 19:00;16.02.2025 20:00;-;-;-;-;-;-;-;-;-;-;-;-;-;-;-;-;-
16.02.2025 20:00;16.02.2025 21:00;-;-;-;-;-;-;-;-;-;-;-;-;-;-;-;-;-
16.02.2025 21:00;16.02.2025 22:00;-;-;-;-;-;-;-;-;-;-;-;-;-;-;-;-;-
16.02.2025 22:00;16.02.2025 23:00;-;-;-;-;-;-;-;-;-;-;-;-;-;-;-;-;-
16.02.2025 23:00;17.02.2025 00:00;-;-;-;-;-;-;-;-;-;-;-;-;-;-;-;-;-
17.02.2025 00:00;17.02.2025 01:00;-;-;-;-;-;-;-;-;-;-;-;-;-;-;-;-;-
17.02.2025 01:00;17.02.2025 02:00;-;-;-;-;-;-;-;-;-;-;-;-;-;-;-;-;-
17.02.2025 02:00;17.02.2025 03:00;-;-;-;-;-;-;-;-;-;-;-;-;-;-;-;-;-
17.02.2025 03:00;17.02.2025 04:00;-;-;-;-;-;-;-;-;-;-;-;-;-;-;-;-;-
17.02.2025 04:00;17.02.2025 05:00;-;-;-;-;-;-;-;-;-;-;-;-;-;-;-;-;-
17.02.2025 05:00;17.02.2025 06:00;-;-;-;-;-;-;-;-;-;-;-;-;-;-;-;-;-
17.02.2025 06:00;17.02.2025 07:00;-;-;-;-;-;-;-;-;-;-;-;-;-;-;-;-;-
17.02.2025 07:00;17.02.2025 08:00;-;-;-;-;-;-;-;-;-;-;-;-;-;-;-;-;-
17.02.2025 08:00;17.02.2025 09:00;-;-;-;-;-;-;-;-;-;-;-;-;-;-;-;-;-
17.02.2025 09:00;17.02.2025 10:00;-;-;-;-;-;-;-;-;-;-;-;-;-;-;-;-;-
17.02.2025 10:00;17.02.2025 11:00;-;-;-;-;-;-;-;-;-;-;-;-;-;-;-;-;-
17.02.2025 11:00;17.02.2025 12:00;-;-;-;-;-;-;-;-;-;-;-;-;-;-;-;-;-
17.02.2025 12:00;17.02.2025 13:00;-;-;-;-;-;-;-;-;-;-;-;-;-;-;-;-;-
17.02.2025 13:00;17.02.2025 14:00;-;-;-;-;-;-;-;-;-;-;-;-;-;-;-;-;-
17.02.2025 14:00;17.02.2025 15:00;-;-;-;-;-;-;-;-;-;-;-;-;-;-;-;-;-
17.02.2025 15:00;17.02.2025 16:00;-;-;-;-;-;-;-;-;-;-;-;-;-;-;-;-;-
17.02.2025 16:00;17.02.2025 17:00;-;-;-;-;-;-;-;-;-;-;-;-;-;-;-;-;-
17.02.2025 17:00;17.02.2025 18:00;-;-;-;-;-;-;-;-;-;-;-;-;-;-;-;-;-
17.02.2025 18:00;17.02.2025 19:00;-;-;-;-;-;-;-;-;-;-;-;-;-;-;-;-;-
17.02.2025 19:00;17.02.2025 20:00;-;-;-;-;-;-;-;-;-;-;-;-;-;-;-;-;-
17.02.2025 20:00;17.02.2025 21:00;-;-;-;-;-;-;-;-;-;-;-;-;-;-;-;-;-
17.02.2025 21:00;17.02.2025 22:00;-;-;-;-;-;-;-;-;-;-;-;-;-;-;-;-;-
17.02.2025 22:00;17.02.2025 23:00;-;-;-;-;-;-;-;-;-;-;-;-;-;-;-;-;-
17.02.2025 23:00;18.02.2025 00:00;-;-;-;-;-;-;-;-;-;-;-;-;-;-;-;-;-
18.02.2025 00:00;18.02.2025 01:00;-;-;-;-;-;-;-;-;-;-;-;-;-;-;-;-;-
18.02.2025 01:00;18.02.2025 02:00;-;-;-;-;-;-;-;-;-;-;-;-;-;-;-;-;-
18.02.2025 02:00;18.02.2025 03:00;-;-;-;-;-;-;-;-;-;-;-;-;-;-;-;-;-
18.02.2025 03:00;18.02.2025 04:00;-;-;-;-;-;-;-;-;-;-;-;-;-;-;-;-;-
18.02.2025 04:00;18.02.2025 05:00;-;-;-;-;-;-;-;-;-;-;-;-;-;-;-;-;-
18.02.2025 05:00;18.02.2025 06:00;-;-;-;-;-;-;-;-;-;-;-;-;-;-;-;-;-
18.02.2025 06:00;18.02.2025 07:00;-;-;-;-;-;-;-;-;-;-;-;-;-;-;-;-;-
18.02.2025 07:00;18.02.2025 08:00;-;-;-;-;-;-;-;-;-;-;-;-;-;-;-;-;-
18.02.2025 08:00;18.02.2025 09:00;-;-;-;-;-;-;-;-;-;-;-;-;-;-;-;-;-
18.02.2025 09:00;18.02.2025 10:00;-;-;-;-;-;-;-;-;-;-;-;-;-;-;-;-;-
18.02.2025 10:00;18.02.2025 11:00;-;-;-;-;-;-;-;-;-;-;-;-;-;-;-;-;-
18.02.2025 11:00;18.02.2025 12:00;-;-;-;-;-;-;-;-;-;-;-;-;-;-;-;-;-
18.02.2025 12:00;18.02.2025 13:00;-;-;-;-;-;-;-;-;-;-;-;-;-;-;-;-;-
18.02.2025 13:00;18.02.2025 14:00;-;-;-;-;-;-;-;-;-;-;-;-;-;-;-;-;-
18.02.2025 14:00;18.02.2025 15:00;-;-;-;-;-;-;-;-;-;-;-;-;-;-;-;-;-
18.02.2025 15:00;18.02.2025 16:00;-;-;-;-;-;-;-;-;-;-;-;-;-;-;-;-;-
18.02.2025 16:00;18.02.2025 17:00;-;-;-;-;-;-;-;-;-;-;-;-;-;-;-;-;-
18.02.2025 17:00;18.02.2025 18:00;-;-;-;-;-;-;-;-;-;-;-;-;-;-;-;-;-
18.02.2025 18:00;18.02.2025 19:00;-;-;-;-;-;-;-;-;-;-;-;-;-;-;-;-;-
18.02.2025 19:00;18.02.2025 20:00;-;-;-;-;-;-;-;-;-;-;-;-;-;-;-;-;-
18.02.2025 20:00;18.02.2025 21:00;-;-;-;-;-;-;-;-;-;-;-;-;-;-;-;-;-
18.02.2025 21:00;18.02.2025 22:00;-;-;-;-;-;-;-;-;-;-;-;-;-;-;-;-;-
18.02.2025 22:00;18.02.2025 23:00;-;-;-;-;-;-;-;-;-;-;-;-;-;-;-;-;-
18.02.2025 23:00;19.02.2025 00:00;-;-;-;-;-;-;-;-;-;-;-;-;-;-;-;-;-
19.02.2025 00:00;19.02.2025 01:00;-;-;-;-;-;-;-;-;-;-;-;-;-;-;-;-;-
19.02.2025 01:00;19.02.2025 02:00;-;-;-;-;-;-;-;-;-;-;-;-;-;-;-;-;-
19.02.2025 02:00;19.02.2025 03:00;-;-;-;-;-;-;-;-;-;-;-;-;-;-;-;-;-
19.02.2025 03:00;19.02.2025 04:00;-;-;-;-;-;-;-;-;-;-;-;-;-;-;-;-;-
19.02.2025 04:00;19.02.2025 05:00;-;-;-;-;-;-;-;-;-;-;-;-;-;-;-;-;-
19.02.2025 05:00;19.02.2025 06:00;-;-;-;-;-;-;-;-;-;-;-;-;-;-;-;-;-
19.02.2025 06:00;19.02.2025 07:00;-;-;-;-;-;-;-;-;-;-;-;-;-;-;-;-;-
19.02.2025 07:00;19.02.2025 08:00;-;-;-;-;-;-;-;-;-;-;-;-;-;-;-;-;-
19.02.2025 08:00;19.02.2025 09:00;-;-;-;-;-;-;-;-;-;-;-;-;-;-;-;-;-
19.02.2025 09:00;19.02.2025 10:00;-;-;-;-;-;-;-;-;-;-;-;-;-;-;-;-;-
19.02.2025 10:00;19.02.2025 11:00;-;-;-;-;-;-;-;-;-;-;-;-;-;-;-;-;-
19.02.2025 11:00;19.02.2025 12:00;-;-;-;-;-;-;-;-;-;-;-;-;-;-;-;-;-
19.02.2025 12:00;19.02.2025 13:00;-;-;-;-;-;-;-;-;-;-;-;-;-;-;-;-;-
19.02.2025 13:00;19.02.2025 14:00;-;-;-;-;-;-;-;-;-;-;-;-;-;-;-;-;-
19.02.2025 14:00;19.02.2025 15:00;-;-;-;-;-;-;-;-;-;-;-;-;-;-;-;-;-
19.02.2025 15:00;19.02.2025 16:00;-;-;-;-;-;-;-;-;-;-;-;-;-;-;-;-;-
19.02.2025 16:00;19.02.2025 17:00;-;-;-;-;-;-;-;-;-;-;-;-;-;-;-;-;-
19.02.2025 17:00;19.02.2025 18:00;-;-;-;-;-;-;-;-;-;-;-;-;-;-;-;-;-
19.02.2025 18:00;19.02.2025 19:00;-;-;-;-;-;-;-;-;-;-;-;-;-;-;-;-;-
19.02.2025 19:00;19.02.2025 20:00;-;-;-;-;-;-;-;-;-;-;-;-;-;-;-;-;-
19.02.2025 20:00;19.02.2025 21:00;-;-;-;-;-;-;-;-;-;-;-;-;-;-;-;-;-
19.02.2025 21:00;19.02.2025 22:00;-;-;-;-;-;-;-;-;-;-;-;-;-;-;-;-;-
19.02.2025 22:00;19.02.2025 23:00;-;-;-;-;-;-;-;-;-;-;-;-;-;-;-;-;-
19.02.2025 23:00;20.02.2025 00:00;-;-;-;-;-;-;-;-;-;-;-;-;-;-;-;-;-
20.02.2025 00:00;20.02.2025 01:00;-;-;-;-;-;-;-;-;-;-;-;-;-;-;-;-;-
20.02.2025 01:00;20.02.2025 02:00;-;-;-;-;-;-;-;-;-;-;-;-;-;-;-;-;-
20.02.2025 02:00;20.02.2025 03:00;-;-;-;-;-;-;-;-;-;-;-;-;-;-;-;-;-
20.02.2025 03:00;20.02.2025 04:00;-;-;-;-;-;-;-;-;-;-;-;-;-;-;-;-;-
20.02.2025 04:00;20.02.2025 05:00;-;-;-;-;-;-;-;-;-;-;-;-;-;-;-;-;-
20.02.2025 05:00;20.02.2025 06:00;-;-;-;-;-;-;-;-;-;-;-;-;-;-;-;-;-
20.02.2025 06:00;20.02.2025 07:00;-;-;-;-;-;-;-;-;-;-;-;-;-;-;-;-;-
20.02.2025 07:00;20.02.2025 08:00;-;-;-;-;-;-;-;-;-;-;-;-;-;-;-;-;-
20.02.2025 08:00;20.02.2025 09:00;-;-;-;-;-;-;-;-;-;-;-;-;-;-;-;-;-
20.02.2025 09:00;20.02.2025 10:00;-;-;-;-;-;-;-;-;-;-;-;-;-;-;-;-;-
20.02.2025 10:00;20.02.2025 11:00;-;-;-;-;-;-;-;-;-;-;-;-;-;-;-;-;-
20.02.2025 11:00;20.02.2025 12:00;-;-;-;-;-;-;-;-;-;-;-;-;-;-;-;-;-
20.02.2025 12:00;20.02.2025 13:00;-;-;-;-;-;-;-;-;-;-;-;-;-;-;-;-;-
20.02.2025 13:00;20.02.2025 14:00;-;-;-;-;-;-;-;-;-;-;-;-;-;-;-;-;-
20.02.2025 14:00;20.02.2025 15:00;-;-;-;-;-;-;-;-;-;-;-;-;-;-;-;-;-
20.02.2025 15:00;20.02.2025 16:00;-;-;-;-;-;-;-;-;-;-;-;-;-;-;-;-;-
20.02.2025 16:00;20.02.2025 17:00;-;-;-;-;-;-;-;-;-;-;-;-;-;-;-;-;-
20.02.2025 17:00;20.02.2025 18:00;-;-;-;-;-;-;-;-;-;-;-;-;-;-;-;-;-
20.02.2025 18:00;20.02.2025 19:00;-;-;-;-;-;-;-;-;-;-;-;-;-;-;-;-;-
20.02.2025 19:00;20.02.2025 20:00;-;-;-;-;-;-;-;-;-;-;-;-;-;-;-;-;-
20.02.2025 20:00;20.02.2025 21:00;-;-;-;-;-;-;-;-;-;-;-;-;-;-;-;-;-
20.02.2025 21:00;20.02.2025 22:00;-;-;-;-;-;-;-;-;-;-;-;-;-;-;-;-;-
20.02.2025 22:00;20.02.2025 23:00;-;-;-;-;-;-;-;-;-;-;-;-;-;-;-;-;-
20.02.2025 23:00;21.02.2025 00:00;-;-;-;-;-;-;-;-;-;-;-;-;-;-;-;-;-
21.02.2025 00:00;21.02.2025 01:00;-;-;-;-;-;-;-;-;-;-;-;-;-;-;-;-;-
21.02.2025 01:00;21.02.2025 02:00;-;-;-;-;-;-;-;-;-;-;-;-;-;-;-;-;-
21.02.2025 02:00;21.02.2025 03:00;-;-;-;-;-;-;-;-;-;-;-;-;-;-;-;-;-
21.02.2025 03:00;21.02.2025 04:00;-;-;-;-;-;-;-;-;-;-;-;-;-;-;-;-;-
21.02.2025 04:00;21.02.2025 05:00;-;-;-;-;-;-;-;-;-;-;-;-;-;-;-;-;-
21.02.2025 05:00;21.02.2025 06:00;-;-;-;-;-;-;-;-;-;-;-;-;-;-;-;-;-
21.02.2025 06:00;21.02.2025 07:00;-;-;-;-;-;-;-;-;-;-;-;-;-;-;-;-;-
21.02.2025 07:00;21.02.2025 08:00;-;-;-;-;-;-;-;-;-;-;-;-;-;-;-;-;-
21.02.2025 08:00;21.02.2025 09:00;-;-;-;-;-;-;-;-;-;-;-;-;-;-;-;-;-
21.02.2025 09:00;21.02.2025 10:00;-;-;-;-;-;-;-;-;-;-;-;-;-;-;-;-;-
21.02.2025 10:00;21.02.2025 11:00;-;-;-;-;-;-;-;-;-;-;-;-;-;-;-;-;-
21.02.2025 11:00;21.02.2025 12:00;-;-;-;-;-;-;-;-;-;-;-;-;-;-;-;-;-
21.02.2025 12:00;21.02.2025 13:00;-;-;-;-;-;-;-;-;-;-;-;-;-;-;-;-;-
21.02.2025 13:00;21.02.2025 14:00;-;-;-;-;-;-;-;-;-;-;-;-;-;-;-;-;-
21.02.2025 14:00;21.02.2025 15:00;-;-;-;-;-;-;-;-;-;-;-;-;-;-;-;-;-
21.02.2025 15:00;21.02.2025 16:00;-;-;-;-;-;-;-;-;-;-;-;-;-;-;-;-;-
21.02.2025 16:00;21.02.2025 17:00;-;-;-;-;-;-;-;-;-;-;-;-;-;-;-;-;-
21.02.2025 17:00;21.02.2025 18:00;-;-;-;-;-;-;-;-;-;-;-;-;-;-;-;-;-
21.02.2025 18:00;21.02.2025 19:00;-;-;-;-;-;-;-;-;-;-;-;-;-;-;-;-;-
21.02.2025 19:00;21.02.2025 20:00;-;-;-;-;-;-;-;-;-;-;-;-;-;-;-;-;-
21.02.2025 20:00;21.02.2025 21:00;-;-;-;-;-;-;-;-;-;-;-;-;-;-;-;-;-
21.02.2025 21:00;21.02.2025 22:00;-;-;-;-;-;-;-;-;-;-;-;-;-;-;-;-;-
21.02.2025 22:00;21.02.2025 23:00;-;-;-;-;-;-;-;-;-;-;-;-;-;-;-;-;-
21.02.2025 23:00;22.02.2025 00:00;-;-;-;-;-;-;-;-;-;-;-;-;-;-;-;-;-
22.02.2025 00:00;22.02.2025 01:00;-;-;-;-;-;-;-;-;-;-;-;-;-;-;-;-;-
22.02.2025 01:00;22.02.2025 02:00;-;-;-;-;-;-;-;-;-;-;-;-;-;-;-;-;-
22.02.2025 02:00;22.02.2025 03:00;-;-;-;-;-;-;-;-;-;-;-;-;-;-;-;-;-
22.02.2025 03:00;22.02.2025 04:00;-;-;-;-;-;-;-;-;-;-;-;-;-;-;-;-;-
22.02.2025 04:00;22.02.2025 05:00;-;-;-;-;-;-;-;-;-;-;-;-;-;-;-;-;-
22.02.2025 05:00;22.02.2025 06:00;-;-;-;-;-;-;-;-;-;-;-;-;-;-;-;-;-
22.02.2025 06:00;22.02.2025 07:00;-;-;-;-;-;-;-;-;-;-;-;-;-;-;-;-;-
22.02.2025 07:00;22.02.2025 08:00;-;-;-;-;-;-;-;-;-;-;-;-;-;-;-;-;-
22.02.2025 08:00;22.02.2025 09:00;-;-;-;-;-;-;-;-;-;-;-;-;-;-;-;-;-
22.02.2025 09:00;22.02.2025 10:00;-;-;-;-;-;-;-;-;-;-;-;-;-;-;-;-;-
22.02.2025 10:00;22.02.2025 11:00;-;-;-;-;-;-;-;-;-;-;-;-;-;-;-;-;-
22.02.2025 11:00;22.02.2025 12:00;-;-;-;-;-;-;-;-;-;-;-;-;-;-;-;-;-
22.02.2025 12:00;22.02.2025 13:00;-;-;-;-;-;-;-;-;-;-;-;-;-;-;-;-;-
22.02.2025 13:00;22.02.2025 14:00;-;-;-;-;-;-;-;-;-;-;-;-;-;-;-;-;-
22.02.2025 14:00;22.02.2025 15:00;-;-;-;-;-;-;-;-;-;-;-;-;-;-;-;-;-
22.02.2025 15:00;22.02.2025 16:00;-;-;-;-;-;-;-;-;-;-;-;-;-;-;-;-;-
22.02.2025 16:00;22.02.2025 17:00;-;-;-;-;-;-;-;-;-;-;-;-;-;-;-;-;-
22.02.2025 17:00;22.02.2025 18:00;-;-;-;-;-;-;-;-;-;-;-;-;-;-;-;-;-
22.02.2025 18:00;22.02.2025 19:00;-;-;-;-;-;-;-;-;-;-;-;-;-;-;-;-;-
22.02.2025 19:00;22.02.2025 20:00;-;-;-;-;-;-;-;-;-;-;-;-;-;-;-;-;-
22.02.2025 20:00;22.02.2025 21:00;-;-;-;-;-;-;-;-;-;-;-;-;-;-;-;-;-
22.02.2025 21:00;22.02.2025 22:00;-;-;-;-;-;-;-;-;-;-;-;-;-;-;-;-;-
22.02.2025 22:00;22.02.2025 23:00;-;-;-;-;-;-;-;-;-;-;-;-;-;-;-;-;-
22.02.2025 23:00;23.02.2025 00:00;-;-;-;-;-;-;-;-;-;-;-;-;-;-;-;-;-
23.02.2025 00:00;23.02.2025 01:00;-;-;-;-;-;-;-;-;-;-;-;-;-;-;-;-;-
23.02.2025 01:00;23.02.2025 02:00;-;-;-;-;-;-;-;-;-;-;-;-;-;-;-;-;-
23.02.2025 02:00;23.02.2025 03:00;-;-;-;-;-;-;-;-;-;-;-;-;-;-;-;-;-
23.02.2025 03:00;23.02.2025 04:00;-;-;-;-;-;-;-;-;-;-;-;-;-;-;-;-;-
23.02.2025 04:00;23.02.2025 05:00;-;-;-;-;-;-;-;-;-;-;-;-;-;-;-;-;-
23.02.2025 05:00;23.02.2025 06:00;-;-;-;-;-;-;-;-;-;-;-;-;-;-;-;-;-
23.02.2025 06:00;23.02.2025 07:00;-;-;-;-;-;-;-;-;-;-;-;-;-;-;-;-;-
23.02.2025 07:00;23.02.2025 08:00;-;-;-;-;-;-;-;-;-;-;-;-;-;-;-;-;-
23.02.2025 08:00;23.02.2025 09:00;-;-;-;-;-;-;-;-;-;-;-;-;-;-;-;-;-
23.02.2025 09:00;23.02.2025 10:00;-;-;-;-;-;-;-;-;-;-;-;-;-;-;-;-;-
23.02.2025 10:00;23.02.2025 11:00;-;-;-;-;-;-;-;-;-;-;-;-;-;-;-;-;-
23.02.2025 11:00;23.02.2025 12:00;-;-;-;-;-;-;-;-;-;-;-;-;-;-;-;-;-
23.02.2025 12:00;23.02.2025 13:00;-;-;-;-;-;-;-;-;-;-;-;-;-;-;-;-;-
23.02.2025 13:00;23.02.2025 14:00;-;-;-;-;-;-;-;-;-;-;-;-;-;-;-;-;-
23.02.2025 14:00;23.02.2025 15:00;-;-;-;-;-;-;-;-;-;-;-;-;-;-;-;-;-
23.02.2025 15:00;23.02.2025 16:00;-;-;-;-;-;-;-;-;-;-;-;-;-;-;-;-;-
23.02.2025 16:00;23.02.2025 17:00;-;-;-;-;-;-;-;-;-;-;-;-;-;-;-;-;-
23.02.2025 17:00;23.02.2025 18:00;-;-;-;-;-;-;-;-;-;-;-;-;-;-;-;-;-
23.02.2025 18:00;23.02.2025 19:00;-;-;-;-;-;-;-;-;-;-;-;-;-;-;-;-;-
23.02.2025 19:00;23.02.2025 20:00;-;-;-;-;-;-;-;-;-;-;-;-;-;-;-;-;-
23.02.2025 20:00;23.02.2025 21:00;-;-;-;-;-;-;-;-;-;-;-;-;-;-;-;-;-
23.02.2025 21:00;23.02.2025 22:00;-;-;-;-;-;-;-;-;-;-;-;-;-;-;-;-;-
23.02.2025 22:00;23.02.2025 23:00;-;-;-;-;-;-;-;-;-;-;-;-;-;-;-;-;-
23.02.2025 23:00;24.02.2025 00:00;-;-;-;-;-;-;-;-;-;-;-;-;-;-;-;-;-
24.02.2025 00:00;24.02.2025 01:00;-;-;-;-;-;-;-;-;-;-;-;-;-;-;-;-;-
24.02.2025 01:00;24.02.2025 02:00;-;-;-;-;-;-;-;-;-;-;-;-;-;-;-;-;-
24.02.2025 02:00;24.02.2025 03:00;-;-;-;-;-;-;-;-;-;-;-;-;-;-;-;-;-
24.02.2025 03:00;24.02.2025 04:00;-;-;-;-;-;-;-;-;-;-;-;-;-;-;-;-;-
24.02.2025 04:00;24.02.2025 05:00;-;-;-;-;-;-;-;-;-;-;-;-;-;-;-;-;-
24.02.2025 05:00;24.02.2025 06:00;-;-;-;-;-;-;-;-;-;-;-;-;-;-;-;-;-
24.02.2025 06:00;24.02.2025 07:00;-;-;-;-;-;-;-;-;-;-;-;-;-;-;-;-;-
24.02.2025 07:00;24.02.2025 08:00;-;-;-;-;-;-;-;-;-;-;-;-;-;-;-;-;-
24.02.2025 08:00;24.02.2025 09:00;-;-;-;-;-;-;-;-;-;-;-;-;-;-;-;-;-
24.02.2025 09:00;24.02.2025 10:00;-;-;-;-;-;-;-;-;-;-;-;-;-;-;-;-;-
24.02.2025 10:00;24.02.2025 11:00;-;-;-;-;-;-;-;-;-;-;-;-;-;-;-;-;-
24.02.2025 11:00;24.02.2025 12:00;-;-;-;-;-;-;-;-;-;-;-;-;-;-;-;-;-
24.02.2025 12:00;24.02.2025 13:00;-;-;-;-;-;-;-;-;-;-;-;-;-;-;-;-;-
24.02.2025 13:00;24.02.2025 14:00;-;-;-;-;-;-;-;-;-;-;-;-;-;-;-;-;-
24.02.2025 14:00;24.02.2025 15:00;-;-;-;-;-;-;-;-;-;-;-;-;-;-;-;-;-
24.02.2025 15:00;24.02.2025 16:00;-;-;-;-;-;-;-;-;-;-;-;-;-;-;-;-;-
24.02.2025 16:00;24.02.2025 17:00;-;-;-;-;-;-;-;-;-;-;-;-;-;-;-;-;-
24.02.2025 17:00;24.02.2025 18:00;-;-;-;-;-;-;-;-;-;-;-;-;-;-;-;-;-
24.02.2025 18:00;24.02.2025 19:00;-;-;-;-;-;-;-;-;-;-;-;-;-;-;-;-;-
24.02.2025 19:00;24.02.2025 20:00;-;-;-;-;-;-;-;-;-;-;-;-;-;-;-;-;-
24.02.2025 20:00;24.02.2025 21:00;-;-;-;-;-;-;-;-;-;-;-;-;-;-;-;-;-
24.02.2025 21:00;24.02.2025 22:00;-;-;-;-;-;-;-;-;-;-;-;-;-;-;-;-;-
24.02.2025 22:00;24.02.2025 23:00;-;-;-;-;-;-;-;-;-;-;-;-;-;-;-;-;-
24.02.2025 23:00;25.02.2025 00:00;-;-;-;-;-;-;-;-;-;-;-;-;-;-;-;-;-
25.02.2025 00:00;25.02.2025 01:00;-;-;-;-;-;-;-;-;-;-;-;-;-;-;-;-;-
25.02.2025 01:00;25.02.2025 02:00;-;-;-;-;-;-;-;-;-;-;-;-;-;-;-;-;-
25.02.2025 02:00;25.02.2025 03:00;-;-;-;-;-;-;-;-;-;-;-;-;-;-;-;-;-
25.02.2025 03:00;25.02.2025 04:00;-;-;-;-;-;-;-;-;-;-;-;-;-;-;-;-;-
25.02.2025 04:00;25.02.2025 05:00;-;-;-;-;-;-;-;-;-;-;-;-;-;-;-;-;-
25.02.2025 05:00;25.02.2025 06:00;-;-;-;-;-;-;-;-;-;-;-;-;-;-;-;-;-
25.02.2025 06:00;25.02.2025 07:00;-;-;-;-;-;-;-;-;-;-;-;-;-;-;-;-;-
25.02.2025 07:00;25.02.2025 08:00;-;-;-;-;-;-;-;-;-;-;-;-;-;-;-;-;-
25.02.2025 08:00;25.02.2025 09:00;-;-;-;-;-;-;-;-;-;-;-;-;-;-;-;-;-
25.02.2025 09:00;25.02.2025 10:00;-;-;-;-;-;-;-;-;-;-;-;-;-;-;-;-;-
25.02.2025 10:00;25.02.2025 11:00;-;-;-;-;-;-;-;-;-;-;-;-;-;-;-;-;-
25.02.2025 11:00;25.02.2025 12:00;-;-;-;-;-;-;-;-;-;-;-;-;-;-;-;-;-
25.02.2025 12:00;25.02.2025 13:00;-;-;-;-;-;-;-;-;-;-;-;-;-;-;-;-;-
25.02.2025 13:00;25.02.2025 14:00;-;-;-;-;-;-;-;-;-;-;-;-;-;-;-;-;-
25.02.2025 14:00;25.02.2025 15:00;-;-;-;-;-;-;-;-;-;-;-;-;-;-;-;-;-
25.02.2025 15:00;25.02.2025 16:00;-;-;-;-;-;-;-;-;-;-;-;-;-;-;-;-;-
25.02.2025 16:00;25.02.2025 17:00;-;-;-;-;-;-;-;-;-;-;-;-;-;-;-;-;-
25.02.2025 17:00;25.02.2025 18:00;-;-;-;-;-;-;-;-;-;-;-;-;-;-;-;-;-
25.02.2025 18:00;25.02.2025 19:00;-;-;-;-;-;-;-;-;-;-;-;-;-;-;-;-;-
25.02.2025 19:00;25.02.2025 20:00;-;-;-;-;-;-;-;-;-;-;-;-;-;-;-;-;-
25.02.2025 20:00;25.02.2025 21:00;-;-;-;-;-;-;-;-;-;-;-;-;-;-;-;-;-
25.02.2025 21:00;25.02.2025 22:00;-;-;-;-;-;-;-;-;-;-;-;-;-;-;-;-;-
25.02.2025 22:00;25.02.2025 23:00;-;-;-;-;-;-;-;-;-;-;-;-;-;-;-;-;-
25.02.2025 23:00;26.02.2025 00:00;-;-;-;-;-;-;-;-;-;-;-;-;-;-;-;-;-
26.02.2025 00:00;26.02.2025 01:00;-;-;-;-;-;-;-;-;-;-;-;-;-;-;-;-;-
26.02.2025 01:00;26.02.2025 02:00;-;-;-;-;-;-;-;-;-;-;-;-;-;-;-;-;-
26.02.2025 02:00;26.02.2025 03:00;-;-;-;-;-;-;-;-;-;-;-;-;-;-;-;-;-
26.02.2025 03:00;26.02.2025 04:00;-;-;-;-;-;-;-;-;-;-;-;-;-;-;-;-;-
26.02.2025 04:00;26.02.2025 05:00;-;-;-;-;-;-;-;-;-;-;-;-;-;-;-;-;-
26.02.2025 05:00;26.02.2025 06:00;-;-;-;-;-;-;-;-;-;-;-;-;-;-;-;-;-
26.02.2025 06:00;26.02.2025 07:00;-;-;-;-;-;-;-;-;-;-;-;-;-;-;-;-;-
26.02.2025 07:00;26.02.2025 08:00;-;-;-;-;-;-;-;-;-;-;-;-;-;-;-;-;-
26.02.2025 08:00;26.02.2025 09:00;-;-;-;-;-;-;-;-;-;-;-;-;-;-;-;-;-
26.02.2025 09:00;26.02.2025 10:00;-;-;-;-;-;-;-;-;-;-;-;-;-;-;-;-;-
26.02.2025 10:00;26.02.2025 11:00;-;-;-;-;-;-;-;-;-;-;-;-;-;-;-;-;-
26.02.2025 11:00;26.02.2025 12:00;-;-;-;-;-;-;-;-;-;-;-;-;-;-;-;-;-
26.02.2025 12:00;26.02.2025 13:00;-;-;-;-;-;-;-;-;-;-;-;-;-;-;-;-;-
26.02.2025 13:00;26.02.2025 14:00;-;-;-;-;-;-;-;-;-;-;-;-;-;-;-;-;-
26.02.2025 14:00;26.02.2025 15:00;-;-;-;-;-;-;-;-;-;-;-;-;-;-;-;-;-
26.02.2025 15:00;26.02.2025 16:00;-;-;-;-;-;-;-;-;-;-;-;-;-;-;-;-;-
26.02.2025 16:00;26.02.2025 17:00;-;-;-;-;-;-;-;-;-;-;-;-;-;-;-;-;-
26.02.2025 17:00;26.02.2025 18:00;-;-;-;-;-;-;-;-;-;-;-;-;-;-;-;-;-
26.02.2025 18:00;26.02.2025 19:00;-;-;-;-;-;-;-;-;-;-;-;-;-;-;-;-;-
26.02.2025 19:00;26.02.2025 20:00;-;-;-;-;-;-;-;-;-;-;-;-;-;-;-;-;-
26.02.2025 20:00;26.02.2025 21:00;-;-;-;-;-;-;-;-;-;-;-;-;-;-;-;-;-
26.02.2025 21:00;26.02.2025 22:00;-;-;-;-;-;-;-;-;-;-;-;-;-;-;-;-;-
26.02.2025 22:00;26.02.2025 23:00;-;-;-;-;-;-;-;-;-;-;-;-;-;-;-;-;-
26.02.2025 23:00;27.02.2025 00:00;-;-;-;-;-;-;-;-;-;-;-;-;-;-;-;-;-
27.02.2025 00:00;27.02.2025 01:00;-;-;-;-;-;-;-;-;-;-;-;-;-;-;-;-;-
27.02.2025 01:00;27.02.2025 02:00;-;-;-;-;-;-;-;-;-;-;-;-;-;-;-;-;-
27.02.2025 02:00;27.02.2025 03:00;-;-;-;-;-;-;-;-;-;-;-;-;-;-;-;-;-
27.02.2025 03:00;27.02.2025 04:00;-;-;-;-;-;-;-;-;-;-;-;-;-;-;-;-;-
27.02.2025 04:00;27.02.2025 05:00;-;-;-;-;-;-;-;-;-;-;-;-;-;-;-;-;-
27.02.2025 05:00;27.02.2025 06:00;-;-;-;-;-;-;-;-;-;-;-;-;-;-;-;-;-
27.02.2025 06:00;27.02.2025 07:00;-;-;-;-;-;-;-;-;-;-;-;-;-;-;-;-;-
27.02.2025 07:00;27.02.2025 08:00;-;-;-;-;-;-;-;-;-;-;-;-;-;-;-;-;-
27.02.2025 08:00;27.02.2025 09:00;-;-;-;-;-;-;-;-;-;-;-;-;-;-;-;-;-
27.02.2025 09:00;27.02.2025 10:00;-;-;-;-;-;-;-;-;-;-;-;-;-;-;-;-;-
27.02.2025 10:00;27.02.2025 11:00;-;-;-;-;-;-;-;-;-;-;-;-;-;-;-;-;-
27.02.2025 11:00;27.02.2025 12:00;-;-;-;-;-;-;-;-;-;-;-;-;-;-;-;-;-
27.02.2025 12:00;27.02.2025 13:00;-;-;-;-;-;-;-;-;-;-;-;-;-;-;-;-;-
27.02.2025 13:00;27.02.2025 14:00;-;-;-;-;-;-;-;-;-;-;-;-;-;-;-;-;-
27.02.2025 14:00;27.02.2025 15:00;-;-;-;-;-;-;-;-;-;-;-;-;-;-;-;-;-
27.02.2025 15:00;27.02.2025 16:00;-;-;-;-;-;-;-;-;-;-;-;-;-;-;-;-;-
27.02.2025 16:00;27.02.2025 17:00;-;-;-;-;-;-;-;-;-;-;-;-;-;-;-;-;-
27.02.2025 17:00;27.02.2025 18:00;-;-;-;-;-;-;-;-;-;-;-;-;-;-;-;-;-
27.02.2025 18:00;27.02.2025 19:00;-;-;-;-;-;-;-;-;-;-;-;-;-;-;-;-;-
27.02.2025 19:00;27.02.2025 20:00;-;-;-;-;-;-;-;-;-;-;-;-;-;-;-;-;-
27.02.2025 20:00;27.02.2025 21:00;-;-;-;-;-;-;-;-;-;-;-;-;-;-;-;-;-
27.02.2025 21:00;27.02.2025 22:00;-;-;-;-;-;-;-;-;-;-;-;-;-;-;-;-;-
27.02.2025 22:00;27.02.2025 23:00;-;-;-;-;-;-;-;-;-;-;-;-;-;-;-;-;-
27.02.2025 23:00;28.02.2025 00:00;-;-;-;-;-;-;-;-;-;-;-;-;-;-;-;-;-
28.02.2025 00:00;28.02.2025 01:00;-;-;-;-;-;-;-;-;-;-;-;-;-;-;-;-;-
28.02.2025 01:00;28.02.2025 02:00;-;-;-;-;-;-;-;-;-;-;-;-;-;-;-;-;-
28.02.2025 02:00;28.02.2025 03:00;-;-;-;-;-;-;-;-;-;-;-;-;-;-;-;-;-
28.02.2025 03:00;28.02.2025 04:00;-;-;-;-;-;-;-;-;-;-;-;-;-;-;-;-;-
28.02.2025 04:00;28.02.2025 05:00;-;-;-;-;-;-;-;-;-;-;-;-;-;-;-;-;-
28.02.2025 05:00;28.02.2025 06:00;-;-;-;-;-;-;-;-;-;-;-;-;-;-;-;-;-
28.02.2025 06:00;28.02.2025 07:00;-;-;-;-;-;-;-;-;-;-;-;-;-;-;-;-;-
28.02.2025 07:00;28.02.2025 08:00;-;-;-;-;-;-;-;-;-;-;-;-;-;-;-;-;-
28.02.2025 08:00;28.02.2025 09:00;-;-;-;-;-;-;-;-;-;-;-;-;-;-;-;-;-
28.02.2025 09:00;28.02.2025 10:00;-;-;-;-;-;-;-;-;-;-;-;-;-;-;-;-;-
28.02.2025 10:00;28.02.2025 11:00;-;-;-;-;-;-;-;-;-;-;-;-;-;-;-;-;-
28.02.2025 11:00;28.02.2025 12:00;-;-;-;-;-;-;-;-;-;-;-;-;-;-;-;-;-
28.02.2025 12:00;28.02.2025 13:00;-;-;-;-;-;-;-;-;-;-;-;-;-;-;-;-;-
28.02.2025 13:00;28.02.2025 14:00;-;-;-;-;-;-;-;-;-;-;-;-;-;-;-;-;-
28.02.2025 14:00;28.02.2025 15:00;-;-;-;-;-;-;-;-;-;-;-;-;-;-;-;-;-
28.02.2025 15:00;28.02.2025 16:00;-;-;-;-;-;-;-;-;-;-;-;-;-;-;-;-;-
28.02.2025 16:00;28.02.2025 17:00;-;-;-;-;-;-;-;-;-;-;-;-;-;-;-;-;-
28.02.2025 17:00;28.02.2025 18:00;-;-;-;-;-;-;-;-;-;-;-;-;-;-;-;-;-
28.02.2025 18:00;28.02.2025 19:00;-;-;-;-;-;-;-;-;-;-;-;-;-;-;-;-;-
28.02.2025 19:00;28.02.2025 20:00;-;-;-;-;-;-;-;-;-;-;-;-;-;-;-;-;-
28.02.2025 20:00;28.02.2025 21:00;-;-;-;-;-;-;-;-;-;-;-;-;-;-;-;-;-
28.02.2025 21:00;28.02.2025 22:00;-;-;-;-;-;-;-;-;-;-;-;-;-;-;-;-;-
28.02.2025 22:00;28.02.2025 23:00;-;-;-;-;-;-;-;-;-;-;-;-;-;-;-;-;-
28.02.2025 23:00;01.03.2025 00:00;-;-;-;-;-;-;-;-;-;-;-;-;-;-;-;-;-
01.03.2025 00:00;01.03.2025 01:00;-;-;-;-;-;-;-;-;-;-;-;-;-;-;-;-;-
01.03.2025 01:00;01.03.2025 02:00;-;-;-;-;-;-;-;-;-;-;-;-;-;-;-;-;-
01.03.2025 02:00;01.03.2025 03:00;-;-;-;-;-;-;-;-;-;-;-;-;-;-;-;-;-
01.03.2025 03:00;01.03.2025 04:00;-;-;-;-;-;-;-;-;-;-;-;-;-;-;-;-;-
01.03.2025 04:00;01.03.2025 05:00;-;-;-;-;-;-;-;-;-;-;-;-;-;-;-;-;-
01.03.2025 05:00;01.03.2025 06:00;-;-;-;-;-;-;-;-;-;-;-;-;-;-;-;-;-
01.03.2025 06:00;01.03.2025 07:00;-;-;-;-;-;-;-;-;-;-;-;-;-;-;-;-;-
01.03.2025 07:00;01.03.2025 08:00;-;-;-;-;-;-;-;-;-;-;-;-;-;-;-;-;-
01.03.2025 08:00;01.03.2025 09:00;-;-;-;-;-;-;-;-;-;-;-;-;-;-;-;-;-
01.03.2025 09:00;01.03.2025 10:00;-;-;-;-;-;-;-;-;-;-;-;-;-;-;-;-;-
01.03.2025 10:00;01.03.2025 11:00;-;-;-;-;-;-;-;-;-;-;-;-;-;-;-;-;-
01.03.2025 11:00;01.03.2025 12:00;-;-;-;-;-;-;-;-;-;-;-;-;-;-;-;-;-
01.03.2025 12:00;01.03.2025 13:00;-;-;-;-;-;-;-;-;-;-;-;-;-;-;-;-;-
01.03.2025 13:00;01.03.2025 14:00;-;-;-;-;-;-;-;-;-;-;-;-;-;-;-;-;-
01.03.2025 14:00;01.03.2025 15:00;-;-;-;-;-;-;-;-;-;-;-;-;-;-;-;-;-
01.03.2025 15:00;01.03.2025 16:00;-;-;-;-;-;-;-;-;-;-;-;-;-;-;-;-;-
01.03.2025 16:00;01.03.2025 17:00;-;-;-;-;-;-;-;-;-;-;-;-;-;-;-;-;-
01.03.2025 17:00;01.03.2025 18:00;-;-;-;-;-;-;-;-;-;-;-;-;-;-;-;-;-
01.03.2025 18:00;01.03.2025 19:00;-;-;-;-;-;-;-;-;-;-;-;-;-;-;-;-;-
01.03.2025 19:00;01.03.2025 20:00;-;-;-;-;-;-;-;-;-;-;-;-;-;-;-;-;-
01.03.2025 20:00;01.03.2025 21:00;-;-;-;-;-;-;-;-;-;-;-;-;-;-;-;-;-
01.03.2025 21:00;01.03.2025 22:00;-;-;-;-;-;-;-;-;-;-;-;-;-;-;-;-;-
01.03.2025 22:00;01.03.2025 23:00;-;-;-;-;-;-;-;-;-;-;-;-;-;-;-;-;-
01.03.2025 23:00;02.03.2025 00:00;-;-;-;-;-;-;-;-;-;-;-;-;-;-;-;-;-
02.03.2025 00:00;02.03.2025 01:00;-;-;-;-;-;-;-;-;-;-;-;-;-;-;-;-;-
02.03.2025 01:00;02.03.2025 02:00;-;-;-;-;-;-;-;-;-;-;-;-;-;-;-;-;-
02.03.2025 02:00;02.03.2025 03:00;-;-;-;-;-;-;-;-;-;-;-;-;-;-;-;-;-
02.03.2025 03:00;02.03.2025 04:00;-;-;-;-;-;-;-;-;-;-;-;-;-;-;-;-;-
02.03.2025 04:00;02.03.2025 05:00;-;-;-;-;-;-;-;-;-;-;-;-;-;-;-;-;-
02.03.2025 05:00;02.03.2025 06:00;-;-;-;-;-;-;-;-;-;-;-;-;-;-;-;-;-
02.03.2025 06:00;02.03.2025 07:00;-;-;-;-;-;-;-;-;-;-;-;-;-;-;-;-;-
02.03.2025 07:00;02.03.2025 08:00;-;-;-;-;-;-;-;-;-;-;-;-;-;-;-;-;-
02.03.2025 08:00;02.03.2025 09:00;-;-;-;-;-;-;-;-;-;-;-;-;-;-;-;-;-
02.03.2025 09:00;02.03.2025 10:00;-;-;-;-;-;-;-;-;-;-;-;-;-;-;-;-;-
02.03.2025 10:00;02.03.2025 11:00;-;-;-;-;-;-;-;-;-;-;-;-;-;-;-;-;-
02.03.2025 11:00;02.03.2025 12:00;-;-;-;-;-;-;-;-;-;-;-;-;-;-;-;-;-
02.03.2025 12:00;02.03.2025 13:00;-;-;-;-;-;-;-;-;-;-;-;-;-;-;-;-;-
02.03.2025 13:00;02.03.2025 14:00;-;-;-;-;-;-;-;-;-;-;-;-;-;-;-;-;-
02.03.2025 14:00;02.03.2025 15:00;-;-;-;-;-;-;-;-;-;-;-;-;-;-;-;-;-
02.03.2025 15:00;02.03.2025 16:00;-;-;-;-;-;-;-;-;-;-;-;-;-;-;-;-;-
02.03.2025 16:00;02.03.2025 17:00;-;-;-;-;-;-;-;-;-;-;-;-;-;-;-;-;-
02.03.2025 17:00;02.03.2025 18:00;-;-;-;-;-;-;-;-;-;-;-;-;-;-;-;-;-
02.03.2025 18:00;02.03.2025 19:00;-;-;-;-;-;-;-;-;-;-;-;-;-;-;-;-;-
02.03.2025 19:00;02.03.2025 20:00;-;-;-;-;-;-;-;-;-;-;-;-;-;-;-;-;-
02.03.2025 20:00;02.03.2025 21:00;-;-;-;-;-;-;-;-;-;-;-;-;-;-;-;-;-
02.03.2025 21:00;02.03.2025 22:00;-;-;-;-;-;-;-;-;-;-;-;-;-;-;-;-;-
02.03.2025 22:00;02.03.2025 23:00;-;-;-;-;-;-;-;-;-;-;-;-;-;-;-;-;-
02.03.2025 23:00;03.03.2025 00:00;-;-;-;-;-;-;-;-;-;-;-;-;-;-;-;-;-
03.03.2025 00:00;03.03.2025 01:00;-;-;-;-;-;-;-;-;-;-;-;-;-;-;-;-;-
03.03.2025 01:00;03.03.2025 02:00;-;-;-;-;-;-;-;-;-;-;-;-;-;-;-;-;-
03.03.2025 02:00;03.03.2025 03:00;-;-;-;-;-;-;-;-;-;-;-;-;-;-;-;-;-
03.03.2025 03:00;03.03.2025 04:00;-;-;-;-;-;-;-;-;-;-;-;-;-;-;-;-;-
03.03.2025 04:00;03.03.2025 05:00;-;-;-;-;-;-;-;-;-;-;-;-;-;-;-;-;-
03.03.2025 05:00;03.03.2025 06:00;-;-;-;-;-;-;-;-;-;-;-;-;-;-;-;-;-
03.03.2025 06:00;03.03.2025 07:00;-;-;-;-;-;-;-;-;-;-;-;-;-;-;-;-;-
03.03.2025 07:00;03.03.2025 08:00;-;-;-;-;-;-;-;-;-;-;-;-;-;-;-;-;-
03.03.2025 08:00;03.03.2025 09:00;-;-;-;-;-;-;-;-;-;-;-;-;-;-;-;-;-
03.03.2025 09:00;03.03.2025 10:00;-;-;-;-;-;-;-;-;-;-;-;-;-;-;-;-;-
03.03.2025 10:00;03.03.2025 11:00;-;-;-;-;-;-;-;-;-;-;-;-;-;-;-;-;-
03.03.2025 11:00;03.03.2025 12:00;-;-;-;-;-;-;-;-;-;-;-;-;-;-;-;-;-
03.03.2025 12:00;03.03.2025 13:00;-;-;-;-;-;-;-;-;-;-;-;-;-;-;-;-;-
03.03.2025 13:00;03.03.2025 14:00;-;-;-;-;-;-;-;-;-;-;-;-;-;-;-;-;-
03.03.2025 14:00;03.03.2025 15:00;-;-;-;-;-;-;-;-;-;-;-;-;-;-;-;-;-
03.03.2025 15:00;03.03.2025 16:00;-;-;-;-;-;-;-;-;-;-;-;-;-;-;-;-;-
03.03.2025 16:00;03.03.2025 17:00;-;-;-;-;-;-;-;-;-;-;-;-;-;-;-;-;-
03.03.2025 17:00;03.03.2025 18:00;-;-;-;-;-;-;-;-;-;-;-;-;-;-;-;-;-
03.03.2025 18:00;03.03.2025 19:00;-;-;-;-;-;-;-;-;-;-;-;-;-;-;-;-;-
03.03.2025 19:00;03.03.2025 20:00;-;-;-;-;-;-;-;-;-;-;-;-;-;-;-;-;-
03.03.2025 20:00;03.03.2025 21:00;-;-;-;-;-;-;-;-;-;-;-;-;-;-;-;-;-
03.03.2025 21:00;03.03.2025 22:00;-;-;-;-;-;-;-;-;-;-;-;-;-;-;-;-;-
03.03.2025 22:00;03.03.2025 23:00;-;-;-;-;-;-;-;-;-;-;-;-;-;-;-;-;-
03.03.2025 23:00;04.03.2025 00:00;-;-;-;-;-;-;-;-;-;-;-;-;-;-;-;-;-
04.03.2025 00:00;04.03.2025 01:00;-;-;-;-;-;-;-;-;-;-;-;-;-;-;-;-;-
04.03.2025 01:00;04.03.2025 02:00;-;-;-;-;-;-;-;-;-;-;-;-;-;-;-;-;-
04.03.2025 02:00;04.03.2025 03:00;-;-;-;-;-;-;-;-;-;-;-;-;-;-;-;-;-
04.03.2025 03:00;04.03.2025 04:00;-;-;-;-;-;-;-;-;-;-;-;-;-;-;-;-;-
04.03.2025 04:00;04.03.2025 05:00;-;-;-;-;-;-;-;-;-;-;-;-;-;-;-;-;-
04.03.2025 05:00;04.03.2025 06:00;-;-;-;-;-;-;-;-;-;-;-;-;-;-;-;-;-
04.03.2025 06:00;04.03.2025 07:00;-;-;-;-;-;-;-;-;-;-;-;-;-;-;-;-;-
04.03.2025 07:00;04.03.2025 08:00;-;-;-;-;-;-;-;-;-;-;-;-;-;-;-;-;-
04.03.2025 08:00;04.03.2025 09:00;-;-;-;-;-;-;-;-;-;-;-;-;-;-;-;-;-
04.03.2025 09:00;04.03.2025 10:00;-;-;-;-;-;-;-;-;-;-;-;-;-;-;-;-;-
04.03.2025 10:00;04.03.2025 11:00;-;-;-;-;-;-;-;-;-;-;-;-;-;-;-;-;-
04.03.2025 11:00;04.03.2025 12:00;-;-;-;-;-;-;-;-;-;-;-;-;-;-;-;-;-
04.03.2025 12:00;04.03.2025 13:00;-;-;-;-;-;-;-;-;-;-;-;-;-;-;-;-;-
04.03.2025 13:00;04.03.2025 14:00;-;-;-;-;-;-;-;-;-;-;-;-;-;-;-;-;-
04.03.2025 14:00;04.03.2025 15:00;-;-;-;-;-;-;-;-;-;-;-;-;-;-;-;-;-
04.03.2025 15:00;04.03.2025 16:00;-;-;-;-;-;-;-;-;-;-;-;-;-;-;-;-;-
04.03.2025 16:00;04.03.2025 17:00;-;-;-;-;-;-;-;-;-;-;-;-;-;-;-;-;-
04.03.2025 17:00;04.03.2025 18:00;-;-;-;-;-;-;-;-;-;-;-;-;-;-;-;-;-
04.03.2025 18:00;04.03.2025 19:00;-;-;-;-;-;-;-;-;-;-;-;-;-;-;-;-;-
04.03.2025 19:00;04.03.2025 20:00;-;-;-;-;-;-;-;-;-;-;-;-;-;-;-;-;-
04.03.2025 20:00;04.03.2025 21:00;-;-;-;-;-;-;-;-;-;-;-;-;-;-;-;-;-
04.03.2025 21:00;04.03.2025 22:00;-;-;-;-;-;-;-;-;-;-;-;-;-;-;-;-;-
04.03.2025 22:00;04.03.2025 23:00;-;-;-;-;-;-;-;-;-;-;-;-;-;-;-;-;-
04.03.2025 23:00;05.03.2025 00:00;-;-;-;-;-;-;-;-;-;-;-;-;-;-;-;-;-
05.03.2025 00:00;05.03.2025 01:00;-;-;-;-;-;-;-;-;-;-;-;-;-;-;-;-;-
05.03.2025 01:00;05.03.2025 02:00;-;-;-;-;-;-;-;-;-;-;-;-;-;-;-;-;-
05.03.2025 02:00;05.03.2025 03:00;-;-;-;-;-;-;-;-;-;-;-;-;-;-;-;-;-
05.03.2025 03:00;05.03.2025 04:00;-;-;-;-;-;-;-;-;-;-;-;-;-;-;-;-;-
05.03.2025 04:00;05.03.2025 05:00;-;-;-;-;-;-;-;-;-;-;-;-;-;-;-;-;-
05.03.2025 05:00;05.03.2025 06:00;-;-;-;-;-;-;-;-;-;-;-;-;-;-;-;-;-
05.03.2025 06:00;05.03.2025 07:00;-;-;-;-;-;-;-;-;-;-;-;-;-;-;-;-;-
05.03.2025 07:00;05.03.2025 08:00;-;-;-;-;-;-;-;-;-;-;-;-;-;-;-;-;-
05.03.2025 08:00;05.03.2025 09:00;-;-;-;-;-;-;-;-;-;-;-;-;-;-;-;-;-
05.03.2025 09:00;05.03.2025 10:00;-;-;-;-;-;-;-;-;-;-;-;-;-;-;-;-;-
05.03.2025 10:00;05.03.2025 11:00;-;-;-;-;-;-;-;-;-;-;-;-;-;-;-;-;-
05.03.2025 11:00;05.03.2025 12:00;-;-;-;-;-;-;-;-;-;-;-;-;-;-;-;-;-
05.03.2025 12:00;05.03.2025 13:00;-;-;-;-;-;-;-;-;-;-;-;-;-;-;-;-;-
05.03.2025 13:00;05.03.2025 14:00;-;-;-;-;-;-;-;-;-;-;-;-;-;-;-;-;-
05.03.2025 14:00;05.03.2025 15:00;-;-;-;-;-;-;-;-;-;-;-;-;-;-;-;-;-
05.03.2025 15:00;05.03.2025 16:00;-;-;-;-;-;-;-;-;-;-;-;-;-;-;-;-;-
05.03.2025 16:00;05.03.2025 17:00;-;-;-;-;-;-;-;-;-;-;-;-;-;-;-;-;-
05.03.2025 17:00;05.03.2025 18:00;-;-;-;-;-;-;-;-;-;-;-;-;-;-;-;-;-
05.03.2025 18:00;05.03.2025 19:00;-;-;-;-;-;-;-;-;-;-;-;-;-;-;-;-;-
05.03.2025 19:00;05.03.2025 20:00;-;-;-;-;-;-;-;-;-;-;-;-;-;-;-;-;-
05.03.2025 20:00;05.03.2025 21:00;-;-;-;-;-;-;-;-;-;-;-;-;-;-;-;-;-
05.03.2025 21:00;05.03.2025 22:00;-;-;-;-;-;-;-;-;-;-;-;-;-;-;-;-;-
05.03.2025 22:00;05.03.2025 23:00;-;-;-;-;-;-;-;-;-;-;-;-;-;-;-;-;-
05.03.2025 23:00;06.03.2025 00:00;-;-;-;-;-;-;-;-;-;-;-;-;-;-;-;-;-
06.03.2025 00:00;06.03.2025 01:00;-;-;-;-;-;-;-;-;-;-;-;-;-;-;-;-;-
06.03.2025 01:00;06.03.2025 02:00;-;-;-;-;-;-;-;-;-;-;-;-;-;-;-;-;-
06.03.2025 02:00;06.03.2025 03:00;-;-;-;-;-;-;-;-;-;-;-;-;-;-;-;-;-
06.03.2025 03:00;06.03.2025 04:00;-;-;-;-;-;-;-;-;-;-;-;-;-;-;-;-;-
06.03.2025 04:00;06.03.2025 05:00;-;-;-;-;-;-;-;-;-;-;-;-;-;-;-;-;-
06.03.2025 05:00;06.03.2025 06:00;-;-;-;-;-;-;-;-;-;-;-;-;-;-;-;-;-
06.03.2025 06:00;06.03.2025 07:00;-;-;-;-;-;-;-;-;-;-;-;-;-;-;-;-;-
06.03.2025 07:00;06.03.2025 08:00;-;-;-;-;-;-;-;-;-;-;-;-;-;-;-;-;-
06.03.2025 08:00;06.03.2025 09:00;-;-;-;-;-;-;-;-;-;-;-;-;-;-;-;-;-
06.03.2025 09:00;06.03.2025 10:00;-;-;-;-;-;-;-;-;-;-;-;-;-;-;-;-;-
06.03.2025 10:00;06.03.2025 11:00;-;-;-;-;-;-;-;-;-;-;-;-;-;-;-;-;-
06.03.2025 11:00;06.03.2025 12:00;-;-;-;-;-;-;-;-;-;-;-;-;-;-;-;-;-
06.03.2025 12:00;06.03.2025 13:00;-;-;-;-;-;-;-;-;-;-;-;-;-;-;-;-;-
06.03.2025 13:00;06.03.2025 14:00;-;-;-;-;-;-;-;-;-;-;-;-;-;-;-;-;-
06.03.2025 14:00;06.03.2025 15:00;-;-;-;-;-;-;-;-;-;-;-;-;-;-;-;-;-
06.03.2025 15:00;06.03.2025 16:00;-;-;-;-;-;-;-;-;-;-;-;-;-;-;-;-;-
06.03.2025 16:00;06.03.2025 17:00;-;-;-;-;-;-;-;-;-;-;-;-;-;-;-;-;-
06.03.2025 17:00;06.03.2025 18:00;-;-;-;-;-;-;-;-;-;-;-;-;-;-;-;-;-
06.03.2025 18:00;06.03.2025 19:00;-;-;-;-;-;-;-;-;-;-;-;-;-;-;-;-;-
06.03.2025 19:00;06.03.2025 20:00;-;-;-;-;-;-;-;-;-;-;-;-;-;-;-;-;-
06.03.2025 20:00;06.03.2025 21:00;-;-;-;-;-;-;-;-;-;-;-;-;-;-;-;-;-
06.03.2025 21:00;06.03.2025 22:00;-;-;-;-;-;-;-;-;-;-;-;-;-;-;-;-;-
06.03.2025 22:00;06.03.2025 23:00;-;-;-;-;-;-;-;-;-;-;-;-;-;-;-;-;-
06.03.2025 23:00;07.03.2025 00:00;-;-;-;-;-;-;-;-;-;-;-;-;-;-;-;-;-
07.03.2025 00:00;07.03.2025 01:00;-;-;-;-;-;-;-;-;-;-;-;-;-;-;-;-;-
07.03.2025 01:00;07.03.2025 02:00;-;-;-;-;-;-;-;-;-;-;-;-;-;-;-;-;-
07.03.2025 02:00;07.03.2025 03:00;-;-;-;-;-;-;-;-;-;-;-;-;-;-;-;-;-
07.03.2025 03:00;07.03.2025 04:00;-;-;-;-;-;-;-;-;-;-;-;-;-;-;-;-;-
07.03.2025 04:00;07.03.2025 05:00;-;-;-;-;-;-;-;-;-;-;-;-;-;-;-;-;-
07.03.2025 05:00;07.03.2025 06:00;-;-;-;-;-;-;-;-;-;-;-;-;-;-;-;-;-
07.03.2025 06:00;07.03.2025 07:00;-;-;-;-;-;-;-;-;-;-;-;-;-;-;-;-;-
07.03.2025 07:00;07.03.2025 08:00;-;-;-;-;-;-;-;-;-;-;-;-;-;-;-;-;-
07.03.2025 08:00;07.03.2025 09:00;-;-;-;-;-;-;-;-;-;-;-;-;-;-;-;-;-
07.03.2025 09:00;07.03.2025 10:00;-;-;-;-;-;-;-;-;-;-;-;-;-;-;-;-;-
07.03.2025 10:00;07.03.2025 11:00;-;-;-;-;-;-;-;-;-;-;-;-;-;-;-;-;-
07.03.2025 11:00;07.03.2025 12:00;-;-;-;-;-;-;-;-;-;-;-;-;-;-;-;-;-
07.03.2025 12:00;07.03.2025 13:00;-;-;-;-;-;-;-;-;-;-;-;-;-;-;-;-;-
07.03.2025 13:00;07.03.2025 14:00;-;-;-;-;-;-;-;-;-;-;-;-;-;-;-;-;-
07.03.2025 14:00;07.03.2025 15:00;-;-;-;-;-;-;-;-;-;-;-;-;-;-;-;-;-
07.03.2025 15:00;07.03.2025 16:00;-;-;-;-;-;-;-;-;-;-;-;-;-;-;-;-;-
07.03.2025 16:00;07.03.2025 17:00;-;-;-;-;-;-;-;-;-;-;-;-;-;-;-;-;-
07.03.2025 17:00;07.03.2025 18:00;-;-;-;-;-;-;-;-;-;-;-;-;-;-;-;-;-
07.03.2025 18:00;07.03.2025 19:00;-;-;-;-;-;-;-;-;-;-;-;-;-;-;-;-;-
07.03.2025 19:00;07.03.2025 20:00;-;-;-;-;-;-;-;-;-;-;-;-;-;-;-;-;-
07.03.2025 20:00;07.03.2025 21:00;-;-;-;-;-;-;-;-;-;-;-;-;-;-;-;-;-
07.03.2025 21:00;07.03.2025 22:00;-;-;-;-;-;-;-;-;-;-;-;-;-;-;-;-;-
07.03.2025 22:00;07.03.2025 23:00;-;-;-;-;-;-;-;-;-;-;-;-;-;-;-;-;-
07.03.2025 23:00;08.03.2025 00:00;-;-;-;-;-;-;-;-;-;-;-;-;-;-;-;-;-
08.03.2025 00:00;08.03.2025 01:00;-;-;-;-;-;-;-;-;-;-;-;-;-;-;-;-;-
08.03.2025 01:00;08.03.2025 02:00;-;-;-;-;-;-;-;-;-;-;-;-;-;-;-;-;-
08.03.2025 02:00;08.03.2025 03:00;-;-;-;-;-;-;-;-;-;-;-;-;-;-;-;-;-
08.03.2025 03:00;08.03.2025 04:00;-;-;-;-;-;-;-;-;-;-;-;-;-;-;-;-;-
08.03.2025 04:00;08.03.2025 05:00;-;-;-;-;-;-;-;-;-;-;-;-;-;-;-;-;-
08.03.2025 05:00;08.03.2025 06:00;-;-;-;-;-;-;-;-;-;-;-;-;-;-;-;-;-
08.03.2025 06:00;08.03.2025 07:00;-;-;-;-;-;-;-;-;-;-;-;-;-;-;-;-;-
08.03.2025 07:00;08.03.2025 08:00;-;-;-;-;-;-;-;-;-;-;-;-;-;-;-;-;-
08.03.2025 08:00;08.03.2025 09:00;-;-;-;-;-;-;-;-;-;-;-;-;-;-;-;-;-
08.03.2025 09:00;08.03.2025 10:00;-;-;-;-;-;-;-;-;-;-;-;-;-;-;-;-;-
08.03.2025 10:00;08.03.2025 11:00;-;-;-;-;-;-;-;-;-;-;-;-;-;-;-;-;-
08.03.2025 11:00;08.03.2025 12:00;-;-;-;-;-;-;-;-;-;-;-;-;-;-;-;-;-
08.03.2025 12:00;08.03.2025 13:00;-;-;-;-;-;-;-;-;-;-;-;-;-;-;-;-;-
08.03.2025 13:00;08.03.2025 14:00;-;-;-;-;-;-;-;-;-;-;-;-;-;-;-;-;-
08.03.2025 14:00;08.03.2025 15:00;-;-;-;-;-;-;-;-;-;-;-;-;-;-;-;-;-
08.03.2025 15:00;08.03.2025 16:00;-;-;-;-;-;-;-;-;-;-;-;-;-;-;-;-;-
08.03.2025 16:00;08.03.2025 17:00;-;-;-;-;-;-;-;-;-;-;-;-;-;-;-;-;-
08.03.2025 17:00;08.03.2025 18:00;-;-;-;-;-;-;-;-;-;-;-;-;-;-;-;-;-
08.03.2025 18:00;08.03.2025 19:00;-;-;-;-;-;-;-;-;-;-;-;-;-;-;-;-;-
08.03.2025 19:00;08.03.2025 20:00;-;-;-;-;-;-;-;-;-;-;-;-;-;-;-;-;-
08.03.2025 20:00;08.03.2025 21:00;-;-;-;-;-;-;-;-;-;-;-;-;-;-;-;-;-
08.03.2025 21:00;08.03.2025 22:00;-;-;-;-;-;-;-;-;-;-;-;-;-;-;-;-;-
08.03.2025 22:00;08.03.2025 23:00;-;-;-;-;-;-;-;-;-;-;-;-;-;-;-;-;-
08.03.2025 23:00;09.03.2025 00:00;-;-;-;-;-;-;-;-;-;-;-;-;-;-;-;-;-
09.03.2025 00:00;09.03.2025 01:00;-;-;-;-;-;-;-;-;-;-;-;-;-;-;-;-;-
09.03.2025 01:00;09.03.2025 02:00;-;-;-;-;-;-;-;-;-;-;-;-;-;-;-;-;-
09.03.2025 02:00;09.03.2025 03:00;-;-;-;-;-;-;-;-;-;-;-;-;-;-;-;-;-
09.03.2025 03:00;09.03.2025 04:00;-;-;-;-;-;-;-;-;-;-;-;-;-;-;-;-;-
09.03.2025 04:00;09.03.2025 05:00;-;-;-;-;-;-;-;-;-;-;-;-;-;-;-;-;-
09.03.2025 05:00;09.03.2025 06:00;-;-;-;-;-;-;-;-;-;-;-;-;-;-;-;-;-
09.03.2025 06:00;09.03.2025 07:00;-;-;-;-;-;-;-;-;-;-;-;-;-;-;-;-;-
09.03.2025 07:00;09.03.2025 08:00;-;-;-;-;-;-;-;-;-;-;-;-;-;-;-;-;-
09.03.2025 08:00;09.03.2025 09:00;-;-;-;-;-;-;-;-;-;-;-;-;-;-;-;-;-
09.03.2025 09:00;09.03.2025 10:00;-;-;-;-;-;-;-;-;-;-;-;-;-;-;-;-;-
09.03.2025 10:00;09.03.2025 11:00;-;-;-;-;-;-;-;-;-;-;-;-;-;-;-;-;-
09.03.2025 11:00;09.03.2025 12:00;-;-;-;-;-;-;-;-;-;-;-;-;-;-;-;-;-
09.03.2025 12:00;09.03.2025 13:00;-;-;-;-;-;-;-;-;-;-;-;-;-;-;-;-;-
09.03.2025 13:00;09.03.2025 14:00;-;-;-;-;-;-;-;-;-;-;-;-;-;-;-;-;-
09.03.2025 14:00;09.03.2025 15:00;-;-;-;-;-;-;-;-;-;-;-;-;-;-;-;-;-
09.03.2025 15:00;09.03.2025 16:00;-;-;-;-;-;-;-;-;-;-;-;-;-;-;-;-;-
09.03.2025 16:00;09.03.2025 17:00;-;-;-;-;-;-;-;-;-;-;-;-;-;-;-;-;-
09.03.2025 17:00;09.03.2025 18:00;-;-;-;-;-;-;-;-;-;-;-;-;-;-;-;-;-
09.03.2025 18:00;09.03.2025 19:00;-;-;-;-;-;-;-;-;-;-;-;-;-;-;-;-;-
09.03.2025 19:00;09.03.2025 20:00;-;-;-;-;-;-;-;-;-;-;-;-;-;-;-;-;-
09.03.2025 20:00;09.03.2025 21:00;-;-;-;-;-;-;-;-;-;-;-;-;-;-;-;-;-
09.03.2025 21:00;09.03.2025 22:00;-;-;-;-;-;-;-;-;-;-;-;-;-;-;-;-;-
09.03.2025 22:00;09.03.2025 23:00;-;-;-;-;-;-;-;-;-;-;-;-;-;-;-;-;-
09.03.2025 23:00;10.03.2025 00:00;-;-;-;-;-;-;-;-;-;-;-;-;-;-;-;-;-
10.03.2025 00:00;10.03.2025 01:00;-;-;-;-;-;-;-;-;-;-;-;-;-;-;-;-;-
10.03.2025 01:00;10.03.2025 02:00;-;-;-;-;-;-;-;-;-;-;-;-;-;-;-;-;-
10.03.2025 02:00;10.03.2025 03:00;-;-;-;-;-;-;-;-;-;-;-;-;-;-;-;-;-
10.03.2025 03:00;10.03.2025 04:00;-;-;-;-;-;-;-;-;-;-;-;-;-;-;-;-;-
10.03.2025 04:00;10.03.2025 05:00;-;-;-;-;-;-;-;-;-;-;-;-;-;-;-;-;-
10.03.2025 05:00;10.03.2025 06:00;-;-;-;-;-;-;-;-;-;-;-;-;-;-;-;-;-
10.03.2025 06:00;10.03.2025 07:00;-;-;-;-;-;-;-;-;-;-;-;-;-;-;-;-;-
10.03.2025 07:00;10.03.2025 08:00;-;-;-;-;-;-;-;-;-;-;-;-;-;-;-;-;-
10.03.2025 08:00;10.03.2025 09:00;-;-;-;-;-;-;-;-;-;-;-;-;-;-;-;-;-
10.03.2025 09:00;10.03.2025 10:00;-;-;-;-;-;-;-;-;-;-;-;-;-;-;-;-;-
10.03.2025 10:00;10.03.2025 11:00;-;-;-;-;-;-;-;-;-;-;-;-;-;-;-;-;-
10.03.2025 11:00;10.03.2025 12:00;-;-;-;-;-;-;-;-;-;-;-;-;-;-;-;-;-
10.03.2025 12:00;10.03.2025 13:00;-;-;-;-;-;-;-;-;-;-;-;-;-;-;-;-;-
10.03.2025 13:00;10.03.2025 14:00;-;-;-;-;-;-;-;-;-;-;-;-;-;-;-;-;-
10.03.2025 14:00;10.03.2025 15:00;-;-;-;-;-;-;-;-;-;-;-;-;-;-;-;-;-
10.03.2025 15:00;10.03.2025 16:00;-;-;-;-;-;-;-;-;-;-;-;-;-;-;-;-;-
10.03.2025 16:00;10.03.2025 17:00;-;-;-;-;-;-;-;-;-;-;-;-;-;-;-;-;-
10.03.2025 17:00;10.03.2025 18:00;-;-;-;-;-;-;-;-;-;-;-;-;-;-;-;-;-
10.03.2025 18:00;10.03.2025 19:00;-;-;-;-;-;-;-;-;-;-;-;-;-;-;-;-;-
10.03.2025 19:00;10.03.2025 20:00;-;-;-;-;-;-;-;-;-;-;-;-;-;-;-;-;-
10.03.2025 20:00;10.03.2025 21:00;-;-;-;-;-;-;-;-;-;-;-;-;-;-;-;-;-
10.03.2025 21:00;10.03.2025 22:00;-;-;-;-;-;-;-;-;-;-;-;-;-;-;-;-;-
10.03.2025 22:00;10.03.2025 23:00;-;-;-;-;-;-;-;-;-;-;-;-;-;-;-;-;-
10.03.2025 23:00;11.03.2025 00:00;-;-;-;-;-;-;-;-;-;-;-;-;-;-;-;-;-
11.03.2025 00:00;11.03.2025 01:00;-;-;-;-;-;-;-;-;-;-;-;-;-;-;-;-;-
11.03.2025 01:00;11.03.2025 02:00;-;-;-;-;-;-;-;-;-;-;-;-;-;-;-;-;-
11.03.2025 02:00;11.03.2025 03:00;-;-;-;-;-;-;-;-;-;-;-;-;-;-;-;-;-
11.03.2025 03:00;11.03.2025 04:00;-;-;-;-;-;-;-;-;-;-;-;-;-;-;-;-;-
11.03.2025 04:00;11.03.2025 05:00;-;-;-;-;-;-;-;-;-;-;-;-;-;-;-;-;-
11.03.2025 05:00;11.03.2025 06:00;-;-;-;-;-;-;-;-;-;-;-;-;-;-;-;-;-
11.03.2025 06:00;11.03.2025 07:00;-;-;-;-;-;-;-;-;-;-;-;-;-;-;-;-;-
11.03.2025 07:00;11.03.2025 08:00;-;-;-;-;-;-;-;-;-;-;-;-;-;-;-;-;-
11.03.2025 08:00;11.03.2025 09:00;-;-;-;-;-;-;-;-;-;-;-;-;-;-;-;-;-
11.03.2025 09:00;11.03.2025 10:00;-;-;-;-;-;-;-;-;-;-;-;-;-;-;-;-;-
11.03.2025 10:00;11.03.2025 11:00;-;-;-;-;-;-;-;-;-;-;-;-;-;-;-;-;-
11.03.2025 11:00;11.03.2025 12:00;-;-;-;-;-;-;-;-;-;-;-;-;-;-;-;-;-
11.03.2025 12:00;11.03.2025 13:00;-;-;-;-;-;-;-;-;-;-;-;-;-;-;-;-;-
11.03.2025 13:00;11.03.2025 14:00;-;-;-;-;-;-;-;-;-;-;-;-;-;-;-;-;-
11.03.2025 14:00;11.03.2025 15:00;-;-;-;-;-;-;-;-;-;-;-;-;-;-;-;-;-
11.03.2025 15:00;11.03.2025 16:00;-;-;-;-;-;-;-;-;-;-;-;-;-;-;-;-;-
11.03.2025 16:00;11.03.2025 17:00;-;-;-;-;-;-;-;-;-;-;-;-;-;-;-;-;-
11.03.2025 17:00;11.03.2025 18:00;-;-;-;-;-;-;-;-;-;-;-;-;-;-;-;-;-
11.03.2025 18:00;11.03.2025 19:00;-;-;-;-;-;-;-;-;-;-;-;-;-;-;-;-;-
11.03.2025 19:00;11.03.2025 20:00;-;-;-;-;-;-;-;-;-;-;-;-;-;-;-;-;-
11.03.2025 20:00;11.03.2025 21:00;-;-;-;-;-;-;-;-;-;-;-;-;-;-;-;-;-
11.03.2025 21:00;11.03.2025 22:00;-;-;-;-;-;-;-;-;-;-;-;-;-;-;-;-;-
11.03.2025 22:00;11.03.2025 23:00;-;-;-;-;-;-;-;-;-;-;-;-;-;-;-;-;-
11.03.2025 23:00;12.03.2025 00:00;-;-;-;-;-;-;-;-;-;-;-;-;-;-;-;-;-
12.03.2025 00:00;12.03.2025 01:00;-;-;-;-;-;-;-;-;-;-;-;-;-;-;-;-;-
12.03.2025 01:00;12.03.2025 02:00;-;-;-;-;-;-;-;-;-;-;-;-;-;-;-;-;-
12.03.2025 02:00;12.03.2025 03:00;-;-;-;-;-;-;-;-;-;-;-;-;-;-;-;-;-
12.03.2025 03:00;12.03.2025 04:00;-;-;-;-;-;-;-;-;-;-;-;-;-;-;-;-;-
12.03.2025 04:00;12.03.2025 05:00;-;-;-;-;-;-;-;-;-;-;-;-;-;-;-;-;-
12.03.2025 05:00;12.03.2025 06:00;-;-;-;-;-;-;-;-;-;-;-;-;-;-;-;-;-
12.03.2025 06:00;12.03.2025 07:00;-;-;-;-;-;-;-;-;-;-;-;-;-;-;-;-;-
12.03.2025 07:00;12.03.2025 08:00;-;-;-;-;-;-;-;-;-;-;-;-;-;-;-;-;-
12.03.2025 08:00;12.03.2025 09:00;-;-;-;-;-;-;-;-;-;-;-;-;-;-;-;-;-
12.03.2025 09:00;12.03.2025 10:00;-;-;-;-;-;-;-;-;-;-;-;-;-;-;-;-;-
12.03.2025 10:00;12.03.2025 11:00;-;-;-;-;-;-;-;-;-;-;-;-;-;-;-;-;-
12.03.2025 11:00;12.03.2025 12:00;-;-;-;-;-;-;-;-;-;-;-;-;-;-;-;-;-
12.03.2025 12:00;12.03.2025 13:00;-;-;-;-;-;-;-;-;-;-;-;-;-;-;-;-;-
12.03.2025 13:00;12.03.2025 14:00;-;-;-;-;-;-;-;-;-;-;-;-;-;-;-;-;-
12.03.2025 14:00;12.03.2025 15:00;-;-;-;-;-;-;-;-;-;-;-;-;-;-;-;-;-
12.03.2025 15:00;12.03.2025 16:00;-;-;-;-;-;-;-;-;-;-;-;-;-;-;-;-;-
12.03.2025 16:00;12.03.2025 17:00;-;-;-;-;-;-;-;-;-;-;-;-;-;-;-;-;-
12.03.2025 17:00;12.03.2025 18:00;-;-;-;-;-;-;-;-;-;-;-;-;-;-;-;-;-
12.03.2025 18:00;12.03.2025 19:00;-;-;-;-;-;-;-;-;-;-;-;-;-;-;-;-;-
12.03.2025 19:00;12.03.2025 20:00;-;-;-;-;-;-;-;-;-;-;-;-;-;-;-;-;-
12.03.2025 20:00;12.03.2025 21:00;-;-;-;-;-;-;-;-;-;-;-;-;-;-;-;-;-
12.03.2025 21:00;12.03.2025 22:00;-;-;-;-;-;-;-;-;-;-;-;-;-;-;-;-;-
12.03.2025 22:00;12.03.2025 23:00;-;-;-;-;-;-;-;-;-;-;-;-;-;-;-;-;-
12.03.2025 23:00;13.03.2025 00:00;-;-;-;-;-;-;-;-;-;-;-;-;-;-;-;-;-
13.03.2025 00:00;13.03.2025 01:00;-;-;-;-;-;-;-;-;-;-;-;-;-;-;-;-;-
13.03.2025 01:00;13.03.2025 02:00;-;-;-;-;-;-;-;-;-;-;-;-;-;-;-;-;-
13.03.2025 02:00;13.03.2025 03:00;-;-;-;-;-;-;-;-;-;-;-;-;-;-;-;-;-
13.03.2025 03:00;13.03.2025 04:00;-;-;-;-;-;-;-;-;-;-;-;-;-;-;-;-;-
13.03.2025 04:00;13.03.2025 05:00;-;-;-;-;-;-;-;-;-;-;-;-;-;-;-;-;-
13.03.2025 05:00;13.03.2025 06:00;-;-;-;-;-;-;-;-;-;-;-;-;-;-;-;-;-
13.03.2025 06:00;13.03.2025 07:00;-;-;-;-;-;-;-;-;-;-;-;-;-;-;-;-;-
13.03.2025 07:00;13.03.2025 08:00;-;-;-;-;-;-;-;-;-;-;-;-;-;-;-;-;-
13.03.2025 08:00;13.03.2025 09:00;-;-;-;-;-;-;-;-;-;-;-;-;-;-;-;-;-
13.03.2025 09:00;13.03.2025 10:00;-;-;-;-;-;-;-;-;-;-;-;-;-;-;-;-;-
13.03.2025 10:00;13.03.2025 11:00;-;-;-;-;-;-;-;-;-;-;-;-;-;-;-;-;-
13.03.2025 11:00;13.03.2025 12:00;-;-;-;-;-;-;-;-;-;-;-;-;-;-;-;-;-
13.03.2025 12:00;13.03.2025 13:00;-;-;-;-;-;-;-;-;-;-;-;-;-;-;-;-;-
13.03.2025 13:00;13.03.2025 14:00;-;-;-;-;-;-;-;-;-;-;-;-;-;-;-;-;-
13.03.2025 14:00;13.03.2025 15:00;-;-;-;-;-;-;-;-;-;-;-;-;-;-;-;-;-
13.03.2025 15:00;13.03.2025 16:00;-;-;-;-;-;-;-;-;-;-;-;-;-;-;-;-;-
13.03.2025 16:00;13.03.2025 17:00;-;-;-;-;-;-;-;-;-;-;-;-;-;-;-;-;-
13.03.2025 17:00;13.03.2025 18:00;-;-;-;-;-;-;-;-;-;-;-;-;-;-;-;-;-
13.03.2025 18:00;13.03.2025 19:00;-;-;-;-;-;-;-;-;-;-;-;-;-;-;-;-;-
13.03.2025 19:00;13.03.2025 20:00;-;-;-;-;-;-;-;-;-;-;-;-;-;-;-;-;-
13.03.2025 20:00;13.03.2025 21:00;-;-;-;-;-;-;-;-;-;-;-;-;-;-;-;-;-
13.03.2025 21:00;13.03.2025 22:00;-;-;-;-;-;-;-;-;-;-;-;-;-;-;-;-;-
13.03.2025 22:00;13.03.2025 23:00;-;-;-;-;-;-;-;-;-;-;-;-;-;-;-;-;-
13.03.2025 23:00;14.03.2025 00:00;-;-;-;-;-;-;-;-;-;-;-;-;-;-;-;-;-
14.03.2025 00:00;14.03.2025 01:00;-;-;-;-;-;-;-;-;-;-;-;-;-;-;-;-;-
14.03.2025 01:00;14.03.2025 02:00;-;-;-;-;-;-;-;-;-;-;-;-;-;-;-;-;-
14.03.2025 02:00;14.03.2025 03:00;-;-;-;-;-;-;-;-;-;-;-;-;-;-;-;-;-
14.03.2025 03:00;14.03.2025 04:00;-;-;-;-;-;-;-;-;-;-;-;-;-;-;-;-;-
14.03.2025 04:00;14.03.2025 05:00;-;-;-;-;-;-;-;-;-;-;-;-;-;-;-;-;-
14.03.2025 05:00;14.03.2025 06:00;-;-;-;-;-;-;-;-;-;-;-;-;-;-;-;-;-
14.03.2025 06:00;14.03.2025 07:00;-;-;-;-;-;-;-;-;-;-;-;-;-;-;-;-;-
14.03.2025 07:00;14.03.2025 08:00;-;-;-;-;-;-;-;-;-;-;-;-;-;-;-;-;-
14.03.2025 08:00;14.03.2025 09:00;-;-;-;-;-;-;-;-;-;-;-;-;-;-;-;-;-
14.03.2025 09:00;14.03.2025 10:00;-;-;-;-;-;-;-;-;-;-;-;-;-;-;-;-;-
14.03.2025 10:00;14.03.2025 11:00;-;-;-;-;-;-;-;-;-;-;-;-;-;-;-;-;-
14.03.2025 11:00;14.03.2025 12:00;-;-;-;-;-;-;-;-;-;-;-;-;-;-;-;-;-
14.03.2025 12:00;14.03.2025 13:00;-;-;-;-;-;-;-;-;-;-;-;-;-;-;-;-;-
14.03.2025 13:00;14.03.2025 14:00;-;-;-;-;-;-;-;-;-;-;-;-;-;-;-;-;-
14.03.2025 14:00;14.03.2025 15:00;-;-;-;-;-;-;-;-;-;-;-;-;-;-;-;-;-
14.03.2025 15:00;14.03.2025 16:00;-;-;-;-;-;-;-;-;-;-;-;-;-;-;-;-;-
14.03.2025 16:00;14.03.2025 17:00;-;-;-;-;-;-;-;-;-;-;-;-;-;-;-;-;-
14.03.2025 17:00;14.03.2025 18:00;-;-;-;-;-;-;-;-;-;-;-;-;-;-;-;-;-
14.03.2025 18:00;14.03.2025 19:00;-;-;-;-;-;-;-;-;-;-;-;-;-;-;-;-;-
14.03.2025 19:00;14.03.2025 20:00;-;-;-;-;-;-;-;-;-;-;-;-;-;-;-;-;-
14.03.2025 20:00;14.03.2025 21:00;-;-;-;-;-;-;-;-;-;-;-;-;-;-;-;-;-
14.03.2025 21:00;14.03.2025 22:00;-;-;-;-;-;-;-;-;-;-;-;-;-;-;-;-;-
14.03.2025 22:00;14.03.2025 23:00;-;-;-;-;-;-;-;-;-;-;-;-;-;-;-;-;-
14.03.2025 23:00;15.03.2025 00:00;-;-;-;-;-;-;-;-;-;-;-;-;-;-;-;-;-
15.03.2025 00:00;15.03.2025 01:00;-;-;-;-;-;-;-;-;-;-;-;-;-;-;-;-;-
15.03.2025 01:00;15.03.2025 02:00;-;-;-;-;-;-;-;-;-;-;-;-;-;-;-;-;-
15.03.2025 02:00;15.03.2025 03:00;-;-;-;-;-;-;-;-;-;-;-;-;-;-;-;-;-
15.03.2025 03:00;15.03.2025 04:00;-;-;-;-;-;-;-;-;-;-;-;-;-;-;-;-;-
15.03.2025 04:00;15.03.2025 05:00;-;-;-;-;-;-;-;-;-;-;-;-;-;-;-;-;-
15.03.2025 05:00;15.03.2025 06:00;-;-;-;-;-;-;-;-;-;-;-;-;-;-;-;-;-
15.03.2025 06:00;15.03.2025 07:00;-;-;-;-;-;-;-;-;-;-;-;-;-;-;-;-;-
15.03.2025 07:00;15.03.2025 08:00;-;-;-;-;-;-;-;-;-;-;-;-;-;-;-;-;-
15.03.2025 08:00;15.03.2025 09:00;-;-;-;-;-;-;-;-;-;-;-;-;-;-;-;-;-
15.03.2025 09:00;15.03.2025 10:00;-;-;-;-;-;-;-;-;-;-;-;-;-;-;-;-;-
15.03.2025 10:00;15.03.2025 11:00;-;-;-;-;-;-;-;-;-;-;-;-;-;-;-;-;-
15.03.2025 11:00;15.03.2025 12:00;-;-;-;-;-;-;-;-;-;-;-;-;-;-;-;-;-
15.03.2025 12:00;15.03.2025 13:00;-;-;-;-;-;-;-;-;-;-;-;-;-;-;-;-;-
15.03.2025 13:00;15.03.2025 14:00;-;-;-;-;-;-;-;-;-;-;-;-;-;-;-;-;-
15.03.2025 14:00;15.03.2025 15:00;-;-;-;-;-;-;-;-;-;-;-;-;-;-;-;-;-
15.03.2025 15:00;15.03.2025 16:00;-;-;-;-;-;-;-;-;-;-;-;-;-;-;-;-;-
15.03.2025 16:00;15.03.2025 17:00;-;-;-;-;-;-;-;-;-;-;-;-;-;-;-;-;-
15.03.2025 17:00;15.03.2025 18:00;-;-;-;-;-;-;-;-;-;-;-;-;-;-;-;-;-
15.03.2025 18:00;15.03.2025 19:00;-;-;-;-;-;-;-;-;-;-;-;-;-;-;-;-;-
15.03.2025 19:00;15.03.2025 20:00;-;-;-;-;-;-;-;-;-;-;-;-;-;-;-;-;-
15.03.2025 20:00;15.03.2025 21:00;-;-;-;-;-;-;-;-;-;-;-;-;-;-;-;-;-
15.03.2025 21:00;15.03.2025 22:00;-;-;-;-;-;-;-;-;-;-;-;-;-;-;-;-;-
15.03.2025 22:00;15.03.2025 23:00;-;-;-;-;-;-;-;-;-;-;-;-;-;-;-;-;-
15.03.2025 23:00;16.03.2025 00:00;-;-;-;-;-;-;-;-;-;-;-;-;-;-;-;-;-
16.03.2025 00:00;16.03.2025 01:00;-;-;-;-;-;-;-;-;-;-;-;-;-;-;-;-;-
16.03.2025 01:00;16.03.2025 02:00;-;-;-;-;-;-;-;-;-;-;-;-;-;-;-;-;-
16.03.2025 02:00;16.03.2025 03:00;-;-;-;-;-;-;-;-;-;-;-;-;-;-;-;-;-
16.03.2025 03:00;16.03.2025 04:00;-;-;-;-;-;-;-;-;-;-;-;-;-;-;-;-;-
16.03.2025 04:00;16.03.2025 05:00;-;-;-;-;-;-;-;-;-;-;-;-;-;-;-;-;-
16.03.2025 05:00;16.03.2025 06:00;-;-;-;-;-;-;-;-;-;-;-;-;-;-;-;-;-
16.03.2025 06:00;16.03.2025 07:00;-;-;-;-;-;-;-;-;-;-;-;-;-;-;-;-;-
16.03.2025 07:00;16.03.2025 08:00;-;-;-;-;-;-;-;-;-;-;-;-;-;-;-;-;-
16.03.2025 08:00;16.03.2025 09:00;-;-;-;-;-;-;-;-;-;-;-;-;-;-;-;-;-
16.03.2025 09:00;16.03.2025 10:00;-;-;-;-;-;-;-;-;-;-;-;-;-;-;-;-;-
16.03.2025 10:00;16.03.2025 11:00;-;-;-;-;-;-;-;-;-;-;-;-;-;-;-;-;-
16.03.2025 11:00;16.03.2025 12:00;-;-;-;-;-;-;-;-;-;-;-;-;-;-;-;-;-
16.03.2025 12:00;16.03.2025 13:00;-;-;-;-;-;-;-;-;-;-;-;-;-;-;-;-;-
16.03.2025 13:00;16.03.2025 14:00;-;-;-;-;-;-;-;-;-;-;-;-;-;-;-;-;-
16.03.2025 14:00;16.03.2025 15:00;-;-;-;-;-;-;-;-;-;-;-;-;-;-;-;-;-
16.03.2025 15:00;16.03.2025 16:00;-;-;-;-;-;-;-;-;-;-;-;-;-;-;-;-;-
16.03.2025 16:00;16.03.2025 17:00;-;-;-;-;-;-;-;-;-;-;-;-;-;-;-;-;-
16.03.2025 17:00;16.03.2025 18:00;-;-;-;-;-;-;-;-;-;-;-;-;-;-;-;-;-
16.03.2025 18:00;16.03.2025 19:00;-;-;-;-;-;-;-;-;-;-;-;-;-;-;-;-;-
16.03.2025 19:00;16.03.2025 20:00;-;-;-;-;-;-;-;-;-;-;-;-;-;-;-;-;-
16.03.2025 20:00;16.03.2025 21:00;-;-;-;-;-;-;-;-;-;-;-;-;-;-;-;-;-
16.03.2025 21:00;16.03.2025 22:00;-;-;-;-;-;-;-;-;-;-;-;-;-;-;-;-;-
16.03.2025 22:00;16.03.2025 23:00;-;-;-;-;-;-;-;-;-;-;-;-;-;-;-;-;-
16.03.2025 23:00;17.03.2025 00:00;-;-;-;-;-;-;-;-;-;-;-;-;-;-;-;-;-
17.03.2025 00:00;17.03.2025 01:00;-;-;-;-;-;-;-;-;-;-;-;-;-;-;-;-;-
17.03.2025 01:00;17.03.2025 02:00;-;-;-;-;-;-;-;-;-;-;-;-;-;-;-;-;-
17.03.2025 02:00;17.03.2025 03:00;-;-;-;-;-;-;-;-;-;-;-;-;-;-;-;-;-
17.03.2025 03:00;17.03.2025 04:00;-;-;-;-;-;-;-;-;-;-;-;-;-;-;-;-;-
17.03.2025 04:00;17.03.2025 05:00;-;-;-;-;-;-;-;-;-;-;-;-;-;-;-;-;-
17.03.2025 05:00;17.03.2025 06:00;-;-;-;-;-;-;-;-;-;-;-;-;-;-;-;-;-
17.03.2025 06:00;17.03.2025 07:00;-;-;-;-;-;-;-;-;-;-;-;-;-;-;-;-;-
17.03.2025 07:00;17.03.2025 08:00;-;-;-;-;-;-;-;-;-;-;-;-;-;-;-;-;-
17.03.2025 08:00;17.03.2025 09:00;-;-;-;-;-;-;-;-;-;-;-;-;-;-;-;-;-
17.03.2025 09:00;17.03.2025 10:00;-;-;-;-;-;-;-;-;-;-;-;-;-;-;-;-;-
17.03.2025 10:00;17.03.2025 11:00;-;-;-;-;-;-;-;-;-;-;-;-;-;-;-;-;-
17.03.2025 11:00;17.03.2025 12:00;-;-;-;-;-;-;-;-;-;-;-;-;-;-;-;-;-
17.03.2025 12:00;17.03.2025 13:00;-;-;-;-;-;-;-;-;-;-;-;-;-;-;-;-;-
17.03.2025 13:00;17.03.2025 14:00;-;-;-;-;-;-;-;-;-;-;-;-;-;-;-;-;-
17.03.2025 14:00;17.03.2025 15:00;-;-;-;-;-;-;-;-;-;-;-;-;-;-;-;-;-
17.03.2025 15:00;17.03.2025 16:00;-;-;-;-;-;-;-;-;-;-;-;-;-;-;-;-;-
17.03.2025 16:00;17.03.2025 17:00;-;-;-;-;-;-;-;-;-;-;-;-;-;-;-;-;-
17.03.2025 17:00;17.03.2025 18:00;-;-;-;-;-;-;-;-;-;-;-;-;-;-;-;-;-
17.03.2025 18:00;17.03.2025 19:00;-;-;-;-;-;-;-;-;-;-;-;-;-;-;-;-;-
17.03.2025 19:00;17.03.2025 20:00;-;-;-;-;-;-;-;-;-;-;-;-;-;-;-;-;-
17.03.2025 20:00;17.03.2025 21:00;-;-;-;-;-;-;-;-;-;-;-;-;-;-;-;-;-
17.03.2025 21:00;17.03.2025 22:00;-;-;-;-;-;-;-;-;-;-;-;-;-;-;-;-;-
17.03.2025 22:00;17.03.2025 23:00;-;-;-;-;-;-;-;-;-;-;-;-;-;-;-;-;-
17.03.2025 23:00;18.03.2025 00:00;-;-;-;-;-;-;-;-;-;-;-;-;-;-;-;-;-
18.03.2025 00:00;18.03.2025 01:00;-;-;-;-;-;-;-;-;-;-;-;-;-;-;-;-;-
18.03.2025 01:00;18.03.2025 02:00;-;-;-;-;-;-;-;-;-;-;-;-;-;-;-;-;-
18.03.2025 02:00;18.03.2025 03:00;-;-;-;-;-;-;-;-;-;-;-;-;-;-;-;-;-
18.03.2025 03:00;18.03.2025 04:00;-;-;-;-;-;-;-;-;-;-;-;-;-;-;-;-;-
18.03.2025 04:00;18.03.2025 05:00;-;-;-;-;-;-;-;-;-;-;-;-;-;-;-;-;-
18.03.2025 05:00;18.03.2025 06:00;-;-;-;-;-;-;-;-;-;-;-;-;-;-;-;-;-
18.03.2025 06:00;18.03.2025 07:00;-;-;-;-;-;-;-;-;-;-;-;-;-;-;-;-;-
18.03.2025 07:00;18.03.2025 08:00;-;-;-;-;-;-;-;-;-;-;-;-;-;-;-;-;-
18.03.2025 08:00;18.03.2025 09:00;-;-;-;-;-;-;-;-;-;-;-;-;-;-;-;-;-
18.03.2025 09:00;18.03.2025 10:00;-;-;-;-;-;-;-;-;-;-;-;-;-;-;-;-;-
18.03.2025 10:00;18.03.2025 11:00;-;-;-;-;-;-;-;-;-;-;-;-;-;-;-;-;-
18.03.2025 11:00;18.03.2025 12:00;-;-;-;-;-;-;-;-;-;-;-;-;-;-;-;-;-
18.03.2025 12:00;18.03.2025 13:00;-;-;-;-;-;-;-;-;-;-;-;-;-;-;-;-;-
18.03.2025 13:00;18.03.2025 14:00;-;-;-;-;-;-;-;-;-;-;-;-;-;-;-;-;-
18.03.2025 14:00;18.03.2025 15:00;-;-;-;-;-;-;-;-;-;-;-;-;-;-;-;-;-
18.03.2025 15:00;18.03.2025 16:00;-;-;-;-;-;-;-;-;-;-;-;-;-;-;-;-;-
18.03.2025 16:00;18.03.2025 17:00;-;-;-;-;-;-;-;-;-;-;-;-;-;-;-;-;-
18.03.2025 17:00;18.03.2025 18:00;-;-;-;-;-;-;-;-;-;-;-;-;-;-;-;-;-
18.03.2025 18:00;18.03.2025 19:00;-;-;-;-;-;-;-;-;-;-;-;-;-;-;-;-;-
18.03.2025 19:00;18.03.2025 20:00;-;-;-;-;-;-;-;-;-;-;-;-;-;-;-;-;-
18.03.2025 20:00;18.03.2025 21:00;-;-;-;-;-;-;-;-;-;-;-;-;-;-;-;-;-
18.03.2025 21:00;18.03.2025 22:00;-;-;-;-;-;-;-;-;-;-;-;-;-;-;-;-;-
18.03.2025 22:00;18.03.2025 23:00;-;-;-;-;-;-;-;-;-;-;-;-;-;-;-;-;-
18.03.2025 23:00;19.03.2025 00:00;-;-;-;-;-;-;-;-;-;-;-;-;-;-;-;-;-
19.03.2025 00:00;19.03.2025 01:00;-;-;-;-;-;-;-;-;-;-;-;-;-;-;-;-;-
19.03.2025 01:00;19.03.2025 02:00;-;-;-;-;-;-;-;-;-;-;-;-;-;-;-;-;-
19.03.2025 02:00;19.03.2025 03:00;-;-;-;-;-;-;-;-;-;-;-;-;-;-;-;-;-
19.03.2025 03:00;19.03.2025 04:00;-;-;-;-;-;-;-;-;-;-;-;-;-;-;-;-;-
19.03.2025 04:00;19.03.2025 05:00;-;-;-;-;-;-;-;-;-;-;-;-;-;-;-;-;-
19.03.2025 05:00;19.03.2025 06:00;-;-;-;-;-;-;-;-;-;-;-;-;-;-;-;-;-
19.03.2025 06:00;19.03.2025 07:00;-;-;-;-;-;-;-;-;-;-;-;-;-;-;-;-;-
19.03.2025 07:00;19.03.2025 08:00;-;-;-;-;-;-;-;-;-;-;-;-;-;-;-;-;-
19.03.2025 08:00;19.03.2025 09:00;-;-;-;-;-;-;-;-;-;-;-;-;-;-;-;-;-
19.03.2025 09:00;19.03.2025 10:00;-;-;-;-;-;-;-;-;-;-;-;-;-;-;-;-;-
19.03.2025 10:00;19.03.2025 11:00;-;-;-;-;-;-;-;-;-;-;-;-;-;-;-;-;-
19.03.2025 11:00;19.03.2025 12:00;-;-;-;-;-;-;-;-;-;-;-;-;-;-;-;-;-
19.03.2025 12:00;19.03.2025 13:00;-;-;-;-;-;-;-;-;-;-;-;-;-;-;-;-;-
19.03.2025 13:00;19.03.2025 14:00;-;-;-;-;-;-;-;-;-;-;-;-;-;-;-;-;-
19.03.2025 14:00;19.03.2025 15:00;-;-;-;-;-;-;-;-;-;-;-;-;-;-;-;-;-
19.03.2025 15:00;19.03.2025 16:00;-;-;-;-;-;-;-;-;-;-;-;-;-;-;-;-;-
19.03.2025 16:00;19.03.2025 17:00;-;-;-;-;-;-;-;-;-;-;-;-;-;-;-;-;-
19.03.2025 17:00;19.03.2025 18:00;-;-;-;-;-;-;-;-;-;-;-;-;-;-;-;-;-
19.03.2025 18:00;19.03.2025 19:00;-;-;-;-;-;-;-;-;-;-;-;-;-;-;-;-;-
19.03.2025 19:00;19.03.2025 20:00;-;-;-;-;-;-;-;-;-;-;-;-;-;-;-;-;-
19.03.2025 20:00;19.03.2025 21:00;-;-;-;-;-;-;-;-;-;-;-;-;-;-;-;-;-
19.03.2025 21:00;19.03.2025 22:00;-;-;-;-;-;-;-;-;-;-;-;-;-;-;-;-;-
19.03.2025 22:00;19.03.2025 23:00;-;-;-;-;-;-;-;-;-;-;-;-;-;-;-;-;-
19.03.2025 23:00;20.03.2025 00:00;-;-;-;-;-;-;-;-;-;-;-;-;-;-;-;-;-
20.03.2025 00:00;20.03.2025 01:00;-;-;-;-;-;-;-;-;-;-;-;-;-;-;-;-;-
20.03.2025 01:00;20.03.2025 02:00;-;-;-;-;-;-;-;-;-;-;-;-;-;-;-;-;-
20.03.2025 02:00;20.03.2025 03:00;-;-;-;-;-;-;-;-;-;-;-;-;-;-;-;-;-
20.03.2025 03:00;20.03.2025 04:00;-;-;-;-;-;-;-;-;-;-;-;-;-;-;-;-;-
20.03.2025 04:00;20.03.2025 05:00;-;-;-;-;-;-;-;-;-;-;-;-;-;-;-;-;-
20.03.2025 05:00;20.03.2025 06:00;-;-;-;-;-;-;-;-;-;-;-;-;-;-;-;-;-
20.03.2025 06:00;20.03.2025 07:00;-;-;-;-;-;-;-;-;-;-;-;-;-;-;-;-;-
20.03.2025 07:00;20.03.2025 08:00;-;-;-;-;-;-;-;-;-;-;-;-;-;-;-;-;-
20.03.2025 08:00;20.03.2025 09:00;-;-;-;-;-;-;-;-;-;-;-;-;-;-;-;-;-
20.03.2025 09:00;20.03.2025 10:00;-;-;-;-;-;-;-;-;-;-;-;-;-;-;-;-;-
20.03.2025 10:00;20.03.2025 11:00;-;-;-;-;-;-;-;-;-;-;-;-;-;-;-;-;-
20.03.2025 11:00;20.03.2025 12:00;-;-;-;-;-;-;-;-;-;-;-;-;-;-;-;-;-
20.03.2025 12:00;20.03.2025 13:00;-;-;-;-;-;-;-;-;-;-;-;-;-;-;-;-;-
20.03.2025 13:00;20.03.2025 14:00;-;-;-;-;-;-;-;-;-;-;-;-;-;-;-;-;-
20.03.2025 14:00;20.03.2025 15:00;-;-;-;-;-;-;-;-;-;-;-;-;-;-;-;-;-
20.03.2025 15:00;20.03.2025 16:00;-;-;-;-;-;-;-;-;-;-;-;-;-;-;-;-;-
20.03.2025 16:00;20.03.2025 17:00;-;-;-;-;-;-;-;-;-;-;-;-;-;-;-;-;-
20.03.2025 17:00;20.03.2025 18:00;-;-;-;-;-;-;-;-;-;-;-;-;-;-;-;-;-
20.03.2025 18:00;20.03.2025 19:00;-;-;-;-;-;-;-;-;-;-;-;-;-;-;-;-;-
20.03.2025 19:00;20.03.2025 20:00;-;-;-;-;-;-;-;-;-;-;-;-;-;-;-;-;-
20.03.2025 20:00;20.03.2025 21:00;-;-;-;-;-;-;-;-;-;-;-;-;-;-;-;-;-
20.03.2025 21:00;20.03.2025 22:00;-;-;-;-;-;-;-;-;-;-;-;-;-;-;-;-;-
20.03.2025 22:00;20.03.2025 23:00;-;-;-;-;-;-;-;-;-;-;-;-;-;-;-;-;-
20.03.2025 23:00;21.03.2025 00:00;-;-;-;-;-;-;-;-;-;-;-;-;-;-;-;-;-
21.03.2025 00:00;21.03.2025 01:00;-;-;-;-;-;-;-;-;-;-;-;-;-;-;-;-;-
21.03.2025 01:00;21.03.2025 02:00;-;-;-;-;-;-;-;-;-;-;-;-;-;-;-;-;-
21.03.2025 02:00;21.03.2025 03:00;-;-;-;-;-;-;-;-;-;-;-;-;-;-;-;-;-
21.03.2025 03:00;21.03.2025 04:00;-;-;-;-;-;-;-;-;-;-;-;-;-;-;-;-;-
21.03.2025 04:00;21.03.2025 05:00;-;-;-;-;-;-;-;-;-;-;-;-;-;-;-;-;-
21.03.2025 05:00;21.03.2025 06:00;-;-;-;-;-;-;-;-;-;-;-;-;-;-;-;-;-
21.03.2025 06:00;21.03.2025 07:00;-;-;-;-;-;-;-;-;-;-;-;-;-;-;-;-;-
21.03.2025 07:00;21.03.2025 08:00;-;-;-;-;-;-;-;-;-;-;-;-;-;-;-;-;-
21.03.2025 08:00;21.03.2025 09:00;-;-;-;-;-;-;-;-;-;-;-;-;-;-;-;-;-
21.03.2025 09:00;21.03.2025 10:00;-;-;-;-;-;-;-;-;-;-;-;-;-;-;-;-;-
21.03.2025 10:00;21.03.2025 11:00;-;-;-;-;-;-;-;-;-;-;-;-;-;-;-;-;-
21.03.2025 11:00;21.03.2025 12:00;-;-;-;-;-;-;-;-;-;-;-;-;-;-;-;-;-
21.03.2025 12:00;21.03.2025 13:00;-;-;-;-;-;-;-;-;-;-;-;-;-;-;-;-;-
21.03.2025 13:00;21.03.2025 14:00;-;-;-;-;-;-;-;-;-;-;-;-;-;-;-;-;-
21.03.2025 14:00;21.03.2025 15:00;-;-;-;-;-;-;-;-;-;-;-;-;-;-;-;-;-
21.03.2025 15:00;21.03.2025 16:00;-;-;-;-;-;-;-;-;-;-;-;-;-;-;-;-;-
21.03.2025 16:00;21.03.2025 17:00;-;-;-;-;-;-;-;-;-;-;-;-;-;-;-;-;-
21.03.2025 17:00;21.03.2025 18:00;-;-;-;-;-;-;-;-;-;-;-;-;-;-;-;-;-
21.03.2025 18:00;21.03.2025 19:00;-;-;-;-;-;-;-;-;-;-;-;-;-;-;-;-;-
21.03.2025 19:00;21.03.2025 20:00;-;-;-;-;-;-;-;-;-;-;-;-;-;-;-;-;-
21.03.2025 20:00;21.03.2025 21:00;-;-;-;-;-;-;-;-;-;-;-;-;-;-;-;-;-
21.03.2025 21:00;21.03.2025 22:00;-;-;-;-;-;-;-;-;-;-;-;-;-;-;-;-;-
21.03.2025 22:00;21.03.2025 23:00;-;-;-;-;-;-;-;-;-;-;-;-;-;-;-;-;-
21.03.2025 23:00;22.03.2025 00:00;-;-;-;-;-;-;-;-;-;-;-;-;-;-;-;-;-
22.03.2025 00:00;22.03.2025 01:00;-;-;-;-;-;-;-;-;-;-;-;-;-;-;-;-;-
22.03.2025 01:00;22.03.2025 02:00;-;-;-;-;-;-;-;-;-;-;-;-;-;-;-;-;-
22.03.2025 02:00;22.03.2025 03:00;-;-;-;-;-;-;-;-;-;-;-;-;-;-;-;-;-
22.03.2025 03:00;22.03.2025 04:00;-;-;-;-;-;-;-;-;-;-;-;-;-;-;-;-;-
22.03.2025 04:00;22.03.2025 05:00;-;-;-;-;-;-;-;-;-;-;-;-;-;-;-;-;-
22.03.2025 05:00;22.03.2025 06:00;-;-;-;-;-;-;-;-;-;-;-;-;-;-;-;-;-
22.03.2025 06:00;22.03.2025 07:00;-;-;-;-;-;-;-;-;-;-;-;-;-;-;-;-;-
22.03.2025 07:00;22.03.2025 08:00;-;-;-;-;-;-;-;-;-;-;-;-;-;-;-;-;-
22.03.2025 08:00;22.03.2025 09:00;-;-;-;-;-;-;-;-;-;-;-;-;-;-;-;-;-
22.03.2025 09:00;22.03.2025 10:00;-;-;-;-;-;-;-;-;-;-;-;-;-;-;-;-;-
22.03.2025 10:00;22.03.2025 11:00;-;-;-;-;-;-;-;-;-;-;-;-;-;-;-;-;-
22.03.2025 11:00;22.03.2025 12:00;-;-;-;-;-;-;-;-;-;-;-;-;-;-;-;-;-
22.03.2025 12:00;22.03.2025 13:00;-;-;-;-;-;-;-;-;-;-;-;-;-;-;-;-;-
22.03.2025 13:00;22.03.2025 14:00;-;-;-;-;-;-;-;-;-;-;-;-;-;-;-;-;-
22.03.2025 14:00;22.03.2025 15:00;-;-;-;-;-;-;-;-;-;-;-;-;-;-;-;-;-
22.03.2025 15:00;22.03.2025 16:00;-;-;-;-;-;-;-;-;-;-;-;-;-;-;-;-;-
22.03.2025 16:00;22.03.2025 17:00;-;-;-;-;-;-;-;-;-;-;-;-;-;-;-;-;-
22.03.2025 17:00;22.03.2025 18:00;-;-;-;-;-;-;-;-;-;-;-;-;-;-;-;-;-
22.03.2025 18:00;22.03.2025 19:00;-;-;-;-;-;-;-;-;-;-;-;-;-;-;-;-;-
22.03.2025 19:00;22.03.2025 20:00;-;-;-;-;-;-;-;-;-;-;-;-;-;-;-;-;-
22.03.2025 20:00;22.03.2025 21:00;-;-;-;-;-;-;-;-;-;-;-;-;-;-;-;-;-
22.03.2025 21:00;22.03.2025 22:00;-;-;-;-;-;-;-;-;-;-;-;-;-;-;-;-;-
22.03.2025 22:00;22.03.2025 23:00;-;-;-;-;-;-;-;-;-;-;-;-;-;-;-;-;-
22.03.2025 23:00;23.03.2025 00:00;-;-;-;-;-;-;-;-;-;-;-;-;-;-;-;-;-
23.03.2025 00:00;23.03.2025 01:00;-;-;-;-;-;-;-;-;-;-;-;-;-;-;-;-;-
23.03.2025 01:00;23.03.2025 02:00;-;-;-;-;-;-;-;-;-;-;-;-;-;-;-;-;-
23.03.2025 02:00;23.03.2025 03:00;-;-;-;-;-;-;-;-;-;-;-;-;-;-;-;-;-
23.03.2025 03:00;23.03.2025 04:00;-;-;-;-;-;-;-;-;-;-;-;-;-;-;-;-;-
23.03.2025 04:00;23.03.2025 05:00;-;-;-;-;-;-;-;-;-;-;-;-;-;-;-;-;-
23.03.2025 05:00;23.03.2025 06:00;-;-;-;-;-;-;-;-;-;-;-;-;-;-;-;-;-
23.03.2025 06:00;23.03.2025 07:00;-;-;-;-;-;-;-;-;-;-;-;-;-;-;-;-;-
23.03.2025 07:00;23.03.2025 08:00;-;-;-;-;-;-;-;-;-;-;-;-;-;-;-;-;-
23.03.2025 08:00;23.03.2025 09:00;-;-;-;-;-;-;-;-;-;-;-;-;-;-;-;-;-
23.03.2025 09:00;23.03.2025 10:00;-;-;-;-;-;-;-;-;-;-;-;-;-;-;-;-;-
23.03.2025 10:00;23.03.2025 11:00;-;-;-;-;-;-;-;-;-;-;-;-;-;-;-;-;-
23.03.2025 11:00;23.03.2025 12:00;-;-;-;-;-;-;-;-;-;-;-;-;-;-;-;-;-
23.03.2025 12:00;23.03.2025 13:00;-;-;-;-;-;-;-;-;-;-;-;-;-;-;-;-;-
23.03.2025 13:00;23.03.2025 14:00;-;-;-;-;-;-;-;-;-;-;-;-;-;-;-;-;-
23.03.2025 14:00;23.03.2025 15:00;-;-;-;-;-;-;-;-;-;-;-;-;-;-;-;-;-
23.03.2025 15:00;23.03.2025 16:00;-;-;-;-;-;-;-;-;-;-;-;-;-;-;-;-;-
23.03.2025 16:00;23.03.2025 17:00;-;-;-;-;-;-;-;-;-;-;-;-;-;-;-;-;-
23.03.2025 17:00;23.03.2025 18:00;-;-;-;-;-;-;-;-;-;-;-;-;-;-;-;-;-
23.03.2025 18:00;23.03.2025 19:00;-;-;-;-;-;-;-;-;-;-;-;-;-;-;-;-;-
23.03.2025 19:00;23.03.2025 20:00;-;-;-;-;-;-;-;-;-;-;-;-;-;-;-;-;-
23.03.2025 20:00;23.03.2025 21:00;-;-;-;-;-;-;-;-;-;-;-;-;-;-;-;-;-
23.03.2025 21:00;23.03.2025 22:00;-;-;-;-;-;-;-;-;-;-;-;-;-;-;-;-;-
23.03.2025 22:00;23.03.2025 23:00;-;-;-;-;-;-;-;-;-;-;-;-;-;-;-;-;-
23.03.2025 23:00;24.03.2025 00:00;-;-;-;-;-;-;-;-;-;-;-;-;-;-;-;-;-
24.03.2025 00:00;24.03.2025 01:00;-;-;-;-;-;-;-;-;-;-;-;-;-;-;-;-;-
24.03.2025 01:00;24.03.2025 02:00;-;-;-;-;-;-;-;-;-;-;-;-;-;-;-;-;-
24.03.2025 02:00;24.03.2025 03:00;-;-;-;-;-;-;-;-;-;-;-;-;-;-;-;-;-
24.03.2025 03:00;24.03.2025 04:00;-;-;-;-;-;-;-;-;-;-;-;-;-;-;-;-;-
24.03.2025 04:00;24.03.2025 05:00;-;-;-;-;-;-;-;-;-;-;-;-;-;-;-;-;-
24.03.2025 05:00;24.03.2025 06:00;-;-;-;-;-;-;-;-;-;-;-;-;-;-;-;-;-
24.03.2025 06:00;24.03.2025 07:00;-;-;-;-;-;-;-;-;-;-;-;-;-;-;-;-;-
24.03.2025 07:00;24.03.2025 08:00;-;-;-;-;-;-;-;-;-;-;-;-;-;-;-;-;-
24.03.2025 08:00;24.03.2025 09:00;-;-;-;-;-;-;-;-;-;-;-;-;-;-;-;-;-
24.03.2025 09:00;24.03.2025 10:00;-;-;-;-;-;-;-;-;-;-;-;-;-;-;-;-;-
24.03.2025 10:00;24.03.2025 11:00;-;-;-;-;-;-;-;-;-;-;-;-;-;-;-;-;-
24.03.2025 11:00;24.03.2025 12:00;-;-;-;-;-;-;-;-;-;-;-;-;-;-;-;-;-
24.03.2025 12:00;24.03.2025 13:00;-;-;-;-;-;-;-;-;-;-;-;-;-;-;-;-;-
24.03.2025 13:00;24.03.2025 14:00;-;-;-;-;-;-;-;-;-;-;-;-;-;-;-;-;-
24.03.2025 14:00;24.03.2025 15:00;-;-;-;-;-;-;-;-;-;-;-;-;-;-;-;-;-
24.03.2025 15:00;24.03.2025 16:00;-;-;-;-;-;-;-;-;-;-;-;-;-;-;-;-;-
24.03.2025 16:00;24.03.2025 17:00;-;-;-;-;-;-;-;-;-;-;-;-;-;-;-;-;-
24.03.2025 17:00;24.03.2025 18:00;-;-;-;-;-;-;-;-;-;-;-;-;-;-;-;-;-
24.03.2025 18:00;24.03.2025 19:00;-;-;-;-;-;-;-;-;-;-;-;-;-;-;-;-;-
24.03.2025 19:00;24.03.2025 20:00;-;-;-;-;-;-;-;-;-;-;-;-;-;-;-;-;-
24.03.2025 20:00;24.03.2025 21:00;-;-;-;-;-;-;-;-;-;-;-;-;-;-;-;-;-
24.03.2025 21:00;24.03.2025 22:00;-;-;-;-;-;-;-;-;-;-;-;-;-;-;-;-;-
24.03.2025 22:00;24.03.2025 23:00;-;-;-;-;-;-;-;-;-;-;-;-;-;-;-;-;-
24.03.2025 23:00;25.03.2025 00:00;-;-;-;-;-;-;-;-;-;-;-;-;-;-;-;-;-
25.03.2025 00:00;25.03.2025 01:00;-;-;-;-;-;-;-;-;-;-;-;-;-;-;-;-;-
25.03.2025 01:00;25.03.2025 02:00;-;-;-;-;-;-;-;-;-;-;-;-;-;-;-;-;-
25.03.2025 02:00;25.03.2025 03:00;-;-;-;-;-;-;-;-;-;-;-;-;-;-;-;-;-
25.03.2025 03:00;25.03.2025 04:00;-;-;-;-;-;-;-;-;-;-;-;-;-;-;-;-;-
25.03.2025 04:00;25.03.2025 05:00;-;-;-;-;-;-;-;-;-;-;-;-;-;-;-;-;-
25.03.2025 05:00;25.03.2025 06:00;-;-;-;-;-;-;-;-;-;-;-;-;-;-;-;-;-
25.03.2025 06:00;25.03.2025 07:00;-;-;-;-;-;-;-;-;-;-;-;-;-;-;-;-;-
25.03.2025 07:00;25.03.2025 08:00;-;-;-;-;-;-;-;-;-;-;-;-;-;-;-;-;-
25.03.2025 08:00;25.03.2025 09:00;-;-;-;-;-;-;-;-;-;-;-;-;-;-;-;-;-
25.03.2025 09:00;25.03.2025 10:00;-;-;-;-;-;-;-;-;-;-;-;-;-;-;-;-;-
25.03.2025 10:00;25.03.2025 11:00;-;-;-;-;-;-;-;-;-;-;-;-;-;-;-;-;-
25.03.2025 11:00;25.03.2025 12:00;-;-;-;-;-;-;-;-;-;-;-;-;-;-;-;-;-
25.03.2025 12:00;25.03.2025 13:00;-;-;-;-;-;-;-;-;-;-;-;-;-;-;-;-;-
25.03.2025 13:00;25.03.2025 14:00;-;-;-;-;-;-;-;-;-;-;-;-;-;-;-;-;-
25.03.2025 14:00;25.03.2025 15:00;-;-;-;-;-;-;-;-;-;-;-;-;-;-;-;-;-
25.03.2025 15:00;25.03.2025 16:00;-;-;-;-;-;-;-;-;-;-;-;-;-;-;-;-;-
25.03.2025 16:00;25.03.2025 17:00;-;-;-;-;-;-;-;-;-;-;-;-;-;-;-;-;-
25.03.2025 17:00;25.03.2025 18:00;-;-;-;-;-;-;-;-;-;-;-;-;-;-;-;-;-
25.03.2025 18:00;25.03.2025 19:00;-;-;-;-;-;-;-;-;-;-;-;-;-;-;-;-;-
25.03.2025 19:00;25.03.2025 20:00;-;-;-;-;-;-;-;-;-;-;-;-;-;-;-;-;-
25.03.2025 20:00;25.03.2025 21:00;-;-;-;-;-;-;-;-;-;-;-;-;-;-;-;-;-
25.03.2025 21:00;25.03.2025 22:00;-;-;-;-;-;-;-;-;-;-;-;-;-;-;-;-;-
25.03.2025 22:00;25.03.2025 23:00;-;-;-;-;-;-;-;-;-;-;-;-;-;-;-;-;-
25.03.2025 23:00;26.03.2025 00:00;-;-;-;-;-;-;-;-;-;-;-;-;-;-;-;-;-
26.03.2025 00:00;26.03.2025 01:00;-;-;-;-;-;-;-;-;-;-;-;-;-;-;-;-;-
26.03.2025 01:00;26.03.2025 02:00;-;-;-;-;-;-;-;-;-;-;-;-;-;-;-;-;-
26.03.2025 02:00;26.03.2025 03:00;-;-;-;-;-;-;-;-;-;-;-;-;-;-;-;-;-
26.03.2025 03:00;26.03.2025 04:00;-;-;-;-;-;-;-;-;-;-;-;-;-;-;-;-;-
26.03.2025 04:00;26.03.2025 05:00;-;-;-;-;-;-;-;-;-;-;-;-;-;-;-;-;-
26.03.2025 05:00;26.03.2025 06:00;-;-;-;-;-;-;-;-;-;-;-;-;-;-;-;-;-
26.03.2025 06:00;26.03.2025 07:00;-;-;-;-;-;-;-;-;-;-;-;-;-;-;-;-;-
26.03.2025 07:00;26.03.2025 08:00;-;-;-;-;-;-;-;-;-;-;-;-;-;-;-;-;-
26.03.2025 08:00;26.03.2025 09:00;-;-;-;-;-;-;-;-;-;-;-;-;-;-;-;-;-
26.03.2025 09:00;26.03.2025 10:00;-;-;-;-;-;-;-;-;-;-;-;-;-;-;-;-;-
26.03.2025 10:00;26.03.2025 11:00;-;-;-;-;-;-;-;-;-;-;-;-;-;-;-;-;-
26.03.2025 11:00;26.03.2025 12:00;-;-;-;-;-;-;-;-;-;-;-;-;-;-;-;-;-
26.03.2025 12:00;26.03.2025 13:00;-;-;-;-;-;-;-;-;-;-;-;-;-;-;-;-;-
26.03.2025 13:00;26.03.2025 14:00;-;-;-;-;-;-;-;-;-;-;-;-;-;-;-;-;-
26.03.2025 14:00;26.03.2025 15:00;-;-;-;-;-;-;-;-;-;-;-;-;-;-;-;-;-
26.03.2025 15:00;26.03.2025 16:00;-;-;-;-;-;-;-;-;-;-;-;-;-;-;-;-;-
26.03.2025 16:00;26.03.2025 17:00;-;-;-;-;-;-;-;-;-;-;-;-;-;-;-;-;-
26.03.2025 17:00;26.03.2025 18:00;-;-;-;-;-;-;-;-;-;-;-;-;-;-;-;-;-
26.03.2025 18:00;26.03.2025 19:00;-;-;-;-;-;-;-;-;-;-;-;-;-;-;-;-;-
26.03.2025 19:00;26.03.2025 20:00;-;-;-;-;-;-;-;-;-;-;-;-;-;-;-;-;-
26.03.2025 20:00;26.03.2025 21:00;-;-;-;-;-;-;-;-;-;-;-;-;-;-;-;-;-
26.03.2025 21:00;26.03.2025 22:00;-;-;-;-;-;-;-;-;-;-;-;-;-;-;-;-;-
26.03.2025 22:00;26.03.2025 23:00;-;-;-;-;-;-;-;-;-;-;-;-;-;-;-;-;-
26.03.2025 23:00;27.03.2025 00:00;-;-;-;-;-;-;-;-;-;-;-;-;-;-;-;-;-
27.03.2025 00:00;27.03.2025 01:00;-;-;-;-;-;-;-;-;-;-;-;-;-;-;-;-;-
27.03.2025 01:00;27.03.2025 02:00;-;-;-;-;-;-;-;-;-;-;-;-;-;-;-;-;-
27.03.2025 02:00;27.03.2025 03:00;-;-;-;-;-;-;-;-;-;-;-;-;-;-;-;-;-
27.03.2025 03:00;27.03.2025 04:00;-;-;-;-;-;-;-;-;-;-;-;-;-;-;-;-;-
27.03.2025 04:00;27.03.2025 05:00;-;-;-;-;-;-;-;-;-;-;-;-;-;-;-;-;-
27.03.2025 05:00;27.03.2025 06:00;-;-;-;-;-;-;-;-;-;-;-;-;-;-;-;-;-
27.03.2025 06:00;27.03.2025 07:00;-;-;-;-;-;-;-;-;-;-;-;-;-;-;-;-;-
27.03.2025 07:00;27.03.2025 08:00;-;-;-;-;-;-;-;-;-;-;-;-;-;-;-;-;-
27.03.2025 08:00;27.03.2025 09:00;-;-;-;-;-;-;-;-;-;-;-;-;-;-;-;-;-
27.03.2025 09:00;27.03.2025 10:00;-;-;-;-;-;-;-;-;-;-;-;-;-;-;-;-;-
27.03.2025 10:00;27.03.2025 11:00;-;-;-;-;-;-;-;-;-;-;-;-;-;-;-;-;-
27.03.2025 11:00;27.03.2025 12:00;-;-;-;-;-;-;-;-;-;-;-;-;-;-;-;-;-
27.03.2025 12:00;27.03.2025 13:00;-;-;-;-;-;-;-;-;-;-;-;-;-;-;-;-;-
27.03.2025 13:00;27.03.2025 14:00;-;-;-;-;-;-;-;-;-;-;-;-;-;-;-;-;-
27.03.2025 14:00;27.03.2025 15:00;-;-;-;-;-;-;-;-;-;-;-;-;-;-;-;-;-
27.03.2025 15:00;27.03.2025 16:00;-;-;-;-;-;-;-;-;-;-;-;-;-;-;-;-;-
27.03.2025 16:00;27.03.2025 17:00;-;-;-;-;-;-;-;-;-;-;-;-;-;-;-;-;-
27.03.2025 17:00;27.03.2025 18:00;-;-;-;-;-;-;-;-;-;-;-;-;-;-;-;-;-
27.03.2025 18:00;27.03.2025 19:00;-;-;-;-;-;-;-;-;-;-;-;-;-;-;-;-;-
27.03.2025 19:00;27.03.2025 20:00;-;-;-;-;-;-;-;-;-;-;-;-;-;-;-;-;-
27.03.2025 20:00;27.03.2025 21:00;-;-;-;-;-;-;-;-;-;-;-;-;-;-;-;-;-
27.03.2025 21:00;27.03.2025 22:00;-;-;-;-;-;-;-;-;-;-;-;-;-;-;-;-;-
27.03.2025 22:00;27.03.2025 23:00;-;-;-;-;-;-;-;-;-;-;-;-;-;-;-;-;-
27.03.2025 23:00;28.03.2025 00:00;-;-;-;-;-;-;-;-;-;-;-;-;-;-;-;-;-
28.03.2025 00:00;28.03.2025 01:00;-;-;-;-;-;-;-;-;-;-;-;-;-;-;-;-;-
28.03.2025 01:00;28.03.2025 02:00;-;-;-;-;-;-;-;-;-;-;-;-;-;-;-;-;-
28.03.2025 02:00;28.03.2025 03:00;-;-;-;-;-;-;-;-;-;-;-;-;-;-;-;-;-
28.03.2025 03:00;28.03.2025 04:00;-;-;-;-;-;-;-;-;-;-;-;-;-;-;-;-;-
28.03.2025 04:00;28.03.2025 05:00;-;-;-;-;-;-;-;-;-;-;-;-;-;-;-;-;-
28.03.2025 05:00;28.03.2025 06:00;-;-;-;-;-;-;-;-;-;-;-;-;-;-;-;-;-
28.03.2025 06:00;28.03.2025 07:00;-;-;-;-;-;-;-;-;-;-;-;-;-;-;-;-;-
28.03.2025 07:00;28.03.2025 08:00;-;-;-;-;-;-;-;-;-;-;-;-;-;-;-;-;-
28.03.2025 08:00;28.03.2025 09:00;-;-;-;-;-;-;-;-;-;-;-;-;-;-;-;-;-
28.03.2025 09:00;28.03.2025 10:00;-;-;-;-;-;-;-;-;-;-;-;-;-;-;-;-;-
28.03.2025 10:00;28.03.2025 11:00;-;-;-;-;-;-;-;-;-;-;-;-;-;-;-;-;-
28.03.2025 11:00;28.03.2025 12:00;-;-;-;-;-;-;-;-;-;-;-;-;-;-;-;-;-
28.03.2025 12:00;28.03.2025 13:00;-;-;-;-;-;-;-;-;-;-;-;-;-;-;-;-;-
28.03.2025 13:00;28.03.2025 14:00;-;-;-;-;-;-;-;-;-;-;-;-;-;-;-;-;-
28.03.2025 14:00;28.03.2025 15:00;-;-;-;-;-;-;-;-;-;-;-;-;-;-;-;-;-
28.03.2025 15:00;28.03.2025 16:00;-;-;-;-;-;-;-;-;-;-;-;-;-;-;-;-;-
28.03.2025 16:00;28.03.2025 17:00;-;-;-;-;-;-;-;-;-;-;-;-;-;-;-;-;-
28.03.2025 17:00;28.03.2025 18:00;-;-;-;-;-;-;-;-;-;-;-;-;-;-;-;-;-
28.03.2025 18:00;28.03.2025 19:00;-;-;-;-;-;-;-;-;-;-;-;-;-;-;-;-;-
28.03.2025 19:00;28.03.2025 20:00;-;-;-;-;-;-;-;-;-;-;-;-;-;-;-;-;-
28.03.2025 20:00;28.03.2025 21:00;-;-;-;-;-;-;-;-;-;-;-;-;-;-;-;-;-
28.03.2025 21:00;28.03.2025 22:00;-;-;-;-;-;-;-;-;-;-;-;-;-;-;-;-;-
28.03.2025 22:00;28.03.2025 23:00;-;-;-;-;-;-;-;-;-;-;-;-;-;-;-;-;-
28.03.2025 23:00;29.03.2025 00:00;-;-;-;-;-;-;-;-;-;-;-;-;-;-;-;-;-
29.03.2025 00:00;29.03.2025 01:00;-;-;-;-;-;-;-;-;-;-;-;-;-;-;-;-;-
29.03.2025 01:00;29.03.2025 02:00;-;-;-;-;-;-;-;-;-;-;-;-;-;-;-;-;-
29.03.2025 02:00;29.03.2025 03:00;-;-;-;-;-;-;-;-;-;-;-;-;-;-;-;-;-
29.03.2025 03:00;29.03.2025 04:00;-;-;-;-;-;-;-;-;-;-;-;-;-;-;-;-;-
29.03.2025 04:00;29.03.2025 05:00;-;-;-;-;-;-;-;-;-;-;-;-;-;-;-;-;-
29.03.2025 05:00;29.03.2025 06:00;-;-;-;-;-;-;-;-;-;-;-;-;-;-;-;-;-
29.03.2025 06:00;29.03.2025 07:00;-;-;-;-;-;-;-;-;-;-;-;-;-;-;-;-;-
29.03.2025 07:00;29.03.2025 08:00;-;-;-;-;-;-;-;-;-;-;-;-;-;-;-;-;-
29.03.2025 08:00;29.03.2025 09:00;-;-;-;-;-;-;-;-;-;-;-;-;-;-;-;-;-
29.03.2025 09:00;29.03.2025 10:00;-;-;-;-;-;-;-;-;-;-;-;-;-;-;-;-;-
29.03.2025 10:00;29.03.2025 11:00;-;-;-;-;-;-;-;-;-;-;-;-;-;-;-;-;-
29.03.2025 11:00;29.03.2025 12:00;-;-;-;-;-;-;-;-;-;-;-;-;-;-;-;-;-
29.03.2025 12:00;29.03.2025 13:00;-;-;-;-;-;-;-;-;-;-;-;-;-;-;-;-;-
29.03.2025 13:00;29.03.2025 14:00;-;-;-;-;-;-;-;-;-;-;-;-;-;-;-;-;-
29.03.2025 14:00;29.03.2025 15:00;-;-;-;-;-;-;-;-;-;-;-;-;-;-;-;-;-
29.03.2025 15:00;29.03.2025 16:00;-;-;-;-;-;-;-;-;-;-;-;-;-;-;-;-;-
29.03.2025 16:00;29.03.2025 17:00;-;-;-;-;-;-;-;-;-;-;-;-;-;-;-;-;-
29.03.2025 17:00;29.03.2025 18:00;-;-;-;-;-;-;-;-;-;-;-;-;-;-;-;-;-
29.03.2025 18:00;29.03.2025 19:00;-;-;-;-;-;-;-;-;-;-;-;-;-;-;-;-;-
29.03.2025 19:00;29.03.2025 20:00;-;-;-;-;-;-;-;-;-;-;-;-;-;-;-;-;-
29.03.2025 20:00;29.03.2025 21:00;-;-;-;-;-;-;-;-;-;-;-;-;-;-;-;-;-
29.03.2025 21:00;29.03.2025 22:00;-;-;-;-;-;-;-;-;-;-;-;-;-;-;-;-;-
29.03.2025 22:00;29.03.2025 23:00;-;-;-;-;-;-;-;-;-;-;-;-;-;-;-;-;-
29.03.2025 23:00;30.03.2025 00:00;-;-;-;-;-;-;-;-;-;-;-;-;-;-;-;-;-
30.03.2025 00:00;30.03.2025 01:00;-;-;-;-;-;-;-;-;-;-;-;-;-;-;-;-;-
30.03.2025 01:00;29.03.2025 02:00;-;-;-;-;-;-;-;-;-;-;-;-;-;-;-;-;-
30.03.2025 03:00;30.03.2025 04:00;-;-;-;-;-;-;-;-;-;-;-;-;-;-;-;-;-
30.03.2025 04:00;30.03.2025 05:00;-;-;-;-;-;-;-;-;-;-;-;-;-;-;-;-;-
30.03.2025 05:00;30.03.2025 06:00;-;-;-;-;-;-;-;-;-;-;-;-;-;-;-;-;-
30.03.2025 06:00;30.03.2025 07:00;-;-;-;-;-;-;-;-;-;-;-;-;-;-;-;-;-
30.03.2025 07:00;30.03.2025 08:00;-;-;-;-;-;-;-;-;-;-;-;-;-;-;-;-;-
30.03.2025 08:00;30.03.2025 09:00;-;-;-;-;-;-;-;-;-;-;-;-;-;-;-;-;-
30.03.2025 09:00;30.03.2025 10:00;-;-;-;-;-;-;-;-;-;-;-;-;-;-;-;-;-
30.03.2025 10:00;30.03.2025 11:00;-;-;-;-;-;-;-;-;-;-;-;-;-;-;-;-;-
30.03.2025 11:00;30.03.2025 12:00;-;-;-;-;-;-;-;-;-;-;-;-;-;-;-;-;-
30.03.2025 12:00;30.03.2025 13:00;-;-;-;-;-;-;-;-;-;-;-;-;-;-;-;-;-
30.03.2025 13:00;30.03.2025 14:00;-;-;-;-;-;-;-;-;-;-;-;-;-;-;-;-;-
30.03.2025 14:00;30.03.2025 15:00;-;-;-;-;-;-;-;-;-;-;-;-;-;-;-;-;-
30.03.2025 15:00;30.03.2025 16:00;-;-;-;-;-;-;-;-;-;-;-;-;-;-;-;-;-
30.03.2025 16:00;30.03.2025 17:00;-;-;-;-;-;-;-;-;-;-;-;-;-;-;-;-;-
30.03.2025 17:00;30.03.2025 18:00;-;-;-;-;-;-;-;-;-;-;-;-;-;-;-;-;-
30.03.2025 18:00;30.03.2025 19:00;-;-;-;-;-;-;-;-;-;-;-;-;-;-;-;-;-
30.03.2025 19:00;30.03.2025 20:00;-;-;-;-;-;-;-;-;-;-;-;-;-;-;-;-;-
30.03.2025 20:00;30.03.2025 21:00;-;-;-;-;-;-;-;-;-;-;-;-;-;-;-;-;-
30.03.2025 21:00;30.03.2025 22:00;-;-;-;-;-;-;-;-;-;-;-;-;-;-;-;-;-
30.03.2025 22:00;30.03.2025 23:00;-;-;-;-;-;-;-;-;-;-;-;-;-;-;-;-;-
30.03.2025 23:00;31.03.2025 00:00;-;-;-;-;-;-;-;-;-;-;-;-;-;-;-;-;-
31.03.2025 00:00;31.03.2025 01:00;-;-;-;-;-;-;-;-;-;-;-;-;-;-;-;-;-
31.03.2025 01:00;31.03.2025 02:00;-;-;-;-;-;-;-;-;-;-;-;-;-;-;-;-;-
31.03.2025 02:00;31.03.2025 03:00;-;-;-;-;-;-;-;-;-;-;-;-;-;-;-;-;-
31.03.2025 03:00;31.03.2025 04:00;-;-;-;-;-;-;-;-;-;-;-;-;-;-;-;-;-
31.03.2025 04:00;31.03.2025 05:00;-;-;-;-;-;-;-;-;-;-;-;-;-;-;-;-;-
31.03.2025 05:00;31.03.2025 06:00;-;-;-;-;-;-;-;-;-;-;-;-;-;-;-;-;-
31.03.2025 06:00;31.03.2025 07:00;-;-;-;-;-;-;-;-;-;-;-;-;-;-;-;-;-
31.03.2025 07:00;31.03.2025 08:00;-;-;-;-;-;-;-;-;-;-;-;-;-;-;-;-;-
31.03.2025 08:00;31.03.2025 09:00;-;-;-;-;-;-;-;-;-;-;-;-;-;-;-;-;-
31.03.2025 09:00;31.03.2025 10:00;-;-;-;-;-;-;-;-;-;-;-;-;-;-;-;-;-
31.03.2025 10:00;31.03.2025 11:00;-;-;-;-;-;-;-;-;-;-;-;-;-;-;-;-;-
31.03.2025 11:00;31.03.2025 12:00;-;-;-;-;-;-;-;-;-;-;-;-;-;-;-;-;-
31.03.2025 12:00;31.03.2025 13:00;-;-;-;-;-;-;-;-;-;-;-;-;-;-;-;-;-
31.03.2025 13:00;31.03.2025 14:00;-;-;-;-;-;-;-;-;-;-;-;-;-;-;-;-;-
31.03.2025 14:00;31.03.2025 15:00;-;-;-;-;-;-;-;-;-;-;-;-;-;-;-;-;-
31.03.2025 15:00;31.03.2025 16:00;-;-;-;-;-;-;-;-;-;-;-;-;-;-;-;-;-
31.03.2025 16:00;31.03.2025 17:00;-;-;-;-;-;-;-;-;-;-;-;-;-;-;-;-;-
31.03.2025 17:00;31.03.2025 18:00;-;-;-;-;-;-;-;-;-;-;-;-;-;-;-;-;-
31.03.2025 18:00;31.03.2025 19:00;-;-;-;-;-;-;-;-;-;-;-;-;-;-;-;-;-
31.03.2025 19:00;31.03.2025 20:00;-;-;-;-;-;-;-;-;-;-;-;-;-;-;-;-;-
31.03.2025 20:00;31.03.2025 21:00;-;-;-;-;-;-;-;-;-;-;-;-;-;-;-;-;-
31.03.2025 21:00;31.03.2025 22:00;-;-;-;-;-;-;-;-;-;-;-;-;-;-;-;-;-
31.03.2025 22:00;31.03.2025 23:00;-;-;-;-;-;-;-;-;-;-;-;-;-;-;-;-;-
31.03.2025 23:00;01.04.2025 00:00;-;-;-;-;-;-;-;-;-;-;-;-;-;-;-;-;-
01.04.2025 00:00;01.04.2025 01:00;-;-;-;-;-;-;-;-;-;-;-;-;-;-;-;-;-
01.04.2025 01:00;01.04.2025 02:00;-;-;-;-;-;-;-;-;-;-;-;-;-;-;-;-;-
01.04.2025 02:00;01.04.2025 03:00;-;-;-;-;-;-;-;-;-;-;-;-;-;-;-;-;-
01.04.2025 03:00;01.04.2025 04:00;-;-;-;-;-;-;-;-;-;-;-;-;-;-;-;-;-
01.04.2025 04:00;01.04.2025 05:00;-;-;-;-;-;-;-;-;-;-;-;-;-;-;-;-;-
01.04.2025 05:00;01.04.2025 06:00;-;-;-;-;-;-;-;-;-;-;-;-;-;-;-;-;-
01.04.2025 06:00;01.04.2025 07:00;-;-;-;-;-;-;-;-;-;-;-;-;-;-;-;-;-
01.04.2025 07:00;01.04.2025 08:00;-;-;-;-;-;-;-;-;-;-;-;-;-;-;-;-;-
01.04.2025 08:00;01.04.2025 09:00;-;-;-;-;-;-;-;-;-;-;-;-;-;-;-;-;-
01.04.2025 09:00;01.04.2025 10:00;-;-;-;-;-;-;-;-;-;-;-;-;-;-;-;-;-
01.04.2025 10:00;01.04.2025 11:00;-;-;-;-;-;-;-;-;-;-;-;-;-;-;-;-;-
01.04.2025 11:00;01.04.2025 12:00;-;-;-;-;-;-;-;-;-;-;-;-;-;-;-;-;-
01.04.2025 12:00;01.04.2025 13:00;-;-;-;-;-;-;-;-;-;-;-;-;-;-;-;-;-
01.04.2025 13:00;01.04.2025 14:00;-;-;-;-;-;-;-;-;-;-;-;-;-;-;-;-;-
01.04.2025 14:00;01.04.2025 15:00;-;-;-;-;-;-;-;-;-;-;-;-;-;-;-;-;-
01.04.2025 15:00;01.04.2025 16:00;-;-;-;-;-;-;-;-;-;-;-;-;-;-;-;-;-
01.04.2025 16:00;01.04.2025 17:00;-;-;-;-;-;-;-;-;-;-;-;-;-;-;-;-;-
01.04.2025 17:00;01.04.2025 18:00;-;-;-;-;-;-;-;-;-;-;-;-;-;-;-;-;-
01.04.2025 18:00;01.04.2025 19:00;-;-;-;-;-;-;-;-;-;-;-;-;-;-;-;-;-
01.04.2025 19:00;01.04.2025 20:00;-;-;-;-;-;-;-;-;-;-;-;-;-;-;-;-;-
01.04.2025 20:00;01.04.2025 21:00;-;-;-;-;-;-;-;-;-;-;-;-;-;-;-;-;-
01.04.2025 21:00;01.04.2025 22:00;-;-;-;-;-;-;-;-;-;-;-;-;-;-;-;-;-
01.04.2025 22:00;01.04.2025 23:00;-;-;-;-;-;-;-;-;-;-;-;-;-;-;-;-;-
01.04.2025 23:00;02.04.2025 00:00;-;-;-;-;-;-;-;-;-;-;-;-;-;-;-;-;-
02.04.2025 00:00;02.04.2025 01:00;-;-;-;-;-;-;-;-;-;-;-;-;-;-;-;-;-
02.04.2025 01:00;02.04.2025 02:00;-;-;-;-;-;-;-;-;-;-;-;-;-;-;-;-;-
02.04.2025 02:00;02.04.2025 03:00;-;-;-;-;-;-;-;-;-;-;-;-;-;-;-;-;-
02.04.2025 03:00;02.04.2025 04:00;-;-;-;-;-;-;-;-;-;-;-;-;-;-;-;-;-
02.04.2025 04:00;02.04.2025 05:00;-;-;-;-;-;-;-;-;-;-;-;-;-;-;-;-;-
02.04.2025 05:00;02.04.2025 06:00;-;-;-;-;-;-;-;-;-;-;-;-;-;-;-;-;-
02.04.2025 06:00;02.04.2025 07:00;-;-;-;-;-;-;-;-;-;-;-;-;-;-;-;-;-
02.04.2025 07:00;02.04.2025 08:00;-;-;-;-;-;-;-;-;-;-;-;-;-;-;-;-;-
02.04.2025 08:00;02.04.2025 09:00;-;-;-;-;-;-;-;-;-;-;-;-;-;-;-;-;-
02.04.2025 09:00;02.04.2025 10:00;-;-;-;-;-;-;-;-;-;-;-;-;-;-;-;-;-
02.04.2025 10:00;02.04.2025 11:00;-;-;-;-;-;-;-;-;-;-;-;-;-;-;-;-;-
02.04.2025 11:00;02.04.2025 12:00;-;-;-;-;-;-;-;-;-;-;-;-;-;-;-;-;-
02.04.2025 12:00;02.04.2025 13:00;-;-;-;-;-;-;-;-;-;-;-;-;-;-;-;-;-
02.04.2025 13:00;02.04.2025 14:00;-;-;-;-;-;-;-;-;-;-;-;-;-;-;-;-;-
02.04.2025 14:00;02.04.2025 15:00;-;-;-;-;-;-;-;-;-;-;-;-;-;-;-;-;-
02.04.2025 15:00;02.04.2025 16:00;-;-;-;-;-;-;-;-;-;-;-;-;-;-;-;-;-
02.04.2025 16:00;02.04.2025 17:00;-;-;-;-;-;-;-;-;-;-;-;-;-;-;-;-;-
02.04.2025 17:00;02.04.2025 18:00;-;-;-;-;-;-;-;-;-;-;-;-;-;-;-;-;-
02.04.2025 18:00;02.04.2025 19:00;-;-;-;-;-;-;-;-;-;-;-;-;-;-;-;-;-
02.04.2025 19:00;02.04.2025 20:00;-;-;-;-;-;-;-;-;-;-;-;-;-;-;-;-;-
02.04.2025 20:00;02.04.2025 21:00;-;-;-;-;-;-;-;-;-;-;-;-;-;-;-;-;-
02.04.2025 21:00;02.04.2025 22:00;-;-;-;-;-;-;-;-;-;-;-;-;-;-;-;-;-
02.04.2025 22:00;02.04.2025 23:00;-;-;-;-;-;-;-;-;-;-;-;-;-;-;-;-;-
02.04.2025 23:00;03.04.2025 00:00;-;-;-;-;-;-;-;-;-;-;-;-;-;-;-;-;-
03.04.2025 00:00;03.04.2025 01:00;-;-;-;-;-;-;-;-;-;-;-;-;-;-;-;-;-
03.04.2025 01:00;03.04.2025 02:00;-;-;-;-;-;-;-;-;-;-;-;-;-;-;-;-;-
03.04.2025 02:00;03.04.2025 03:00;-;-;-;-;-;-;-;-;-;-;-;-;-;-;-;-;-
03.04.2025 03:00;03.04.2025 04:00;-;-;-;-;-;-;-;-;-;-;-;-;-;-;-;-;-
03.04.2025 04:00;03.04.2025 05:00;-;-;-;-;-;-;-;-;-;-;-;-;-;-;-;-;-
03.04.2025 05:00;03.04.2025 06:00;-;-;-;-;-;-;-;-;-;-;-;-;-;-;-;-;-
03.04.2025 06:00;03.04.2025 07:00;-;-;-;-;-;-;-;-;-;-;-;-;-;-;-;-;-
03.04.2025 07:00;03.04.2025 08:00;-;-;-;-;-;-;-;-;-;-;-;-;-;-;-;-;-
03.04.2025 08:00;03.04.2025 09:00;-;-;-;-;-;-;-;-;-;-;-;-;-;-;-;-;-
03.04.2025 09:00;03.04.2025 10:00;-;-;-;-;-;-;-;-;-;-;-;-;-;-;-;-;-
03.04.2025 10:00;03.04.2025 11:00;-;-;-;-;-;-;-;-;-;-;-;-;-;-;-;-;-
03.04.2025 11:00;03.04.2025 12:00;-;-;-;-;-;-;-;-;-;-;-;-;-;-;-;-;-
03.04.2025 12:00;03.04.2025 13:00;-;-;-;-;-;-;-;-;-;-;-;-;-;-;-;-;-
03.04.2025 13:00;03.04.2025 14:00;-;-;-;-;-;-;-;-;-;-;-;-;-;-;-;-;-
03.04.2025 14:00;03.04.2025 15:00;-;-;-;-;-;-;-;-;-;-;-;-;-;-;-;-;-
03.04.2025 15:00;03.04.2025 16:00;-;-;-;-;-;-;-;-;-;-;-;-;-;-;-;-;-
03.04.2025 16:00;03.04.2025 17:00;-;-;-;-;-;-;-;-;-;-;-;-;-;-;-;-;-
03.04.2025 17:00;03.04.2025 18:00;-;-;-;-;-;-;-;-;-;-;-;-;-;-;-;-;-
03.04.2025 18:00;03.04.2025 19:00;-;-;-;-;-;-;-;-;-;-;-;-;-;-;-;-;-
03.04.2025 19:00;03.04.2025 20:00;-;-;-;-;-;-;-;-;-;-;-;-;-;-;-;-;-
03.04.2025 20:00;03.04.2025 21:00;-;-;-;-;-;-;-;-;-;-;-;-;-;-;-;-;-
03.04.2025 21:00;03.04.2025 22:00;-;-;-;-;-;-;-;-;-;-;-;-;-;-;-;-;-
03.04.2025 22:00;03.04.2025 23:00;-;-;-;-;-;-;-;-;-;-;-;-;-;-;-;-;-
03.04.2025 23:00;04.04.2025 00:00;-;-;-;-;-;-;-;-;-;-;-;-;-;-;-;-;-
04.04.2025 00:00;04.04.2025 01:00;-;-;-;-;-;-;-;-;-;-;-;-;-;-;-;-;-
04.04.2025 01:00;04.04.2025 02:00;-;-;-;-;-;-;-;-;-;-;-;-;-;-;-;-;-
04.04.2025 02:00;04.04.2025 03:00;-;-;-;-;-;-;-;-;-;-;-;-;-;-;-;-;-
04.04.2025 03:00;04.04.2025 04:00;-;-;-;-;-;-;-;-;-;-;-;-;-;-;-;-;-
04.04.2025 04:00;04.04.2025 05:00;-;-;-;-;-;-;-;-;-;-;-;-;-;-;-;-;-
04.04.2025 05:00;04.04.2025 06:00;-;-;-;-;-;-;-;-;-;-;-;-;-;-;-;-;-
04.04.2025 06:00;04.04.2025 07:00;-;-;-;-;-;-;-;-;-;-;-;-;-;-;-;-;-
04.04.2025 07:00;04.04.2025 08:00;-;-;-;-;-;-;-;-;-;-;-;-;-;-;-;-;-
04.04.2025 08:00;04.04.2025 09:00;-;-;-;-;-;-;-;-;-;-;-;-;-;-;-;-;-
04.04.2025 09:00;04.04.2025 10:00;-;-;-;-;-;-;-;-;-;-;-;-;-;-;-;-;-
04.04.2025 10:00;04.04.2025 11:00;-;-;-;-;-;-;-;-;-;-;-;-;-;-;-;-;-
04.04.2025 11:00;04.04.2025 12:00;-;-;-;-;-;-;-;-;-;-;-;-;-;-;-;-;-
04.04.2025 12:00;04.04.2025 13:00;-;-;-;-;-;-;-;-;-;-;-;-;-;-;-;-;-
04.04.2025 13:00;04.04.2025 14:00;-;-;-;-;-;-;-;-;-;-;-;-;-;-;-;-;-
04.04.2025 14:00;04.04.2025 15:00;-;-;-;-;-;-;-;-;-;-;-;-;-;-;-;-;-
04.04.2025 15:00;04.04.2025 16:00;-;-;-;-;-;-;-;-;-;-;-;-;-;-;-;-;-
04.04.2025 16:00;04.04.2025 17:00;-;-;-;-;-;-;-;-;-;-;-;-;-;-;-;-;-
04.04.2025 17:00;04.04.2025 18:00;-;-;-;-;-;-;-;-;-;-;-;-;-;-;-;-;-
04.04.2025 18:00;04.04.2025 19:00;-;-;-;-;-;-;-;-;-;-;-;-;-;-;-;-;-
04.04.2025 19:00;04.04.2025 20:00;-;-;-;-;-;-;-;-;-;-;-;-;-;-;-;-;-
04.04.2025 20:00;04.04.2025 21:00;-;-;-;-;-;-;-;-;-;-;-;-;-;-;-;-;-
04.04.2025 21:00;04.04.2025 22:00;-;-;-;-;-;-;-;-;-;-;-;-;-;-;-;-;-
04.04.2025 22:00;04.04.2025 23:00;-;-;-;-;-;-;-;-;-;-;-;-;-;-;-;-;-
04.04.2025 23:00;05.04.2025 00:00;-;-;-;-;-;-;-;-;-;-;-;-;-;-;-;-;-
05.04.2025 00:00;05.04.2025 01:00;-;-;-;-;-;-;-;-;-;-;-;-;-;-;-;-;-
05.04.2025 01:00;05.04.2025 02:00;-;-;-;-;-;-;-;-;-;-;-;-;-;-;-;-;-
05.04.2025 02:00;05.04.2025 03:00;-;-;-;-;-;-;-;-;-;-;-;-;-;-;-;-;-
05.04.2025 03:00;05.04.2025 04:00;-;-;-;-;-;-;-;-;-;-;-;-;-;-;-;-;-
05.04.2025 04:00;05.04.2025 05:00;-;-;-;-;-;-;-;-;-;-;-;-;-;-;-;-;-
05.04.2025 05:00;05.04.2025 06:00;-;-;-;-;-;-;-;-;-;-;-;-;-;-;-;-;-
05.04.2025 06:00;05.04.2025 07:00;-;-;-;-;-;-;-;-;-;-;-;-;-;-;-;-;-
05.04.2025 07:00;05.04.2025 08:00;-;-;-;-;-;-;-;-;-;-;-;-;-;-;-;-;-
05.04.2025 08:00;05.04.2025 09:00;-;-;-;-;-;-;-;-;-;-;-;-;-;-;-;-;-
05.04.2025 09:00;05.04.2025 10:00;-;-;-;-;-;-;-;-;-;-;-;-;-;-;-;-;-
05.04.2025 10:00;05.04.2025 11:00;-;-;-;-;-;-;-;-;-;-;-;-;-;-;-;-;-
05.04.2025 11:00;05.04.2025 12:00;-;-;-;-;-;-;-;-;-;-;-;-;-;-;-;-;-
05.04.2025 12:00;05.04.2025 13:00;-;-;-;-;-;-;-;-;-;-;-;-;-;-;-;-;-
05.04.2025 13:00;05.04.2025 14:00;-;-;-;-;-;-;-;-;-;-;-;-;-;-;-;-;-
05.04.2025 14:00;05.04.2025 15:00;-;-;-;-;-;-;-;-;-;-;-;-;-;-;-;-;-
05.04.2025 15:00;05.04.2025 16:00;-;-;-;-;-;-;-;-;-;-;-;-;-;-;-;-;-
05.04.2025 16:00;05.04.2025 17:00;-;-;-;-;-;-;-;-;-;-;-;-;-;-;-;-;-
05.04.2025 17:00;05.04.2025 18:00;-;-;-;-;-;-;-;-;-;-;-;-;-;-;-;-;-
05.04.2025 18:00;05.04.2025 19:00;-;-;-;-;-;-;-;-;-;-;-;-;-;-;-;-;-
05.04.2025 19:00;05.04.2025 20:00;-;-;-;-;-;-;-;-;-;-;-;-;-;-;-;-;-
05.04.2025 20:00;05.04.2025 21:00;-;-;-;-;-;-;-;-;-;-;-;-;-;-;-;-;-
05.04.2025 21:00;05.04.2025 22:00;-;-;-;-;-;-;-;-;-;-;-;-;-;-;-;-;-
05.04.2025 22:00;05.04.2025 23:00;-;-;-;-;-;-;-;-;-;-;-;-;-;-;-;-;-
05.04.2025 23:00;06.04.2025 00:00;-;-;-;-;-;-;-;-;-;-;-;-;-;-;-;-;-
06.04.2025 00:00;06.04.2025 01:00;-;-;-;-;-;-;-;-;-;-;-;-;-;-;-;-;-
06.04.2025 01:00;06.04.2025 02:00;-;-;-;-;-;-;-;-;-;-;-;-;-;-;-;-;-
06.04.2025 02:00;06.04.2025 03:00;-;-;-;-;-;-;-;-;-;-;-;-;-;-;-;-;-
06.04.2025 03:00;06.04.2025 04:00;-;-;-;-;-;-;-;-;-;-;-;-;-;-;-;-;-
06.04.2025 04:00;06.04.2025 05:00;-;-;-;-;-;-;-;-;-;-;-;-;-;-;-;-;-
06.04.2025 05:00;06.04.2025 06:00;-;-;-;-;-;-;-;-;-;-;-;-;-;-;-;-;-
06.04.2025 06:00;06.04.2025 07:00;-;-;-;-;-;-;-;-;-;-;-;-;-;-;-;-;-
06.04.2025 07:00;06.04.2025 08:00;-;-;-;-;-;-;-;-;-;-;-;-;-;-;-;-;-
06.04.2025 08:00;06.04.2025 09:00;-;-;-;-;-;-;-;-;-;-;-;-;-;-;-;-;-
06.04.2025 09:00;06.04.2025 10:00;-;-;-;-;-;-;-;-;-;-;-;-;-;-;-;-;-
06.04.2025 10:00;06.04.2025 11:00;-;-;-;-;-;-;-;-;-;-;-;-;-;-;-;-;-
06.04.2025 11:00;06.04.2025 12:00;-;-;-;-;-;-;-;-;-;-;-;-;-;-;-;-;-
06.04.2025 12:00;06.04.2025 13:00;-;-;-;-;-;-;-;-;-;-;-;-;-;-;-;-;-
06.04.2025 13:00;06.04.2025 14:00;-;-;-;-;-;-;-;-;-;-;-;-;-;-;-;-;-
06.04.2025 14:00;06.04.2025 15:00;-;-;-;-;-;-;-;-;-;-;-;-;-;-;-;-;-
06.04.2025 15:00;06.04.2025 16:00;-;-;-;-;-;-;-;-;-;-;-;-;-;-;-;-;-
06.04.2025 16:00;06.04.2025 17:00;-;-;-;-;-;-;-;-;-;-;-;-;-;-;-;-;-
06.04.2025 17:00;06.04.2025 18:00;-;-;-;-;-;-;-;-;-;-;-;-;-;-;-;-;-
06.04.2025 18:00;06.04.2025 19:00;-;-;-;-;-;-;-;-;-;-;-;-;-;-;-;-;-
06.04.2025 19:00;06.04.2025 20:00;-;-;-;-;-;-;-;-;-;-;-;-;-;-;-;-;-
06.04.2025 20:00;06.04.2025 21:00;-;-;-;-;-;-;-;-;-;-;-;-;-;-;-;-;-
06.04.2025 21:00;06.04.2025 22:00;-;-;-;-;-;-;-;-;-;-;-;-;-;-;-;-;-
06.04.2025 22:00;06.04.2025 23:00;-;-;-;-;-;-;-;-;-;-;-;-;-;-;-;-;-
06.04.2025 23:00;07.04.2025 00:00;-;-;-;-;-;-;-;-;-;-;-;-;-;-;-;-;-
07.04.2025 00:00;07.04.2025 01:00;-;-;-;-;-;-;-;-;-;-;-;-;-;-;-;-;-
07.04.2025 01:00;07.04.2025 02:00;-;-;-;-;-;-;-;-;-;-;-;-;-;-;-;-;-
07.04.2025 02:00;07.04.2025 03:00;-;-;-;-;-;-;-;-;-;-;-;-;-;-;-;-;-
07.04.2025 03:00;07.04.2025 04:00;-;-;-;-;-;-;-;-;-;-;-;-;-;-;-;-;-
07.04.2025 04:00;07.04.2025 05:00;-;-;-;-;-;-;-;-;-;-;-;-;-;-;-;-;-
07.04.2025 05:00;07.04.2025 06:00;-;-;-;-;-;-;-;-;-;-;-;-;-;-;-;-;-
07.04.2025 06:00;07.04.2025 07:00;-;-;-;-;-;-;-;-;-;-;-;-;-;-;-;-;-
07.04.2025 07:00;07.04.2025 08:00;-;-;-;-;-;-;-;-;-;-;-;-;-;-;-;-;-
07.04.2025 08:00;07.04.2025 09:00;-;-;-;-;-;-;-;-;-;-;-;-;-;-;-;-;-
07.04.2025 09:00;07.04.2025 10:00;-;-;-;-;-;-;-;-;-;-;-;-;-;-;-;-;-
07.04.2025 10:00;07.04.2025 11:00;-;-;-;-;-;-;-;-;-;-;-;-;-;-;-;-;-
07.04.2025 11:00;07.04.2025 12:00;-;-;-;-;-;-;-;-;-;-;-;-;-;-;-;-;-
07.04.2025 12:00;07.04.2025 13:00;-;-;-;-;-;-;-;-;-;-;-;-;-;-;-;-;-
07.04.2025 13:00;07.04.2025 14:00;-;-;-;-;-;-;-;-;-;-;-;-;-;-;-;-;-
07.04.2025 14:00;07.04.2025 15:00;-;-;-;-;-;-;-;-;-;-;-;-;-;-;-;-;-
07.04.2025 15:00;07.04.2025 16:00;-;-;-;-;-;-;-;-;-;-;-;-;-;-;-;-;-
07.04.2025 16:00;07.04.2025 17:00;-;-;-;-;-;-;-;-;-;-;-;-;-;-;-;-;-
07.04.2025 17:00;07.04.2025 18:00;-;-;-;-;-;-;-;-;-;-;-;-;-;-;-;-;-
07.04.2025 18:00;07.04.2025 19:00;-;-;-;-;-;-;-;-;-;-;-;-;-;-;-;-;-
07.04.2025 19:00;07.04.2025 20:00;-;-;-;-;-;-;-;-;-;-;-;-;-;-;-;-;-
07.04.2025 20:00;07.04.2025 21:00;-;-;-;-;-;-;-;-;-;-;-;-;-;-;-;-;-
07.04.2025 21:00;07.04.2025 22:00;-;-;-;-;-;-;-;-;-;-;-;-;-;-;-;-;-
07.04.2025 22:00;07.04.2025 23:00;-;-;-;-;-;-;-;-;-;-;-;-;-;-;-;-;-
07.04.2025 23:00;08.04.2025 00:00;-;-;-;-;-;-;-;-;-;-;-;-;-;-;-;-;-
08.04.2025 00:00;08.04.2025 01:00;-;-;-;-;-;-;-;-;-;-;-;-;-;-;-;-;-
08.04.2025 01:00;08.04.2025 02:00;-;-;-;-;-;-;-;-;-;-;-;-;-;-;-;-;-
08.04.2025 02:00;08.04.2025 03:00;-;-;-;-;-;-;-;-;-;-;-;-;-;-;-;-;-
08.04.2025 03:00;08.04.2025 04:00;-;-;-;-;-;-;-;-;-;-;-;-;-;-;-;-;-
08.04.2025 04:00;08.04.2025 05:00;-;-;-;-;-;-;-;-;-;-;-;-;-;-;-;-;-
08.04.2025 05:00;08.04.2025 06:00;-;-;-;-;-;-;-;-;-;-;-;-;-;-;-;-;-
08.04.2025 06:00;08.04.2025 07:00;-;-;-;-;-;-;-;-;-;-;-;-;-;-;-;-;-
08.04.2025 07:00;08.04.2025 08:00;-;-;-;-;-;-;-;-;-;-;-;-;-;-;-;-;-
08.04.2025 08:00;08.04.2025 09:00;-;-;-;-;-;-;-;-;-;-;-;-;-;-;-;-;-
08.04.2025 09:00;08.04.2025 10:00;-;-;-;-;-;-;-;-;-;-;-;-;-;-;-;-;-
08.04.2025 10:00;08.04.2025 11:00;-;-;-;-;-;-;-;-;-;-;-;-;-;-;-;-;-
08.04.2025 11:00;08.04.2025 12:00;-;-;-;-;-;-;-;-;-;-;-;-;-;-;-;-;-
08.04.2025 12:00;08.04.2025 13:00;-;-;-;-;-;-;-;-;-;-;-;-;-;-;-;-;-
08.04.2025 13:00;08.04.2025 14:00;-;-;-;-;-;-;-;-;-;-;-;-;-;-;-;-;-
08.04.2025 14:00;08.04.2025 15:00;-;-;-;-;-;-;-;-;-;-;-;-;-;-;-;-;-
08.04.2025 15:00;08.04.2025 16:00;-;-;-;-;-;-;-;-;-;-;-;-;-;-;-;-;-
08.04.2025 16:00;08.04.2025 17:00;-;-;-;-;-;-;-;-;-;-;-;-;-;-;-;-;-
08.04.2025 17:00;08.04.2025 18:00;-;-;-;-;-;-;-;-;-;-;-;-;-;-;-;-;-
08.04.2025 18:00;08.04.2025 19:00;-;-;-;-;-;-;-;-;-;-;-;-;-;-;-;-;-
08.04.2025 19:00;08.04.2025 20:00;-;-;-;-;-;-;-;-;-;-;-;-;-;-;-;-;-
08.04.2025 20:00;08.04.2025 21:00;-;-;-;-;-;-;-;-;-;-;-;-;-;-;-;-;-
08.04.2025 21:00;08.04.2025 22:00;-;-;-;-;-;-;-;-;-;-;-;-;-;-;-;-;-
08.04.2025 22:00;08.04.2025 23:00;-;-;-;-;-;-;-;-;-;-;-;-;-;-;-;-;-
08.04.2025 23:00;09.04.2025 00:00;-;-;-;-;-;-;-;-;-;-;-;-;-;-;-;-;-
09.04.2025 00:00;09.04.2025 01:00;-;-;-;-;-;-;-;-;-;-;-;-;-;-;-;-;-
09.04.2025 01:00;09.04.2025 02:00;-;-;-;-;-;-;-;-;-;-;-;-;-;-;-;-;-
09.04.2025 02:00;09.04.2025 03:00;-;-;-;-;-;-;-;-;-;-;-;-;-;-;-;-;-
09.04.2025 03:00;09.04.2025 04:00;-;-;-;-;-;-;-;-;-;-;-;-;-;-;-;-;-
09.04.2025 04:00;09.04.2025 05:00;-;-;-;-;-;-;-;-;-;-;-;-;-;-;-;-;-
09.04.2025 05:00;09.04.2025 06:00;-;-;-;-;-;-;-;-;-;-;-;-;-;-;-;-;-
09.04.2025 06:00;09.04.2025 07:00;-;-;-;-;-;-;-;-;-;-;-;-;-;-;-;-;-
09.04.2025 07:00;09.04.2025 08:00;-;-;-;-;-;-;-;-;-;-;-;-;-;-;-;-;-
09.04.2025 08:00;09.04.2025 09:00;-;-;-;-;-;-;-;-;-;-;-;-;-;-;-;-;-
09.04.2025 09:00;09.04.2025 10:00;-;-;-;-;-;-;-;-;-;-;-;-;-;-;-;-;-
09.04.2025 10:00;09.04.2025 11:00;-;-;-;-;-;-;-;-;-;-;-;-;-;-;-;-;-
09.04.2025 11:00;09.04.2025 12:00;-;-;-;-;-;-;-;-;-;-;-;-;-;-;-;-;-
09.04.2025 12:00;09.04.2025 13:00;-;-;-;-;-;-;-;-;-;-;-;-;-;-;-;-;-
09.04.2025 13:00;09.04.2025 14:00;-;-;-;-;-;-;-;-;-;-;-;-;-;-;-;-;-
09.04.2025 14:00;09.04.2025 15:00;-;-;-;-;-;-;-;-;-;-;-;-;-;-;-;-;-
09.04.2025 15:00;09.04.2025 16:00;-;-;-;-;-;-;-;-;-;-;-;-;-;-;-;-;-
09.04.2025 16:00;09.04.2025 17:00;-;-;-;-;-;-;-;-;-;-;-;-;-;-;-;-;-
09.04.2025 17:00;09.04.2025 18:00;-;-;-;-;-;-;-;-;-;-;-;-;-;-;-;-;-
09.04.2025 18:00;09.04.2025 19:00;-;-;-;-;-;-;-;-;-;-;-;-;-;-;-;-;-
09.04.2025 19:00;09.04.2025 20:00;-;-;-;-;-;-;-;-;-;-;-;-;-;-;-;-;-
09.04.2025 20:00;09.04.2025 21:00;-;-;-;-;-;-;-;-;-;-;-;-;-;-;-;-;-
09.04.2025 21:00;09.04.2025 22:00;-;-;-;-;-;-;-;-;-;-;-;-;-;-;-;-;-
09.04.2025 22:00;09.04.2025 23:00;-;-;-;-;-;-;-;-;-;-;-;-;-;-;-;-;-
09.04.2025 23:00;10.04.2025 00:00;-;-;-;-;-;-;-;-;-;-;-;-;-;-;-;-;-
10.04.2025 00:00;10.04.2025 01:00;-;-;-;-;-;-;-;-;-;-;-;-;-;-;-;-;-
10.04.2025 01:00;10.04.2025 02:00;-;-;-;-;-;-;-;-;-;-;-;-;-;-;-;-;-
10.04.2025 02:00;10.04.2025 03:00;-;-;-;-;-;-;-;-;-;-;-;-;-;-;-;-;-
10.04.2025 03:00;10.04.2025 04:00;-;-;-;-;-;-;-;-;-;-;-;-;-;-;-;-;-
10.04.2025 04:00;10.04.2025 05:00;-;-;-;-;-;-;-;-;-;-;-;-;-;-;-;-;-
10.04.2025 05:00;10.04.2025 06:00;-;-;-;-;-;-;-;-;-;-;-;-;-;-;-;-;-
10.04.2025 06:00;10.04.2025 07:00;-;-;-;-;-;-;-;-;-;-;-;-;-;-;-;-;-
10.04.2025 07:00;10.04.2025 08:00;-;-;-;-;-;-;-;-;-;-;-;-;-;-;-;-;-
10.04.2025 08:00;10.04.2025 09:00;-;-;-;-;-;-;-;-;-;-;-;-;-;-;-;-;-
10.04.2025 09:00;10.04.2025 10:00;-;-;-;-;-;-;-;-;-;-;-;-;-;-;-;-;-
10.04.2025 10:00;10.04.2025 11:00;-;-;-;-;-;-;-;-;-;-;-;-;-;-;-;-;-
10.04.2025 11:00;10.04.2025 12:00;-;-;-;-;-;-;-;-;-;-;-;-;-;-;-;-;-
10.04.2025 12:00;10.04.2025 13:00;-;-;-;-;-;-;-;-;-;-;-;-;-;-;-;-;-
10.04.2025 13:00;10.04.2025 14:00;-;-;-;-;-;-;-;-;-;-;-;-;-;-;-;-;-
10.04.2025 14:00;10.04.2025 15:00;-;-;-;-;-;-;-;-;-;-;-;-;-;-;-;-;-
10.04.2025 15:00;10.04.2025 16:00;-;-;-;-;-;-;-;-;-;-;-;-;-;-;-;-;-
10.04.2025 16:00;10.04.2025 17:00;-;-;-;-;-;-;-;-;-;-;-;-;-;-;-;-;-
10.04.2025 17:00;10.04.2025 18:00;-;-;-;-;-;-;-;-;-;-;-;-;-;-;-;-;-
10.04.2025 18:00;10.04.2025 19:00;-;-;-;-;-;-;-;-;-;-;-;-;-;-;-;-;-
10.04.2025 19:00;10.04.2025 20:00;-;-;-;-;-;-;-;-;-;-;-;-;-;-;-;-;-
10.04.2025 20:00;10.04.2025 21:00;-;-;-;-;-;-;-;-;-;-;-;-;-;-;-;-;-
10.04.2025 21:00;10.04.2025 22:00;-;-;-;-;-;-;-;-;-;-;-;-;-;-;-;-;-
10.04.2025 22:00;10.04.2025 23:00;-;-;-;-;-;-;-;-;-;-;-;-;-;-;-;-;-
10.04.2025 23:00;11.04.2025 00:00;-;-;-;-;-;-;-;-;-;-;-;-;-;-;-;-;-
11.04.2025 00:00;11.04.2025 01:00;-;-;-;-;-;-;-;-;-;-;-;-;-;-;-;-;-
11.04.2025 01:00;11.04.2025 02:00;-;-;-;-;-;-;-;-;-;-;-;-;-;-;-;-;-
11.04.2025 02:00;11.04.2025 03:00;-;-;-;-;-;-;-;-;-;-;-;-;-;-;-;-;-
11.04.2025 03:00;11.04.2025 04:00;-;-;-;-;-;-;-;-;-;-;-;-;-;-;-;-;-
11.04.2025 04:00;11.04.2025 05:00;-;-;-;-;-;-;-;-;-;-;-;-;-;-;-;-;-
11.04.2025 05:00;11.04.2025 06:00;-;-;-;-;-;-;-;-;-;-;-;-;-;-;-;-;-
11.04.2025 06:00;11.04.2025 07:00;-;-;-;-;-;-;-;-;-;-;-;-;-;-;-;-;-
11.04.2025 07:00;11.04.2025 08:00;-;-;-;-;-;-;-;-;-;-;-;-;-;-;-;-;-
11.04.2025 08:00;11.04.2025 09:00;-;-;-;-;-;-;-;-;-;-;-;-;-;-;-;-;-
11.04.2025 09:00;11.04.2025 10:00;-;-;-;-;-;-;-;-;-;-;-;-;-;-;-;-;-
11.04.2025 10:00;11.04.2025 11:00;-;-;-;-;-;-;-;-;-;-;-;-;-;-;-;-;-
11.04.2025 11:00;11.04.2025 12:00;-;-;-;-;-;-;-;-;-;-;-;-;-;-;-;-;-
11.04.2025 12:00;11.04.2025 13:00;-;-;-;-;-;-;-;-;-;-;-;-;-;-;-;-;-
11.04.2025 13:00;11.04.2025 14:00;-;-;-;-;-;-;-;-;-;-;-;-;-;-;-;-;-
11.04.2025 14:00;11.04.2025 15:00;-;-;-;-;-;-;-;-;-;-;-;-;-;-;-;-;-
11.04.2025 15:00;11.04.2025 16:00;-;-;-;-;-;-;-;-;-;-;-;-;-;-;-;-;-
11.04.2025 16:00;11.04.2025 17:00;-;-;-;-;-;-;-;-;-;-;-;-;-;-;-;-;-
11.04.2025 17:00;11.04.2025 18:00;-;-;-;-;-;-;-;-;-;-;-;-;-;-;-;-;-
11.04.2025 18:00;11.04.2025 19:00;-;-;-;-;-;-;-;-;-;-;-;-;-;-;-;-;-
11.04.2025 19:00;11.04.2025 20:00;-;-;-;-;-;-;-;-;-;-;-;-;-;-;-;-;-
11.04.2025 20:00;11.04.2025 21:00;-;-;-;-;-;-;-;-;-;-;-;-;-;-;-;-;-
11.04.2025 21:00;11.04.2025 22:00;-;-;-;-;-;-;-;-;-;-;-;-;-;-;-;-;-
11.04.2025 22:00;11.04.2025 23:00;-;-;-;-;-;-;-;-;-;-;-;-;-;-;-;-;-
11.04.2025 23:00;12.04.2025 00:00;-;-;-;-;-;-;-;-;-;-;-;-;-;-;-;-;-
12.04.2025 00:00;12.04.2025 01:00;-;-;-;-;-;-;-;-;-;-;-;-;-;-;-;-;-
12.04.2025 01:00;12.04.2025 02:00;-;-;-;-;-;-;-;-;-;-;-;-;-;-;-;-;-
12.04.2025 02:00;12.04.2025 03:00;-;-;-;-;-;-;-;-;-;-;-;-;-;-;-;-;-
12.04.2025 03:00;12.04.2025 04:00;-;-;-;-;-;-;-;-;-;-;-;-;-;-;-;-;-
12.04.2025 04:00;12.04.2025 05:00;-;-;-;-;-;-;-;-;-;-;-;-;-;-;-;-;-
12.04.2025 05:00;12.04.2025 06:00;-;-;-;-;-;-;-;-;-;-;-;-;-;-;-;-;-
12.04.2025 06:00;12.04.2025 07:00;-;-;-;-;-;-;-;-;-;-;-;-;-;-;-;-;-
12.04.2025 07:00;12.04.2025 08:00;-;-;-;-;-;-;-;-;-;-;-;-;-;-;-;-;-
12.04.2025 08:00;12.04.2025 09:00;-;-;-;-;-;-;-;-;-;-;-;-;-;-;-;-;-
12.04.2025 09:00;12.04.2025 10:00;-;-;-;-;-;-;-;-;-;-;-;-;-;-;-;-;-
12.04.2025 10:00;12.04.2025 11:00;-;-;-;-;-;-;-;-;-;-;-;-;-;-;-;-;-
12.04.2025 11:00;12.04.2025 12:00;-;-;-;-;-;-;-;-;-;-;-;-;-;-;-;-;-
12.04.2025 12:00;12.04.2025 13:00;-;-;-;-;-;-;-;-;-;-;-;-;-;-;-;-;-
12.04.2025 13:00;12.04.2025 14:00;-;-;-;-;-;-;-;-;-;-;-;-;-;-;-;-;-
12.04.2025 14:00;12.04.2025 15:00;-;-;-;-;-;-;-;-;-;-;-;-;-;-;-;-;-
12.04.2025 15:00;12.04.2025 16:00;-;-;-;-;-;-;-;-;-;-;-;-;-;-;-;-;-
12.04.2025 16:00;12.04.2025 17:00;-;-;-;-;-;-;-;-;-;-;-;-;-;-;-;-;-
12.04.2025 17:00;12.04.2025 18:00;-;-;-;-;-;-;-;-;-;-;-;-;-;-;-;-;-
12.04.2025 18:00;12.04.2025 19:00;-;-;-;-;-;-;-;-;-;-;-;-;-;-;-;-;-
12.04.2025 19:00;12.04.2025 20:00;-;-;-;-;-;-;-;-;-;-;-;-;-;-;-;-;-
12.04.2025 20:00;12.04.2025 21:00;-;-;-;-;-;-;-;-;-;-;-;-;-;-;-;-;-
12.04.2025 21:00;12.04.2025 22:00;-;-;-;-;-;-;-;-;-;-;-;-;-;-;-;-;-
12.04.2025 22:00;12.04.2025 23:00;-;-;-;-;-;-;-;-;-;-;-;-;-;-;-;-;-
12.04.2025 23:00;13.04.2025 00:00;-;-;-;-;-;-;-;-;-;-;-;-;-;-;-;-;-
13.04.2025 00:00;13.04.2025 01:00;-;-;-;-;-;-;-;-;-;-;-;-;-;-;-;-;-
13.04.2025 01:00;13.04.2025 02:00;-;-;-;-;-;-;-;-;-;-;-;-;-;-;-;-;-
13.04.2025 02:00;13.04.2025 03:00;-;-;-;-;-;-;-;-;-;-;-;-;-;-;-;-;-
13.04.2025 03:00;13.04.2025 04:00;-;-;-;-;-;-;-;-;-;-;-;-;-;-;-;-;-
13.04.2025 04:00;13.04.2025 05:00;-;-;-;-;-;-;-;-;-;-;-;-;-;-;-;-;-
13.04.2025 05:00;13.04.2025 06:00;-;-;-;-;-;-;-;-;-;-;-;-;-;-;-;-;-
13.04.2025 06:00;13.04.2025 07:00;-;-;-;-;-;-;-;-;-;-;-;-;-;-;-;-;-
13.04.2025 07:00;13.04.2025 08:00;-;-;-;-;-;-;-;-;-;-;-;-;-;-;-;-;-
13.04.2025 08:00;13.04.2025 09:00;-;-;-;-;-;-;-;-;-;-;-;-;-;-;-;-;-
13.04.2025 09:00;13.04.2025 10:00;-;-;-;-;-;-;-;-;-;-;-;-;-;-;-;-;-
13.04.2025 10:00;13.04.2025 11:00;-;-;-;-;-;-;-;-;-;-;-;-;-;-;-;-;-
13.04.2025 11:00;13.04.2025 12:00;-;-;-;-;-;-;-;-;-;-;-;-;-;-;-;-;-
13.04.2025 12:00;13.04.2025 13:00;-;-;-;-;-;-;-;-;-;-;-;-;-;-;-;-;-
13.04.2025 13:00;13.04.2025 14:00;-;-;-;-;-;-;-;-;-;-;-;-;-;-;-;-;-
13.04.2025 14:00;13.04.2025 15:00;-;-;-;-;-;-;-;-;-;-;-;-;-;-;-;-;-
13.04.2025 15:00;13.04.2025 16:00;-;-;-;-;-;-;-;-;-;-;-;-;-;-;-;-;-
13.04.2025 16:00;13.04.2025 17:00;-;-;-;-;-;-;-;-;-;-;-;-;-;-;-;-;-
13.04.2025 17:00;13.04.2025 18:00;-;-;-;-;-;-;-;-;-;-;-;-;-;-;-;-;-
13.04.2025 18:00;13.04.2025 19:00;-;-;-;-;-;-;-;-;-;-;-;-;-;-;-;-;-
13.04.2025 19:00;13.04.2025 20:00;-;-;-;-;-;-;-;-;-;-;-;-;-;-;-;-;-
13.04.2025 20:00;13.04.2025 21:00;-;-;-;-;-;-;-;-;-;-;-;-;-;-;-;-;-
13.04.2025 21:00;13.04.2025 22:00;-;-;-;-;-;-;-;-;-;-;-;-;-;-;-;-;-
13.04.2025 22:00;13.04.2025 23:00;-;-;-;-;-;-;-;-;-;-;-;-;-;-;-;-;-
13.04.2025 23:00;14.04.2025 00:00;-;-;-;-;-;-;-;-;-;-;-;-;-;-;-;-;-
14.04.2025 00:00;14.04.2025 01:00;-;-;-;-;-;-;-;-;-;-;-;-;-;-;-;-;-
14.04.2025 01:00;14.04.2025 02:00;-;-;-;-;-;-;-;-;-;-;-;-;-;-;-;-;-
14.04.2025 02:00;14.04.2025 03:00;-;-;-;-;-;-;-;-;-;-;-;-;-;-;-;-;-
14.04.2025 03:00;14.04.2025 04:00;-;-;-;-;-;-;-;-;-;-;-;-;-;-;-;-;-
14.04.2025 04:00;14.04.2025 05:00;-;-;-;-;-;-;-;-;-;-;-;-;-;-;-;-;-
14.04.2025 05:00;14.04.2025 06:00;-;-;-;-;-;-;-;-;-;-;-;-;-;-;-;-;-
14.04.2025 06:00;14.04.2025 07:00;-;-;-;-;-;-;-;-;-;-;-;-;-;-;-;-;-
14.04.2025 07:00;14.04.2025 08:00;-;-;-;-;-;-;-;-;-;-;-;-;-;-;-;-;-
14.04.2025 08:00;14.04.2025 09:00;-;-;-;-;-;-;-;-;-;-;-;-;-;-;-;-;-
14.04.2025 09:00;14.04.2025 10:00;-;-;-;-;-;-;-;-;-;-;-;-;-;-;-;-;-
14.04.2025 10:00;14.04.2025 11:00;-;-;-;-;-;-;-;-;-;-;-;-;-;-;-;-;-
14.04.2025 11:00;14.04.2025 12:00;-;-;-;-;-;-;-;-;-;-;-;-;-;-;-;-;-
14.04.2025 12:00;14.04.2025 13:00;-;-;-;-;-;-;-;-;-;-;-;-;-;-;-;-;-
14.04.2025 13:00;14.04.2025 14:00;-;-;-;-;-;-;-;-;-;-;-;-;-;-;-;-;-
14.04.2025 14:00;14.04.2025 15:00;-;-;-;-;-;-;-;-;-;-;-;-;-;-;-;-;-
14.04.2025 15:00;14.04.2025 16:00;-;-;-;-;-;-;-;-;-;-;-;-;-;-;-;-;-
14.04.2025 16:00;14.04.2025 17:00;-;-;-;-;-;-;-;-;-;-;-;-;-;-;-;-;-
14.04.2025 17:00;14.04.2025 18:00;-;-;-;-;-;-;-;-;-;-;-;-;-;-;-;-;-
14.04.2025 18:00;14.04.2025 19:00;-;-;-;-;-;-;-;-;-;-;-;-;-;-;-;-;-
14.04.2025 19:00;14.04.2025 20:00;-;-;-;-;-;-;-;-;-;-;-;-;-;-;-;-;-
14.04.2025 20:00;14.04.2025 21:00;-;-;-;-;-;-;-;-;-;-;-;-;-;-;-;-;-
14.04.2025 21:00;14.04.2025 22:00;-;-;-;-;-;-;-;-;-;-;-;-;-;-;-;-;-
14.04.2025 22:00;14.04.2025 23:00;-;-;-;-;-;-;-;-;-;-;-;-;-;-;-;-;-
14.04.2025 23:00;15.04.2025 00:00;-;-;-;-;-;-;-;-;-;-;-;-;-;-;-;-;-
15.04.2025 00:00;15.04.2025 01:00;-;-;-;-;-;-;-;-;-;-;-;-;-;-;-;-;-
15.04.2025 01:00;15.04.2025 02:00;-;-;-;-;-;-;-;-;-;-;-;-;-;-;-;-;-
15.04.2025 02:00;15.04.2025 03:00;-;-;-;-;-;-;-;-;-;-;-;-;-;-;-;-;-
15.04.2025 03:00;15.04.2025 04:00;-;-;-;-;-;-;-;-;-;-;-;-;-;-;-;-;-
15.04.2025 04:00;15.04.2025 05:00;-;-;-;-;-;-;-;-;-;-;-;-;-;-;-;-;-
15.04.2025 05:00;15.04.2025 06:00;-;-;-;-;-;-;-;-;-;-;-;-;-;-;-;-;-
15.04.2025 06:00;15.04.2025 07:00;-;-;-;-;-;-;-;-;-;-;-;-;-;-;-;-;-
15.04.2025 07:00;15.04.2025 08:00;-;-;-;-;-;-;-;-;-;-;-;-;-;-;-;-;-
15.04.2025 08:00;15.04.2025 09:00;-;-;-;-;-;-;-;-;-;-;-;-;-;-;-;-;-
15.04.2025 09:00;15.04.2025 10:00;-;-;-;-;-;-;-;-;-;-;-;-;-;-;-;-;-
15.04.2025 10:00;15.04.2025 11:00;-;-;-;-;-;-;-;-;-;-;-;-;-;-;-;-;-
15.04.2025 11:00;15.04.2025 12:00;-;-;-;-;-;-;-;-;-;-;-;-;-;-;-;-;-
15.04.2025 12:00;15.04.2025 13:00;-;-;-;-;-;-;-;-;-;-;-;-;-;-;-;-;-
15.04.2025 13:00;15.04.2025 14:00;-;-;-;-;-;-;-;-;-;-;-;-;-;-;-;-;-
15.04.2025 14:00;15.04.2025 15:00;-;-;-;-;-;-;-;-;-;-;-;-;-;-;-;-;-
15.04.2025 15:00;15.04.2025 16:00;-;-;-;-;-;-;-;-;-;-;-;-;-;-;-;-;-
15.04.2025 16:00;15.04.2025 17:00;-;-;-;-;-;-;-;-;-;-;-;-;-;-;-;-;-
15.04.2025 17:00;15.04.2025 18:00;-;-;-;-;-;-;-;-;-;-;-;-;-;-;-;-;-
15.04.2025 18:00;15.04.2025 19:00;-;-;-;-;-;-;-;-;-;-;-;-;-;-;-;-;-
15.04.2025 19:00;15.04.2025 20:00;-;-;-;-;-;-;-;-;-;-;-;-;-;-;-;-;-
15.04.2025 20:00;15.04.2025 21:00;-;-;-;-;-;-;-;-;-;-;-;-;-;-;-;-;-
15.04.2025 21:00;15.04.2025 22:00;-;-;-;-;-;-;-;-;-;-;-;-;-;-;-;-;-
15.04.2025 22:00;15.04.2025 23:00;-;-;-;-;-;-;-;-;-;-;-;-;-;-;-;-;-
15.04.2025 23:00;16.04.2025 00:00;-;-;-;-;-;-;-;-;-;-;-;-;-;-;-;-;-
16.04.2025 00:00;16.04.2025 01:00;-;-;-;-;-;-;-;-;-;-;-;-;-;-;-;-;-
16.04.2025 01:00;16.04.2025 02:00;-;-;-;-;-;-;-;-;-;-;-;-;-;-;-;-;-
16.04.2025 02:00;16.04.2025 03:00;-;-;-;-;-;-;-;-;-;-;-;-;-;-;-;-;-
16.04.2025 03:00;16.04.2025 04:00;-;-;-;-;-;-;-;-;-;-;-;-;-;-;-;-;-
16.04.2025 04:00;16.04.2025 05:00;-;-;-;-;-;-;-;-;-;-;-;-;-;-;-;-;-
16.04.2025 05:00;16.04.2025 06:00;-;-;-;-;-;-;-;-;-;-;-;-;-;-;-;-;-
16.04.2025 06:00;16.04.2025 07:00;-;-;-;-;-;-;-;-;-;-;-;-;-;-;-;-;-
16.04.2025 07:00;16.04.2025 08:00;-;-;-;-;-;-;-;-;-;-;-;-;-;-;-;-;-
16.04.2025 08:00;16.04.2025 09:00;-;-;-;-;-;-;-;-;-;-;-;-;-;-;-;-;-
16.04.2025 09:00;16.04.2025 10:00;-;-;-;-;-;-;-;-;-;-;-;-;-;-;-;-;-
16.04.2025 10:00;16.04.2025 11:00;-;-;-;-;-;-;-;-;-;-;-;-;-;-;-;-;-
16.04.2025 11:00;16.04.2025 12:00;-;-;-;-;-;-;-;-;-;-;-;-;-;-;-;-;-
16.04.2025 12:00;16.04.2025 13:00;-;-;-;-;-;-;-;-;-;-;-;-;-;-;-;-;-
16.04.2025 13:00;16.04.2025 14:00;-;-;-;-;-;-;-;-;-;-;-;-;-;-;-;-;-
16.04.2025 14:00;16.04.2025 15:00;-;-;-;-;-;-;-;-;-;-;-;-;-;-;-;-;-
16.04.2025 15:00;16.04.2025 16:00;-;-;-;-;-;-;-;-;-;-;-;-;-;-;-;-;-
16.04.2025 16:00;16.04.2025 17:00;-;-;-;-;-;-;-;-;-;-;-;-;-;-;-;-;-
16.04.2025 17:00;16.04.2025 18:00;-;-;-;-;-;-;-;-;-;-;-;-;-;-;-;-;-
16.04.2025 18:00;16.04.2025 19:00;-;-;-;-;-;-;-;-;-;-;-;-;-;-;-;-;-
16.04.2025 19:00;16.04.2025 20:00;-;-;-;-;-;-;-;-;-;-;-;-;-;-;-;-;-
16.04.2025 20:00;16.04.2025 21:00;-;-;-;-;-;-;-;-;-;-;-;-;-;-;-;-;-
16.04.2025 21:00;16.04.2025 22:00;-;-;-;-;-;-;-;-;-;-;-;-;-;-;-;-;-
16.04.2025 22:00;16.04.2025 23:00;-;-;-;-;-;-;-;-;-;-;-;-;-;-;-;-;-
16.04.2025 23:00;17.04.2025 00:00;-;-;-;-;-;-;-;-;-;-;-;-;-;-;-;-;-
17.04.2025 00:00;17.04.2025 01:00;-;-;-;-;-;-;-;-;-;-;-;-;-;-;-;-;-
17.04.2025 01:00;17.04.2025 02:00;-;-;-;-;-;-;-;-;-;-;-;-;-;-;-;-;-
17.04.2025 02:00;17.04.2025 03:00;-;-;-;-;-;-;-;-;-;-;-;-;-;-;-;-;-
17.04.2025 03:00;17.04.2025 04:00;-;-;-;-;-;-;-;-;-;-;-;-;-;-;-;-;-
17.04.2025 04:00;17.04.2025 05:00;-;-;-;-;-;-;-;-;-;-;-;-;-;-;-;-;-
17.04.2025 05:00;17.04.2025 06:00;-;-;-;-;-;-;-;-;-;-;-;-;-;-;-;-;-
17.04.2025 06:00;17.04.2025 07:00;-;-;-;-;-;-;-;-;-;-;-;-;-;-;-;-;-
17.04.2025 07:00;17.04.2025 08:00;-;-;-;-;-;-;-;-;-;-;-;-;-;-;-;-;-
17.04.2025 08:00;17.04.2025 09:00;-;-;-;-;-;-;-;-;-;-;-;-;-;-;-;-;-
17.04.2025 09:00;17.04.2025 10:00;-;-;-;-;-;-;-;-;-;-;-;-;-;-;-;-;-
17.04.2025 10:00;17.04.2025 11:00;-;-;-;-;-;-;-;-;-;-;-;-;-;-;-;-;-
17.04.2025 11:00;17.04.2025 12:00;-;-;-;-;-;-;-;-;-;-;-;-;-;-;-;-;-
17.04.2025 12:00;17.04.2025 13:00;-;-;-;-;-;-;-;-;-;-;-;-;-;-;-;-;-
17.04.2025 13:00;17.04.2025 14:00;-;-;-;-;-;-;-;-;-;-;-;-;-;-;-;-;-
17.04.2025 14:00;17.04.2025 15:00;-;-;-;-;-;-;-;-;-;-;-;-;-;-;-;-;-
17.04.2025 15:00;17.04.2025 16:00;-;-;-;-;-;-;-;-;-;-;-;-;-;-;-;-;-
17.04.2025 16:00;17.04.2025 17:00;-;-;-;-;-;-;-;-;-;-;-;-;-;-;-;-;-
17.04.2025 17:00;17.04.2025 18:00;-;-;-;-;-;-;-;-;-;-;-;-;-;-;-;-;-
17.04.2025 18:00;17.04.2025 19:00;-;-;-;-;-;-;-;-;-;-;-;-;-;-;-;-;-
17.04.2025 19:00;17.04.2025 20:00;-;-;-;-;-;-;-;-;-;-;-;-;-;-;-;-;-
17.04.2025 20:00;17.04.2025 21:00;-;-;-;-;-;-;-;-;-;-;-;-;-;-;-;-;-
17.04.2025 21:00;17.04.2025 22:00;-;-;-;-;-;-;-;-;-;-;-;-;-;-;-;-;-
17.04.2025 22:00;17.04.2025 23:00;-;-;-;-;-;-;-;-;-;-;-;-;-;-;-;-;-
17.04.2025 23:00;18.04.2025 00:00;-;-;-;-;-;-;-;-;-;-;-;-;-;-;-;-;-
18.04.2025 00:00;18.04.2025 01:00;-;-;-;-;-;-;-;-;-;-;-;-;-;-;-;-;-
18.04.2025 01:00;18.04.2025 02:00;-;-;-;-;-;-;-;-;-;-;-;-;-;-;-;-;-
18.04.2025 02:00;18.04.2025 03:00;-;-;-;-;-;-;-;-;-;-;-;-;-;-;-;-;-
18.04.2025 03:00;18.04.2025 04:00;-;-;-;-;-;-;-;-;-;-;-;-;-;-;-;-;-
18.04.2025 04:00;18.04.2025 05:00;-;-;-;-;-;-;-;-;-;-;-;-;-;-;-;-;-
18.04.2025 05:00;18.04.2025 06:00;-;-;-;-;-;-;-;-;-;-;-;-;-;-;-;-;-
18.04.2025 06:00;18.04.2025 07:00;-;-;-;-;-;-;-;-;-;-;-;-;-;-;-;-;-
18.04.2025 07:00;18.04.2025 08:00;-;-;-;-;-;-;-;-;-;-;-;-;-;-;-;-;-
18.04.2025 08:00;18.04.2025 09:00;-;-;-;-;-;-;-;-;-;-;-;-;-;-;-;-;-
18.04.2025 09:00;18.04.2025 10:00;-;-;-;-;-;-;-;-;-;-;-;-;-;-;-;-;-
18.04.2025 10:00;18.04.2025 11:00;-;-;-;-;-;-;-;-;-;-;-;-;-;-;-;-;-
18.04.2025 11:00;18.04.2025 12:00;-;-;-;-;-;-;-;-;-;-;-;-;-;-;-;-;-
18.04.2025 12:00;18.04.2025 13:00;-;-;-;-;-;-;-;-;-;-;-;-;-;-;-;-;-
18.04.2025 13:00;18.04.2025 14:00;-;-;-;-;-;-;-;-;-;-;-;-;-;-;-;-;-
18.04.2025 14:00;18.04.2025 15:00;-;-;-;-;-;-;-;-;-;-;-;-;-;-;-;-;-
18.04.2025 15:00;18.04.2025 16:00;-;-;-;-;-;-;-;-;-;-;-;-;-;-;-;-;-
18.04.2025 16:00;18.04.2025 17:00;-;-;-;-;-;-;-;-;-;-;-;-;-;-;-;-;-
18.04.2025 17:00;18.04.2025 18:00;-;-;-;-;-;-;-;-;-;-;-;-;-;-;-;-;-
18.04.2025 18:00;18.04.2025 19:00;-;-;-;-;-;-;-;-;-;-;-;-;-;-;-;-;-
18.04.2025 19:00;18.04.2025 20:00;-;-;-;-;-;-;-;-;-;-;-;-;-;-;-;-;-
18.04.2025 20:00;18.04.2025 21:00;-;-;-;-;-;-;-;-;-;-;-;-;-;-;-;-;-
18.04.2025 21:00;18.04.2025 22:00;-;-;-;-;-;-;-;-;-;-;-;-;-;-;-;-;-
18.04.2025 22:00;18.04.2025 23:00;-;-;-;-;-;-;-;-;-;-;-;-;-;-;-;-;-
18.04.2025 23:00;19.04.2025 00:00;-;-;-;-;-;-;-;-;-;-;-;-;-;-;-;-;-
19.04.2025 00:00;19.04.2025 01:00;-;-;-;-;-;-;-;-;-;-;-;-;-;-;-;-;-
19.04.2025 01:00;19.04.2025 02:00;-;-;-;-;-;-;-;-;-;-;-;-;-;-;-;-;-
19.04.2025 02:00;19.04.2025 03:00;-;-;-;-;-;-;-;-;-;-;-;-;-;-;-;-;-
19.04.2025 03:00;19.04.2025 04:00;-;-;-;-;-;-;-;-;-;-;-;-;-;-;-;-;-
19.04.2025 04:00;19.04.2025 05:00;-;-;-;-;-;-;-;-;-;-;-;-;-;-;-;-;-
19.04.2025 05:00;19.04.2025 06:00;-;-;-;-;-;-;-;-;-;-;-;-;-;-;-;-;-
19.04.2025 06:00;19.04.2025 07:00;-;-;-;-;-;-;-;-;-;-;-;-;-;-;-;-;-
19.04.2025 07:00;19.04.2025 08:00;-;-;-;-;-;-;-;-;-;-;-;-;-;-;-;-;-
19.04.2025 08:00;19.04.2025 09:00;-;-;-;-;-;-;-;-;-;-;-;-;-;-;-;-;-
19.04.2025 09:00;19.04.2025 10:00;-;-;-;-;-;-;-;-;-;-;-;-;-;-;-;-;-
19.04.2025 10:00;19.04.2025 11:00;-;-;-;-;-;-;-;-;-;-;-;-;-;-;-;-;-
19.04.2025 11:00;19.04.2025 12:00;-;-;-;-;-;-;-;-;-;-;-;-;-;-;-;-;-
19.04.2025 12:00;19.04.2025 13:00;-;-;-;-;-;-;-;-;-;-;-;-;-;-;-;-;-
19.04.2025 13:00;19.04.2025 14:00;-;-;-;-;-;-;-;-;-;-;-;-;-;-;-;-;-
19.04.2025 14:00;19.04.2025 15:00;-;-;-;-;-;-;-;-;-;-;-;-;-;-;-;-;-
19.04.2025 15:00;19.04.2025 16:00;-;-;-;-;-;-;-;-;-;-;-;-;-;-;-;-;-
19.04.2025 16:00;19.04.2025 17:00;-;-;-;-;-;-;-;-;-;-;-;-;-;-;-;-;-
19.04.2025 17:00;19.04.2025 18:00;-;-;-;-;-;-;-;-;-;-;-;-;-;-;-;-;-
19.04.2025 18:00;19.04.2025 19:00;-;-;-;-;-;-;-;-;-;-;-;-;-;-;-;-;-
19.04.2025 19:00;19.04.2025 20:00;-;-;-;-;-;-;-;-;-;-;-;-;-;-;-;-;-
19.04.2025 20:00;19.04.2025 21:00;-;-;-;-;-;-;-;-;-;-;-;-;-;-;-;-;-
19.04.2025 21:00;19.04.2025 22:00;-;-;-;-;-;-;-;-;-;-;-;-;-;-;-;-;-
19.04.2025 22:00;19.04.2025 23:00;-;-;-;-;-;-;-;-;-;-;-;-;-;-;-;-;-
19.04.2025 23:00;20.04.2025 00:00;-;-;-;-;-;-;-;-;-;-;-;-;-;-;-;-;-
20.04.2025 00:00;20.04.2025 01:00;-;-;-;-;-;-;-;-;-;-;-;-;-;-;-;-;-
20.04.2025 01:00;20.04.2025 02:00;-;-;-;-;-;-;-;-;-;-;-;-;-;-;-;-;-
20.04.2025 02:00;20.04.2025 03:00;-;-;-;-;-;-;-;-;-;-;-;-;-;-;-;-;-
20.04.2025 03:00;20.04.2025 04:00;-;-;-;-;-;-;-;-;-;-;-;-;-;-;-;-;-
20.04.2025 04:00;20.04.2025 05:00;-;-;-;-;-;-;-;-;-;-;-;-;-;-;-;-;-
20.04.2025 05:00;20.04.2025 06:00;-;-;-;-;-;-;-;-;-;-;-;-;-;-;-;-;-
20.04.2025 06:00;20.04.2025 07:00;-;-;-;-;-;-;-;-;-;-;-;-;-;-;-;-;-
20.04.2025 07:00;20.04.2025 08:00;-;-;-;-;-;-;-;-;-;-;-;-;-;-;-;-;-
20.04.2025 08:00;20.04.2025 09:00;-;-;-;-;-;-;-;-;-;-;-;-;-;-;-;-;-
20.04.2025 09:00;20.04.2025 10:00;-;-;-;-;-;-;-;-;-;-;-;-;-;-;-;-;-
20.04.2025 10:00;20.04.2025 11:00;-;-;-;-;-;-;-;-;-;-;-;-;-;-;-;-;-
20.04.2025 11:00;20.04.2025 12:00;-;-;-;-;-;-;-;-;-;-;-;-;-;-;-;-;-
20.04.2025 12:00;20.04.2025 13:00;-;-;-;-;-;-;-;-;-;-;-;-;-;-;-;-;-
20.04.2025 13:00;20.04.2025 14:00;-;-;-;-;-;-;-;-;-;-;-;-;-;-;-;-;-
20.04.2025 14:00;20.04.2025 15:00;-;-;-;-;-;-;-;-;-;-;-;-;-;-;-;-;-
20.04.2025 15:00;20.04.2025 16:00;-;-;-;-;-;-;-;-;-;-;-;-;-;-;-;-;-
20.04.2025 16:00;20.04.2025 17:00;-;-;-;-;-;-;-;-;-;-;-;-;-;-;-;-;-
20.04.2025 17:00;20.04.2025 18:00;-;-;-;-;-;-;-;-;-;-;-;-;-;-;-;-;-
20.04.2025 18:00;20.04.2025 19:00;-;-;-;-;-;-;-;-;-;-;-;-;-;-;-;-;-
20.04.2025 19:00;20.04.2025 20:00;-;-;-;-;-;-;-;-;-;-;-;-;-;-;-;-;-
20.04.2025 20:00;20.04.2025 21:00;-;-;-;-;-;-;-;-;-;-;-;-;-;-;-;-;-
20.04.2025 21:00;20.04.2025 22:00;-;-;-;-;-;-;-;-;-;-;-;-;-;-;-;-;-
20.04.2025 22:00;20.04.2025 23:00;-;-;-;-;-;-;-;-;-;-;-;-;-;-;-;-;-
20.04.2025 23:00;21.04.2025 00:00;-;-;-;-;-;-;-;-;-;-;-;-;-;-;-;-;-
21.04.2025 00:00;21.04.2025 01:00;-;-;-;-;-;-;-;-;-;-;-;-;-;-;-;-;-
21.04.2025 01:00;21.04.2025 02:00;-;-;-;-;-;-;-;-;-;-;-;-;-;-;-;-;-
21.04.2025 02:00;21.04.2025 03:00;-;-;-;-;-;-;-;-;-;-;-;-;-;-;-;-;-
21.04.2025 03:00;21.04.2025 04:00;-;-;-;-;-;-;-;-;-;-;-;-;-;-;-;-;-
21.04.2025 04:00;21.04.2025 05:00;-;-;-;-;-;-;-;-;-;-;-;-;-;-;-;-;-
21.04.2025 05:00;21.04.2025 06:00;-;-;-;-;-;-;-;-;-;-;-;-;-;-;-;-;-
21.04.2025 06:00;21.04.2025 07:00;-;-;-;-;-;-;-;-;-;-;-;-;-;-;-;-;-
21.04.2025 07:00;21.04.2025 08:00;-;-;-;-;-;-;-;-;-;-;-;-;-;-;-;-;-
21.04.2025 08:00;21.04.2025 09:00;-;-;-;-;-;-;-;-;-;-;-;-;-;-;-;-;-
21.04.2025 09:00;21.04.2025 10:00;-;-;-;-;-;-;-;-;-;-;-;-;-;-;-;-;-
21.04.2025 10:00;21.04.2025 11:00;-;-;-;-;-;-;-;-;-;-;-;-;-;-;-;-;-
21.04.2025 11:00;21.04.2025 12:00;-;-;-;-;-;-;-;-;-;-;-;-;-;-;-;-;-
21.04.2025 12:00;21.04.2025 13:00;-;-;-;-;-;-;-;-;-;-;-;-;-;-;-;-;-
21.04.2025 13:00;21.04.2025 14:00;-;-;-;-;-;-;-;-;-;-;-;-;-;-;-;-;-
21.04.2025 14:00;21.04.2025 15:00;-;-;-;-;-;-;-;-;-;-;-;-;-;-;-;-;-
21.04.2025 15:00;21.04.2025 16:00;-;-;-;-;-;-;-;-;-;-;-;-;-;-;-;-;-
21.04.2025 16:00;21.04.2025 17:00;-;-;-;-;-;-;-;-;-;-;-;-;-;-;-;-;-
21.04.2025 17:00;21.04.2025 18:00;-;-;-;-;-;-;-;-;-;-;-;-;-;-;-;-;-
21.04.2025 18:00;21.04.2025 19:00;-;-;-;-;-;-;-;-;-;-;-;-;-;-;-;-;-
21.04.2025 19:00;21.04.2025 20:00;-;-;-;-;-;-;-;-;-;-;-;-;-;-;-;-;-
21.04.2025 20:00;21.04.2025 21:00;-;-;-;-;-;-;-;-;-;-;-;-;-;-;-;-;-
21.04.2025 21:00;21.04.2025 22:00;-;-;-;-;-;-;-;-;-;-;-;-;-;-;-;-;-
21.04.2025 22:00;21.04.2025 23:00;-;-;-;-;-;-;-;-;-;-;-;-;-;-;-;-;-
21.04.2025 23:00;22.04.2025 00:00;-;-;-;-;-;-;-;-;-;-;-;-;-;-;-;-;-
22.04.2025 00:00;22.04.2025 01:00;-;-;-;-;-;-;-;-;-;-;-;-;-;-;-;-;-
22.04.2025 01:00;22.04.2025 02:00;-;-;-;-;-;-;-;-;-;-;-;-;-;-;-;-;-
22.04.2025 02:00;22.04.2025 03:00;-;-;-;-;-;-;-;-;-;-;-;-;-;-;-;-;-
22.04.2025 03:00;22.04.2025 04:00;-;-;-;-;-;-;-;-;-;-;-;-;-;-;-;-;-
22.04.2025 04:00;22.04.2025 05:00;-;-;-;-;-;-;-;-;-;-;-;-;-;-;-;-;-
22.04.2025 05:00;22.04.2025 06:00;-;-;-;-;-;-;-;-;-;-;-;-;-;-;-;-;-
22.04.2025 06:00;22.04.2025 07:00;-;-;-;-;-;-;-;-;-;-;-;-;-;-;-;-;-
22.04.2025 07:00;22.04.2025 08:00;-;-;-;-;-;-;-;-;-;-;-;-;-;-;-;-;-
22.04.2025 08:00;22.04.2025 09:00;-;-;-;-;-;-;-;-;-;-;-;-;-;-;-;-;-
22.04.2025 09:00;22.04.2025 10:00;-;-;-;-;-;-;-;-;-;-;-;-;-;-;-;-;-
22.04.2025 10:00;22.04.2025 11:00;-;-;-;-;-;-;-;-;-;-;-;-;-;-;-;-;-
22.04.2025 11:00;22.04.2025 12:00;-;-;-;-;-;-;-;-;-;-;-;-;-;-;-;-;-
22.04.2025 12:00;22.04.2025 13:00;-;-;-;-;-;-;-;-;-;-;-;-;-;-;-;-;-
22.04.2025 13:00;22.04.2025 14:00;-;-;-;-;-;-;-;-;-;-;-;-;-;-;-;-;-
22.04.2025 14:00;22.04.2025 15:00;-;-;-;-;-;-;-;-;-;-;-;-;-;-;-;-;-
22.04.2025 15:00;22.04.2025 16:00;-;-;-;-;-;-;-;-;-;-;-;-;-;-;-;-;-
22.04.2025 16:00;22.04.2025 17:00;-;-;-;-;-;-;-;-;-;-;-;-;-;-;-;-;-
22.04.2025 17:00;22.04.2025 18:00;-;-;-;-;-;-;-;-;-;-;-;-;-;-;-;-;-
22.04.2025 18:00;22.04.2025 19:00;-;-;-;-;-;-;-;-;-;-;-;-;-;-;-;-;-
22.04.2025 19:00;22.04.2025 20:00;-;-;-;-;-;-;-;-;-;-;-;-;-;-;-;-;-
22.04.2025 20:00;22.04.2025 21:00;-;-;-;-;-;-;-;-;-;-;-;-;-;-;-;-;-
22.04.2025 21:00;22.04.2025 22:00;-;-;-;-;-;-;-;-;-;-;-;-;-;-;-;-;-
22.04.2025 22:00;22.04.2025 23:00;-;-;-;-;-;-;-;-;-;-;-;-;-;-;-;-;-
22.04.2025 23:00;23.04.2025 00:00;-;-;-;-;-;-;-;-;-;-;-;-;-;-;-;-;-
23.04.2025 00:00;23.04.2025 01:00;-;-;-;-;-;-;-;-;-;-;-;-;-;-;-;-;-
23.04.2025 01:00;23.04.2025 02:00;-;-;-;-;-;-;-;-;-;-;-;-;-;-;-;-;-
23.04.2025 02:00;23.04.2025 03:00;-;-;-;-;-;-;-;-;-;-;-;-;-;-;-;-;-
23.04.2025 03:00;23.04.2025 04:00;-;-;-;-;-;-;-;-;-;-;-;-;-;-;-;-;-
23.04.2025 04:00;23.04.2025 05:00;-;-;-;-;-;-;-;-;-;-;-;-;-;-;-;-;-
23.04.2025 05:00;23.04.2025 06:00;-;-;-;-;-;-;-;-;-;-;-;-;-;-;-;-;-
23.04.2025 06:00;23.04.2025 07:00;-;-;-;-;-;-;-;-;-;-;-;-;-;-;-;-;-
23.04.2025 07:00;23.04.2025 08:00;-;-;-;-;-;-;-;-;-;-;-;-;-;-;-;-;-
23.04.2025 08:00;23.04.2025 09:00;-;-;-;-;-;-;-;-;-;-;-;-;-;-;-;-;-
23.04.2025 09:00;23.04.2025 10:00;-;-;-;-;-;-;-;-;-;-;-;-;-;-;-;-;-
23.04.2025 10:00;23.04.2025 11:00;-;-;-;-;-;-;-;-;-;-;-;-;-;-;-;-;-
23.04.2025 11:00;23.04.2025 12:00;-;-;-;-;-;-;-;-;-;-;-;-;-;-;-;-;-
23.04.2025 12:00;23.04.2025 13:00;-;-;-;-;-;-;-;-;-;-;-;-;-;-;-;-;-
23.04.2025 13:00;23.04.2025 14:00;-;-;-;-;-;-;-;-;-;-;-;-;-;-;-;-;-
23.04.2025 14:00;23.04.2025 15:00;-;-;-;-;-;-;-;-;-;-;-;-;-;-;-;-;-
23.04.2025 15:00;23.04.2025 16:00;-;-;-;-;-;-;-;-;-;-;-;-;-;-;-;-;-
23.04.2025 16:00;23.04.2025 17:00;-;-;-;-;-;-;-;-;-;-;-;-;-;-;-;-;-
23.04.2025 17:00;23.04.2025 18:00;-;-;-;-;-;-;-;-;-;-;-;-;-;-;-;-;-
23.04.2025 18:00;23.04.2025 19:00;-;-;-;-;-;-;-;-;-;-;-;-;-;-;-;-;-
23.04.2025 19:00;23.04.2025 20:00;-;-;-;-;-;-;-;-;-;-;-;-;-;-;-;-;-
23.04.2025 20:00;23.04.2025 21:00;-;-;-;-;-;-;-;-;-;-;-;-;-;-;-;-;-
23.04.2025 21:00;23.04.2025 22:00;-;-;-;-;-;-;-;-;-;-;-;-;-;-;-;-;-
23.04.2025 22:00;23.04.2025 23:00;-;-;-;-;-;-;-;-;-;-;-;-;-;-;-;-;-
23.04.2025 23:00;24.04.2025 00:00;-;-;-;-;-;-;-;-;-;-;-;-;-;-;-;-;-
24.04.2025 00:00;24.04.2025 01:00;-;-;-;-;-;-;-;-;-;-;-;-;-;-;-;-;-
24.04.2025 01:00;24.04.2025 02:00;-;-;-;-;-;-;-;-;-;-;-;-;-;-;-;-;-
24.04.2025 02:00;24.04.2025 03:00;-;-;-;-;-;-;-;-;-;-;-;-;-;-;-;-;-
24.04.2025 03:00;24.04.2025 04:00;-;-;-;-;-;-;-;-;-;-;-;-;-;-;-;-;-
24.04.2025 04:00;24.04.2025 05:00;-;-;-;-;-;-;-;-;-;-;-;-;-;-;-;-;-
24.04.2025 05:00;24.04.2025 06:00;-;-;-;-;-;-;-;-;-;-;-;-;-;-;-;-;-
24.04.2025 06:00;24.04.2025 07:00;-;-;-;-;-;-;-;-;-;-;-;-;-;-;-;-;-
24.04.2025 07:00;24.04.2025 08:00;-;-;-;-;-;-;-;-;-;-;-;-;-;-;-;-;-
24.04.2025 08:00;24.04.2025 09:00;-;-;-;-;-;-;-;-;-;-;-;-;-;-;-;-;-
24.04.2025 09:00;24.04.2025 10:00;-;-;-;-;-;-;-;-;-;-;-;-;-;-;-;-;-
24.04.2025 10:00;24.04.2025 11:00;-;-;-;-;-;-;-;-;-;-;-;-;-;-;-;-;-
24.04.2025 11:00;24.04.2025 12:00;-;-;-;-;-;-;-;-;-;-;-;-;-;-;-;-;-
24.04.2025 12:00;24.04.2025 13:00;-;-;-;-;-;-;-;-;-;-;-;-;-;-;-;-;-
24.04.2025 13:00;24.04.2025 14:00;-;-;-;-;-;-;-;-;-;-;-;-;-;-;-;-;-
24.04.2025 14:00;24.04.2025 15:00;-;-;-;-;-;-;-;-;-;-;-;-;-;-;-;-;-
24.04.2025 15:00;24.04.2025 16:00;-;-;-;-;-;-;-;-;-;-;-;-;-;-;-;-;-
24.04.2025 16:00;24.04.2025 17:00;-;-;-;-;-;-;-;-;-;-;-;-;-;-;-;-;-
24.04.2025 17:00;24.04.2025 18:00;-;-;-;-;-;-;-;-;-;-;-;-;-;-;-;-;-
24.04.2025 18:00;24.04.2025 19:00;-;-;-;-;-;-;-;-;-;-;-;-;-;-;-;-;-
24.04.2025 19:00;24.04.2025 20:00;-;-;-;-;-;-;-;-;-;-;-;-;-;-;-;-;-
24.04.2025 20:00;24.04.2025 21:00;-;-;-;-;-;-;-;-;-;-;-;-;-;-;-;-;-
24.04.2025 21:00;24.04.2025 22:00;-;-;-;-;-;-;-;-;-;-;-;-;-;-;-;-;-
24.04.2025 22:00;24.04.2025 23:00;-;-;-;-;-;-;-;-;-;-;-;-;-;-;-;-;-
24.04.2025 23:00;25.04.2025 00:00;-;-;-;-;-;-;-;-;-;-;-;-;-;-;-;-;-
25.04.2025 00:00;25.04.2025 01:00;-;-;-;-;-;-;-;-;-;-;-;-;-;-;-;-;-
25.04.2025 01:00;25.04.2025 02:00;-;-;-;-;-;-;-;-;-;-;-;-;-;-;-;-;-
25.04.2025 02:00;25.04.2025 03:00;-;-;-;-;-;-;-;-;-;-;-;-;-;-;-;-;-
25.04.2025 03:00;25.04.2025 04:00;-;-;-;-;-;-;-;-;-;-;-;-;-;-;-;-;-
25.04.2025 04:00;25.04.2025 05:00;-;-;-;-;-;-;-;-;-;-;-;-;-;-;-;-;-
25.04.2025 05:00;25.04.2025 06:00;-;-;-;-;-;-;-;-;-;-;-;-;-;-;-;-;-
25.04.2025 06:00;25.04.2025 07:00;-;-;-;-;-;-;-;-;-;-;-;-;-;-;-;-;-
25.04.2025 07:00;25.04.2025 08:00;-;-;-;-;-;-;-;-;-;-;-;-;-;-;-;-;-
25.04.2025 08:00;25.04.2025 09:00;-;-;-;-;-;-;-;-;-;-;-;-;-;-;-;-;-
25.04.2025 09:00;25.04.2025 10:00;-;-;-;-;-;-;-;-;-;-;-;-;-;-;-;-;-
25.04.2025 10:00;25.04.2025 11:00;-;-;-;-;-;-;-;-;-;-;-;-;-;-;-;-;-
25.04.2025 11:00;25.04.2025 12:00;-;-;-;-;-;-;-;-;-;-;-;-;-;-;-;-;-
25.04.2025 12:00;25.04.2025 13:00;-;-;-;-;-;-;-;-;-;-;-;-;-;-;-;-;-
25.04.2025 13:00;25.04.2025 14:00;-;-;-;-;-;-;-;-;-;-;-;-;-;-;-;-;-
25.04.2025 14:00;25.04.2025 15:00;-;-;-;-;-;-;-;-;-;-;-;-;-;-;-;-;-
25.04.2025 15:00;25.04.2025 16:00;-;-;-;-;-;-;-;-;-;-;-;-;-;-;-;-;-
25.04.2025 16:00;25.04.2025 17:00;-;-;-;-;-;-;-;-;-;-;-;-;-;-;-;-;-
25.04.2025 17:00;25.04.2025 18:00;-;-;-;-;-;-;-;-;-;-;-;-;-;-;-;-;-
25.04.2025 18:00;25.04.2025 19:00;-;-;-;-;-;-;-;-;-;-;-;-;-;-;-;-;-
25.04.2025 19:00;25.04.2025 20:00;-;-;-;-;-;-;-;-;-;-;-;-;-;-;-;-;-
25.04.2025 20:00;25.04.2025 21:00;-;-;-;-;-;-;-;-;-;-;-;-;-;-;-;-;-
25.04.2025 21:00;25.04.2025 22:00;-;-;-;-;-;-;-;-;-;-;-;-;-;-;-;-;-
25.04.2025 22:00;25.04.2025 23:00;-;-;-;-;-;-;-;-;-;-;-;-;-;-;-;-;-
25.04.2025 23:00;26.04.2025 00:00;-;-;-;-;-;-;-;-;-;-;-;-;-;-;-;-;-
26.04.2025 00:00;26.04.2025 01:00;-;-;-;-;-;-;-;-;-;-;-;-;-;-;-;-;-
26.04.2025 01:00;26.04.2025 02:00;-;-;-;-;-;-;-;-;-;-;-;-;-;-;-;-;-
26.04.2025 02:00;26.04.2025 03:00;-;-;-;-;-;-;-;-;-;-;-;-;-;-;-;-;-
26.04.2025 03:00;26.04.2025 04:00;-;-;-;-;-;-;-;-;-;-;-;-;-;-;-;-;-
26.04.2025 04:00;26.04.2025 05:00;-;-;-;-;-;-;-;-;-;-;-;-;-;-;-;-;-
26.04.2025 05:00;26.04.2025 06:00;-;-;-;-;-;-;-;-;-;-;-;-;-;-;-;-;-
26.04.2025 06:00;26.04.2025 07:00;-;-;-;-;-;-;-;-;-;-;-;-;-;-;-;-;-
26.04.2025 07:00;26.04.2025 08:00;-;-;-;-;-;-;-;-;-;-;-;-;-;-;-;-;-
26.04.2025 08:00;26.04.2025 09:00;-;-;-;-;-;-;-;-;-;-;-;-;-;-;-;-;-
26.04.2025 09:00;26.04.2025 10:00;-;-;-;-;-;-;-;-;-;-;-;-;-;-;-;-;-
26.04.2025 10:00;26.04.2025 11:00;-;-;-;-;-;-;-;-;-;-;-;-;-;-;-;-;-
26.04.2025 11:00;26.04.2025 12:00;-;-;-;-;-;-;-;-;-;-;-;-;-;-;-;-;-
26.04.2025 12:00;26.04.2025 13:00;-;-;-;-;-;-;-;-;-;-;-;-;-;-;-;-;-
26.04.2025 13:00;26.04.2025 14:00;-;-;-;-;-;-;-;-;-;-;-;-;-;-;-;-;-
26.04.2025 14:00;26.04.2025 15:00;-;-;-;-;-;-;-;-;-;-;-;-;-;-;-;-;-
26.04.2025 15:00;26.04.2025 16:00;-;-;-;-;-;-;-;-;-;-;-;-;-;-;-;-;-
26.04.2025 16:00;26.04.2025 17:00;-;-;-;-;-;-;-;-;-;-;-;-;-;-;-;-;-
26.04.2025 17:00;26.04.2025 18:00;-;-;-;-;-;-;-;-;-;-;-;-;-;-;-;-;-
26.04.2025 18:00;26.04.2025 19:00;-;-;-;-;-;-;-;-;-;-;-;-;-;-;-;-;-
26.04.2025 19:00;26.04.2025 20:00;-;-;-;-;-;-;-;-;-;-;-;-;-;-;-;-;-
26.04.2025 20:00;26.04.2025 21:00;-;-;-;-;-;-;-;-;-;-;-;-;-;-;-;-;-
26.04.2025 21:00;26.04.2025 22:00;-;-;-;-;-;-;-;-;-;-;-;-;-;-;-;-;-
26.04.2025 22:00;26.04.2025 23:00;-;-;-;-;-;-;-;-;-;-;-;-;-;-;-;-;-
26.04.2025 23:00;27.04.2025 00:00;-;-;-;-;-;-;-;-;-;-;-;-;-;-;-;-;-
27.04.2025 00:00;27.04.2025 01:00;-;-;-;-;-;-;-;-;-;-;-;-;-;-;-;-;-
27.04.2025 01:00;27.04.2025 02:00;-;-;-;-;-;-;-;-;-;-;-;-;-;-;-;-;-
27.04.2025 02:00;27.04.2025 03:00;-;-;-;-;-;-;-;-;-;-;-;-;-;-;-;-;-
27.04.2025 03:00;27.04.2025 04:00;-;-;-;-;-;-;-;-;-;-;-;-;-;-;-;-;-
27.04.2025 04:00;27.04.2025 05:00;-;-;-;-;-;-;-;-;-;-;-;-;-;-;-;-;-
27.04.2025 05:00;27.04.2025 06:00;-;-;-;-;-;-;-;-;-;-;-;-;-;-;-;-;-
27.04.2025 06:00;27.04.2025 07:00;-;-;-;-;-;-;-;-;-;-;-;-;-;-;-;-;-
27.04.2025 07:00;27.04.2025 08:00;-;-;-;-;-;-;-;-;-;-;-;-;-;-;-;-;-
27.04.2025 08:00;27.04.2025 09:00;-;-;-;-;-;-;-;-;-;-;-;-;-;-;-;-;-
27.04.2025 09:00;27.04.2025 10:00;-;-;-;-;-;-;-;-;-;-;-;-;-;-;-;-;-
27.04.2025 10:00;27.04.2025 11:00;-;-;-;-;-;-;-;-;-;-;-;-;-;-;-;-;-
27.04.2025 11:00;27.04.2025 12:00;-;-;-;-;-;-;-;-;-;-;-;-;-;-;-;-;-
27.04.2025 12:00;27.04.2025 13:00;-;-;-;-;-;-;-;-;-;-;-;-;-;-;-;-;-
27.04.2025 13:00;27.04.2025 14:00;-;-;-;-;-;-;-;-;-;-;-;-;-;-;-;-;-
27.04.2025 14:00;27.04.2025 15:00;-;-;-;-;-;-;-;-;-;-;-;-;-;-;-;-;-
27.04.2025 15:00;27.04.2025 16:00;-;-;-;-;-;-;-;-;-;-;-;-;-;-;-;-;-
27.04.2025 16:00;27.04.2025 17:00;-;-;-;-;-;-;-;-;-;-;-;-;-;-;-;-;-
27.04.2025 17:00;27.04.2025 18:00;-;-;-;-;-;-;-;-;-;-;-;-;-;-;-;-;-
27.04.2025 18:00;27.04.2025 19:00;-;-;-;-;-;-;-;-;-;-;-;-;-;-;-;-;-
27.04.2025 19:00;27.04.2025 20:00;-;-;-;-;-;-;-;-;-;-;-;-;-;-;-;-;-
27.04.2025 20:00;27.04.2025 21:00;-;-;-;-;-;-;-;-;-;-;-;-;-;-;-;-;-
27.04.2025 21:00;27.04.2025 22:00;-;-;-;-;-;-;-;-;-;-;-;-;-;-;-;-;-
27.04.2025 22:00;27.04.2025 23:00;-;-;-;-;-;-;-;-;-;-;-;-;-;-;-;-;-
27.04.2025 23:00;28.04.2025 00:00;-;-;-;-;-;-;-;-;-;-;-;-;-;-;-;-;-
28.04.2025 00:00;28.04.2025 01:00;-;-;-;-;-;-;-;-;-;-;-;-;-;-;-;-;-
28.04.2025 01:00;28.04.2025 02:00;-;-;-;-;-;-;-;-;-;-;-;-;-;-;-;-;-
28.04.2025 02:00;28.04.2025 03:00;-;-;-;-;-;-;-;-;-;-;-;-;-;-;-;-;-
28.04.2025 03:00;28.04.2025 04:00;-;-;-;-;-;-;-;-;-;-;-;-;-;-;-;-;-
28.04.2025 04:00;28.04.2025 05:00;-;-;-;-;-;-;-;-;-;-;-;-;-;-;-;-;-
28.04.2025 05:00;28.04.2025 06:00;-;-;-;-;-;-;-;-;-;-;-;-;-;-;-;-;-
28.04.2025 06:00;28.04.2025 07:00;-;-;-;-;-;-;-;-;-;-;-;-;-;-;-;-;-
28.04.2025 07:00;28.04.2025 08:00;-;-;-;-;-;-;-;-;-;-;-;-;-;-;-;-;-
28.04.2025 08:00;28.04.2025 09:00;-;-;-;-;-;-;-;-;-;-;-;-;-;-;-;-;-
28.04.2025 09:00;28.04.2025 10:00;-;-;-;-;-;-;-;-;-;-;-;-;-;-;-;-;-
28.04.2025 10:00;28.04.2025 11:00;-;-;-;-;-;-;-;-;-;-;-;-;-;-;-;-;-
28.04.2025 11:00;28.04.2025 12:00;-;-;-;-;-;-;-;-;-;-;-;-;-;-;-;-;-
28.04.2025 12:00;28.04.2025 13:00;-;-;-;-;-;-;-;-;-;-;-;-;-;-;-;-;-
28.04.2025 13:00;28.04.2025 14:00;-;-;-;-;-;-;-;-;-;-;-;-;-;-;-;-;-
28.04.2025 14:00;28.04.2025 15:00;-;-;-;-;-;-;-;-;-;-;-;-;-;-;-;-;-
28.04.2025 15:00;28.04.2025 16:00;-;-;-;-;-;-;-;-;-;-;-;-;-;-;-;-;-
28.04.2025 16:00;28.04.2025 17:00;-;-;-;-;-;-;-;-;-;-;-;-;-;-;-;-;-
28.04.2025 17:00;28.04.2025 18:00;-;-;-;-;-;-;-;-;-;-;-;-;-;-;-;-;-
28.04.2025 18:00;28.04.2025 19:00;-;-;-;-;-;-;-;-;-;-;-;-;-;-;-;-;-
28.04.2025 19:00;28.04.2025 20:00;-;-;-;-;-;-;-;-;-;-;-;-;-;-;-;-;-
28.04.2025 20:00;28.04.2025 21:00;-;-;-;-;-;-;-;-;-;-;-;-;-;-;-;-;-
28.04.2025 21:00;28.04.2025 22:00;-;-;-;-;-;-;-;-;-;-;-;-;-;-;-;-;-
28.04.2025 22:00;28.04.2025 23:00;-;-;-;-;-;-;-;-;-;-;-;-;-;-;-;-;-
28.04.2025 23:00;29.04.2025 00:00;-;-;-;-;-;-;-;-;-;-;-;-;-;-;-;-;-
29.04.2025 00:00;29.04.2025 01:00;-;-;-;-;-;-;-;-;-;-;-;-;-;-;-;-;-
29.04.2025 01:00;29.04.2025 02:00;-;-;-;-;-;-;-;-;-;-;-;-;-;-;-;-;-
29.04.2025 02:00;29.04.2025 03:00;-;-;-;-;-;-;-;-;-;-;-;-;-;-;-;-;-
29.04.2025 03:00;29.04.2025 04:00;-;-;-;-;-;-;-;-;-;-;-;-;-;-;-;-;-
29.04.2025 04:00;29.04.2025 05:00;-;-;-;-;-;-;-;-;-;-;-;-;-;-;-;-;-
29.04.2025 05:00;29.04.2025 06:00;-;-;-;-;-;-;-;-;-;-;-;-;-;-;-;-;-
29.04.2025 06:00;29.04.2025 07:00;-;-;-;-;-;-;-;-;-;-;-;-;-;-;-;-;-
29.04.2025 07:00;29.04.2025 08:00;-;-;-;-;-;-;-;-;-;-;-;-;-;-;-;-;-
29.04.2025 08:00;29.04.2025 09:00;-;-;-;-;-;-;-;-;-;-;-;-;-;-;-;-;-
29.04.2025 09:00;29.04.2025 10:00;-;-;-;-;-;-;-;-;-;-;-;-;-;-;-;-;-
29.04.2025 10:00;29.04.2025 11:00;-;-;-;-;-;-;-;-;-;-;-;-;-;-;-;-;-
29.04.2025 11:00;29.04.2025 12:00;-;-;-;-;-;-;-;-;-;-;-;-;-;-;-;-;-
29.04.2025 12:00;29.04.2025 13:00;-;-;-;-;-;-;-;-;-;-;-;-;-;-;-;-;-
29.04.2025 13:00;29.04.2025 14:00;-;-;-;-;-;-;-;-;-;-;-;-;-;-;-;-;-
29.04.2025 14:00;29.04.2025 15:00;-;-;-;-;-;-;-;-;-;-;-;-;-;-;-;-;-
29.04.2025 15:00;29.04.2025 16:00;-;-;-;-;-;-;-;-;-;-;-;-;-;-;-;-;-
29.04.2025 16:00;29.04.2025 17:00;-;-;-;-;-;-;-;-;-;-;-;-;-;-;-;-;-
29.04.2025 17:00;29.04.2025 18:00;-;-;-;-;-;-;-;-;-;-;-;-;-;-;-;-;-
29.04.2025 18:00;29.04.2025 19:00;-;-;-;-;-;-;-;-;-;-;-;-;-;-;-;-;-
29.04.2025 19:00;29.04.2025 20:00;-;-;-;-;-;-;-;-;-;-;-;-;-;-;-;-;-
29.04.2025 20:00;29.04.2025 21:00;-;-;-;-;-;-;-;-;-;-;-;-;-;-;-;-;-
29.04.2025 21:00;29.04.2025 22:00;-;-;-;-;-;-;-;-;-;-;-;-;-;-;-;-;-
29.04.2025 22:00;29.04.2025 23:00;-;-;-;-;-;-;-;-;-;-;-;-;-;-;-;-;-
29.04.2025 23:00;30.04.2025 00:00;-;-;-;-;-;-;-;-;-;-;-;-;-;-;-;-;-
30.04.2025 00:00;30.04.2025 01:00;-;-;-;-;-;-;-;-;-;-;-;-;-;-;-;-;-
30.04.2025 01:00;30.04.2025 02:00;-;-;-;-;-;-;-;-;-;-;-;-;-;-;-;-;-
30.04.2025 02:00;30.04.2025 03:00;-;-;-;-;-;-;-;-;-;-;-;-;-;-;-;-;-
30.04.2025 03:00;30.04.2025 04:00;-;-;-;-;-;-;-;-;-;-;-;-;-;-;-;-;-
30.04.2025 04:00;30.04.2025 05:00;-;-;-;-;-;-;-;-;-;-;-;-;-;-;-;-;-
30.04.2025 05:00;30.04.2025 06:00;-;-;-;-;-;-;-;-;-;-;-;-;-;-;-;-;-
30.04.2025 06:00;30.04.2025 07:00;-;-;-;-;-;-;-;-;-;-;-;-;-;-;-;-;-
30.04.2025 07:00;30.04.2025 08:00;-;-;-;-;-;-;-;-;-;-;-;-;-;-;-;-;-
30.04.2025 08:00;30.04.2025 09:00;-;-;-;-;-;-;-;-;-;-;-;-;-;-;-;-;-
30.04.2025 09:00;30.04.2025 10:00;-;-;-;-;-;-;-;-;-;-;-;-;-;-;-;-;-
30.04.2025 10:00;30.04.2025 11:00;-;-;-;-;-;-;-;-;-;-;-;-;-;-;-;-;-
30.04.2025 11:00;30.04.2025 12:00;-;-;-;-;-;-;-;-;-;-;-;-;-;-;-;-;-
30.04.2025 12:00;30.04.2025 13:00;-;-;-;-;-;-;-;-;-;-;-;-;-;-;-;-;-
30.04.2025 13:00;30.04.2025 14:00;-;-;-;-;-;-;-;-;-;-;-;-;-;-;-;-;-
30.04.2025 14:00;30.04.2025 15:00;-;-;-;-;-;-;-;-;-;-;-;-;-;-;-;-;-
30.04.2025 15:00;30.04.2025 16:00;-;-;-;-;-;-;-;-;-;-;-;-;-;-;-;-;-
30.04.2025 16:00;30.04.2025 17:00;-;-;-;-;-;-;-;-;-;-;-;-;-;-;-;-;-
30.04.2025 17:00;30.04.2025 18:00;-;-;-;-;-;-;-;-;-;-;-;-;-;-;-;-;-
30.04.2025 18:00;30.04.2025 19:00;-;-;-;-;-;-;-;-;-;-;-;-;-;-;-;-;-
30.04.2025 19:00;30.04.2025 20:00;-;-;-;-;-;-;-;-;-;-;-;-;-;-;-;-;-
30.04.2025 20:00;30.04.2025 21:00;-;-;-;-;-;-;-;-;-;-;-;-;-;-;-;-;-
30.04.2025 21:00;30.04.2025 22:00;-;-;-;-;-;-;-;-;-;-;-;-;-;-;-;-;-
30.04.2025 22:00;30.04.2025 23:00;-;-;-;-;-;-;-;-;-;-;-;-;-;-;-;-;-
30.04.2025 23:00;01.05.2025 00:00;-;-;-;-;-;-;-;-;-;-;-;-;-;-;-;-;-
01.05.2025 00:00;01.05.2025 01:00;-;-;-;-;-;-;-;-;-;-;-;-;-;-;-;-;-
01.05.2025 01:00;01.05.2025 02:00;-;-;-;-;-;-;-;-;-;-;-;-;-;-;-;-;-
01.05.2025 02:00;01.05.2025 03:00;-;-;-;-;-;-;-;-;-;-;-;-;-;-;-;-;-
01.05.2025 03:00;01.05.2025 04:00;-;-;-;-;-;-;-;-;-;-;-;-;-;-;-;-;-
01.05.2025 04:00;01.05.2025 05:00;-;-;-;-;-;-;-;-;-;-;-;-;-;-;-;-;-
01.05.2025 05:00;01.05.2025 06:00;-;-;-;-;-;-;-;-;-;-;-;-;-;-;-;-;-
01.05.2025 06:00;01.05.2025 07:00;-;-;-;-;-;-;-;-;-;-;-;-;-;-;-;-;-
01.05.2025 07:00;01.05.2025 08:00;-;-;-;-;-;-;-;-;-;-;-;-;-;-;-;-;-
01.05.2025 08:00;01.05.2025 09:00;-;-;-;-;-;-;-;-;-;-;-;-;-;-;-;-;-
01.05.2025 09:00;01.05.2025 10:00;-;-;-;-;-;-;-;-;-;-;-;-;-;-;-;-;-
01.05.2025 10:00;01.05.2025 11:00;-;-;-;-;-;-;-;-;-;-;-;-;-;-;-;-;-
01.05.2025 11:00;01.05.2025 12:00;-;-;-;-;-;-;-;-;-;-;-;-;-;-;-;-;-
01.05.2025 12:00;01.05.2025 13:00;-;-;-;-;-;-;-;-;-;-;-;-;-;-;-;-;-
01.05.2025 13:00;01.05.2025 14:00;-;-;-;-;-;-;-;-;-;-;-;-;-;-;-;-;-
01.05.2025 14:00;01.05.2025 15:00;-;-;-;-;-;-;-;-;-;-;-;-;-;-;-;-;-
01.05.2025 15:00;01.05.2025 16:00;-;-;-;-;-;-;-;-;-;-;-;-;-;-;-;-;-
01.05.2025 16:00;01.05.2025 17:00;-;-;-;-;-;-;-;-;-;-;-;-;-;-;-;-;-
01.05.2025 17:00;01.05.2025 18:00;-;-;-;-;-;-;-;-;-;-;-;-;-;-;-;-;-
01.05.2025 18:00;01.05.2025 19:00;-;-;-;-;-;-;-;-;-;-;-;-;-;-;-;-;-
01.05.2025 19:00;01.05.2025 20:00;-;-;-;-;-;-;-;-;-;-;-;-;-;-;-;-;-
01.05.2025 20:00;01.05.2025 21:00;-;-;-;-;-;-;-;-;-;-;-;-;-;-;-;-;-
01.05.2025 21:00;01.05.2025 22:00;-;-;-;-;-;-;-;-;-;-;-;-;-;-;-;-;-
01.05.2025 22:00;01.05.2025 23:00;-;-;-;-;-;-;-;-;-;-;-;-;-;-;-;-;-
01.05.2025 23:00;02.05.2025 00:00;-;-;-;-;-;-;-;-;-;-;-;-;-;-;-;-;-
02.05.2025 00:00;02.05.2025 01:00;-;-;-;-;-;-;-;-;-;-;-;-;-;-;-;-;-
02.05.2025 01:00;02.05.2025 02:00;-;-;-;-;-;-;-;-;-;-;-;-;-;-;-;-;-
02.05.2025 02:00;02.05.2025 03:00;-;-;-;-;-;-;-;-;-;-;-;-;-;-;-;-;-
02.05.2025 03:00;02.05.2025 04:00;-;-;-;-;-;-;-;-;-;-;-;-;-;-;-;-;-
02.05.2025 04:00;02.05.2025 05:00;-;-;-;-;-;-;-;-;-;-;-;-;-;-;-;-;-
02.05.2025 05:00;02.05.2025 06:00;-;-;-;-;-;-;-;-;-;-;-;-;-;-;-;-;-
02.05.2025 06:00;02.05.2025 07:00;-;-;-;-;-;-;-;-;-;-;-;-;-;-;-;-;-
02.05.2025 07:00;02.05.2025 08:00;-;-;-;-;-;-;-;-;-;-;-;-;-;-;-;-;-
02.05.2025 08:00;02.05.2025 09:00;-;-;-;-;-;-;-;-;-;-;-;-;-;-;-;-;-
02.05.2025 09:00;02.05.2025 10:00;-;-;-;-;-;-;-;-;-;-;-;-;-;-;-;-;-
02.05.2025 10:00;02.05.2025 11:00;-;-;-;-;-;-;-;-;-;-;-;-;-;-;-;-;-
02.05.2025 11:00;02.05.2025 12:00;-;-;-;-;-;-;-;-;-;-;-;-;-;-;-;-;-
02.05.2025 12:00;02.05.2025 13:00;-;-;-;-;-;-;-;-;-;-;-;-;-;-;-;-;-
02.05.2025 13:00;02.05.2025 14:00;-;-;-;-;-;-;-;-;-;-;-;-;-;-;-;-;-
02.05.2025 14:00;02.05.2025 15:00;-;-;-;-;-;-;-;-;-;-;-;-;-;-;-;-;-
02.05.2025 15:00;02.05.2025 16:00;-;-;-;-;-;-;-;-;-;-;-;-;-;-;-;-;-
02.05.2025 16:00;02.05.2025 17:00;-;-;-;-;-;-;-;-;-;-;-;-;-;-;-;-;-
02.05.2025 17:00;02.05.2025 18:00;-;-;-;-;-;-;-;-;-;-;-;-;-;-;-;-;-
02.05.2025 18:00;02.05.2025 19:00;-;-;-;-;-;-;-;-;-;-;-;-;-;-;-;-;-
02.05.2025 19:00;02.05.2025 20:00;-;-;-;-;-;-;-;-;-;-;-;-;-;-;-;-;-
02.05.2025 20:00;02.05.2025 21:00;-;-;-;-;-;-;-;-;-;-;-;-;-;-;-;-;-
02.05.2025 21:00;02.05.2025 22:00;-;-;-;-;-;-;-;-;-;-;-;-;-;-;-;-;-
02.05.2025 22:00;02.05.2025 23:00;-;-;-;-;-;-;-;-;-;-;-;-;-;-;-;-;-
02.05.2025 23:00;03.05.2025 00:00;-;-;-;-;-;-;-;-;-;-;-;-;-;-;-;-;-
03.05.2025 00:00;03.05.2025 01:00;-;-;-;-;-;-;-;-;-;-;-;-;-;-;-;-;-
03.05.2025 01:00;03.05.2025 02:00;-;-;-;-;-;-;-;-;-;-;-;-;-;-;-;-;-
03.05.2025 02:00;03.05.2025 03:00;-;-;-;-;-;-;-;-;-;-;-;-;-;-;-;-;-
03.05.2025 03:00;03.05.2025 04:00;-;-;-;-;-;-;-;-;-;-;-;-;-;-;-;-;-
03.05.2025 04:00;03.05.2025 05:00;-;-;-;-;-;-;-;-;-;-;-;-;-;-;-;-;-
03.05.2025 05:00;03.05.2025 06:00;-;-;-;-;-;-;-;-;-;-;-;-;-;-;-;-;-
03.05.2025 06:00;03.05.2025 07:00;-;-;-;-;-;-;-;-;-;-;-;-;-;-;-;-;-
03.05.2025 07:00;03.05.2025 08:00;-;-;-;-;-;-;-;-;-;-;-;-;-;-;-;-;-
03.05.2025 08:00;03.05.2025 09:00;-;-;-;-;-;-;-;-;-;-;-;-;-;-;-;-;-
03.05.2025 09:00;03.05.2025 10:00;-;-;-;-;-;-;-;-;-;-;-;-;-;-;-;-;-
03.05.2025 10:00;03.05.2025 11:00;-;-;-;-;-;-;-;-;-;-;-;-;-;-;-;-;-
03.05.2025 11:00;03.05.2025 12:00;-;-;-;-;-;-;-;-;-;-;-;-;-;-;-;-;-
03.05.2025 12:00;03.05.2025 13:00;-;-;-;-;-;-;-;-;-;-;-;-;-;-;-;-;-
03.05.2025 13:00;03.05.2025 14:00;-;-;-;-;-;-;-;-;-;-;-;-;-;-;-;-;-
03.05.2025 14:00;03.05.2025 15:00;-;-;-;-;-;-;-;-;-;-;-;-;-;-;-;-;-
03.05.2025 15:00;03.05.2025 16:00;-;-;-;-;-;-;-;-;-;-;-;-;-;-;-;-;-
03.05.2025 16:00;03.05.2025 17:00;-;-;-;-;-;-;-;-;-;-;-;-;-;-;-;-;-
03.05.2025 17:00;03.05.2025 18:00;-;-;-;-;-;-;-;-;-;-;-;-;-;-;-;-;-
03.05.2025 18:00;03.05.2025 19:00;-;-;-;-;-;-;-;-;-;-;-;-;-;-;-;-;-
03.05.2025 19:00;03.05.2025 20:00;-;-;-;-;-;-;-;-;-;-;-;-;-;-;-;-;-
03.05.2025 20:00;03.05.2025 21:00;-;-;-;-;-;-;-;-;-;-;-;-;-;-;-;-;-
03.05.2025 21:00;03.05.2025 22:00;-;-;-;-;-;-;-;-;-;-;-;-;-;-;-;-;-
03.05.2025 22:00;03.05.2025 23:00;-;-;-;-;-;-;-;-;-;-;-;-;-;-;-;-;-
03.05.2025 23:00;04.05.2025 00:00;-;-;-;-;-;-;-;-;-;-;-;-;-;-;-;-;-
04.05.2025 00:00;04.05.2025 01:00;-;-;-;-;-;-;-;-;-;-;-;-;-;-;-;-;-
04.05.2025 01:00;04.05.2025 02:00;-;-;-;-;-;-;-;-;-;-;-;-;-;-;-;-;-
04.05.2025 02:00;04.05.2025 03:00;-;-;-;-;-;-;-;-;-;-;-;-;-;-;-;-;-
04.05.2025 03:00;04.05.2025 04:00;-;-;-;-;-;-;-;-;-;-;-;-;-;-;-;-;-
04.05.2025 04:00;04.05.2025 05:00;-;-;-;-;-;-;-;-;-;-;-;-;-;-;-;-;-
04.05.2025 05:00;04.05.2025 06:00;-;-;-;-;-;-;-;-;-;-;-;-;-;-;-;-;-
04.05.2025 06:00;04.05.2025 07:00;-;-;-;-;-;-;-;-;-;-;-;-;-;-;-;-;-
04.05.2025 07:00;04.05.2025 08:00;-;-;-;-;-;-;-;-;-;-;-;-;-;-;-;-;-
04.05.2025 08:00;04.05.2025 09:00;-;-;-;-;-;-;-;-;-;-;-;-;-;-;-;-;-
04.05.2025 09:00;04.05.2025 10:00;-;-;-;-;-;-;-;-;-;-;-;-;-;-;-;-;-
04.05.2025 10:00;04.05.2025 11:00;-;-;-;-;-;-;-;-;-;-;-;-;-;-;-;-;-
04.05.2025 11:00;04.05.2025 12:00;-;-;-;-;-;-;-;-;-;-;-;-;-;-;-;-;-
04.05.2025 12:00;04.05.2025 13:00;-;-;-;-;-;-;-;-;-;-;-;-;-;-;-;-;-
04.05.2025 13:00;04.05.2025 14:00;-;-;-;-;-;-;-;-;-;-;-;-;-;-;-;-;-
04.05.2025 14:00;04.05.2025 15:00;-;-;-;-;-;-;-;-;-;-;-;-;-;-;-;-;-
04.05.2025 15:00;04.05.2025 16:00;-;-;-;-;-;-;-;-;-;-;-;-;-;-;-;-;-
04.05.2025 16:00;04.05.2025 17:00;-;-;-;-;-;-;-;-;-;-;-;-;-;-;-;-;-
04.05.2025 17:00;04.05.2025 18:00;-;-;-;-;-;-;-;-;-;-;-;-;-;-;-;-;-
04.05.2025 18:00;04.05.2025 19:00;-;-;-;-;-;-;-;-;-;-;-;-;-;-;-;-;-
04.05.2025 19:00;04.05.2025 20:00;-;-;-;-;-;-;-;-;-;-;-;-;-;-;-;-;-
04.05.2025 20:00;04.05.2025 21:00;-;-;-;-;-;-;-;-;-;-;-;-;-;-;-;-;-
04.05.2025 21:00;04.05.2025 22:00;-;-;-;-;-;-;-;-;-;-;-;-;-;-;-;-;-
04.05.2025 22:00;04.05.2025 23:00;-;-;-;-;-;-;-;-;-;-;-;-;-;-;-;-;-
04.05.2025 23:00;05.05.2025 00:00;-;-;-;-;-;-;-;-;-;-;-;-;-;-;-;-;-
05.05.2025 00:00;05.05.2025 01:00;-;-;-;-;-;-;-;-;-;-;-;-;-;-;-;-;-
05.05.2025 01:00;05.05.2025 02:00;-;-;-;-;-;-;-;-;-;-;-;-;-;-;-;-;-
05.05.2025 02:00;05.05.2025 03:00;-;-;-;-;-;-;-;-;-;-;-;-;-;-;-;-;-
05.05.2025 03:00;05.05.2025 04:00;-;-;-;-;-;-;-;-;-;-;-;-;-;-;-;-;-
05.05.2025 04:00;05.05.2025 05:00;-;-;-;-;-;-;-;-;-;-;-;-;-;-;-;-;-
05.05.2025 05:00;05.05.2025 06:00;-;-;-;-;-;-;-;-;-;-;-;-;-;-;-;-;-
05.05.2025 06:00;05.05.2025 07:00;-;-;-;-;-;-;-;-;-;-;-;-;-;-;-;-;-
05.05.2025 07:00;05.05.2025 08:00;-;-;-;-;-;-;-;-;-;-;-;-;-;-;-;-;-
05.05.2025 08:00;05.05.2025 09:00;-;-;-;-;-;-;-;-;-;-;-;-;-;-;-;-;-
05.05.2025 09:00;05.05.2025 10:00;-;-;-;-;-;-;-;-;-;-;-;-;-;-;-;-;-
05.05.2025 10:00;05.05.2025 11:00;-;-;-;-;-;-;-;-;-;-;-;-;-;-;-;-;-
05.05.2025 11:00;05.05.2025 12:00;-;-;-;-;-;-;-;-;-;-;-;-;-;-;-;-;-
05.05.2025 12:00;05.05.2025 13:00;-;-;-;-;-;-;-;-;-;-;-;-;-;-;-;-;-
05.05.2025 13:00;05.05.2025 14:00;-;-;-;-;-;-;-;-;-;-;-;-;-;-;-;-;-
05.05.2025 14:00;05.05.2025 15:00;-;-;-;-;-;-;-;-;-;-;-;-;-;-;-;-;-
05.05.2025 15:00;05.05.2025 16:00;-;-;-;-;-;-;-;-;-;-;-;-;-;-;-;-;-
05.05.2025 16:00;05.05.2025 17:00;-;-;-;-;-;-;-;-;-;-;-;-;-;-;-;-;-
05.05.2025 17:00;05.05.2025 18:00;-;-;-;-;-;-;-;-;-;-;-;-;-;-;-;-;-
05.05.2025 18:00;05.05.2025 19:00;-;-;-;-;-;-;-;-;-;-;-;-;-;-;-;-;-
05.05.2025 19:00;05.05.2025 20:00;-;-;-;-;-;-;-;-;-;-;-;-;-;-;-;-;-
05.05.2025 20:00;05.05.2025 21:00;-;-;-;-;-;-;-;-;-;-;-;-;-;-;-;-;-
05.05.2025 21:00;05.05.2025 22:00;-;-;-;-;-;-;-;-;-;-;-;-;-;-;-;-;-
05.05.2025 22:00;05.05.2025 23:00;-;-;-;-;-;-;-;-;-;-;-;-;-;-;-;-;-
05.05.2025 23:00;06.05.2025 00:00;-;-;-;-;-;-;-;-;-;-;-;-;-;-;-;-;-
06.05.2025 00:00;06.05.2025 01:00;-;-;-;-;-;-;-;-;-;-;-;-;-;-;-;-;-
06.05.2025 01:00;06.05.2025 02:00;-;-;-;-;-;-;-;-;-;-;-;-;-;-;-;-;-
06.05.2025 02:00;06.05.2025 03:00;-;-;-;-;-;-;-;-;-;-;-;-;-;-;-;-;-
06.05.2025 03:00;06.05.2025 04:00;-;-;-;-;-;-;-;-;-;-;-;-;-;-;-;-;-
06.05.2025 04:00;06.05.2025 05:00;-;-;-;-;-;-;-;-;-;-;-;-;-;-;-;-;-
06.05.2025 05:00;06.05.2025 06:00;-;-;-;-;-;-;-;-;-;-;-;-;-;-;-;-;-
06.05.2025 06:00;06.05.2025 07:00;-;-;-;-;-;-;-;-;-;-;-;-;-;-;-;-;-
06.05.2025 07:00;06.05.2025 08:00;-;-;-;-;-;-;-;-;-;-;-;-;-;-;-;-;-
06.05.2025 08:00;06.05.2025 09:00;-;-;-;-;-;-;-;-;-;-;-;-;-;-;-;-;-
06.05.2025 09:00;06.05.2025 10:00;-;-;-;-;-;-;-;-;-;-;-;-;-;-;-;-;-
06.05.2025 10:00;06.05.2025 11:00;-;-;-;-;-;-;-;-;-;-;-;-;-;-;-;-;-
06.05.2025 11:00;06.05.2025 12:00;-;-;-;-;-;-;-;-;-;-;-;-;-;-;-;-;-
06.05.2025 12:00;06.05.2025 13:00;-;-;-;-;-;-;-;-;-;-;-;-;-;-;-;-;-
06.05.2025 13:00;06.05.2025 14:00;-;-;-;-;-;-;-;-;-;-;-;-;-;-;-;-;-
06.05.2025 14:00;06.05.2025 15:00;-;-;-;-;-;-;-;-;-;-;-;-;-;-;-;-;-
06.05.2025 15:00;06.05.2025 16:00;-;-;-;-;-;-;-;-;-;-;-;-;-;-;-;-;-
06.05.2025 16:00;06.05.2025 17:00;-;-;-;-;-;-;-;-;-;-;-;-;-;-;-;-;-
06.05.2025 17:00;06.05.2025 18:00;-;-;-;-;-;-;-;-;-;-;-;-;-;-;-;-;-
06.05.2025 18:00;06.05.2025 19:00;-;-;-;-;-;-;-;-;-;-;-;-;-;-;-;-;-
06.05.2025 19:00;06.05.2025 20:00;-;-;-;-;-;-;-;-;-;-;-;-;-;-;-;-;-
06.05.2025 20:00;06.05.2025 21:00;-;-;-;-;-;-;-;-;-;-;-;-;-;-;-;-;-
06.05.2025 21:00;06.05.2025 22:00;-;-;-;-;-;-;-;-;-;-;-;-;-;-;-;-;-
06.05.2025 22:00;06.05.2025 23:00;-;-;-;-;-;-;-;-;-;-;-;-;-;-;-;-;-
06.05.2025 23:00;07.05.2025 00:00;-;-;-;-;-;-;-;-;-;-;-;-;-;-;-;-;-
07.05.2025 00:00;07.05.2025 01:00;-;-;-;-;-;-;-;-;-;-;-;-;-;-;-;-;-
07.05.2025 01:00;07.05.2025 02:00;-;-;-;-;-;-;-;-;-;-;-;-;-;-;-;-;-
07.05.2025 02:00;07.05.2025 03:00;-;-;-;-;-;-;-;-;-;-;-;-;-;-;-;-;-
07.05.2025 03:00;07.05.2025 04:00;-;-;-;-;-;-;-;-;-;-;-;-;-;-;-;-;-
07.05.2025 04:00;07.05.2025 05:00;-;-;-;-;-;-;-;-;-;-;-;-;-;-;-;-;-
07.05.2025 05:00;07.05.2025 06:00;-;-;-;-;-;-;-;-;-;-;-;-;-;-;-;-;-
07.05.2025 06:00;07.05.2025 07:00;-;-;-;-;-;-;-;-;-;-;-;-;-;-;-;-;-
07.05.2025 07:00;07.05.2025 08:00;-;-;-;-;-;-;-;-;-;-;-;-;-;-;-;-;-
07.05.2025 08:00;07.05.2025 09:00;-;-;-;-;-;-;-;-;-;-;-;-;-;-;-;-;-
07.05.2025 09:00;07.05.2025 10:00;-;-;-;-;-;-;-;-;-;-;-;-;-;-;-;-;-
07.05.2025 10:00;07.05.2025 11:00;-;-;-;-;-;-;-;-;-;-;-;-;-;-;-;-;-
07.05.2025 11:00;07.05.2025 12:00;-;-;-;-;-;-;-;-;-;-;-;-;-;-;-;-;-
07.05.2025 12:00;07.05.2025 13:00;-;-;-;-;-;-;-;-;-;-;-;-;-;-;-;-;-
07.05.2025 13:00;07.05.2025 14:00;-;-;-;-;-;-;-;-;-;-;-;-;-;-;-;-;-
07.05.2025 14:00;07.05.2025 15:00;-;-;-;-;-;-;-;-;-;-;-;-;-;-;-;-;-
07.05.2025 15:00;07.05.2025 16:00;-;-;-;-;-;-;-;-;-;-;-;-;-;-;-;-;-
07.05.2025 16:00;07.05.2025 17:00;-;-;-;-;-;-;-;-;-;-;-;-;-;-;-;-;-
07.05.2025 17:00;07.05.2025 18:00;-;-;-;-;-;-;-;-;-;-;-;-;-;-;-;-;-
07.05.2025 18:00;07.05.2025 19:00;-;-;-;-;-;-;-;-;-;-;-;-;-;-;-;-;-
07.05.2025 19:00;07.05.2025 20:00;-;-;-;-;-;-;-;-;-;-;-;-;-;-;-;-;-
07.05.2025 20:00;07.05.2025 21:00;-;-;-;-;-;-;-;-;-;-;-;-;-;-;-;-;-
07.05.2025 21:00;07.05.2025 22:00;-;-;-;-;-;-;-;-;-;-;-;-;-;-;-;-;-
07.05.2025 22:00;07.05.2025 23:00;-;-;-;-;-;-;-;-;-;-;-;-;-;-;-;-;-
07.05.2025 23:00;08.05.2025 00:00;-;-;-;-;-;-;-;-;-;-;-;-;-;-;-;-;-
08.05.2025 00:00;08.05.2025 01:00;-;-;-;-;-;-;-;-;-;-;-;-;-;-;-;-;-
08.05.2025 01:00;08.05.2025 02:00;-;-;-;-;-;-;-;-;-;-;-;-;-;-;-;-;-
08.05.2025 02:00;08.05.2025 03:00;-;-;-;-;-;-;-;-;-;-;-;-;-;-;-;-;-
08.05.2025 03:00;08.05.2025 04:00;-;-;-;-;-;-;-;-;-;-;-;-;-;-;-;-;-
08.05.2025 04:00;08.05.2025 05:00;-;-;-;-;-;-;-;-;-;-;-;-;-;-;-;-;-
08.05.2025 05:00;08.05.2025 06:00;-;-;-;-;-;-;-;-;-;-;-;-;-;-;-;-;-
08.05.2025 06:00;08.05.2025 07:00;-;-;-;-;-;-;-;-;-;-;-;-;-;-;-;-;-
08.05.2025 07:00;08.05.2025 08:00;-;-;-;-;-;-;-;-;-;-;-;-;-;-;-;-;-
08.05.2025 08:00;08.05.2025 09:00;-;-;-;-;-;-;-;-;-;-;-;-;-;-;-;-;-
08.05.2025 09:00;08.05.2025 10:00;-;-;-;-;-;-;-;-;-;-;-;-;-;-;-;-;-
08.05.2025 10:00;08.05.2025 11:00;-;-;-;-;-;-;-;-;-;-;-;-;-;-;-;-;-
08.05.2025 11:00;08.05.2025 12:00;-;-;-;-;-;-;-;-;-;-;-;-;-;-;-;-;-
08.05.2025 12:00;08.05.2025 13:00;-;-;-;-;-;-;-;-;-;-;-;-;-;-;-;-;-
08.05.2025 13:00;08.05.2025 14:00;-;-;-;-;-;-;-;-;-;-;-;-;-;-;-;-;-
08.05.2025 14:00;08.05.2025 15:00;-;-;-;-;-;-;-;-;-;-;-;-;-;-;-;-;-
08.05.2025 15:00;08.05.2025 16:00;-;-;-;-;-;-;-;-;-;-;-;-;-;-;-;-;-
08.05.2025 16:00;08.05.2025 17:00;-;-;-;-;-;-;-;-;-;-;-;-;-;-;-;-;-
08.05.2025 17:00;08.05.2025 18:00;-;-;-;-;-;-;-;-;-;-;-;-;-;-;-;-;-
08.05.2025 18:00;08.05.2025 19:00;-;-;-;-;-;-;-;-;-;-;-;-;-;-;-;-;-
08.05.2025 19:00;08.05.2025 20:00;-;-;-;-;-;-;-;-;-;-;-;-;-;-;-;-;-
08.05.2025 20:00;08.05.2025 21:00;-;-;-;-;-;-;-;-;-;-;-;-;-;-;-;-;-
08.05.2025 21:00;08.05.2025 22:00;-;-;-;-;-;-;-;-;-;-;-;-;-;-;-;-;-
08.05.2025 22:00;08.05.2025 23:00;-;-;-;-;-;-;-;-;-;-;-;-;-;-;-;-;-
08.05.2025 23:00;09.05.2025 00:00;-;-;-;-;-;-;-;-;-;-;-;-;-;-;-;-;-
09.05.2025 00:00;09.05.2025 01:00;-;-;-;-;-;-;-;-;-;-;-;-;-;-;-;-;-
09.05.2025 01:00;09.05.2025 02:00;-;-;-;-;-;-;-;-;-;-;-;-;-;-;-;-;-
09.05.2025 02:00;09.05.2025 03:00;-;-;-;-;-;-;-;-;-;-;-;-;-;-;-;-;-
09.05.2025 03:00;09.05.2025 04:00;-;-;-;-;-;-;-;-;-;-;-;-;-;-;-;-;-
09.05.2025 04:00;09.05.2025 05:00;-;-;-;-;-;-;-;-;-;-;-;-;-;-;-;-;-
09.05.2025 05:00;09.05.2025 06:00;-;-;-;-;-;-;-;-;-;-;-;-;-;-;-;-;-
09.05.2025 06:00;09.05.2025 07:00;-;-;-;-;-;-;-;-;-;-;-;-;-;-;-;-;-
09.05.2025 07:00;09.05.2025 08:00;-;-;-;-;-;-;-;-;-;-;-;-;-;-;-;-;-
09.05.2025 08:00;09.05.2025 09:00;-;-;-;-;-;-;-;-;-;-;-;-;-;-;-;-;-
09.05.2025 09:00;09.05.2025 10:00;-;-;-;-;-;-;-;-;-;-;-;-;-;-;-;-;-
09.05.2025 10:00;09.05.2025 11:00;-;-;-;-;-;-;-;-;-;-;-;-;-;-;-;-;-
09.05.2025 11:00;09.05.2025 12:00;-;-;-;-;-;-;-;-;-;-;-;-;-;-;-;-;-
09.05.2025 12:00;09.05.2025 13:00;-;-;-;-;-;-;-;-;-;-;-;-;-;-;-;-;-
09.05.2025 13:00;09.05.2025 14:00;-;-;-;-;-;-;-;-;-;-;-;-;-;-;-;-;-
09.05.2025 14:00;09.05.2025 15:00;-;-;-;-;-;-;-;-;-;-;-;-;-;-;-;-;-
09.05.2025 15:00;09.05.2025 16:00;-;-;-;-;-;-;-;-;-;-;-;-;-;-;-;-;-
09.05.2025 16:00;09.05.2025 17:00;-;-;-;-;-;-;-;-;-;-;-;-;-;-;-;-;-
09.05.2025 17:00;09.05.2025 18:00;-;-;-;-;-;-;-;-;-;-;-;-;-;-;-;-;-
09.05.2025 18:00;09.05.2025 19:00;-;-;-;-;-;-;-;-;-;-;-;-;-;-;-;-;-
09.05.2025 19:00;09.05.2025 20:00;-;-;-;-;-;-;-;-;-;-;-;-;-;-;-;-;-
09.05.2025 20:00;09.05.2025 21:00;-;-;-;-;-;-;-;-;-;-;-;-;-;-;-;-;-
09.05.2025 21:00;09.05.2025 22:00;-;-;-;-;-;-;-;-;-;-;-;-;-;-;-;-;-
09.05.2025 22:00;09.05.2025 23:00;-;-;-;-;-;-;-;-;-;-;-;-;-;-;-;-;-
09.05.2025 23:00;10.05.2025 00:00;-;-;-;-;-;-;-;-;-;-;-;-;-;-;-;-;-
10.05.2025 00:00;10.05.2025 01:00;-;-;-;-;-;-;-;-;-;-;-;-;-;-;-;-;-
10.05.2025 01:00;10.05.2025 02:00;-;-;-;-;-;-;-;-;-;-;-;-;-;-;-;-;-
10.05.2025 02:00;10.05.2025 03:00;-;-;-;-;-;-;-;-;-;-;-;-;-;-;-;-;-
10.05.2025 03:00;10.05.2025 04:00;-;-;-;-;-;-;-;-;-;-;-;-;-;-;-;-;-
10.05.2025 04:00;10.05.2025 05:00;-;-;-;-;-;-;-;-;-;-;-;-;-;-;-;-;-
10.05.2025 05:00;10.05.2025 06:00;-;-;-;-;-;-;-;-;-;-;-;-;-;-;-;-;-
10.05.2025 06:00;10.05.2025 07:00;-;-;-;-;-;-;-;-;-;-;-;-;-;-;-;-;-
10.05.2025 07:00;10.05.2025 08:00;-;-;-;-;-;-;-;-;-;-;-;-;-;-;-;-;-
10.05.2025 08:00;10.05.2025 09:00;-;-;-;-;-;-;-;-;-;-;-;-;-;-;-;-;-
10.05.2025 09:00;10.05.2025 10:00;-;-;-;-;-;-;-;-;-;-;-;-;-;-;-;-;-
10.05.2025 10:00;10.05.2025 11:00;-;-;-;-;-;-;-;-;-;-;-;-;-;-;-;-;-
10.05.2025 11:00;10.05.2025 12:00;-;-;-;-;-;-;-;-;-;-;-;-;-;-;-;-;-
10.05.2025 12:00;10.05.2025 13:00;-;-;-;-;-;-;-;-;-;-;-;-;-;-;-;-;-
10.05.2025 13:00;10.05.2025 14:00;-;-;-;-;-;-;-;-;-;-;-;-;-;-;-;-;-
10.05.2025 14:00;10.05.2025 15:00;-;-;-;-;-;-;-;-;-;-;-;-;-;-;-;-;-
10.05.2025 15:00;10.05.2025 16:00;-;-;-;-;-;-;-;-;-;-;-;-;-;-;-;-;-
10.05.2025 16:00;10.05.2025 17:00;-;-;-;-;-;-;-;-;-;-;-;-;-;-;-;-;-
10.05.2025 17:00;10.05.2025 18:00;-;-;-;-;-;-;-;-;-;-;-;-;-;-;-;-;-
10.05.2025 18:00;10.05.2025 19:00;-;-;-;-;-;-;-;-;-;-;-;-;-;-;-;-;-
10.05.2025 19:00;10.05.2025 20:00;-;-;-;-;-;-;-;-;-;-;-;-;-;-;-;-;-
10.05.2025 20:00;10.05.2025 21:00;-;-;-;-;-;-;-;-;-;-;-;-;-;-;-;-;-
10.05.2025 21:00;10.05.2025 22:00;-;-;-;-;-;-;-;-;-;-;-;-;-;-;-;-;-
10.05.2025 22:00;10.05.2025 23:00;-;-;-;-;-;-;-;-;-;-;-;-;-;-;-;-;-
10.05.2025 23:00;11.05.2025 00:00;-;-;-;-;-;-;-;-;-;-;-;-;-;-;-;-;-
11.05.2025 00:00;11.05.2025 01:00;-;-;-;-;-;-;-;-;-;-;-;-;-;-;-;-;-
11.05.2025 01:00;11.05.2025 02:00;-;-;-;-;-;-;-;-;-;-;-;-;-;-;-;-;-
11.05.2025 02:00;11.05.2025 03:00;-;-;-;-;-;-;-;-;-;-;-;-;-;-;-;-;-
11.05.2025 03:00;11.05.2025 04:00;-;-;-;-;-;-;-;-;-;-;-;-;-;-;-;-;-
11.05.2025 04:00;11.05.2025 05:00;-;-;-;-;-;-;-;-;-;-;-;-;-;-;-;-;-
11.05.2025 05:00;11.05.2025 06:00;-;-;-;-;-;-;-;-;-;-;-;-;-;-;-;-;-
11.05.2025 06:00;11.05.2025 07:00;-;-;-;-;-;-;-;-;-;-;-;-;-;-;-;-;-
11.05.2025 07:00;11.05.2025 08:00;-;-;-;-;-;-;-;-;-;-;-;-;-;-;-;-;-
11.05.2025 08:00;11.05.2025 09:00;-;-;-;-;-;-;-;-;-;-;-;-;-;-;-;-;-
11.05.2025 09:00;11.05.2025 10:00;-;-;-;-;-;-;-;-;-;-;-;-;-;-;-;-;-
11.05.2025 10:00;11.05.2025 11:00;-;-;-;-;-;-;-;-;-;-;-;-;-;-;-;-;-
11.05.2025 11:00;11.05.2025 12:00;-;-;-;-;-;-;-;-;-;-;-;-;-;-;-;-;-
11.05.2025 12:00;11.05.2025 13:00;-;-;-;-;-;-;-;-;-;-;-;-;-;-;-;-;-
11.05.2025 13:00;11.05.2025 14:00;-;-;-;-;-;-;-;-;-;-;-;-;-;-;-;-;-
11.05.2025 14:00;11.05.2025 15:00;-;-;-;-;-;-;-;-;-;-;-;-;-;-;-;-;-
11.05.2025 15:00;11.05.2025 16:00;-;-;-;-;-;-;-;-;-;-;-;-;-;-;-;-;-
11.05.2025 16:00;11.05.2025 17:00;-;-;-;-;-;-;-;-;-;-;-;-;-;-;-;-;-
11.05.2025 17:00;11.05.2025 18:00;-;-;-;-;-;-;-;-;-;-;-;-;-;-;-;-;-
11.05.2025 18:00;11.05.2025 19:00;-;-;-;-;-;-;-;-;-;-;-;-;-;-;-;-;-
11.05.2025 19:00;11.05.2025 20:00;-;-;-;-;-;-;-;-;-;-;-;-;-;-;-;-;-
11.05.2025 20:00;11.05.2025 21:00;-;-;-;-;-;-;-;-;-;-;-;-;-;-;-;-;-
11.05.2025 21:00;11.05.2025 22:00;-;-;-;-;-;-;-;-;-;-;-;-;-;-;-;-;-
11.05.2025 22:00;11.05.2025 23:00;-;-;-;-;-;-;-;-;-;-;-;-;-;-;-;-;-
11.05.2025 23:00;12.05.2025 00:00;-;-;-;-;-;-;-;-;-;-;-;-;-;-;-;-;-
12.05.2025 00:00;12.05.2025 01:00;-;-;-;-;-;-;-;-;-;-;-;-;-;-;-;-;-
12.05.2025 01:00;12.05.2025 02:00;-;-;-;-;-;-;-;-;-;-;-;-;-;-;-;-;-
12.05.2025 02:00;12.05.2025 03:00;-;-;-;-;-;-;-;-;-;-;-;-;-;-;-;-;-
12.05.2025 03:00;12.05.2025 04:00;-;-;-;-;-;-;-;-;-;-;-;-;-;-;-;-;-
12.05.2025 04:00;12.05.2025 05:00;-;-;-;-;-;-;-;-;-;-;-;-;-;-;-;-;-
12.05.2025 05:00;12.05.2025 06:00;-;-;-;-;-;-;-;-;-;-;-;-;-;-;-;-;-
12.05.2025 06:00;12.05.2025 07:00;-;-;-;-;-;-;-;-;-;-;-;-;-;-;-;-;-
12.05.2025 07:00;12.05.2025 08:00;-;-;-;-;-;-;-;-;-;-;-;-;-;-;-;-;-
12.05.2025 08:00;12.05.2025 09:00;-;-;-;-;-;-;-;-;-;-;-;-;-;-;-;-;-
12.05.2025 09:00;12.05.2025 10:00;-;-;-;-;-;-;-;-;-;-;-;-;-;-;-;-;-
12.05.2025 10:00;12.05.2025 11:00;-;-;-;-;-;-;-;-;-;-;-;-;-;-;-;-;-
12.05.2025 11:00;12.05.2025 12:00;-;-;-;-;-;-;-;-;-;-;-;-;-;-;-;-;-
12.05.2025 12:00;12.05.2025 13:00;-;-;-;-;-;-;-;-;-;-;-;-;-;-;-;-;-
12.05.2025 13:00;12.05.2025 14:00;-;-;-;-;-;-;-;-;-;-;-;-;-;-;-;-;-
12.05.2025 14:00;12.05.2025 15:00;-;-;-;-;-;-;-;-;-;-;-;-;-;-;-;-;-
12.05.2025 15:00;12.05.2025 16:00;-;-;-;-;-;-;-;-;-;-;-;-;-;-;-;-;-
12.05.2025 16:00;12.05.2025 17:00;-;-;-;-;-;-;-;-;-;-;-;-;-;-;-;-;-
12.05.2025 17:00;12.05.2025 18:00;-;-;-;-;-;-;-;-;-;-;-;-;-;-;-;-;-
12.05.2025 18:00;12.05.2025 19:00;-;-;-;-;-;-;-;-;-;-;-;-;-;-;-;-;-
12.05.2025 19:00;12.05.2025 20:00;-;-;-;-;-;-;-;-;-;-;-;-;-;-;-;-;-
12.05.2025 20:00;12.05.2025 21:00;-;-;-;-;-;-;-;-;-;-;-;-;-;-;-;-;-
12.05.2025 21:00;12.05.2025 22:00;-;-;-;-;-;-;-;-;-;-;-;-;-;-;-;-;-
12.05.2025 22:00;12.05.2025 23:00;-;-;-;-;-;-;-;-;-;-;-;-;-;-;-;-;-
12.05.2025 23:00;13.05.2025 00:00;-;-;-;-;-;-;-;-;-;-;-;-;-;-;-;-;-
13.05.2025 00:00;13.05.2025 01:00;-;-;-;-;-;-;-;-;-;-;-;-;-;-;-;-;-
13.05.2025 01:00;13.05.2025 02:00;-;-;-;-;-;-;-;-;-;-;-;-;-;-;-;-;-
13.05.2025 02:00;13.05.2025 03:00;-;-;-;-;-;-;-;-;-;-;-;-;-;-;-;-;-
13.05.2025 03:00;13.05.2025 04:00;-;-;-;-;-;-;-;-;-;-;-;-;-;-;-;-;-
13.05.2025 04:00;13.05.2025 05:00;-;-;-;-;-;-;-;-;-;-;-;-;-;-;-;-;-
13.05.2025 05:00;13.05.2025 06:00;-;-;-;-;-;-;-;-;-;-;-;-;-;-;-;-;-
13.05.2025 06:00;13.05.2025 07:00;-;-;-;-;-;-;-;-;-;-;-;-;-;-;-;-;-
13.05.2025 07:00;13.05.2025 08:00;-;-;-;-;-;-;-;-;-;-;-;-;-;-;-;-;-
13.05.2025 08:00;13.05.2025 09:00;-;-;-;-;-;-;-;-;-;-;-;-;-;-;-;-;-
13.05.2025 09:00;13.05.2025 10:00;-;-;-;-;-;-;-;-;-;-;-;-;-;-;-;-;-
13.05.2025 10:00;13.05.2025 11:00;-;-;-;-;-;-;-;-;-;-;-;-;-;-;-;-;-
13.05.2025 11:00;13.05.2025 12:00;-;-;-;-;-;-;-;-;-;-;-;-;-;-;-;-;-
13.05.2025 12:00;13.05.2025 13:00;-;-;-;-;-;-;-;-;-;-;-;-;-;-;-;-;-
13.05.2025 13:00;13.05.2025 14:00;-;-;-;-;-;-;-;-;-;-;-;-;-;-;-;-;-
13.05.2025 14:00;13.05.2025 15:00;-;-;-;-;-;-;-;-;-;-;-;-;-;-;-;-;-
13.05.2025 15:00;13.05.2025 16:00;-;-;-;-;-;-;-;-;-;-;-;-;-;-;-;-;-
13.05.2025 16:00;13.05.2025 17:00;-;-;-;-;-;-;-;-;-;-;-;-;-;-;-;-;-
13.05.2025 17:00;13.05.2025 18:00;-;-;-;-;-;-;-;-;-;-;-;-;-;-;-;-;-
13.05.2025 18:00;13.05.2025 19:00;-;-;-;-;-;-;-;-;-;-;-;-;-;-;-;-;-
13.05.2025 19:00;13.05.2025 20:00;-;-;-;-;-;-;-;-;-;-;-;-;-;-;-;-;-
13.05.2025 20:00;13.05.2025 21:00;-;-;-;-;-;-;-;-;-;-;-;-;-;-;-;-;-
13.05.2025 21:00;13.05.2025 22:00;-;-;-;-;-;-;-;-;-;-;-;-;-;-;-;-;-
13.05.2025 22:00;13.05.2025 23:00;-;-;-;-;-;-;-;-;-;-;-;-;-;-;-;-;-
13.05.2025 23:00;14.05.2025 00:00;-;-;-;-;-;-;-;-;-;-;-;-;-;-;-;-;-
14.05.2025 00:00;14.05.2025 01:00;-;-;-;-;-;-;-;-;-;-;-;-;-;-;-;-;-
14.05.2025 01:00;14.05.2025 02:00;-;-;-;-;-;-;-;-;-;-;-;-;-;-;-;-;-
14.05.2025 02:00;14.05.2025 03:00;-;-;-;-;-;-;-;-;-;-;-;-;-;-;-;-;-
14.05.2025 03:00;14.05.2025 04:00;-;-;-;-;-;-;-;-;-;-;-;-;-;-;-;-;-
14.05.2025 04:00;14.05.2025 05:00;-;-;-;-;-;-;-;-;-;-;-;-;-;-;-;-;-
14.05.2025 05:00;14.05.2025 06:00;-;-;-;-;-;-;-;-;-;-;-;-;-;-;-;-;-
14.05.2025 06:00;14.05.2025 07:00;-;-;-;-;-;-;-;-;-;-;-;-;-;-;-;-;-
14.05.2025 07:00;14.05.2025 08:00;-;-;-;-;-;-;-;-;-;-;-;-;-;-;-;-;-
14.05.2025 08:00;14.05.2025 09:00;-;-;-;-;-;-;-;-;-;-;-;-;-;-;-;-;-
14.05.2025 09:00;14.05.2025 10:00;-;-;-;-;-;-;-;-;-;-;-;-;-;-;-;-;-
14.05.2025 10:00;14.05.2025 11:00;-;-;-;-;-;-;-;-;-;-;-;-;-;-;-;-;-
14.05.2025 11:00;14.05.2025 12:00;-;-;-;-;-;-;-;-;-;-;-;-;-;-;-;-;-
14.05.2025 12:00;14.05.2025 13:00;-;-;-;-;-;-;-;-;-;-;-;-;-;-;-;-;-
14.05.2025 13:00;14.05.2025 14:00;-;-;-;-;-;-;-;-;-;-;-;-;-;-;-;-;-
14.05.2025 14:00;14.05.2025 15:00;-;-;-;-;-;-;-;-;-;-;-;-;-;-;-;-;-
14.05.2025 15:00;14.05.2025 16:00;-;-;-;-;-;-;-;-;-;-;-;-;-;-;-;-;-
14.05.2025 16:00;14.05.2025 17:00;-;-;-;-;-;-;-;-;-;-;-;-;-;-;-;-;-
14.05.2025 17:00;14.05.2025 18:00;-;-;-;-;-;-;-;-;-;-;-;-;-;-;-;-;-
14.05.2025 18:00;14.05.2025 19:00;-;-;-;-;-;-;-;-;-;-;-;-;-;-;-;-;-
14.05.2025 19:00;14.05.2025 20:00;-;-;-;-;-;-;-;-;-;-;-;-;-;-;-;-;-
14.05.2025 20:00;14.05.2025 21:00;-;-;-;-;-;-;-;-;-;-;-;-;-;-;-;-;-
14.05.2025 21:00;14.05.2025 22:00;-;-;-;-;-;-;-;-;-;-;-;-;-;-;-;-;-
14.05.2025 22:00;14.05.2025 23:00;-;-;-;-;-;-;-;-;-;-;-;-;-;-;-;-;-
14.05.2025 23:00;15.05.2025 00:00;-;-;-;-;-;-;-;-;-;-;-;-;-;-;-;-;-
15.05.2025 00:00;15.05.2025 01:00;-;-;-;-;-;-;-;-;-;-;-;-;-;-;-;-;-
15.05.2025 01:00;15.05.2025 02:00;-;-;-;-;-;-;-;-;-;-;-;-;-;-;-;-;-
15.05.2025 02:00;15.05.2025 03:00;-;-;-;-;-;-;-;-;-;-;-;-;-;-;-;-;-
15.05.2025 03:00;15.05.2025 04:00;-;-;-;-;-;-;-;-;-;-;-;-;-;-;-;-;-
15.05.2025 04:00;15.05.2025 05:00;-;-;-;-;-;-;-;-;-;-;-;-;-;-;-;-;-
15.05.2025 05:00;15.05.2025 06:00;-;-;-;-;-;-;-;-;-;-;-;-;-;-;-;-;-
15.05.2025 06:00;15.05.2025 07:00;-;-;-;-;-;-;-;-;-;-;-;-;-;-;-;-;-
15.05.2025 07:00;15.05.2025 08:00;-;-;-;-;-;-;-;-;-;-;-;-;-;-;-;-;-
15.05.2025 08:00;15.05.2025 09:00;-;-;-;-;-;-;-;-;-;-;-;-;-;-;-;-;-
15.05.2025 09:00;15.05.2025 10:00;-;-;-;-;-;-;-;-;-;-;-;-;-;-;-;-;-
15.05.2025 10:00;15.05.2025 11:00;-;-;-;-;-;-;-;-;-;-;-;-;-;-;-;-;-
15.05.2025 11:00;15.05.2025 12:00;-;-;-;-;-;-;-;-;-;-;-;-;-;-;-;-;-
15.05.2025 12:00;15.05.2025 13:00;-;-;-;-;-;-;-;-;-;-;-;-;-;-;-;-;-
15.05.2025 13:00;15.05.2025 14:00;-;-;-;-;-;-;-;-;-;-;-;-;-;-;-;-;-
15.05.2025 14:00;15.05.2025 15:00;-;-;-;-;-;-;-;-;-;-;-;-;-;-;-;-;-
15.05.2025 15:00;15.05.2025 16:00;-;-;-;-;-;-;-;-;-;-;-;-;-;-;-;-;-
15.05.2025 16:00;15.05.2025 17:00;-;-;-;-;-;-;-;-;-;-;-;-;-;-;-;-;-
15.05.2025 17:00;15.05.2025 18:00;-;-;-;-;-;-;-;-;-;-;-;-;-;-;-;-;-
15.05.2025 18:00;15.05.2025 19:00;-;-;-;-;-;-;-;-;-;-;-;-;-;-;-;-;-
15.05.2025 19:00;15.05.2025 20:00;-;-;-;-;-;-;-;-;-;-;-;-;-;-;-;-;-
15.05.2025 20:00;15.05.2025 21:00;-;-;-;-;-;-;-;-;-;-;-;-;-;-;-;-;-
15.05.2025 21:00;15.05.2025 22:00;-;-;-;-;-;-;-;-;-;-;-;-;-;-;-;-;-
15.05.2025 22:00;15.05.2025 23:00;-;-;-;-;-;-;-;-;-;-;-;-;-;-;-;-;-
15.05.2025 23:00;16.05.2025 00:00;-;-;-;-;-;-;-;-;-;-;-;-;-;-;-;-;-
16.05.2025 00:00;16.05.2025 01:00;-;-;-;-;-;-;-;-;-;-;-;-;-;-;-;-;-
16.05.2025 01:00;16.05.2025 02:00;-;-;-;-;-;-;-;-;-;-;-;-;-;-;-;-;-
16.05.2025 02:00;16.05.2025 03:00;-;-;-;-;-;-;-;-;-;-;-;-;-;-;-;-;-
16.05.2025 03:00;16.05.2025 04:00;-;-;-;-;-;-;-;-;-;-;-;-;-;-;-;-;-
16.05.2025 04:00;16.05.2025 05:00;-;-;-;-;-;-;-;-;-;-;-;-;-;-;-;-;-
16.05.2025 05:00;16.05.2025 06:00;-;-;-;-;-;-;-;-;-;-;-;-;-;-;-;-;-
16.05.2025 06:00;16.05.2025 07:00;-;-;-;-;-;-;-;-;-;-;-;-;-;-;-;-;-
16.05.2025 07:00;16.05.2025 08:00;-;-;-;-;-;-;-;-;-;-;-;-;-;-;-;-;-
16.05.2025 08:00;16.05.2025 09:00;-;-;-;-;-;-;-;-;-;-;-;-;-;-;-;-;-
16.05.2025 09:00;16.05.2025 10:00;-;-;-;-;-;-;-;-;-;-;-;-;-;-;-;-;-
16.05.2025 10:00;16.05.2025 11:00;-;-;-;-;-;-;-;-;-;-;-;-;-;-;-;-;-
16.05.2025 11:00;16.05.2025 12:00;-;-;-;-;-;-;-;-;-;-;-;-;-;-;-;-;-
16.05.2025 12:00;16.05.2025 13:00;-;-;-;-;-;-;-;-;-;-;-;-;-;-;-;-;-
16.05.2025 13:00;16.05.2025 14:00;-;-;-;-;-;-;-;-;-;-;-;-;-;-;-;-;-
16.05.2025 14:00;16.05.2025 15:00;-;-;-;-;-;-;-;-;-;-;-;-;-;-;-;-;-
16.05.2025 15:00;16.05.2025 16:00;-;-;-;-;-;-;-;-;-;-;-;-;-;-;-;-;-
16.05.2025 16:00;16.05.2025 17:00;-;-;-;-;-;-;-;-;-;-;-;-;-;-;-;-;-
16.05.2025 17:00;16.05.2025 18:00;-;-;-;-;-;-;-;-;-;-;-;-;-;-;-;-;-
16.05.2025 18:00;16.05.2025 19:00;-;-;-;-;-;-;-;-;-;-;-;-;-;-;-;-;-
16.05.2025 19:00;16.05.2025 20:00;-;-;-;-;-;-;-;-;-;-;-;-;-;-;-;-;-
16.05.2025 20:00;16.05.2025 21:00;-;-;-;-;-;-;-;-;-;-;-;-;-;-;-;-;-
16.05.2025 21:00;16.05.2025 22:00;-;-;-;-;-;-;-;-;-;-;-;-;-;-;-;-;-
16.05.2025 22:00;16.05.2025 23:00;-;-;-;-;-;-;-;-;-;-;-;-;-;-;-;-;-
16.05.2025 23:00;17.05.2025 00:00;-;-;-;-;-;-;-;-;-;-;-;-;-;-;-;-;-
17.05.2025 00:00;17.05.2025 01:00;-;-;-;-;-;-;-;-;-;-;-;-;-;-;-;-;-
17.05.2025 01:00;17.05.2025 02:00;-;-;-;-;-;-;-;-;-;-;-;-;-;-;-;-;-
17.05.2025 02:00;17.05.2025 03:00;-;-;-;-;-;-;-;-;-;-;-;-;-;-;-;-;-
17.05.2025 03:00;17.05.2025 04:00;-;-;-;-;-;-;-;-;-;-;-;-;-;-;-;-;-
17.05.2025 04:00;17.05.2025 05:00;-;-;-;-;-;-;-;-;-;-;-;-;-;-;-;-;-
17.05.2025 05:00;17.05.2025 06:00;-;-;-;-;-;-;-;-;-;-;-;-;-;-;-;-;-
17.05.2025 06:00;17.05.2025 07:00;-;-;-;-;-;-;-;-;-;-;-;-;-;-;-;-;-
17.05.2025 07:00;17.05.2025 08:00;-;-;-;-;-;-;-;-;-;-;-;-;-;-;-;-;-
17.05.2025 08:00;17.05.2025 09:00;-;-;-;-;-;-;-;-;-;-;-;-;-;-;-;-;-
17.05.2025 09:00;17.05.2025 10:00;-;-;-;-;-;-;-;-;-;-;-;-;-;-;-;-;-
17.05.2025 10:00;17.05.2025 11:00;-;-;-;-;-;-;-;-;-;-;-;-;-;-;-;-;-
17.05.2025 11:00;17.05.2025 12:00;-;-;-;-;-;-;-;-;-;-;-;-;-;-;-;-;-
17.05.2025 12:00;17.05.2025 13:00;-;-;-;-;-;-;-;-;-;-;-;-;-;-;-;-;-
17.05.2025 13:00;17.05.2025 14:00;-;-;-;-;-;-;-;-;-;-;-;-;-;-;-;-;-
17.05.2025 14:00;17.05.2025 15:00;-;-;-;-;-;-;-;-;-;-;-;-;-;-;-;-;-
17.05.2025 15:00;17.05.2025 16:00;-;-;-;-;-;-;-;-;-;-;-;-;-;-;-;-;-
17.05.2025 16:00;17.05.2025 17:00;-;-;-;-;-;-;-;-;-;-;-;-;-;-;-;-;-
17.05.2025 17:00;17.05.2025 18:00;-;-;-;-;-;-;-;-;-;-;-;-;-;-;-;-;-
17.05.2025 18:00;17.05.2025 19:00;-;-;-;-;-;-;-;-;-;-;-;-;-;-;-;-;-
17.05.2025 19:00;17.05.2025 20:00;-;-;-;-;-;-;-;-;-;-;-;-;-;-;-;-;-
17.05.2025 20:00;17.05.2025 21:00;-;-;-;-;-;-;-;-;-;-;-;-;-;-;-;-;-
17.05.2025 21:00;17.05.2025 22:00;-;-;-;-;-;-;-;-;-;-;-;-;-;-;-;-;-
17.05.2025 22:00;17.05.2025 23:00;-;-;-;-;-;-;-;-;-;-;-;-;-;-;-;-;-
17.05.2025 23:00;18.05.2025 00:00;-;-;-;-;-;-;-;-;-;-;-;-;-;-;-;-;-
18.05.2025 00:00;18.05.2025 01:00;-;-;-;-;-;-;-;-;-;-;-;-;-;-;-;-;-
18.05.2025 01:00;18.05.2025 02:00;-;-;-;-;-;-;-;-;-;-;-;-;-;-;-;-;-
18.05.2025 02:00;18.05.2025 03:00;-;-;-;-;-;-;-;-;-;-;-;-;-;-;-;-;-
18.05.2025 03:00;18.05.2025 04:00;-;-;-;-;-;-;-;-;-;-;-;-;-;-;-;-;-
18.05.2025 04:00;18.05.2025 05:00;-;-;-;-;-;-;-;-;-;-;-;-;-;-;-;-;-
18.05.2025 05:00;18.05.2025 06:00;-;-;-;-;-;-;-;-;-;-;-;-;-;-;-;-;-
18.05.2025 06:00;18.05.2025 07:00;-;-;-;-;-;-;-;-;-;-;-;-;-;-;-;-;-
18.05.2025 07:00;18.05.2025 08:00;-;-;-;-;-;-;-;-;-;-;-;-;-;-;-;-;-
18.05.2025 08:00;18.05.2025 09:00;-;-;-;-;-;-;-;-;-;-;-;-;-;-;-;-;-
18.05.2025 09:00;18.05.2025 10:00;-;-;-;-;-;-;-;-;-;-;-;-;-;-;-;-;-
18.05.2025 10:00;18.05.2025 11:00;-;-;-;-;-;-;-;-;-;-;-;-;-;-;-;-;-
18.05.2025 11:00;18.05.2025 12:00;-;-;-;-;-;-;-;-;-;-;-;-;-;-;-;-;-
18.05.2025 12:00;18.05.2025 13:00;-;-;-;-;-;-;-;-;-;-;-;-;-;-;-;-;-
18.05.2025 13:00;18.05.2025 14:00;-;-;-;-;-;-;-;-;-;-;-;-;-;-;-;-;-
18.05.2025 14:00;18.05.2025 15:00;-;-;-;-;-;-;-;-;-;-;-;-;-;-;-;-;-
18.05.2025 15:00;18.05.2025 16:00;-;-;-;-;-;-;-;-;-;-;-;-;-;-;-;-;-
18.05.2025 16:00;18.05.2025 17:00;-;-;-;-;-;-;-;-;-;-;-;-;-;-;-;-;-
18.05.2025 17:00;18.05.2025 18:00;-;-;-;-;-;-;-;-;-;-;-;-;-;-;-;-;-
18.05.2025 18:00;18.05.2025 19:00;-;-;-;-;-;-;-;-;-;-;-;-;-;-;-;-;-
18.05.2025 19:00;18.05.2025 20:00;-;-;-;-;-;-;-;-;-;-;-;-;-;-;-;-;-
18.05.2025 20:00;18.05.2025 21:00;-;-;-;-;-;-;-;-;-;-;-;-;-;-;-;-;-
18.05.2025 21:00;18.05.2025 22:00;-;-;-;-;-;-;-;-;-;-;-;-;-;-;-;-;-
18.05.2025 22:00;18.05.2025 23:00;-;-;-;-;-;-;-;-;-;-;-;-;-;-;-;-;-
18.05.2025 23:00;19.05.2025 00:00;-;-;-;-;-;-;-;-;-;-;-;-;-;-;-;-;-
19.05.2025 00:00;19.05.2025 01:00;-;-;-;-;-;-;-;-;-;-;-;-;-;-;-;-;-
19.05.2025 01:00;19.05.2025 02:00;-;-;-;-;-;-;-;-;-;-;-;-;-;-;-;-;-
19.05.2025 02:00;19.05.2025 03:00;-;-;-;-;-;-;-;-;-;-;-;-;-;-;-;-;-
19.05.2025 03:00;19.05.2025 04:00;-;-;-;-;-;-;-;-;-;-;-;-;-;-;-;-;-
19.05.2025 04:00;19.05.2025 05:00;-;-;-;-;-;-;-;-;-;-;-;-;-;-;-;-;-
19.05.2025 05:00;19.05.2025 06:00;-;-;-;-;-;-;-;-;-;-;-;-;-;-;-;-;-
19.05.2025 06:00;19.05.2025 07:00;-;-;-;-;-;-;-;-;-;-;-;-;-;-;-;-;-
19.05.2025 07:00;19.05.2025 08:00;-;-;-;-;-;-;-;-;-;-;-;-;-;-;-;-;-
19.05.2025 08:00;19.05.2025 09:00;-;-;-;-;-;-;-;-;-;-;-;-;-;-;-;-;-
19.05.2025 09:00;19.05.2025 10:00;-;-;-;-;-;-;-;-;-;-;-;-;-;-;-;-;-
19.05.2025 10:00;19.05.2025 11:00;-;-;-;-;-;-;-;-;-;-;-;-;-;-;-;-;-
19.05.2025 11:00;19.05.2025 12:00;-;-;-;-;-;-;-;-;-;-;-;-;-;-;-;-;-
19.05.2025 12:00;19.05.2025 13:00;-;-;-;-;-;-;-;-;-;-;-;-;-;-;-;-;-
19.05.2025 13:00;19.05.2025 14:00;-;-;-;-;-;-;-;-;-;-;-;-;-;-;-;-;-
19.05.2025 14:00;19.05.2025 15:00;-;-;-;-;-;-;-;-;-;-;-;-;-;-;-;-;-
19.05.2025 15:00;19.05.2025 16:00;-;-;-;-;-;-;-;-;-;-;-;-;-;-;-;-;-
19.05.2025 16:00;19.05.2025 17:00;-;-;-;-;-;-;-;-;-;-;-;-;-;-;-;-;-
19.05.2025 17:00;19.05.2025 18:00;-;-;-;-;-;-;-;-;-;-;-;-;-;-;-;-;-
19.05.2025 18:00;19.05.2025 19:00;-;-;-;-;-;-;-;-;-;-;-;-;-;-;-;-;-
19.05.2025 19:00;19.05.2025 20:00;-;-;-;-;-;-;-;-;-;-;-;-;-;-;-;-;-
19.05.2025 20:00;19.05.2025 21:00;-;-;-;-;-;-;-;-;-;-;-;-;-;-;-;-;-
19.05.2025 21:00;19.05.2025 22:00;-;-;-;-;-;-;-;-;-;-;-;-;-;-;-;-;-
19.05.2025 22:00;19.05.2025 23:00;-;-;-;-;-;-;-;-;-;-;-;-;-;-;-;-;-
19.05.2025 23:00;20.05.2025 00:00;-;-;-;-;-;-;-;-;-;-;-;-;-;-;-;-;-
20.05.2025 00:00;20.05.2025 01:00;-;-;-;-;-;-;-;-;-;-;-;-;-;-;-;-;-
20.05.2025 01:00;20.05.2025 02:00;-;-;-;-;-;-;-;-;-;-;-;-;-;-;-;-;-
20.05.2025 02:00;20.05.2025 03:00;-;-;-;-;-;-;-;-;-;-;-;-;-;-;-;-;-
20.05.2025 03:00;20.05.2025 04:00;-;-;-;-;-;-;-;-;-;-;-;-;-;-;-;-;-
20.05.2025 04:00;20.05.2025 05:00;-;-;-;-;-;-;-;-;-;-;-;-;-;-;-;-;-
20.05.2025 05:00;20.05.2025 06:00;-;-;-;-;-;-;-;-;-;-;-;-;-;-;-;-;-
20.05.2025 06:00;20.05.2025 07:00;-;-;-;-;-;-;-;-;-;-;-;-;-;-;-;-;-
20.05.2025 07:00;20.05.2025 08:00;-;-;-;-;-;-;-;-;-;-;-;-;-;-;-;-;-
20.05.2025 08:00;20.05.2025 09:00;-;-;-;-;-;-;-;-;-;-;-;-;-;-;-;-;-
20.05.2025 09:00;20.05.2025 10:00;-;-;-;-;-;-;-;-;-;-;-;-;-;-;-;-;-
20.05.2025 10:00;20.05.2025 11:00;-;-;-;-;-;-;-;-;-;-;-;-;-;-;-;-;-
20.05.2025 11:00;20.05.2025 12:00;-;-;-;-;-;-;-;-;-;-;-;-;-;-;-;-;-
20.05.2025 12:00;20.05.2025 13:00;-;-;-;-;-;-;-;-;-;-;-;-;-;-;-;-;-
20.05.2025 13:00;20.05.2025 14:00;-;-;-;-;-;-;-;-;-;-;-;-;-;-;-;-;-
20.05.2025 14:00;20.05.2025 15:00;-;-;-;-;-;-;-;-;-;-;-;-;-;-;-;-;-
20.05.2025 15:00;20.05.2025 16:00;-;-;-;-;-;-;-;-;-;-;-;-;-;-;-;-;-
20.05.2025 16:00;20.05.2025 17:00;-;-;-;-;-;-;-;-;-;-;-;-;-;-;-;-;-
20.05.2025 17:00;20.05.2025 18:00;-;-;-;-;-;-;-;-;-;-;-;-;-;-;-;-;-
20.05.2025 18:00;20.05.2025 19:00;-;-;-;-;-;-;-;-;-;-;-;-;-;-;-;-;-
20.05.2025 19:00;20.05.2025 20:00;-;-;-;-;-;-;-;-;-;-;-;-;-;-;-;-;-
20.05.2025 20:00;20.05.2025 21:00;-;-;-;-;-;-;-;-;-;-;-;-;-;-;-;-;-
20.05.2025 21:00;20.05.2025 22:00;-;-;-;-;-;-;-;-;-;-;-;-;-;-;-;-;-
20.05.2025 22:00;20.05.2025 23:00;-;-;-;-;-;-;-;-;-;-;-;-;-;-;-;-;-
20.05.2025 23:00;21.05.2025 00:00;-;-;-;-;-;-;-;-;-;-;-;-;-;-;-;-;-
21.05.2025 00:00;21.05.2025 01:00;-;-;-;-;-;-;-;-;-;-;-;-;-;-;-;-;-
21.05.2025 01:00;21.05.2025 02:00;-;-;-;-;-;-;-;-;-;-;-;-;-;-;-;-;-
21.05.2025 02:00;21.05.2025 03:00;-;-;-;-;-;-;-;-;-;-;-;-;-;-;-;-;-
21.05.2025 03:00;21.05.2025 04:00;-;-;-;-;-;-;-;-;-;-;-;-;-;-;-;-;-
21.05.2025 04:00;21.05.2025 05:00;-;-;-;-;-;-;-;-;-;-;-;-;-;-;-;-;-
21.05.2025 05:00;21.05.2025 06:00;-;-;-;-;-;-;-;-;-;-;-;-;-;-;-;-;-
21.05.2025 06:00;21.05.2025 07:00;-;-;-;-;-;-;-;-;-;-;-;-;-;-;-;-;-
21.05.2025 07:00;21.05.2025 08:00;-;-;-;-;-;-;-;-;-;-;-;-;-;-;-;-;-
21.05.2025 08:00;21.05.2025 09:00;-;-;-;-;-;-;-;-;-;-;-;-;-;-;-;-;-
21.05.2025 09:00;21.05.2025 10:00;-;-;-;-;-;-;-;-;-;-;-;-;-;-;-;-;-
21.05.2025 10:00;21.05.2025 11:00;-;-;-;-;-;-;-;-;-;-;-;-;-;-;-;-;-
21.05.2025 11:00;21.05.2025 12:00;-;-;-;-;-;-;-;-;-;-;-;-;-;-;-;-;-
21.05.2025 12:00;21.05.2025 13:00;-;-;-;-;-;-;-;-;-;-;-;-;-;-;-;-;-
21.05.2025 13:00;21.05.2025 14:00;-;-;-;-;-;-;-;-;-;-;-;-;-;-;-;-;-
21.05.2025 14:00;21.05.2025 15:00;-;-;-;-;-;-;-;-;-;-;-;-;-;-;-;-;-
21.05.2025 15:00;21.05.2025 16:00;-;-;-;-;-;-;-;-;-;-;-;-;-;-;-;-;-
21.05.2025 16:00;21.05.2025 17:00;-;-;-;-;-;-;-;-;-;-;-;-;-;-;-;-;-
21.05.2025 17:00;21.05.2025 18:00;-;-;-;-;-;-;-;-;-;-;-;-;-;-;-;-;-
21.05.2025 18:00;21.05.2025 19:00;-;-;-;-;-;-;-;-;-;-;-;-;-;-;-;-;-
21.05.2025 19:00;21.05.2025 20:00;-;-;-;-;-;-;-;-;-;-;-;-;-;-;-;-;-
21.05.2025 20:00;21.05.2025 21:00;-;-;-;-;-;-;-;-;-;-;-;-;-;-;-;-;-
21.05.2025 21:00;21.05.2025 22:00;-;-;-;-;-;-;-;-;-;-;-;-;-;-;-;-;-
21.05.2025 22:00;21.05.2025 23:00;-;-;-;-;-;-;-;-;-;-;-;-;-;-;-;-;-
21.05.2025 23:00;22.05.2025 00:00;-;-;-;-;-;-;-;-;-;-;-;-;-;-;-;-;-
22.05.2025 00:00;22.05.2025 01:00;-;-;-;-;-;-;-;-;-;-;-;-;-;-;-;-;-
22.05.2025 01:00;22.05.2025 02:00;-;-;-;-;-;-;-;-;-;-;-;-;-;-;-;-;-
22.05.2025 02:00;22.05.2025 03:00;-;-;-;-;-;-;-;-;-;-;-;-;-;-;-;-;-
22.05.2025 03:00;22.05.2025 04:00;-;-;-;-;-;-;-;-;-;-;-;-;-;-;-;-;-
22.05.2025 04:00;22.05.2025 05:00;-;-;-;-;-;-;-;-;-;-;-;-;-;-;-;-;-
22.05.2025 05:00;22.05.2025 06:00;-;-;-;-;-;-;-;-;-;-;-;-;-;-;-;-;-
22.05.2025 06:00;22.05.2025 07:00;-;-;-;-;-;-;-;-;-;-;-;-;-;-;-;-;-
22.05.2025 07:00;22.05.2025 08:00;-;-;-;-;-;-;-;-;-;-;-;-;-;-;-;-;-
22.05.2025 08:00;22.05.2025 09:00;-;-;-;-;-;-;-;-;-;-;-;-;-;-;-;-;-
22.05.2025 09:00;22.05.2025 10:00;-;-;-;-;-;-;-;-;-;-;-;-;-;-;-;-;-
22.05.2025 10:00;22.05.2025 11:00;-;-;-;-;-;-;-;-;-;-;-;-;-;-;-;-;-
22.05.2025 11:00;22.05.2025 12:00;-;-;-;-;-;-;-;-;-;-;-;-;-;-;-;-;-
22.05.2025 12:00;22.05.2025 13:00;-;-;-;-;-;-;-;-;-;-;-;-;-;-;-;-;-
22.05.2025 13:00;22.05.2025 14:00;-;-;-;-;-;-;-;-;-;-;-;-;-;-;-;-;-
22.05.2025 14:00;22.05.2025 15:00;-;-;-;-;-;-;-;-;-;-;-;-;-;-;-;-;-
22.05.2025 15:00;22.05.2025 16:00;-;-;-;-;-;-;-;-;-;-;-;-;-;-;-;-;-
22.05.2025 16:00;22.05.2025 17:00;-;-;-;-;-;-;-;-;-;-;-;-;-;-;-;-;-
22.05.2025 17:00;22.05.2025 18:00;-;-;-;-;-;-;-;-;-;-;-;-;-;-;-;-;-
22.05.2025 18:00;22.05.2025 19:00;-;-;-;-;-;-;-;-;-;-;-;-;-;-;-;-;-
22.05.2025 19:00;22.05.2025 20:00;-;-;-;-;-;-;-;-;-;-;-;-;-;-;-;-;-
22.05.2025 20:00;22.05.2025 21:00;-;-;-;-;-;-;-;-;-;-;-;-;-;-;-;-;-
22.05.2025 21:00;22.05.2025 22:00;-;-;-;-;-;-;-;-;-;-;-;-;-;-;-;-;-
22.05.2025 22:00;22.05.2025 23:00;-;-;-;-;-;-;-;-;-;-;-;-;-;-;-;-;-
22.05.2025 23:00;23.05.2025 00:00;-;-;-;-;-;-;-;-;-;-;-;-;-;-;-;-;-
23.05.2025 00:00;23.05.2025 01:00;-;-;-;-;-;-;-;-;-;-;-;-;-;-;-;-;-
23.05.2025 01:00;23.05.2025 02:00;-;-;-;-;-;-;-;-;-;-;-;-;-;-;-;-;-
23.05.2025 02:00;23.05.2025 03:00;-;-;-;-;-;-;-;-;-;-;-;-;-;-;-;-;-
23.05.2025 03:00;23.05.2025 04:00;-;-;-;-;-;-;-;-;-;-;-;-;-;-;-;-;-
23.05.2025 04:00;23.05.2025 05:00;-;-;-;-;-;-;-;-;-;-;-;-;-;-;-;-;-
23.05.2025 05:00;23.05.2025 06:00;-;-;-;-;-;-;-;-;-;-;-;-;-;-;-;-;-
23.05.2025 06:00;23.05.2025 07:00;-;-;-;-;-;-;-;-;-;-;-;-;-;-;-;-;-
23.05.2025 07:00;23.05.2025 08:00;-;-;-;-;-;-;-;-;-;-;-;-;-;-;-;-;-
23.05.2025 08:00;23.05.2025 09:00;-;-;-;-;-;-;-;-;-;-;-;-;-;-;-;-;-
23.05.2025 09:00;23.05.2025 10:00;-;-;-;-;-;-;-;-;-;-;-;-;-;-;-;-;-
23.05.2025 10:00;23.05.2025 11:00;-;-;-;-;-;-;-;-;-;-;-;-;-;-;-;-;-
23.05.2025 11:00;23.05.2025 12:00;-;-;-;-;-;-;-;-;-;-;-;-;-;-;-;-;-
23.05.2025 12:00;23.05.2025 13:00;-;-;-;-;-;-;-;-;-;-;-;-;-;-;-;-;-
23.05.2025 13:00;23.05.2025 14:00;-;-;-;-;-;-;-;-;-;-;-;-;-;-;-;-;-
23.05.2025 14:00;23.05.2025 15:00;-;-;-;-;-;-;-;-;-;-;-;-;-;-;-;-;-
23.05.2025 15:00;23.05.2025 16:00;-;-;-;-;-;-;-;-;-;-;-;-;-;-;-;-;-
23.05.2025 16:00;23.05.2025 17:00;-;-;-;-;-;-;-;-;-;-;-;-;-;-;-;-;-
23.05.2025 17:00;23.05.2025 18:00;-;-;-;-;-;-;-;-;-;-;-;-;-;-;-;-;-
23.05.2025 18:00;23.05.2025 19:00;-;-;-;-;-;-;-;-;-;-;-;-;-;-;-;-;-
23.05.2025 19:00;23.05.2025 20:00;-;-;-;-;-;-;-;-;-;-;-;-;-;-;-;-;-
23.05.2025 20:00;23.05.2025 21:00;-;-;-;-;-;-;-;-;-;-;-;-;-;-;-;-;-
23.05.2025 21:00;23.05.2025 22:00;-;-;-;-;-;-;-;-;-;-;-;-;-;-;-;-;-
23.05.2025 22:00;23.05.2025 23:00;-;-;-;-;-;-;-;-;-;-;-;-;-;-;-;-;-
23.05.2025 23:00;24.05.2025 00:00;-;-;-;-;-;-;-;-;-;-;-;-;-;-;-;-;-
24.05.2025 00:00;24.05.2025 01:00;-;-;-;-;-;-;-;-;-;-;-;-;-;-;-;-;-
24.05.2025 01:00;24.05.2025 02:00;-;-;-;-;-;-;-;-;-;-;-;-;-;-;-;-;-
24.05.2025 02:00;24.05.2025 03:00;-;-;-;-;-;-;-;-;-;-;-;-;-;-;-;-;-
24.05.2025 03:00;24.05.2025 04:00;-;-;-;-;-;-;-;-;-;-;-;-;-;-;-;-;-
24.05.2025 04:00;24.05.2025 05:00;-;-;-;-;-;-;-;-;-;-;-;-;-;-;-;-;-
24.05.2025 05:00;24.05.2025 06:00;-;-;-;-;-;-;-;-;-;-;-;-;-;-;-;-;-
24.05.2025 06:00;24.05.2025 07:00;-;-;-;-;-;-;-;-;-;-;-;-;-;-;-;-;-
24.05.2025 07:00;24.05.2025 08:00;-;-;-;-;-;-;-;-;-;-;-;-;-;-;-;-;-
24.05.2025 08:00;24.05.2025 09:00;-;-;-;-;-;-;-;-;-;-;-;-;-;-;-;-;-
24.05.2025 09:00;24.05.2025 10:00;-;-;-;-;-;-;-;-;-;-;-;-;-;-;-;-;-
24.05.2025 10:00;24.05.2025 11:00;-;-;-;-;-;-;-;-;-;-;-;-;-;-;-;-;-
24.05.2025 11:00;24.05.2025 12:00;-;-;-;-;-;-;-;-;-;-;-;-;-;-;-;-;-
24.05.2025 12:00;24.05.2025 13:00;-;-;-;-;-;-;-;-;-;-;-;-;-;-;-;-;-
24.05.2025 13:00;24.05.2025 14:00;-;-;-;-;-;-;-;-;-;-;-;-;-;-;-;-;-
24.05.2025 14:00;24.05.2025 15:00;-;-;-;-;-;-;-;-;-;-;-;-;-;-;-;-;-
24.05.2025 15:00;24.05.2025 16:00;-;-;-;-;-;-;-;-;-;-;-;-;-;-;-;-;-
24.05.2025 16:00;24.05.2025 17:00;-;-;-;-;-;-;-;-;-;-;-;-;-;-;-;-;-
24.05.2025 17:00;24.05.2025 18:00;-;-;-;-;-;-;-;-;-;-;-;-;-;-;-;-;-
24.05.2025 18:00;24.05.2025 19:00;-;-;-;-;-;-;-;-;-;-;-;-;-;-;-;-;-
24.05.2025 19:00;24.05.2025 20:00;-;-;-;-;-;-;-;-;-;-;-;-;-;-;-;-;-
24.05.2025 20:00;24.05.2025 21:00;-;-;-;-;-;-;-;-;-;-;-;-;-;-;-;-;-
24.05.2025 21:00;24.05.2025 22:00;-;-;-;-;-;-;-;-;-;-;-;-;-;-;-;-;-
24.05.2025 22:00;24.05.2025 23:00;-;-;-;-;-;-;-;-;-;-;-;-;-;-;-;-;-
24.05.2025 23:00;25.05.2025 00:00;-;-;-;-;-;-;-;-;-;-;-;-;-;-;-;-;-
25.05.2025 00:00;25.05.2025 01:00;-;-;-;-;-;-;-;-;-;-;-;-;-;-;-;-;-
25.05.2025 01:00;25.05.2025 02:00;-;-;-;-;-;-;-;-;-;-;-;-;-;-;-;-;-
25.05.2025 02:00;25.05.2025 03:00;-;-;-;-;-;-;-;-;-;-;-;-;-;-;-;-;-
25.05.2025 03:00;25.05.2025 04:00;-;-;-;-;-;-;-;-;-;-;-;-;-;-;-;-;-
25.05.2025 04:00;25.05.2025 05:00;-;-;-;-;-;-;-;-;-;-;-;-;-;-;-;-;-
25.05.2025 05:00;25.05.2025 06:00;-;-;-;-;-;-;-;-;-;-;-;-;-;-;-;-;-
25.05.2025 06:00;25.05.2025 07:00;-;-;-;-;-;-;-;-;-;-;-;-;-;-;-;-;-
25.05.2025 07:00;25.05.2025 08:00;-;-;-;-;-;-;-;-;-;-;-;-;-;-;-;-;-
25.05.2025 08:00;25.05.2025 09:00;-;-;-;-;-;-;-;-;-;-;-;-;-;-;-;-;-
25.05.2025 09:00;25.05.2025 10:00;-;-;-;-;-;-;-;-;-;-;-;-;-;-;-;-;-
25.05.2025 10:00;25.05.2025 11:00;-;-;-;-;-;-;-;-;-;-;-;-;-;-;-;-;-
25.05.2025 11:00;25.05.2025 12:00;-;-;-;-;-;-;-;-;-;-;-;-;-;-;-;-;-
25.05.2025 12:00;25.05.2025 13:00;-;-;-;-;-;-;-;-;-;-;-;-;-;-;-;-;-
25.05.2025 13:00;25.05.2025 14:00;-;-;-;-;-;-;-;-;-;-;-;-;-;-;-;-;-
25.05.2025 14:00;25.05.2025 15:00;-;-;-;-;-;-;-;-;-;-;-;-;-;-;-;-;-
25.05.2025 15:00;25.05.2025 16:00;-;-;-;-;-;-;-;-;-;-;-;-;-;-;-;-;-
25.05.2025 16:00;25.05.2025 17:00;-;-;-;-;-;-;-;-;-;-;-;-;-;-;-;-;-
25.05.2025 17:00;25.05.2025 18:00;-;-;-;-;-;-;-;-;-;-;-;-;-;-;-;-;-
25.05.2025 18:00;25.05.2025 19:00;-;-;-;-;-;-;-;-;-;-;-;-;-;-;-;-;-
25.05.2025 19:00;25.05.2025 20:00;-;-;-;-;-;-;-;-;-;-;-;-;-;-;-;-;-
25.05.2025 20:00;25.05.2025 21:00;-;-;-;-;-;-;-;-;-;-;-;-;-;-;-;-;-
25.05.2025 21:00;25.05.2025 22:00;-;-;-;-;-;-;-;-;-;-;-;-;-;-;-;-;-
25.05.2025 22:00;25.05.2025 23:00;-;-;-;-;-;-;-;-;-;-;-;-;-;-;-;-;-
25.05.2025 23:00;26.05.2025 00:00;-;-;-;-;-;-;-;-;-;-;-;-;-;-;-;-;-
26.05.2025 00:00;26.05.2025 01:00;-;-;-;-;-;-;-;-;-;-;-;-;-;-;-;-;-
26.05.2025 01:00;26.05.2025 02:00;-;-;-;-;-;-;-;-;-;-;-;-;-;-;-;-;-
26.05.2025 02:00;26.05.2025 03:00;-;-;-;-;-;-;-;-;-;-;-;-;-;-;-;-;-
26.05.2025 03:00;26.05.2025 04:00;-;-;-;-;-;-;-;-;-;-;-;-;-;-;-;-;-
26.05.2025 04:00;26.05.2025 05:00;-;-;-;-;-;-;-;-;-;-;-;-;-;-;-;-;-
26.05.2025 05:00;26.05.2025 06:00;-;-;-;-;-;-;-;-;-;-;-;-;-;-;-;-;-
26.05.2025 06:00;26.05.2025 07:00;-;-;-;-;-;-;-;-;-;-;-;-;-;-;-;-;-
26.05.2025 07:00;26.05.2025 08:00;-;-;-;-;-;-;-;-;-;-;-;-;-;-;-;-;-
26.05.2025 08:00;26.05.2025 09:00;-;-;-;-;-;-;-;-;-;-;-;-;-;-;-;-;-
26.05.2025 09:00;26.05.2025 10:00;-;-;-;-;-;-;-;-;-;-;-;-;-;-;-;-;-
26.05.2025 10:00;26.05.2025 11:00;-;-;-;-;-;-;-;-;-;-;-;-;-;-;-;-;-
26.05.2025 11:00;26.05.2025 12:00;-;-;-;-;-;-;-;-;-;-;-;-;-;-;-;-;-
26.05.2025 12:00;26.05.2025 13:00;-;-;-;-;-;-;-;-;-;-;-;-;-;-;-;-;-
26.05.2025 13:00;26.05.2025 14:00;-;-;-;-;-;-;-;-;-;-;-;-;-;-;-;-;-
26.05.2025 14:00;26.05.2025 15:00;-;-;-;-;-;-;-;-;-;-;-;-;-;-;-;-;-
26.05.2025 15:00;26.05.2025 16:00;-;-;-;-;-;-;-;-;-;-;-;-;-;-;-;-;-
26.05.2025 16:00;26.05.2025 17:00;-;-;-;-;-;-;-;-;-;-;-;-;-;-;-;-;-
26.05.2025 17:00;26.05.2025 18:00;-;-;-;-;-;-;-;-;-;-;-;-;-;-;-;-;-
26.05.2025 18:00;26.05.2025 19:00;-;-;-;-;-;-;-;-;-;-;-;-;-;-;-;-;-
26.05.2025 19:00;26.05.2025 20:00;-;-;-;-;-;-;-;-;-;-;-;-;-;-;-;-;-
26.05.2025 20:00;26.05.2025 21:00;-;-;-;-;-;-;-;-;-;-;-;-;-;-;-;-;-
26.05.2025 21:00;26.05.2025 22:00;-;-;-;-;-;-;-;-;-;-;-;-;-;-;-;-;-
26.05.2025 22:00;26.05.2025 23:00;-;-;-;-;-;-;-;-;-;-;-;-;-;-;-;-;-
26.05.2025 23:00;27.05.2025 00:00;-;-;-;-;-;-;-;-;-;-;-;-;-;-;-;-;-
27.05.2025 00:00;27.05.2025 01:00;-;-;-;-;-;-;-;-;-;-;-;-;-;-;-;-;-
27.05.2025 01:00;27.05.2025 02:00;-;-;-;-;-;-;-;-;-;-;-;-;-;-;-;-;-
27.05.2025 02:00;27.05.2025 03:00;-;-;-;-;-;-;-;-;-;-;-;-;-;-;-;-;-
27.05.2025 03:00;27.05.2025 04:00;-;-;-;-;-;-;-;-;-;-;-;-;-;-;-;-;-
27.05.2025 04:00;27.05.2025 05:00;-;-;-;-;-;-;-;-;-;-;-;-;-;-;-;-;-
27.05.2025 05:00;27.05.2025 06:00;-;-;-;-;-;-;-;-;-;-;-;-;-;-;-;-;-
27.05.2025 06:00;27.05.2025 07:00;-;-;-;-;-;-;-;-;-;-;-;-;-;-;-;-;-
27.05.2025 07:00;27.05.2025 08:00;-;-;-;-;-;-;-;-;-;-;-;-;-;-;-;-;-
27.05.2025 08:00;27.05.2025 09:00;-;-;-;-;-;-;-;-;-;-;-;-;-;-;-;-;-
27.05.2025 09:00;27.05.2025 10:00;-;-;-;-;-;-;-;-;-;-;-;-;-;-;-;-;-
27.05.2025 10:00;27.05.2025 11:00;-;-;-;-;-;-;-;-;-;-;-;-;-;-;-;-;-
27.05.2025 11:00;27.05.2025 12:00;-;-;-;-;-;-;-;-;-;-;-;-;-;-;-;-;-
27.05.2025 12:00;27.05.2025 13:00;-;-;-;-;-;-;-;-;-;-;-;-;-;-;-;-;-
27.05.2025 13:00;27.05.2025 14:00;-;-;-;-;-;-;-;-;-;-;-;-;-;-;-;-;-
27.05.2025 14:00;27.05.2025 15:00;-;-;-;-;-;-;-;-;-;-;-;-;-;-;-;-;-
27.05.2025 15:00;27.05.2025 16:00;-;-;-;-;-;-;-;-;-;-;-;-;-;-;-;-;-
27.05.2025 16:00;27.05.2025 17:00;-;-;-;-;-;-;-;-;-;-;-;-;-;-;-;-;-
27.05.2025 17:00;27.05.2025 18:00;-;-;-;-;-;-;-;-;-;-;-;-;-;-;-;-;-
27.05.2025 18:00;27.05.2025 19:00;-;-;-;-;-;-;-;-;-;-;-;-;-;-;-;-;-
27.05.2025 19:00;27.05.2025 20:00;-;-;-;-;-;-;-;-;-;-;-;-;-;-;-;-;-
27.05.2025 20:00;27.05.2025 21:00;-;-;-;-;-;-;-;-;-;-;-;-;-;-;-;-;-
27.05.2025 21:00;27.05.2025 22:00;-;-;-;-;-;-;-;-;-;-;-;-;-;-;-;-;-
27.05.2025 22:00;27.05.2025 23:00;-;-;-;-;-;-;-;-;-;-;-;-;-;-;-;-;-
27.05.2025 23:00;28.05.2025 00:00;-;-;-;-;-;-;-;-;-;-;-;-;-;-;-;-;-
28.05.2025 00:00;28.05.2025 01:00;-;-;-;-;-;-;-;-;-;-;-;-;-;-;-;-;-
28.05.2025 01:00;28.05.2025 02:00;-;-;-;-;-;-;-;-;-;-;-;-;-;-;-;-;-
28.05.2025 02:00;28.05.2025 03:00;-;-;-;-;-;-;-;-;-;-;-;-;-;-;-;-;-
28.05.2025 03:00;28.05.2025 04:00;-;-;-;-;-;-;-;-;-;-;-;-;-;-;-;-;-
28.05.2025 04:00;28.05.2025 05:00;-;-;-;-;-;-;-;-;-;-;-;-;-;-;-;-;-
28.05.2025 05:00;28.05.2025 06:00;-;-;-;-;-;-;-;-;-;-;-;-;-;-;-;-;-
28.05.2025 06:00;28.05.2025 07:00;-;-;-;-;-;-;-;-;-;-;-;-;-;-;-;-;-
28.05.2025 07:00;28.05.2025 08:00;-;-;-;-;-;-;-;-;-;-;-;-;-;-;-;-;-
28.05.2025 08:00;28.05.2025 09:00;-;-;-;-;-;-;-;-;-;-;-;-;-;-;-;-;-
28.05.2025 09:00;28.05.2025 10:00;-;-;-;-;-;-;-;-;-;-;-;-;-;-;-;-;-
28.05.2025 10:00;28.05.2025 11:00;-;-;-;-;-;-;-;-;-;-;-;-;-;-;-;-;-
28.05.2025 11:00;28.05.2025 12:00;-;-;-;-;-;-;-;-;-;-;-;-;-;-;-;-;-
28.05.2025 12:00;28.05.2025 13:00;-;-;-;-;-;-;-;-;-;-;-;-;-;-;-;-;-
28.05.2025 13:00;28.05.2025 14:00;-;-;-;-;-;-;-;-;-;-;-;-;-;-;-;-;-
28.05.2025 14:00;28.05.2025 15:00;-;-;-;-;-;-;-;-;-;-;-;-;-;-;-;-;-
28.05.2025 15:00;28.05.2025 16:00;-;-;-;-;-;-;-;-;-;-;-;-;-;-;-;-;-
28.05.2025 16:00;28.05.2025 17:00;-;-;-;-;-;-;-;-;-;-;-;-;-;-;-;-;-
28.05.2025 17:00;28.05.2025 18:00;-;-;-;-;-;-;-;-;-;-;-;-;-;-;-;-;-
28.05.2025 18:00;28.05.2025 19:00;-;-;-;-;-;-;-;-;-;-;-;-;-;-;-;-;-
28.05.2025 19:00;28.05.2025 20:00;-;-;-;-;-;-;-;-;-;-;-;-;-;-;-;-;-
28.05.2025 20:00;28.05.2025 21:00;-;-;-;-;-;-;-;-;-;-;-;-;-;-;-;-;-
28.05.2025 21:00;28.05.2025 22:00;-;-;-;-;-;-;-;-;-;-;-;-;-;-;-;-;-
28.05.2025 22:00;28.05.2025 23:00;-;-;-;-;-;-;-;-;-;-;-;-;-;-;-;-;-
28.05.2025 23:00;29.05.2025 00:00;-;-;-;-;-;-;-;-;-;-;-;-;-;-;-;-;-
29.05.2025 00:00;29.05.2025 01:00;-;-;-;-;-;-;-;-;-;-;-;-;-;-;-;-;-
29.05.2025 01:00;29.05.2025 02:00;-;-;-;-;-;-;-;-;-;-;-;-;-;-;-;-;-
29.05.2025 02:00;29.05.2025 03:00;-;-;-;-;-;-;-;-;-;-;-;-;-;-;-;-;-
29.05.2025 03:00;29.05.2025 04:00;-;-;-;-;-;-;-;-;-;-;-;-;-;-;-;-;-
29.05.2025 04:00;29.05.2025 05:00;-;-;-;-;-;-;-;-;-;-;-;-;-;-;-;-;-
29.05.2025 05:00;29.05.2025 06:00;-;-;-;-;-;-;-;-;-;-;-;-;-;-;-;-;-
29.05.2025 06:00;29.05.2025 07:00;-;-;-;-;-;-;-;-;-;-;-;-;-;-;-;-;-
29.05.2025 07:00;29.05.2025 08:00;-;-;-;-;-;-;-;-;-;-;-;-;-;-;-;-;-
29.05.2025 08:00;29.05.2025 09:00;-;-;-;-;-;-;-;-;-;-;-;-;-;-;-;-;-
29.05.2025 09:00;29.05.2025 10:00;-;-;-;-;-;-;-;-;-;-;-;-;-;-;-;-;-
29.05.2025 10:00;29.05.2025 11:00;-;-;-;-;-;-;-;-;-;-;-;-;-;-;-;-;-
29.05.2025 11:00;29.05.2025 12:00;-;-;-;-;-;-;-;-;-;-;-;-;-;-;-;-;-
29.05.2025 12:00;29.05.2025 13:00;-;-;-;-;-;-;-;-;-;-;-;-;-;-;-;-;-
29.05.2025 13:00;29.05.2025 14:00;-;-;-;-;-;-;-;-;-;-;-;-;-;-;-;-;-
29.05.2025 14:00;29.05.2025 15:00;-;-;-;-;-;-;-;-;-;-;-;-;-;-;-;-;-
29.05.2025 15:00;29.05.2025 16:00;-;-;-;-;-;-;-;-;-;-;-;-;-;-;-;-;-
29.05.2025 16:00;29.05.2025 17:00;-;-;-;-;-;-;-;-;-;-;-;-;-;-;-;-;-
29.05.2025 17:00;29.05.2025 18:00;-;-;-;-;-;-;-;-;-;-;-;-;-;-;-;-;-
29.05.2025 18:00;29.05.2025 19:00;-;-;-;-;-;-;-;-;-;-;-;-;-;-;-;-;-
29.05.2025 19:00;29.05.2025 20:00;-;-;-;-;-;-;-;-;-;-;-;-;-;-;-;-;-
29.05.2025 20:00;29.05.2025 21:00;-;-;-;-;-;-;-;-;-;-;-;-;-;-;-;-;-
29.05.2025 21:00;29.05.2025 22:00;-;-;-;-;-;-;-;-;-;-;-;-;-;-;-;-;-
29.05.2025 22:00;29.05.2025 23:00;-;-;-;-;-;-;-;-;-;-;-;-;-;-;-;-;-
29.05.2025 23:00;30.05.2025 00:00;-;-;-;-;-;-;-;-;-;-;-;-;-;-;-;-;-
30.05.2025 00:00;30.05.2025 01:00;-;-;-;-;-;-;-;-;-;-;-;-;-;-;-;-;-
30.05.2025 01:00;30.05.2025 02:00;-;-;-;-;-;-;-;-;-;-;-;-;-;-;-;-;-
30.05.2025 02:00;30.05.2025 03:00;-;-;-;-;-;-;-;-;-;-;-;-;-;-;-;-;-
30.05.2025 03:00;30.05.2025 04:00;-;-;-;-;-;-;-;-;-;-;-;-;-;-;-;-;-
30.05.2025 04:00;30.05.2025 05:00;-;-;-;-;-;-;-;-;-;-;-;-;-;-;-;-;-
30.05.2025 05:00;30.05.2025 06:00;-;-;-;-;-;-;-;-;-;-;-;-;-;-;-;-;-
30.05.2025 06:00;30.05.2025 07:00;-;-;-;-;-;-;-;-;-;-;-;-;-;-;-;-;-
30.05.2025 07:00;30.05.2025 08:00;-;-;-;-;-;-;-;-;-;-;-;-;-;-;-;-;-
30.05.2025 08:00;30.05.2025 09:00;-;-;-;-;-;-;-;-;-;-;-;-;-;-;-;-;-
30.05.2025 09:00;30.05.2025 10:00;-;-;-;-;-;-;-;-;-;-;-;-;-;-;-;-;-
30.05.2025 10:00;30.05.2025 11:00;-;-;-;-;-;-;-;-;-;-;-;-;-;-;-;-;-
30.05.2025 11:00;30.05.2025 12:00;-;-;-;-;-;-;-;-;-;-;-;-;-;-;-;-;-
30.05.2025 12:00;30.05.2025 13:00;-;-;-;-;-;-;-;-;-;-;-;-;-;-;-;-;-
30.05.2025 13:00;30.05.2025 14:00;-;-;-;-;-;-;-;-;-;-;-;-;-;-;-;-;-
30.05.2025 14:00;30.05.2025 15:00;-;-;-;-;-;-;-;-;-;-;-;-;-;-;-;-;-
30.05.2025 15:00;30.05.2025 16:00;-;-;-;-;-;-;-;-;-;-;-;-;-;-;-;-;-
30.05.2025 16:00;30.05.2025 17:00;-;-;-;-;-;-;-;-;-;-;-;-;-;-;-;-;-
30.05.2025 17:00;30.05.2025 18:00;-;-;-;-;-;-;-;-;-;-;-;-;-;-;-;-;-
30.05.2025 18:00;30.05.2025 19:00;-;-;-;-;-;-;-;-;-;-;-;-;-;-;-;-;-
30.05.2025 19:00;30.05.2025 20:00;-;-;-;-;-;-;-;-;-;-;-;-;-;-;-;-;-
30.05.2025 20:00;30.05.2025 21:00;-;-;-;-;-;-;-;-;-;-;-;-;-;-;-;-;-
30.05.2025 21:00;30.05.2025 22:00;-;-;-;-;-;-;-;-;-;-;-;-;-;-;-;-;-
30.05.2025 22:00;30.05.2025 23:00;-;-;-;-;-;-;-;-;-;-;-;-;-;-;-;-;-
30.05.2025 23:00;31.05.2025 00:00;-;-;-;-;-;-;-;-;-;-;-;-;-;-;-;-;-
31.05.2025 00:00;31.05.2025 01:00;-;-;-;-;-;-;-;-;-;-;-;-;-;-;-;-;-
31.05.2025 01:00;31.05.2025 02:00;-;-;-;-;-;-;-;-;-;-;-;-;-;-;-;-;-
31.05.2025 02:00;31.05.2025 03:00;-;-;-;-;-;-;-;-;-;-;-;-;-;-;-;-;-
31.05.2025 03:00;31.05.2025 04:00;-;-;-;-;-;-;-;-;-;-;-;-;-;-;-;-;-
31.05.2025 04:00;31.05.2025 05:00;-;-;-;-;-;-;-;-;-;-;-;-;-;-;-;-;-
31.05.2025 05:00;31.05.2025 06:00;-;-;-;-;-;-;-;-;-;-;-;-;-;-;-;-;-
31.05.2025 06:00;31.05.2025 07:00;-;-;-;-;-;-;-;-;-;-;-;-;-;-;-;-;-
31.05.2025 07:00;31.05.2025 08:00;-;-;-;-;-;-;-;-;-;-;-;-;-;-;-;-;-
31.05.2025 08:00;31.05.2025 09:00;-;-;-;-;-;-;-;-;-;-;-;-;-;-;-;-;-
31.05.2025 09:00;31.05.2025 10:00;-;-;-;-;-;-;-;-;-;-;-;-;-;-;-;-;-
31.05.2025 10:00;31.05.2025 11:00;-;-;-;-;-;-;-;-;-;-;-;-;-;-;-;-;-
31.05.2025 11:00;31.05.2025 12:00;-;-;-;-;-;-;-;-;-;-;-;-;-;-;-;-;-
31.05.2025 12:00;31.05.2025 13:00;-;-;-;-;-;-;-;-;-;-;-;-;-;-;-;-;-
31.05.2025 13:00;31.05.2025 14:00;-;-;-;-;-;-;-;-;-;-;-;-;-;-;-;-;-
31.05.2025 14:00;31.05.2025 15:00;-;-;-;-;-;-;-;-;-;-;-;-;-;-;-;-;-
31.05.2025 15:00;31.05.2025 16:00;-;-;-;-;-;-;-;-;-;-;-;-;-;-;-;-;-
31.05.2025 16:00;31.05.2025 17:00;-;-;-;-;-;-;-;-;-;-;-;-;-;-;-;-;-
31.05.2025 17:00;31.05.2025 18:00;-;-;-;-;-;-;-;-;-;-;-;-;-;-;-;-;-
31.05.2025 18:00;31.05.2025 19:00;-;-;-;-;-;-;-;-;-;-;-;-;-;-;-;-;-
31.05.2025 19:00;31.05.2025 20:00;-;-;-;-;-;-;-;-;-;-;-;-;-;-;-;-;-
31.05.2025 20:00;31.05.2025 21:00;-;-;-;-;-;-;-;-;-;-;-;-;-;-;-;-;-
31.05.2025 21:00;31.05.2025 22:00;-;-;-;-;-;-;-;-;-;-;-;-;-;-;-;-;-
31.05.2025 22:00;31.05.2025 23:00;-;-;-;-;-;-;-;-;-;-;-;-;-;-;-;-;-
31.05.2025 23:00;01.06.2025 00:00;-;-;-;-;-;-;-;-;-;-;-;-;-;-;-;-;-
01.06.2025 00:00;01.06.2025 01:00;-;-;-;-;-;-;-;-;-;-;-;-;-;-;-;-;-
01.06.2025 01:00;01.06.2025 02:00;-;-;-;-;-;-;-;-;-;-;-;-;-;-;-;-;-
01.06.2025 02:00;01.06.2025 03:00;-;-;-;-;-;-;-;-;-;-;-;-;-;-;-;-;-
01.06.2025 03:00;01.06.2025 04:00;-;-;-;-;-;-;-;-;-;-;-;-;-;-;-;-;-
01.06.2025 04:00;01.06.2025 05:00;-;-;-;-;-;-;-;-;-;-;-;-;-;-;-;-;-
01.06.2025 05:00;01.06.2025 06:00;-;-;-;-;-;-;-;-;-;-;-;-;-;-;-;-;-
01.06.2025 06:00;01.06.2025 07:00;-;-;-;-;-;-;-;-;-;-;-;-;-;-;-;-;-
01.06.2025 07:00;01.06.2025 08:00;-;-;-;-;-;-;-;-;-;-;-;-;-;-;-;-;-
01.06.2025 08:00;01.06.2025 09:00;-;-;-;-;-;-;-;-;-;-;-;-;-;-;-;-;-
01.06.2025 09:00;01.06.2025 10:00;-;-;-;-;-;-;-;-;-;-;-;-;-;-;-;-;-
01.06.2025 10:00;01.06.2025 11:00;-;-;-;-;-;-;-;-;-;-;-;-;-;-;-;-;-
01.06.2025 11:00;01.06.2025 12:00;-;-;-;-;-;-;-;-;-;-;-;-;-;-;-;-;-
01.06.2025 12:00;01.06.2025 13:00;-;-;-;-;-;-;-;-;-;-;-;-;-;-;-;-;-
01.06.2025 13:00;01.06.2025 14:00;-;-;-;-;-;-;-;-;-;-;-;-;-;-;-;-;-
01.06.2025 14:00;01.06.2025 15:00;-;-;-;-;-;-;-;-;-;-;-;-;-;-;-;-;-
01.06.2025 15:00;01.06.2025 16:00;-;-;-;-;-;-;-;-;-;-;-;-;-;-;-;-;-
01.06.2025 16:00;01.06.2025 17:00;-;-;-;-;-;-;-;-;-;-;-;-;-;-;-;-;-
01.06.2025 17:00;01.06.2025 18:00;-;-;-;-;-;-;-;-;-;-;-;-;-;-;-;-;-
01.06.2025 18:00;01.06.2025 19:00;-;-;-;-;-;-;-;-;-;-;-;-;-;-;-;-;-
01.06.2025 19:00;01.06.2025 20:00;-;-;-;-;-;-;-;-;-;-;-;-;-;-;-;-;-
01.06.2025 20:00;01.06.2025 21:00;-;-;-;-;-;-;-;-;-;-;-;-;-;-;-;-;-
01.06.2025 21:00;01.06.2025 22:00;-;-;-;-;-;-;-;-;-;-;-;-;-;-;-;-;-
01.06.2025 22:00;01.06.2025 23:00;-;-;-;-;-;-;-;-;-;-;-;-;-;-;-;-;-
01.06.2025 23:00;02.06.2025 00:00;-;-;-;-;-;-;-;-;-;-;-;-;-;-;-;-;-
02.06.2025 00:00;02.06.2025 01:00;-;-;-;-;-;-;-;-;-;-;-;-;-;-;-;-;-
02.06.2025 01:00;02.06.2025 02:00;-;-;-;-;-;-;-;-;-;-;-;-;-;-;-;-;-
02.06.2025 02:00;02.06.2025 03:00;-;-;-;-;-;-;-;-;-;-;-;-;-;-;-;-;-
02.06.2025 03:00;02.06.2025 04:00;-;-;-;-;-;-;-;-;-;-;-;-;-;-;-;-;-
02.06.2025 04:00;02.06.2025 05:00;-;-;-;-;-;-;-;-;-;-;-;-;-;-;-;-;-
02.06.2025 05:00;02.06.2025 06:00;-;-;-;-;-;-;-;-;-;-;-;-;-;-;-;-;-
02.06.2025 06:00;02.06.2025 07:00;-;-;-;-;-;-;-;-;-;-;-;-;-;-;-;-;-
02.06.2025 07:00;02.06.2025 08:00;-;-;-;-;-;-;-;-;-;-;-;-;-;-;-;-;-
02.06.2025 08:00;02.06.2025 09:00;-;-;-;-;-;-;-;-;-;-;-;-;-;-;-;-;-
02.06.2025 09:00;02.06.2025 10:00;-;-;-;-;-;-;-;-;-;-;-;-;-;-;-;-;-
02.06.2025 10:00;02.06.2025 11:00;-;-;-;-;-;-;-;-;-;-;-;-;-;-;-;-;-
02.06.2025 11:00;02.06.2025 12:00;-;-;-;-;-;-;-;-;-;-;-;-;-;-;-;-;-
02.06.2025 12:00;02.06.2025 13:00;-;-;-;-;-;-;-;-;-;-;-;-;-;-;-;-;-
02.06.2025 13:00;02.06.2025 14:00;-;-;-;-;-;-;-;-;-;-;-;-;-;-;-;-;-
02.06.2025 14:00;02.06.2025 15:00;-;-;-;-;-;-;-;-;-;-;-;-;-;-;-;-;-
02.06.2025 15:00;02.06.2025 16:00;-;-;-;-;-;-;-;-;-;-;-;-;-;-;-;-;-
02.06.2025 16:00;02.06.2025 17:00;-;-;-;-;-;-;-;-;-;-;-;-;-;-;-;-;-
02.06.2025 17:00;02.06.2025 18:00;-;-;-;-;-;-;-;-;-;-;-;-;-;-;-;-;-
02.06.2025 18:00;02.06.2025 19:00;-;-;-;-;-;-;-;-;-;-;-;-;-;-;-;-;-
02.06.2025 19:00;02.06.2025 20:00;-;-;-;-;-;-;-;-;-;-;-;-;-;-;-;-;-
02.06.2025 20:00;02.06.2025 21:00;-;-;-;-;-;-;-;-;-;-;-;-;-;-;-;-;-
02.06.2025 21:00;02.06.2025 22:00;-;-;-;-;-;-;-;-;-;-;-;-;-;-;-;-;-
02.06.2025 22:00;02.06.2025 23:00;-;-;-;-;-;-;-;-;-;-;-;-;-;-;-;-;-
02.06.2025 23:00;03.06.2025 00:00;-;-;-;-;-;-;-;-;-;-;-;-;-;-;-;-;-
03.06.2025 00:00;03.06.2025 01:00;-;-;-;-;-;-;-;-;-;-;-;-;-;-;-;-;-
03.06.2025 01:00;03.06.2025 02:00;-;-;-;-;-;-;-;-;-;-;-;-;-;-;-;-;-
03.06.2025 02:00;03.06.2025 03:00;-;-;-;-;-;-;-;-;-;-;-;-;-;-;-;-;-
03.06.2025 03:00;03.06.2025 04:00;-;-;-;-;-;-;-;-;-;-;-;-;-;-;-;-;-
03.06.2025 04:00;03.06.2025 05:00;-;-;-;-;-;-;-;-;-;-;-;-;-;-;-;-;-
03.06.2025 05:00;03.06.2025 06:00;-;-;-;-;-;-;-;-;-;-;-;-;-;-;-;-;-
03.06.2025 06:00;03.06.2025 07:00;-;-;-;-;-;-;-;-;-;-;-;-;-;-;-;-;-
03.06.2025 07:00;03.06.2025 08:00;-;-;-;-;-;-;-;-;-;-;-;-;-;-;-;-;-
03.06.2025 08:00;03.06.2025 09:00;-;-;-;-;-;-;-;-;-;-;-;-;-;-;-;-;-
03.06.2025 09:00;03.06.2025 10:00;-;-;-;-;-;-;-;-;-;-;-;-;-;-;-;-;-
03.06.2025 10:00;03.06.2025 11:00;-;-;-;-;-;-;-;-;-;-;-;-;-;-;-;-;-
03.06.2025 11:00;03.06.2025 12:00;-;-;-;-;-;-;-;-;-;-;-;-;-;-;-;-;-
03.06.2025 12:00;03.06.2025 13:00;-;-;-;-;-;-;-;-;-;-;-;-;-;-;-;-;-
03.06.2025 13:00;03.06.2025 14:00;-;-;-;-;-;-;-;-;-;-;-;-;-;-;-;-;-
03.06.2025 14:00;03.06.2025 15:00;-;-;-;-;-;-;-;-;-;-;-;-;-;-;-;-;-
03.06.2025 15:00;03.06.2025 16:00;-;-;-;-;-;-;-;-;-;-;-;-;-;-;-;-;-
03.06.2025 16:00;03.06.2025 17:00;-;-;-;-;-;-;-;-;-;-;-;-;-;-;-;-;-
03.06.2025 17:00;03.06.2025 18:00;-;-;-;-;-;-;-;-;-;-;-;-;-;-;-;-;-
03.06.2025 18:00;03.06.2025 19:00;-;-;-;-;-;-;-;-;-;-;-;-;-;-;-;-;-
03.06.2025 19:00;03.06.2025 20:00;-;-;-;-;-;-;-;-;-;-;-;-;-;-;-;-;-
03.06.2025 20:00;03.06.2025 21:00;-;-;-;-;-;-;-;-;-;-;-;-;-;-;-;-;-
03.06.2025 21:00;03.06.2025 22:00;-;-;-;-;-;-;-;-;-;-;-;-;-;-;-;-;-
03.06.2025 22:00;03.06.2025 23:00;-;-;-;-;-;-;-;-;-;-;-;-;-;-;-;-;-
03.06.2025 23:00;04.06.2025 00:00;-;-;-;-;-;-;-;-;-;-;-;-;-;-;-;-;-
04.06.2025 00:00;04.06.2025 01:00;-;-;-;-;-;-;-;-;-;-;-;-;-;-;-;-;-
04.06.2025 01:00;04.06.2025 02:00;-;-;-;-;-;-;-;-;-;-;-;-;-;-;-;-;-
04.06.2025 02:00;04.06.2025 03:00;-;-;-;-;-;-;-;-;-;-;-;-;-;-;-;-;-
04.06.2025 03:00;04.06.2025 04:00;-;-;-;-;-;-;-;-;-;-;-;-;-;-;-;-;-
04.06.2025 04:00;04.06.2025 05:00;-;-;-;-;-;-;-;-;-;-;-;-;-;-;-;-;-
04.06.2025 05:00;04.06.2025 06:00;-;-;-;-;-;-;-;-;-;-;-;-;-;-;-;-;-
04.06.2025 06:00;04.06.2025 07:00;-;-;-;-;-;-;-;-;-;-;-;-;-;-;-;-;-
04.06.2025 07:00;04.06.2025 08:00;-;-;-;-;-;-;-;-;-;-;-;-;-;-;-;-;-
04.06.2025 08:00;04.06.2025 09:00;-;-;-;-;-;-;-;-;-;-;-;-;-;-;-;-;-
04.06.2025 09:00;04.06.2025 10:00;-;-;-;-;-;-;-;-;-;-;-;-;-;-;-;-;-
04.06.2025 10:00;04.06.2025 11:00;-;-;-;-;-;-;-;-;-;-;-;-;-;-;-;-;-
04.06.2025 11:00;04.06.2025 12:00;-;-;-;-;-;-;-;-;-;-;-;-;-;-;-;-;-
04.06.2025 12:00;04.06.2025 13:00;-;-;-;-;-;-;-;-;-;-;-;-;-;-;-;-;-
04.06.2025 13:00;04.06.2025 14:00;-;-;-;-;-;-;-;-;-;-;-;-;-;-;-;-;-
04.06.2025 14:00;04.06.2025 15:00;-;-;-;-;-;-;-;-;-;-;-;-;-;-;-;-;-
04.06.2025 15:00;04.06.2025 16:00;-;-;-;-;-;-;-;-;-;-;-;-;-;-;-;-;-
04.06.2025 16:00;04.06.2025 17:00;-;-;-;-;-;-;-;-;-;-;-;-;-;-;-;-;-
04.06.2025 17:00;04.06.2025 18:00;-;-;-;-;-;-;-;-;-;-;-;-;-;-;-;-;-
04.06.2025 18:00;04.06.2025 19:00;-;-;-;-;-;-;-;-;-;-;-;-;-;-;-;-;-
04.06.2025 19:00;04.06.2025 20:00;-;-;-;-;-;-;-;-;-;-;-;-;-;-;-;-;-
04.06.2025 20:00;04.06.2025 21:00;-;-;-;-;-;-;-;-;-;-;-;-;-;-;-;-;-
04.06.2025 21:00;04.06.2025 22:00;-;-;-;-;-;-;-;-;-;-;-;-;-;-;-;-;-
04.06.2025 22:00;04.06.2025 23:00;-;-;-;-;-;-;-;-;-;-;-;-;-;-;-;-;-
04.06.2025 23:00;05.06.2025 00:00;-;-;-;-;-;-;-;-;-;-;-;-;-;-;-;-;-
05.06.2025 00:00;05.06.2025 01:00;-;-;-;-;-;-;-;-;-;-;-;-;-;-;-;-;-
05.06.2025 01:00;05.06.2025 02:00;-;-;-;-;-;-;-;-;-;-;-;-;-;-;-;-;-
05.06.2025 02:00;05.06.2025 03:00;-;-;-;-;-;-;-;-;-;-;-;-;-;-;-;-;-
05.06.2025 03:00;05.06.2025 04:00;-;-;-;-;-;-;-;-;-;-;-;-;-;-;-;-;-
05.06.2025 04:00;05.06.2025 05:00;-;-;-;-;-;-;-;-;-;-;-;-;-;-;-;-;-
05.06.2025 05:00;05.06.2025 06:00;-;-;-;-;-;-;-;-;-;-;-;-;-;-;-;-;-
05.06.2025 06:00;05.06.2025 07:00;-;-;-;-;-;-;-;-;-;-;-;-;-;-;-;-;-
05.06.2025 07:00;05.06.2025 08:00;-;-;-;-;-;-;-;-;-;-;-;-;-;-;-;-;-
05.06.2025 08:00;05.06.2025 09:00;-;-;-;-;-;-;-;-;-;-;-;-;-;-;-;-;-
05.06.2025 09:00;05.06.2025 10:00;-;-;-;-;-;-;-;-;-;-;-;-;-;-;-;-;-
05.06.2025 10:00;05.06.2025 11:00;-;-;-;-;-;-;-;-;-;-;-;-;-;-;-;-;-
05.06.2025 11:00;05.06.2025 12:00;-;-;-;-;-;-;-;-;-;-;-;-;-;-;-;-;-
05.06.2025 12:00;05.06.2025 13:00;-;-;-;-;-;-;-;-;-;-;-;-;-;-;-;-;-
05.06.2025 13:00;05.06.2025 14:00;-;-;-;-;-;-;-;-;-;-;-;-;-;-;-;-;-
05.06.2025 14:00;05.06.2025 15:00;-;-;-;-;-;-;-;-;-;-;-;-;-;-;-;-;-
05.06.2025 15:00;05.06.2025 16:00;-;-;-;-;-;-;-;-;-;-;-;-;-;-;-;-;-
05.06.2025 16:00;05.06.2025 17:00;-;-;-;-;-;-;-;-;-;-;-;-;-;-;-;-;-
05.06.2025 17:00;05.06.2025 18:00;-;-;-;-;-;-;-;-;-;-;-;-;-;-;-;-;-
05.06.2025 18:00;05.06.2025 19:00;-;-;-;-;-;-;-;-;-;-;-;-;-;-;-;-;-
05.06.2025 19:00;05.06.2025 20:00;-;-;-;-;-;-;-;-;-;-;-;-;-;-;-;-;-
05.06.2025 20:00;05.06.2025 21:00;-;-;-;-;-;-;-;-;-;-;-;-;-;-;-;-;-
05.06.2025 21:00;05.06.2025 22:00;-;-;-;-;-;-;-;-;-;-;-;-;-;-;-;-;-
05.06.2025 22:00;05.06.2025 23:00;-;-;-;-;-;-;-;-;-;-;-;-;-;-;-;-;-
05.06.2025 23:00;06.06.2025 00:00;-;-;-;-;-;-;-;-;-;-;-;-;-;-;-;-;-
06.06.2025 00:00;06.06.2025 01:00;-;-;-;-;-;-;-;-;-;-;-;-;-;-;-;-;-
06.06.2025 01:00;06.06.2025 02:00;-;-;-;-;-;-;-;-;-;-;-;-;-;-;-;-;-
06.06.2025 02:00;06.06.2025 03:00;-;-;-;-;-;-;-;-;-;-;-;-;-;-;-;-;-
06.06.2025 03:00;06.06.2025 04:00;-;-;-;-;-;-;-;-;-;-;-;-;-;-;-;-;-
06.06.2025 04:00;06.06.2025 05:00;-;-;-;-;-;-;-;-;-;-;-;-;-;-;-;-;-
06.06.2025 05:00;06.06.2025 06:00;-;-;-;-;-;-;-;-;-;-;-;-;-;-;-;-;-
06.06.2025 06:00;06.06.2025 07:00;-;-;-;-;-;-;-;-;-;-;-;-;-;-;-;-;-
06.06.2025 07:00;06.06.2025 08:00;-;-;-;-;-;-;-;-;-;-;-;-;-;-;-;-;-
06.06.2025 08:00;06.06.2025 09:00;-;-;-;-;-;-;-;-;-;-;-;-;-;-;-;-;-
06.06.2025 09:00;06.06.2025 10:00;-;-;-;-;-;-;-;-;-;-;-;-;-;-;-;-;-
06.06.2025 10:00;06.06.2025 11:00;-;-;-;-;-;-;-;-;-;-;-;-;-;-;-;-;-
06.06.2025 11:00;06.06.2025 12:00;-;-;-;-;-;-;-;-;-;-;-;-;-;-;-;-;-
06.06.2025 12:00;06.06.2025 13:00;-;-;-;-;-;-;-;-;-;-;-;-;-;-;-;-;-
06.06.2025 13:00;06.06.2025 14:00;-;-;-;-;-;-;-;-;-;-;-;-;-;-;-;-;-
06.06.2025 14:00;06.06.2025 15:00;-;-;-;-;-;-;-;-;-;-;-;-;-;-;-;-;-
06.06.2025 15:00;06.06.2025 16:00;-;-;-;-;-;-;-;-;-;-;-;-;-;-;-;-;-
06.06.2025 16:00;06.06.2025 17:00;-;-;-;-;-;-;-;-;-;-;-;-;-;-;-;-;-
06.06.2025 17:00;06.06.2025 18:00;-;-;-;-;-;-;-;-;-;-;-;-;-;-;-;-;-
06.06.2025 18:00;06.06.2025 19:00;-;-;-;-;-;-;-;-;-;-;-;-;-;-;-;-;-
06.06.2025 19:00;06.06.2025 20:00;-;-;-;-;-;-;-;-;-;-;-;-;-;-;-;-;-
06.06.2025 20:00;06.06.2025 21:00;-;-;-;-;-;-;-;-;-;-;-;-;-;-;-;-;-
06.06.2025 21:00;06.06.2025 22:00;-;-;-;-;-;-;-;-;-;-;-;-;-;-;-;-;-
06.06.2025 22:00;06.06.2025 23:00;-;-;-;-;-;-;-;-;-;-;-;-;-;-;-;-;-
06.06.2025 23:00;07.06.2025 00:00;-;-;-;-;-;-;-;-;-;-;-;-;-;-;-;-;-
07.06.2025 00:00;07.06.2025 01:00;-;-;-;-;-;-;-;-;-;-;-;-;-;-;-;-;-
07.06.2025 01:00;07.06.2025 02:00;-;-;-;-;-;-;-;-;-;-;-;-;-;-;-;-;-
07.06.2025 02:00;07.06.2025 03:00;-;-;-;-;-;-;-;-;-;-;-;-;-;-;-;-;-
07.06.2025 03:00;07.06.2025 04:00;-;-;-;-;-;-;-;-;-;-;-;-;-;-;-;-;-
07.06.2025 04:00;07.06.2025 05:00;-;-;-;-;-;-;-;-;-;-;-;-;-;-;-;-;-
07.06.2025 05:00;07.06.2025 06:00;-;-;-;-;-;-;-;-;-;-;-;-;-;-;-;-;-
07.06.2025 06:00;07.06.2025 07:00;-;-;-;-;-;-;-;-;-;-;-;-;-;-;-;-;-
07.06.2025 07:00;07.06.2025 08:00;-;-;-;-;-;-;-;-;-;-;-;-;-;-;-;-;-
07.06.2025 08:00;07.06.2025 09:00;-;-;-;-;-;-;-;-;-;-;-;-;-;-;-;-;-
07.06.2025 09:00;07.06.2025 10:00;-;-;-;-;-;-;-;-;-;-;-;-;-;-;-;-;-
07.06.2025 10:00;07.06.2025 11:00;-;-;-;-;-;-;-;-;-;-;-;-;-;-;-;-;-
07.06.2025 11:00;07.06.2025 12:00;-;-;-;-;-;-;-;-;-;-;-;-;-;-;-;-;-
07.06.2025 12:00;07.06.2025 13:00;-;-;-;-;-;-;-;-;-;-;-;-;-;-;-;-;-
07.06.2025 13:00;07.06.2025 14:00;-;-;-;-;-;-;-;-;-;-;-;-;-;-;-;-;-
07.06.2025 14:00;07.06.2025 15:00;-;-;-;-;-;-;-;-;-;-;-;-;-;-;-;-;-
07.06.2025 15:00;07.06.2025 16:00;-;-;-;-;-;-;-;-;-;-;-;-;-;-;-;-;-
07.06.2025 16:00;07.06.2025 17:00;-;-;-;-;-;-;-;-;-;-;-;-;-;-;-;-;-
07.06.2025 17:00;07.06.2025 18:00;-;-;-;-;-;-;-;-;-;-;-;-;-;-;-;-;-
07.06.2025 18:00;07.06.2025 19:00;-;-;-;-;-;-;-;-;-;-;-;-;-;-;-;-;-
07.06.2025 19:00;07.06.2025 20:00;-;-;-;-;-;-;-;-;-;-;-;-;-;-;-;-;-
07.06.2025 20:00;07.06.2025 21:00;-;-;-;-;-;-;-;-;-;-;-;-;-;-;-;-;-
07.06.2025 21:00;07.06.2025 22:00;-;-;-;-;-;-;-;-;-;-;-;-;-;-;-;-;-
07.06.2025 22:00;07.06.2025 23:00;-;-;-;-;-;-;-;-;-;-;-;-;-;-;-;-;-
07.06.2025 23:00;08.06.2025 00:00;-;-;-;-;-;-;-;-;-;-;-;-;-;-;-;-;-
08.06.2025 00:00;08.06.2025 01:00;-;-;-;-;-;-;-;-;-;-;-;-;-;-;-;-;-
08.06.2025 01:00;08.06.2025 02:00;-;-;-;-;-;-;-;-;-;-;-;-;-;-;-;-;-
08.06.2025 02:00;08.06.2025 03:00;-;-;-;-;-;-;-;-;-;-;-;-;-;-;-;-;-
08.06.2025 03:00;08.06.2025 04:00;-;-;-;-;-;-;-;-;-;-;-;-;-;-;-;-;-
08.06.2025 04:00;08.06.2025 05:00;-;-;-;-;-;-;-;-;-;-;-;-;-;-;-;-;-
08.06.2025 05:00;08.06.2025 06:00;-;-;-;-;-;-;-;-;-;-;-;-;-;-;-;-;-
08.06.2025 06:00;08.06.2025 07:00;-;-;-;-;-;-;-;-;-;-;-;-;-;-;-;-;-
08.06.2025 07:00;08.06.2025 08:00;-;-;-;-;-;-;-;-;-;-;-;-;-;-;-;-;-
08.06.2025 08:00;08.06.2025 09:00;-;-;-;-;-;-;-;-;-;-;-;-;-;-;-;-;-
08.06.2025 09:00;08.06.2025 10:00;-;-;-;-;-;-;-;-;-;-;-;-;-;-;-;-;-
08.06.2025 10:00;08.06.2025 11:00;-;-;-;-;-;-;-;-;-;-;-;-;-;-;-;-;-
08.06.2025 11:00;08.06.2025 12:00;-;-;-;-;-;-;-;-;-;-;-;-;-;-;-;-;-
08.06.2025 12:00;08.06.2025 13:00;-;-;-;-;-;-;-;-;-;-;-;-;-;-;-;-;-
08.06.2025 13:00;08.06.2025 14:00;-;-;-;-;-;-;-;-;-;-;-;-;-;-;-;-;-
08.06.2025 14:00;08.06.2025 15:00;-;-;-;-;-;-;-;-;-;-;-;-;-;-;-;-;-
08.06.2025 15:00;08.06.2025 16:00;-;-;-;-;-;-;-;-;-;-;-;-;-;-;-;-;-
08.06.2025 16:00;08.06.2025 17:00;-;-;-;-;-;-;-;-;-;-;-;-;-;-;-;-;-
08.06.2025 17:00;08.06.2025 18:00;-;-;-;-;-;-;-;-;-;-;-;-;-;-;-;-;-
08.06.2025 18:00;08.06.2025 19:00;-;-;-;-;-;-;-;-;-;-;-;-;-;-;-;-;-
08.06.2025 19:00;08.06.2025 20:00;-;-;-;-;-;-;-;-;-;-;-;-;-;-;-;-;-
08.06.2025 20:00;08.06.2025 21:00;-;-;-;-;-;-;-;-;-;-;-;-;-;-;-;-;-
08.06.2025 21:00;08.06.2025 22:00;-;-;-;-;-;-;-;-;-;-;-;-;-;-;-;-;-
08.06.2025 22:00;08.06.2025 23:00;-;-;-;-;-;-;-;-;-;-;-;-;-;-;-;-;-
08.06.2025 23:00;09.06.2025 00:00;-;-;-;-;-;-;-;-;-;-;-;-;-;-;-;-;-
09.06.2025 00:00;09.06.2025 01:00;-;-;-;-;-;-;-;-;-;-;-;-;-;-;-;-;-
09.06.2025 01:00;09.06.2025 02:00;-;-;-;-;-;-;-;-;-;-;-;-;-;-;-;-;-
09.06.2025 02:00;09.06.2025 03:00;-;-;-;-;-;-;-;-;-;-;-;-;-;-;-;-;-
09.06.2025 03:00;09.06.2025 04:00;-;-;-;-;-;-;-;-;-;-;-;-;-;-;-;-;-
09.06.2025 04:00;09.06.2025 05:00;-;-;-;-;-;-;-;-;-;-;-;-;-;-;-;-;-
09.06.2025 05:00;09.06.2025 06:00;-;-;-;-;-;-;-;-;-;-;-;-;-;-;-;-;-
09.06.2025 06:00;09.06.2025 07:00;-;-;-;-;-;-;-;-;-;-;-;-;-;-;-;-;-
09.06.2025 07:00;09.06.2025 08:00;-;-;-;-;-;-;-;-;-;-;-;-;-;-;-;-;-
09.06.2025 08:00;09.06.2025 09:00;-;-;-;-;-;-;-;-;-;-;-;-;-;-;-;-;-
09.06.2025 09:00;09.06.2025 10:00;-;-;-;-;-;-;-;-;-;-;-;-;-;-;-;-;-
09.06.2025 10:00;09.06.2025 11:00;-;-;-;-;-;-;-;-;-;-;-;-;-;-;-;-;-
09.06.2025 11:00;09.06.2025 12:00;-;-;-;-;-;-;-;-;-;-;-;-;-;-;-;-;-
09.06.2025 12:00;09.06.2025 13:00;-;-;-;-;-;-;-;-;-;-;-;-;-;-;-;-;-
09.06.2025 13:00;09.06.2025 14:00;-;-;-;-;-;-;-;-;-;-;-;-;-;-;-;-;-
09.06.2025 14:00;09.06.2025 15:00;-;-;-;-;-;-;-;-;-;-;-;-;-;-;-;-;-
09.06.2025 15:00;09.06.2025 16:00;-;-;-;-;-;-;-;-;-;-;-;-;-;-;-;-;-
09.06.2025 16:00;09.06.2025 17:00;-;-;-;-;-;-;-;-;-;-;-;-;-;-;-;-;-
09.06.2025 17:00;09.06.2025 18:00;-;-;-;-;-;-;-;-;-;-;-;-;-;-;-;-;-
09.06.2025 18:00;09.06.2025 19:00;-;-;-;-;-;-;-;-;-;-;-;-;-;-;-;-;-
09.06.2025 19:00;09.06.2025 20:00;-;-;-;-;-;-;-;-;-;-;-;-;-;-;-;-;-
09.06.2025 20:00;09.06.2025 21:00;-;-;-;-;-;-;-;-;-;-;-;-;-;-;-;-;-
09.06.2025 21:00;09.06.2025 22:00;-;-;-;-;-;-;-;-;-;-;-;-;-;-;-;-;-
09.06.2025 22:00;09.06.2025 23:00;-;-;-;-;-;-;-;-;-;-;-;-;-;-;-;-;-
09.06.2025 23:00;10.06.2025 00:00;-;-;-;-;-;-;-;-;-;-;-;-;-;-;-;-;-
10.06.2025 00:00;10.06.2025 01:00;-;-;-;-;-;-;-;-;-;-;-;-;-;-;-;-;-
10.06.2025 01:00;10.06.2025 02:00;-;-;-;-;-;-;-;-;-;-;-;-;-;-;-;-;-
10.06.2025 02:00;10.06.2025 03:00;-;-;-;-;-;-;-;-;-;-;-;-;-;-;-;-;-
10.06.2025 03:00;10.06.2025 04:00;-;-;-;-;-;-;-;-;-;-;-;-;-;-;-;-;-
10.06.2025 04:00;10.06.2025 05:00;-;-;-;-;-;-;-;-;-;-;-;-;-;-;-;-;-
10.06.2025 05:00;10.06.2025 06:00;-;-;-;-;-;-;-;-;-;-;-;-;-;-;-;-;-
10.06.2025 06:00;10.06.2025 07:00;-;-;-;-;-;-;-;-;-;-;-;-;-;-;-;-;-
10.06.2025 07:00;10.06.2025 08:00;-;-;-;-;-;-;-;-;-;-;-;-;-;-;-;-;-
10.06.2025 08:00;10.06.2025 09:00;-;-;-;-;-;-;-;-;-;-;-;-;-;-;-;-;-
10.06.2025 09:00;10.06.2025 10:00;-;-;-;-;-;-;-;-;-;-;-;-;-;-;-;-;-
10.06.2025 10:00;10.06.2025 11:00;-;-;-;-;-;-;-;-;-;-;-;-;-;-;-;-;-
10.06.2025 11:00;10.06.2025 12:00;-;-;-;-;-;-;-;-;-;-;-;-;-;-;-;-;-
10.06.2025 12:00;10.06.2025 13:00;-;-;-;-;-;-;-;-;-;-;-;-;-;-;-;-;-
10.06.2025 13:00;10.06.2025 14:00;-;-;-;-;-;-;-;-;-;-;-;-;-;-;-;-;-
10.06.2025 14:00;10.06.2025 15:00;-;-;-;-;-;-;-;-;-;-;-;-;-;-;-;-;-
10.06.2025 15:00;10.06.2025 16:00;-;-;-;-;-;-;-;-;-;-;-;-;-;-;-;-;-
10.06.2025 16:00;10.06.2025 17:00;-;-;-;-;-;-;-;-;-;-;-;-;-;-;-;-;-
10.06.2025 17:00;10.06.2025 18:00;-;-;-;-;-;-;-;-;-;-;-;-;-;-;-;-;-
10.06.2025 18:00;10.06.2025 19:00;-;-;-;-;-;-;-;-;-;-;-;-;-;-;-;-;-
10.06.2025 19:00;10.06.2025 20:00;-;-;-;-;-;-;-;-;-;-;-;-;-;-;-;-;-
10.06.2025 20:00;10.06.2025 21:00;-;-;-;-;-;-;-;-;-;-;-;-;-;-;-;-;-
10.06.2025 21:00;10.06.2025 22:00;-;-;-;-;-;-;-;-;-;-;-;-;-;-;-;-;-
10.06.2025 22:00;10.06.2025 23:00;-;-;-;-;-;-;-;-;-;-;-;-;-;-;-;-;-
10.06.2025 23:00;11.06.2025 00:00;-;-;-;-;-;-;-;-;-;-;-;-;-;-;-;-;-
11.06.2025 00:00;11.06.2025 01:00;-;-;-;-;-;-;-;-;-;-;-;-;-;-;-;-;-
11.06.2025 01:00;11.06.2025 02:00;-;-;-;-;-;-;-;-;-;-;-;-;-;-;-;-;-
11.06.2025 02:00;11.06.2025 03:00;-;-;-;-;-;-;-;-;-;-;-;-;-;-;-;-;-
11.06.2025 03:00;11.06.2025 04:00;-;-;-;-;-;-;-;-;-;-;-;-;-;-;-;-;-
11.06.2025 04:00;11.06.2025 05:00;-;-;-;-;-;-;-;-;-;-;-;-;-;-;-;-;-
11.06.2025 05:00;11.06.2025 06:00;-;-;-;-;-;-;-;-;-;-;-;-;-;-;-;-;-
11.06.2025 06:00;11.06.2025 07:00;-;-;-;-;-;-;-;-;-;-;-;-;-;-;-;-;-
11.06.2025 07:00;11.06.2025 08:00;-;-;-;-;-;-;-;-;-;-;-;-;-;-;-;-;-
11.06.2025 08:00;11.06.2025 09:00;-;-;-;-;-;-;-;-;-;-;-;-;-;-;-;-;-
11.06.2025 09:00;11.06.2025 10:00;-;-;-;-;-;-;-;-;-;-;-;-;-;-;-;-;-
11.06.2025 10:00;11.06.2025 11:00;-;-;-;-;-;-;-;-;-;-;-;-;-;-;-;-;-
11.06.2025 11:00;11.06.2025 12:00;-;-;-;-;-;-;-;-;-;-;-;-;-;-;-;-;-
11.06.2025 12:00;11.06.2025 13:00;-;-;-;-;-;-;-;-;-;-;-;-;-;-;-;-;-
11.06.2025 13:00;11.06.2025 14:00;-;-;-;-;-;-;-;-;-;-;-;-;-;-;-;-;-
11.06.2025 14:00;11.06.2025 15:00;-;-;-;-;-;-;-;-;-;-;-;-;-;-;-;-;-
11.06.2025 15:00;11.06.2025 16:00;-;-;-;-;-;-;-;-;-;-;-;-;-;-;-;-;-
11.06.2025 16:00;11.06.2025 17:00;-;-;-;-;-;-;-;-;-;-;-;-;-;-;-;-;-
11.06.2025 17:00;11.06.2025 18:00;-;-;-;-;-;-;-;-;-;-;-;-;-;-;-;-;-
11.06.2025 18:00;11.06.2025 19:00;-;-;-;-;-;-;-;-;-;-;-;-;-;-;-;-;-
11.06.2025 19:00;11.06.2025 20:00;-;-;-;-;-;-;-;-;-;-;-;-;-;-;-;-;-
11.06.2025 20:00;11.06.2025 21:00;-;-;-;-;-;-;-;-;-;-;-;-;-;-;-;-;-
11.06.2025 21:00;11.06.2025 22:00;-;-;-;-;-;-;-;-;-;-;-;-;-;-;-;-;-
11.06.2025 22:00;11.06.2025 23:00;-;-;-;-;-;-;-;-;-;-;-;-;-;-;-;-;-
11.06.2025 23:00;12.06.2025 00:00;-;-;-;-;-;-;-;-;-;-;-;-;-;-;-;-;-
12.06.2025 00:00;12.06.2025 01:00;-;-;-;-;-;-;-;-;-;-;-;-;-;-;-;-;-
12.06.2025 01:00;12.06.2025 02:00;-;-;-;-;-;-;-;-;-;-;-;-;-;-;-;-;-
12.06.2025 02:00;12.06.2025 03:00;-;-;-;-;-;-;-;-;-;-;-;-;-;-;-;-;-
12.06.2025 03:00;12.06.2025 04:00;-;-;-;-;-;-;-;-;-;-;-;-;-;-;-;-;-
12.06.2025 04:00;12.06.2025 05:00;-;-;-;-;-;-;-;-;-;-;-;-;-;-;-;-;-
12.06.2025 05:00;12.06.2025 06:00;-;-;-;-;-;-;-;-;-;-;-;-;-;-;-;-;-
12.06.2025 06:00;12.06.2025 07:00;-;-;-;-;-;-;-;-;-;-;-;-;-;-;-;-;-
12.06.2025 07:00;12.06.2025 08:00;-;-;-;-;-;-;-;-;-;-;-;-;-;-;-;-;-
12.06.2025 08:00;12.06.2025 09:00;-;-;-;-;-;-;-;-;-;-;-;-;-;-;-;-;-
12.06.2025 09:00;12.06.2025 10:00;-;-;-;-;-;-;-;-;-;-;-;-;-;-;-;-;-
12.06.2025 10:00;12.06.2025 11:00;-;-;-;-;-;-;-;-;-;-;-;-;-;-;-;-;-
12.06.2025 11:00;12.06.2025 12:00;-;-;-;-;-;-;-;-;-;-;-;-;-;-;-;-;-
12.06.2025 12:00;12.06.2025 13:00;-;-;-;-;-;-;-;-;-;-;-;-;-;-;-;-;-
12.06.2025 13:00;12.06.2025 14:00;-;-;-;-;-;-;-;-;-;-;-;-;-;-;-;-;-
12.06.2025 14:00;12.06.2025 15:00;-;-;-;-;-;-;-;-;-;-;-;-;-;-;-;-;-
12.06.2025 15:00;12.06.2025 16:00;-;-;-;-;-;-;-;-;-;-;-;-;-;-;-;-;-
12.06.2025 16:00;12.06.2025 17:00;-;-;-;-;-;-;-;-;-;-;-;-;-;-;-;-;-
12.06.2025 17:00;12.06.2025 18:00;-;-;-;-;-;-;-;-;-;-;-;-;-;-;-;-;-
12.06.2025 18:00;12.06.2025 19:00;-;-;-;-;-;-;-;-;-;-;-;-;-;-;-;-;-
12.06.2025 19:00;12.06.2025 20:00;-;-;-;-;-;-;-;-;-;-;-;-;-;-;-;-;-
12.06.2025 20:00;12.06.2025 21:00;-;-;-;-;-;-;-;-;-;-;-;-;-;-;-;-;-
12.06.2025 21:00;12.06.2025 22:00;-;-;-;-;-;-;-;-;-;-;-;-;-;-;-;-;-
12.06.2025 22:00;12.06.2025 23:00;-;-;-;-;-;-;-;-;-;-;-;-;-;-;-;-;-
12.06.2025 23:00;13.06.2025 00:00;-;-;-;-;-;-;-;-;-;-;-;-;-;-;-;-;-
13.06.2025 00:00;13.06.2025 01:00;-;-;-;-;-;-;-;-;-;-;-;-;-;-;-;-;-
13.06.2025 01:00;13.06.2025 02:00;-;-;-;-;-;-;-;-;-;-;-;-;-;-;-;-;-
13.06.2025 02:00;13.06.2025 03:00;-;-;-;-;-;-;-;-;-;-;-;-;-;-;-;-;-
13.06.2025 03:00;13.06.2025 04:00;-;-;-;-;-;-;-;-;-;-;-;-;-;-;-;-;-
13.06.2025 04:00;13.06.2025 05:00;-;-;-;-;-;-;-;-;-;-;-;-;-;-;-;-;-
13.06.2025 05:00;13.06.2025 06:00;-;-;-;-;-;-;-;-;-;-;-;-;-;-;-;-;-
13.06.2025 06:00;13.06.2025 07:00;-;-;-;-;-;-;-;-;-;-;-;-;-;-;-;-;-
13.06.2025 07:00;13.06.2025 08:00;-;-;-;-;-;-;-;-;-;-;-;-;-;-;-;-;-
13.06.2025 08:00;13.06.2025 09:00;-;-;-;-;-;-;-;-;-;-;-;-;-;-;-;-;-
13.06.2025 09:00;13.06.2025 10:00;-;-;-;-;-;-;-;-;-;-;-;-;-;-;-;-;-
13.06.2025 10:00;13.06.2025 11:00;-;-;-;-;-;-;-;-;-;-;-;-;-;-;-;-;-
13.06.2025 11:00;13.06.2025 12:00;-;-;-;-;-;-;-;-;-;-;-;-;-;-;-;-;-
13.06.2025 12:00;13.06.2025 13:00;-;-;-;-;-;-;-;-;-;-;-;-;-;-;-;-;-
13.06.2025 13:00;13.06.2025 14:00;-;-;-;-;-;-;-;-;-;-;-;-;-;-;-;-;-
13.06.2025 14:00;13.06.2025 15:00;-;-;-;-;-;-;-;-;-;-;-;-;-;-;-;-;-
13.06.2025 15:00;13.06.2025 16:00;-;-;-;-;-;-;-;-;-;-;-;-;-;-;-;-;-
13.06.2025 16:00;13.06.2025 17:00;-;-;-;-;-;-;-;-;-;-;-;-;-;-;-;-;-
13.06.2025 17:00;13.06.2025 18:00;-;-;-;-;-;-;-;-;-;-;-;-;-;-;-;-;-
13.06.2025 18:00;13.06.2025 19:00;-;-;-;-;-;-;-;-;-;-;-;-;-;-;-;-;-
13.06.2025 19:00;13.06.2025 20:00;-;-;-;-;-;-;-;-;-;-;-;-;-;-;-;-;-
13.06.2025 20:00;13.06.2025 21:00;-;-;-;-;-;-;-;-;-;-;-;-;-;-;-;-;-
13.06.2025 21:00;13.06.2025 22:00;-;-;-;-;-;-;-;-;-;-;-;-;-;-;-;-;-
13.06.2025 22:00;13.06.2025 23:00;-;-;-;-;-;-;-;-;-;-;-;-;-;-;-;-;-
13.06.2025 23:00;14.06.2025 00:00;-;-;-;-;-;-;-;-;-;-;-;-;-;-;-;-;-
14.06.2025 00:00;14.06.2025 01:00;-;-;-;-;-;-;-;-;-;-;-;-;-;-;-;-;-
14.06.2025 01:00;14.06.2025 02:00;-;-;-;-;-;-;-;-;-;-;-;-;-;-;-;-;-
14.06.2025 02:00;14.06.2025 03:00;-;-;-;-;-;-;-;-;-;-;-;-;-;-;-;-;-
14.06.2025 03:00;14.06.2025 04:00;-;-;-;-;-;-;-;-;-;-;-;-;-;-;-;-;-
14.06.2025 04:00;14.06.2025 05:00;-;-;-;-;-;-;-;-;-;-;-;-;-;-;-;-;-
14.06.2025 05:00;14.06.2025 06:00;-;-;-;-;-;-;-;-;-;-;-;-;-;-;-;-;-
14.06.2025 06:00;14.06.2025 07:00;-;-;-;-;-;-;-;-;-;-;-;-;-;-;-;-;-
14.06.2025 07:00;14.06.2025 08:00;-;-;-;-;-;-;-;-;-;-;-;-;-;-;-;-;-
14.06.2025 08:00;14.06.2025 09:00;-;-;-;-;-;-;-;-;-;-;-;-;-;-;-;-;-
14.06.2025 09:00;14.06.2025 10:00;-;-;-;-;-;-;-;-;-;-;-;-;-;-;-;-;-
14.06.2025 10:00;14.06.2025 11:00;-;-;-;-;-;-;-;-;-;-;-;-;-;-;-;-;-
14.06.2025 11:00;14.06.2025 12:00;-;-;-;-;-;-;-;-;-;-;-;-;-;-;-;-;-
14.06.2025 12:00;14.06.2025 13:00;-;-;-;-;-;-;-;-;-;-;-;-;-;-;-;-;-
14.06.2025 13:00;14.06.2025 14:00;-;-;-;-;-;-;-;-;-;-;-;-;-;-;-;-;-
14.06.2025 14:00;14.06.2025 15:00;-;-;-;-;-;-;-;-;-;-;-;-;-;-;-;-;-
14.06.2025 15:00;14.06.2025 16:00;-;-;-;-;-;-;-;-;-;-;-;-;-;-;-;-;-
14.06.2025 16:00;14.06.2025 17:00;-;-;-;-;-;-;-;-;-;-;-;-;-;-;-;-;-
14.06.2025 17:00;14.06.2025 18:00;-;-;-;-;-;-;-;-;-;-;-;-;-;-;-;-;-
14.06.2025 18:00;14.06.2025 19:00;-;-;-;-;-;-;-;-;-;-;-;-;-;-;-;-;-
14.06.2025 19:00;14.06.2025 20:00;-;-;-;-;-;-;-;-;-;-;-;-;-;-;-;-;-
14.06.2025 20:00;14.06.2025 21:00;-;-;-;-;-;-;-;-;-;-;-;-;-;-;-;-;-
14.06.2025 21:00;14.06.2025 22:00;-;-;-;-;-;-;-;-;-;-;-;-;-;-;-;-;-
14.06.2025 22:00;14.06.2025 23:00;-;-;-;-;-;-;-;-;-;-;-;-;-;-;-;-;-
14.06.2025 23:00;15.06.2025 00:00;-;-;-;-;-;-;-;-;-;-;-;-;-;-;-;-;-
15.06.2025 00:00;15.06.2025 01:00;-;-;-;-;-;-;-;-;-;-;-;-;-;-;-;-;-
15.06.2025 01:00;15.06.2025 02:00;-;-;-;-;-;-;-;-;-;-;-;-;-;-;-;-;-
15.06.2025 02:00;15.06.2025 03:00;-;-;-;-;-;-;-;-;-;-;-;-;-;-;-;-;-
15.06.2025 03:00;15.06.2025 04:00;-;-;-;-;-;-;-;-;-;-;-;-;-;-;-;-;-
15.06.2025 04:00;15.06.2025 05:00;-;-;-;-;-;-;-;-;-;-;-;-;-;-;-;-;-
15.06.2025 05:00;15.06.2025 06:00;-;-;-;-;-;-;-;-;-;-;-;-;-;-;-;-;-
15.06.2025 06:00;15.06.2025 07:00;-;-;-;-;-;-;-;-;-;-;-;-;-;-;-;-;-
15.06.2025 07:00;15.06.2025 08:00;-;-;-;-;-;-;-;-;-;-;-;-;-;-;-;-;-
15.06.2025 08:00;15.06.2025 09:00;-;-;-;-;-;-;-;-;-;-;-;-;-;-;-;-;-
15.06.2025 09:00;15.06.2025 10:00;-;-;-;-;-;-;-;-;-;-;-;-;-;-;-;-;-
15.06.2025 10:00;15.06.2025 11:00;-;-;-;-;-;-;-;-;-;-;-;-;-;-;-;-;-
15.06.2025 11:00;15.06.2025 12:00;-;-;-;-;-;-;-;-;-;-;-;-;-;-;-;-;-
15.06.2025 12:00;15.06.2025 13:00;-;-;-;-;-;-;-;-;-;-;-;-;-;-;-;-;-
15.06.2025 13:00;15.06.2025 14:00;-;-;-;-;-;-;-;-;-;-;-;-;-;-;-;-;-
15.06.2025 14:00;15.06.2025 15:00;-;-;-;-;-;-;-;-;-;-;-;-;-;-;-;-;-
15.06.2025 15:00;15.06.2025 16:00;-;-;-;-;-;-;-;-;-;-;-;-;-;-;-;-;-
15.06.2025 16:00;15.06.2025 17:00;-;-;-;-;-;-;-;-;-;-;-;-;-;-;-;-;-
15.06.2025 17:00;15.06.2025 18:00;-;-;-;-;-;-;-;-;-;-;-;-;-;-;-;-;-
15.06.2025 18:00;15.06.2025 19:00;-;-;-;-;-;-;-;-;-;-;-;-;-;-;-;-;-
15.06.2025 19:00;15.06.2025 20:00;-;-;-;-;-;-;-;-;-;-;-;-;-;-;-;-;-
15.06.2025 20:00;15.06.2025 21:00;-;-;-;-;-;-;-;-;-;-;-;-;-;-;-;-;-
15.06.2025 21:00;15.06.2025 22:00;-;-;-;-;-;-;-;-;-;-;-;-;-;-;-;-;-
15.06.2025 22:00;15.06.2025 23:00;-;-;-;-;-;-;-;-;-;-;-;-;-;-;-;-;-
15.06.2025 23:00;16.06.2025 00:00;-;-;-;-;-;-;-;-;-;-;-;-;-;-;-;-;-
16.06.2025 00:00;16.06.2025 01:00;-;-;-;-;-;-;-;-;-;-;-;-;-;-;-;-;-
16.06.2025 01:00;16.06.2025 02:00;-;-;-;-;-;-;-;-;-;-;-;-;-;-;-;-;-
16.06.2025 02:00;16.06.2025 03:00;-;-;-;-;-;-;-;-;-;-;-;-;-;-;-;-;-
16.06.2025 03:00;16.06.2025 04:00;-;-;-;-;-;-;-;-;-;-;-;-;-;-;-;-;-
16.06.2025 04:00;16.06.2025 05:00;-;-;-;-;-;-;-;-;-;-;-;-;-;-;-;-;-
16.06.2025 05:00;16.06.2025 06:00;-;-;-;-;-;-;-;-;-;-;-;-;-;-;-;-;-
16.06.2025 06:00;16.06.2025 07:00;-;-;-;-;-;-;-;-;-;-;-;-;-;-;-;-;-
16.06.2025 07:00;16.06.2025 08:00;-;-;-;-;-;-;-;-;-;-;-;-;-;-;-;-;-
16.06.2025 08:00;16.06.2025 09:00;-;-;-;-;-;-;-;-;-;-;-;-;-;-;-;-;-
16.06.2025 09:00;16.06.2025 10:00;-;-;-;-;-;-;-;-;-;-;-;-;-;-;-;-;-
16.06.2025 10:00;16.06.2025 11:00;-;-;-;-;-;-;-;-;-;-;-;-;-;-;-;-;-
16.06.2025 11:00;16.06.2025 12:00;-;-;-;-;-;-;-;-;-;-;-;-;-;-;-;-;-
16.06.2025 12:00;16.06.2025 13:00;-;-;-;-;-;-;-;-;-;-;-;-;-;-;-;-;-
16.06.2025 13:00;16.06.2025 14:00;-;-;-;-;-;-;-;-;-;-;-;-;-;-;-;-;-
16.06.2025 14:00;16.06.2025 15:00;-;-;-;-;-;-;-;-;-;-;-;-;-;-;-;-;-
16.06.2025 15:00;16.06.2025 16:00;-;-;-;-;-;-;-;-;-;-;-;-;-;-;-;-;-
16.06.2025 16:00;16.06.2025 17:00;-;-;-;-;-;-;-;-;-;-;-;-;-;-;-;-;-
16.06.2025 17:00;16.06.2025 18:00;-;-;-;-;-;-;-;-;-;-;-;-;-;-;-;-;-
16.06.2025 18:00;16.06.2025 19:00;-;-;-;-;-;-;-;-;-;-;-;-;-;-;-;-;-
16.06.2025 19:00;16.06.2025 20:00;-;-;-;-;-;-;-;-;-;-;-;-;-;-;-;-;-
16.06.2025 20:00;16.06.2025 21:00;-;-;-;-;-;-;-;-;-;-;-;-;-;-;-;-;-
16.06.2025 21:00;16.06.2025 22:00;-;-;-;-;-;-;-;-;-;-;-;-;-;-;-;-;-
16.06.2025 22:00;16.06.2025 23:00;-;-;-;-;-;-;-;-;-;-;-;-;-;-;-;-;-
16.06.2025 23:00;17.06.2025 00:00;-;-;-;-;-;-;-;-;-;-;-;-;-;-;-;-;-
17.06.2025 00:00;17.06.2025 01:00;-;-;-;-;-;-;-;-;-;-;-;-;-;-;-;-;-
17.06.2025 01:00;17.06.2025 02:00;-;-;-;-;-;-;-;-;-;-;-;-;-;-;-;-;-
17.06.2025 02:00;17.06.2025 03:00;-;-;-;-;-;-;-;-;-;-;-;-;-;-;-;-;-
17.06.2025 03:00;17.06.2025 04:00;-;-;-;-;-;-;-;-;-;-;-;-;-;-;-;-;-
17.06.2025 04:00;17.06.2025 05:00;-;-;-;-;-;-;-;-;-;-;-;-;-;-;-;-;-
17.06.2025 05:00;17.06.2025 06:00;-;-;-;-;-;-;-;-;-;-;-;-;-;-;-;-;-
17.06.2025 06:00;17.06.2025 07:00;-;-;-;-;-;-;-;-;-;-;-;-;-;-;-;-;-
17.06.2025 07:00;17.06.2025 08:00;-;-;-;-;-;-;-;-;-;-;-;-;-;-;-;-;-
17.06.2025 08:00;17.06.2025 09:00;-;-;-;-;-;-;-;-;-;-;-;-;-;-;-;-;-
17.06.2025 09:00;17.06.2025 10:00;-;-;-;-;-;-;-;-;-;-;-;-;-;-;-;-;-
17.06.2025 10:00;17.06.2025 11:00;-;-;-;-;-;-;-;-;-;-;-;-;-;-;-;-;-
17.06.2025 11:00;17.06.2025 12:00;-;-;-;-;-;-;-;-;-;-;-;-;-;-;-;-;-
17.06.2025 12:00;17.06.2025 13:00;-;-;-;-;-;-;-;-;-;-;-;-;-;-;-;-;-
17.06.2025 13:00;17.06.2025 14:00;-;-;-;-;-;-;-;-;-;-;-;-;-;-;-;-;-
17.06.2025 14:00;17.06.2025 15:00;-;-;-;-;-;-;-;-;-;-;-;-;-;-;-;-;-
17.06.2025 15:00;17.06.2025 16:00;-;-;-;-;-;-;-;-;-;-;-;-;-;-;-;-;-
17.06.2025 16:00;17.06.2025 17:00;-;-;-;-;-;-;-;-;-;-;-;-;-;-;-;-;-
17.06.2025 17:00;17.06.2025 18:00;-;-;-;-;-;-;-;-;-;-;-;-;-;-;-;-;-
17.06.2025 18:00;17.06.2025 19:00;-;-;-;-;-;-;-;-;-;-;-;-;-;-;-;-;-
17.06.2025 19:00;17.06.2025 20:00;-;-;-;-;-;-;-;-;-;-;-;-;-;-;-;-;-
17.06.2025 20:00;17.06.2025 21:00;-;-;-;-;-;-;-;-;-;-;-;-;-;-;-;-;-
17.06.2025 21:00;17.06.2025 22:00;-;-;-;-;-;-;-;-;-;-;-;-;-;-;-;-;-
17.06.2025 22:00;17.06.2025 23:00;-;-;-;-;-;-;-;-;-;-;-;-;-;-;-;-;-
17.06.2025 23:00;18.06.2025 00:00;-;-;-;-;-;-;-;-;-;-;-;-;-;-;-;-;-
18.06.2025 00:00;18.06.2025 01:00;-;-;-;-;-;-;-;-;-;-;-;-;-;-;-;-;-
18.06.2025 01:00;18.06.2025 02:00;-;-;-;-;-;-;-;-;-;-;-;-;-;-;-;-;-
18.06.2025 02:00;18.06.2025 03:00;-;-;-;-;-;-;-;-;-;-;-;-;-;-;-;-;-
18.06.2025 03:00;18.06.2025 04:00;-;-;-;-;-;-;-;-;-;-;-;-;-;-;-;-;-
18.06.2025 04:00;18.06.2025 05:00;-;-;-;-;-;-;-;-;-;-;-;-;-;-;-;-;-
18.06.2025 05:00;18.06.2025 06:00;-;-;-;-;-;-;-;-;-;-;-;-;-;-;-;-;-
18.06.2025 06:00;18.06.2025 07:00;-;-;-;-;-;-;-;-;-;-;-;-;-;-;-;-;-
18.06.2025 07:00;18.06.2025 08:00;-;-;-;-;-;-;-;-;-;-;-;-;-;-;-;-;-
18.06.2025 08:00;18.06.2025 09:00;-;-;-;-;-;-;-;-;-;-;-;-;-;-;-;-;-
18.06.2025 09:00;18.06.2025 10:00;-;-;-;-;-;-;-;-;-;-;-;-;-;-;-;-;-
18.06.2025 10:00;18.06.2025 11:00;-;-;-;-;-;-;-;-;-;-;-;-;-;-;-;-;-
18.06.2025 11:00;18.06.2025 12:00;-;-;-;-;-;-;-;-;-;-;-;-;-;-;-;-;-
18.06.2025 12:00;18.06.2025 13:00;-;-;-;-;-;-;-;-;-;-;-;-;-;-;-;-;-
18.06.2025 13:00;18.06.2025 14:00;-;-;-;-;-;-;-;-;-;-;-;-;-;-;-;-;-
18.06.2025 14:00;18.06.2025 15:00;-;-;-;-;-;-;-;-;-;-;-;-;-;-;-;-;-
18.06.2025 15:00;18.06.2025 16:00;-;-;-;-;-;-;-;-;-;-;-;-;-;-;-;-;-
18.06.2025 16:00;18.06.2025 17:00;-;-;-;-;-;-;-;-;-;-;-;-;-;-;-;-;-
18.06.2025 17:00;18.06.2025 18:00;-;-;-;-;-;-;-;-;-;-;-;-;-;-;-;-;-
18.06.2025 18:00;18.06.2025 19:00;-;-;-;-;-;-;-;-;-;-;-;-;-;-;-;-;-
18.06.2025 19:00;18.06.2025 20:00;-;-;-;-;-;-;-;-;-;-;-;-;-;-;-;-;-
18.06.2025 20:00;18.06.2025 21:00;-;-;-;-;-;-;-;-;-;-;-;-;-;-;-;-;-
18.06.2025 21:00;18.06.2025 22:00;-;-;-;-;-;-;-;-;-;-;-;-;-;-;-;-;-
18.06.2025 22:00;18.06.2025 23:00;-;-;-;-;-;-;-;-;-;-;-;-;-;-;-;-;-
18.06.2025 23:00;19.06.2025 00:00;-;-;-;-;-;-;-;-;-;-;-;-;-;-;-;-;-
19.06.2025 00:00;19.06.2025 01:00;-;-;-;-;-;-;-;-;-;-;-;-;-;-;-;-;-
19.06.2025 01:00;19.06.2025 02:00;-;-;-;-;-;-;-;-;-;-;-;-;-;-;-;-;-
19.06.2025 02:00;19.06.2025 03:00;-;-;-;-;-;-;-;-;-;-;-;-;-;-;-;-;-
19.06.2025 03:00;19.06.2025 04:00;-;-;-;-;-;-;-;-;-;-;-;-;-;-;-;-;-
19.06.2025 04:00;19.06.2025 05:00;-;-;-;-;-;-;-;-;-;-;-;-;-;-;-;-;-
19.06.2025 05:00;19.06.2025 06:00;-;-;-;-;-;-;-;-;-;-;-;-;-;-;-;-;-
19.06.2025 06:00;19.06.2025 07:00;-;-;-;-;-;-;-;-;-;-;-;-;-;-;-;-;-
19.06.2025 07:00;19.06.2025 08:00;-;-;-;-;-;-;-;-;-;-;-;-;-;-;-;-;-
19.06.2025 08:00;19.06.2025 09:00;-;-;-;-;-;-;-;-;-;-;-;-;-;-;-;-;-
19.06.2025 09:00;19.06.2025 10:00;-;-;-;-;-;-;-;-;-;-;-;-;-;-;-;-;-
19.06.2025 10:00;19.06.2025 11:00;-;-;-;-;-;-;-;-;-;-;-;-;-;-;-;-;-
19.06.2025 11:00;19.06.2025 12:00;-;-;-;-;-;-;-;-;-;-;-;-;-;-;-;-;-
19.06.2025 12:00;19.06.2025 13:00;-;-;-;-;-;-;-;-;-;-;-;-;-;-;-;-;-
19.06.2025 13:00;19.06.2025 14:00;-;-;-;-;-;-;-;-;-;-;-;-;-;-;-;-;-
19.06.2025 14:00;19.06.2025 15:00;-;-;-;-;-;-;-;-;-;-;-;-;-;-;-;-;-
19.06.2025 15:00;19.06.2025 16:00;-;-;-;-;-;-;-;-;-;-;-;-;-;-;-;-;-
19.06.2025 16:00;19.06.2025 17:00;-;-;-;-;-;-;-;-;-;-;-;-;-;-;-;-;-
19.06.2025 17:00;19.06.2025 18:00;-;-;-;-;-;-;-;-;-;-;-;-;-;-;-;-;-
19.06.2025 18:00;19.06.2025 19:00;-;-;-;-;-;-;-;-;-;-;-;-;-;-;-;-;-
19.06.2025 19:00;19.06.2025 20:00;-;-;-;-;-;-;-;-;-;-;-;-;-;-;-;-;-
19.06.2025 20:00;19.06.2025 21:00;-;-;-;-;-;-;-;-;-;-;-;-;-;-;-;-;-
19.06.2025 21:00;19.06.2025 22:00;-;-;-;-;-;-;-;-;-;-;-;-;-;-;-;-;-
19.06.2025 22:00;19.06.2025 23:00;-;-;-;-;-;-;-;-;-;-;-;-;-;-;-;-;-
19.06.2025 23:00;20.06.2025 00:00;-;-;-;-;-;-;-;-;-;-;-;-;-;-;-;-;-
20.06.2025 00:00;20.06.2025 01:00;-;-;-;-;-;-;-;-;-;-;-;-;-;-;-;-;-
20.06.2025 01:00;20.06.2025 02:00;-;-;-;-;-;-;-;-;-;-;-;-;-;-;-;-;-
20.06.2025 02:00;20.06.2025 03:00;-;-;-;-;-;-;-;-;-;-;-;-;-;-;-;-;-
20.06.2025 03:00;20.06.2025 04:00;-;-;-;-;-;-;-;-;-;-;-;-;-;-;-;-;-
20.06.2025 04:00;20.06.2025 05:00;-;-;-;-;-;-;-;-;-;-;-;-;-;-;-;-;-
20.06.2025 05:00;20.06.2025 06:00;-;-;-;-;-;-;-;-;-;-;-;-;-;-;-;-;-
20.06.2025 06:00;20.06.2025 07:00;-;-;-;-;-;-;-;-;-;-;-;-;-;-;-;-;-
20.06.2025 07:00;20.06.2025 08:00;-;-;-;-;-;-;-;-;-;-;-;-;-;-;-;-;-
20.06.2025 08:00;20.06.2025 09:00;-;-;-;-;-;-;-;-;-;-;-;-;-;-;-;-;-
20.06.2025 09:00;20.06.2025 10:00;-;-;-;-;-;-;-;-;-;-;-;-;-;-;-;-;-
20.06.2025 10:00;20.06.2025 11:00;-;-;-;-;-;-;-;-;-;-;-;-;-;-;-;-;-
20.06.2025 11:00;20.06.2025 12:00;-;-;-;-;-;-;-;-;-;-;-;-;-;-;-;-;-
20.06.2025 12:00;20.06.2025 13:00;-;-;-;-;-;-;-;-;-;-;-;-;-;-;-;-;-
20.06.2025 13:00;20.06.2025 14:00;-;-;-;-;-;-;-;-;-;-;-;-;-;-;-;-;-
20.06.2025 14:00;20.06.2025 15:00;-;-;-;-;-;-;-;-;-;-;-;-;-;-;-;-;-
20.06.2025 15:00;20.06.2025 16:00;-;-;-;-;-;-;-;-;-;-;-;-;-;-;-;-;-
20.06.2025 16:00;20.06.2025 17:00;-;-;-;-;-;-;-;-;-;-;-;-;-;-;-;-;-
20.06.2025 17:00;20.06.2025 18:00;-;-;-;-;-;-;-;-;-;-;-;-;-;-;-;-;-
20.06.2025 18:00;20.06.2025 19:00;-;-;-;-;-;-;-;-;-;-;-;-;-;-;-;-;-
20.06.2025 19:00;20.06.2025 20:00;-;-;-;-;-;-;-;-;-;-;-;-;-;-;-;-;-
20.06.2025 20:00;20.06.2025 21:00;-;-;-;-;-;-;-;-;-;-;-;-;-;-;-;-;-
20.06.2025 21:00;20.06.2025 22:00;-;-;-;-;-;-;-;-;-;-;-;-;-;-;-;-;-
20.06.2025 22:00;20.06.2025 23:00;-;-;-;-;-;-;-;-;-;-;-;-;-;-;-;-;-
20.06.2025 23:00;21.06.2025 00:00;-;-;-;-;-;-;-;-;-;-;-;-;-;-;-;-;-
21.06.2025 00:00;21.06.2025 01:00;-;-;-;-;-;-;-;-;-;-;-;-;-;-;-;-;-
21.06.2025 01:00;21.06.2025 02:00;-;-;-;-;-;-;-;-;-;-;-;-;-;-;-;-;-
21.06.2025 02:00;21.06.2025 03:00;-;-;-;-;-;-;-;-;-;-;-;-;-;-;-;-;-
21.06.2025 03:00;21.06.2025 04:00;-;-;-;-;-;-;-;-;-;-;-;-;-;-;-;-;-
21.06.2025 04:00;21.06.2025 05:00;-;-;-;-;-;-;-;-;-;-;-;-;-;-;-;-;-
21.06.2025 05:00;21.06.2025 06:00;-;-;-;-;-;-;-;-;-;-;-;-;-;-;-;-;-
21.06.2025 06:00;21.06.2025 07:00;-;-;-;-;-;-;-;-;-;-;-;-;-;-;-;-;-
21.06.2025 07:00;21.06.2025 08:00;-;-;-;-;-;-;-;-;-;-;-;-;-;-;-;-;-
21.06.2025 08:00;21.06.2025 09:00;-;-;-;-;-;-;-;-;-;-;-;-;-;-;-;-;-
21.06.2025 09:00;21.06.2025 10:00;-;-;-;-;-;-;-;-;-;-;-;-;-;-;-;-;-
21.06.2025 10:00;21.06.2025 11:00;-;-;-;-;-;-;-;-;-;-;-;-;-;-;-;-;-
21.06.2025 11:00;21.06.2025 12:00;-;-;-;-;-;-;-;-;-;-;-;-;-;-;-;-;-
21.06.2025 12:00;21.06.2025 13:00;-;-;-;-;-;-;-;-;-;-;-;-;-;-;-;-;-
21.06.2025 13:00;21.06.2025 14:00;-;-;-;-;-;-;-;-;-;-;-;-;-;-;-;-;-
21.06.2025 14:00;21.06.2025 15:00;-;-;-;-;-;-;-;-;-;-;-;-;-;-;-;-;-
21.06.2025 15:00;21.06.2025 16:00;-;-;-;-;-;-;-;-;-;-;-;-;-;-;-;-;-
21.06.2025 16:00;21.06.2025 17:00;-;-;-;-;-;-;-;-;-;-;-;-;-;-;-;-;-
21.06.2025 17:00;21.06.2025 18:00;-;-;-;-;-;-;-;-;-;-;-;-;-;-;-;-;-
21.06.2025 18:00;21.06.2025 19:00;-;-;-;-;-;-;-;-;-;-;-;-;-;-;-;-;-
21.06.2025 19:00;21.06.2025 20:00;-;-;-;-;-;-;-;-;-;-;-;-;-;-;-;-;-
21.06.2025 20:00;21.06.2025 21:00;-;-;-;-;-;-;-;-;-;-;-;-;-;-;-;-;-
21.06.2025 21:00;21.06.2025 22:00;-;-;-;-;-;-;-;-;-;-;-;-;-;-;-;-;-
21.06.2025 22:00;21.06.2025 23:00;-;-;-;-;-;-;-;-;-;-;-;-;-;-;-;-;-
21.06.2025 23:00;22.06.2025 00:00;-;-;-;-;-;-;-;-;-;-;-;-;-;-;-;-;-
22.06.2025 00:00;22.06.2025 01:00;-;-;-;-;-;-;-;-;-;-;-;-;-;-;-;-;-
22.06.2025 01:00;22.06.2025 02:00;-;-;-;-;-;-;-;-;-;-;-;-;-;-;-;-;-
22.06.2025 02:00;22.06.2025 03:00;-;-;-;-;-;-;-;-;-;-;-;-;-;-;-;-;-
22.06.2025 03:00;22.06.2025 04:00;-;-;-;-;-;-;-;-;-;-;-;-;-;-;-;-;-
22.06.2025 04:00;22.06.2025 05:00;-;-;-;-;-;-;-;-;-;-;-;-;-;-;-;-;-
22.06.2025 05:00;22.06.2025 06:00;-;-;-;-;-;-;-;-;-;-;-;-;-;-;-;-;-
22.06.2025 06:00;22.06.2025 07:00;-;-;-;-;-;-;-;-;-;-;-;-;-;-;-;-;-
22.06.2025 07:00;22.06.2025 08:00;-;-;-;-;-;-;-;-;-;-;-;-;-;-;-;-;-
22.06.2025 08:00;22.06.2025 09:00;-;-;-;-;-;-;-;-;-;-;-;-;-;-;-;-;-
22.06.2025 09:00;22.06.2025 10:00;-;-;-;-;-;-;-;-;-;-;-;-;-;-;-;-;-
22.06.2025 10:00;22.06.2025 11:00;-;-;-;-;-;-;-;-;-;-;-;-;-;-;-;-;-
22.06.2025 11:00;22.06.2025 12:00;-;-;-;-;-;-;-;-;-;-;-;-;-;-;-;-;-
22.06.2025 12:00;22.06.2025 13:00;-;-;-;-;-;-;-;-;-;-;-;-;-;-;-;-;-
22.06.2025 13:00;22.06.2025 14:00;-;-;-;-;-;-;-;-;-;-;-;-;-;-;-;-;-
22.06.2025 14:00;22.06.2025 15:00;-;-;-;-;-;-;-;-;-;-;-;-;-;-;-;-;-
22.06.2025 15:00;22.06.2025 16:00;-;-;-;-;-;-;-;-;-;-;-;-;-;-;-;-;-
22.06.2025 16:00;22.06.2025 17:00;-;-;-;-;-;-;-;-;-;-;-;-;-;-;-;-;-
22.06.2025 17:00;22.06.2025 18:00;-;-;-;-;-;-;-;-;-;-;-;-;-;-;-;-;-
22.06.2025 18:00;22.06.2025 19:00;-;-;-;-;-;-;-;-;-;-;-;-;-;-;-;-;-
22.06.2025 19:00;22.06.2025 20:00;-;-;-;-;-;-;-;-;-;-;-;-;-;-;-;-;-
22.06.2025 20:00;22.06.2025 21:00;-;-;-;-;-;-;-;-;-;-;-;-;-;-;-;-;-
22.06.2025 21:00;22.06.2025 22:00;-;-;-;-;-;-;-;-;-;-;-;-;-;-;-;-;-
22.06.2025 22:00;22.06.2025 23:00;-;-;-;-;-;-;-;-;-;-;-;-;-;-;-;-;-
22.06.2025 23:00;23.06.2025 00:00;-;-;-;-;-;-;-;-;-;-;-;-;-;-;-;-;-
23.06.2025 00:00;23.06.2025 01:00;-;-;-;-;-;-;-;-;-;-;-;-;-;-;-;-;-
23.06.2025 01:00;23.06.2025 02:00;-;-;-;-;-;-;-;-;-;-;-;-;-;-;-;-;-
23.06.2025 02:00;23.06.2025 03:00;-;-;-;-;-;-;-;-;-;-;-;-;-;-;-;-;-
23.06.2025 03:00;23.06.2025 04:00;-;-;-;-;-;-;-;-;-;-;-;-;-;-;-;-;-
23.06.2025 04:00;23.06.2025 05:00;-;-;-;-;-;-;-;-;-;-;-;-;-;-;-;-;-
23.06.2025 05:00;23.06.2025 06:00;-;-;-;-;-;-;-;-;-;-;-;-;-;-;-;-;-
23.06.2025 06:00;23.06.2025 07:00;-;-;-;-;-;-;-;-;-;-;-;-;-;-;-;-;-
23.06.2025 07:00;23.06.2025 08:00;-;-;-;-;-;-;-;-;-;-;-;-;-;-;-;-;-
23.06.2025 08:00;23.06.2025 09:00;-;-;-;-;-;-;-;-;-;-;-;-;-;-;-;-;-
23.06.2025 09:00;23.06.2025 10:00;-;-;-;-;-;-;-;-;-;-;-;-;-;-;-;-;-
23.06.2025 10:00;23.06.2025 11:00;-;-;-;-;-;-;-;-;-;-;-;-;-;-;-;-;-
23.06.2025 11:00;23.06.2025 12:00;-;-;-;-;-;-;-;-;-;-;-;-;-;-;-;-;-
23.06.2025 12:00;23.06.2025 13:00;-;-;-;-;-;-;-;-;-;-;-;-;-;-;-;-;-
23.06.2025 13:00;23.06.2025 14:00;-;-;-;-;-;-;-;-;-;-;-;-;-;-;-;-;-
23.06.2025 14:00;23.06.2025 15:00;-;-;-;-;-;-;-;-;-;-;-;-;-;-;-;-;-
23.06.2025 15:00;23.06.2025 16:00;-;-;-;-;-;-;-;-;-;-;-;-;-;-;-;-;-
23.06.2025 16:00;23.06.2025 17:00;-;-;-;-;-;-;-;-;-;-;-;-;-;-;-;-;-
23.06.2025 17:00;23.06.2025 18:00;-;-;-;-;-;-;-;-;-;-;-;-;-;-;-;-;-
23.06.2025 18:00;23.06.2025 19:00;-;-;-;-;-;-;-;-;-;-;-;-;-;-;-;-;-
23.06.2025 19:00;23.06.2025 20:00;-;-;-;-;-;-;-;-;-;-;-;-;-;-;-;-;-
23.06.2025 20:00;23.06.2025 21:00;-;-;-;-;-;-;-;-;-;-;-;-;-;-;-;-;-
23.06.2025 21:00;23.06.2025 22:00;-;-;-;-;-;-;-;-;-;-;-;-;-;-;-;-;-
23.06.2025 22:00;23.06.2025 23:00;-;-;-;-;-;-;-;-;-;-;-;-;-;-;-;-;-
23.06.2025 23:00;24.06.2025 00:00;-;-;-;-;-;-;-;-;-;-;-;-;-;-;-;-;-
24.06.2025 00:00;24.06.2025 01:00;-;-;-;-;-;-;-;-;-;-;-;-;-;-;-;-;-
24.06.2025 01:00;24.06.2025 02:00;-;-;-;-;-;-;-;-;-;-;-;-;-;-;-;-;-
24.06.2025 02:00;24.06.2025 03:00;-;-;-;-;-;-;-;-;-;-;-;-;-;-;-;-;-
24.06.2025 03:00;24.06.2025 04:00;-;-;-;-;-;-;-;-;-;-;-;-;-;-;-;-;-
24.06.2025 04:00;24.06.2025 05:00;-;-;-;-;-;-;-;-;-;-;-;-;-;-;-;-;-
24.06.2025 05:00;24.06.2025 06:00;-;-;-;-;-;-;-;-;-;-;-;-;-;-;-;-;-
24.06.2025 06:00;24.06.2025 07:00;-;-;-;-;-;-;-;-;-;-;-;-;-;-;-;-;-
24.06.2025 07:00;24.06.2025 08:00;-;-;-;-;-;-;-;-;-;-;-;-;-;-;-;-;-
24.06.2025 08:00;24.06.2025 09:00;-;-;-;-;-;-;-;-;-;-;-;-;-;-;-;-;-
24.06.2025 09:00;24.06.2025 10:00;-;-;-;-;-;-;-;-;-;-;-;-;-;-;-;-;-
24.06.2025 10:00;24.06.2025 11:00;-;-;-;-;-;-;-;-;-;-;-;-;-;-;-;-;-
24.06.2025 11:00;24.06.2025 12:00;-;-;-;-;-;-;-;-;-;-;-;-;-;-;-;-;-
24.06.2025 12:00;24.06.2025 13:00;-;-;-;-;-;-;-;-;-;-;-;-;-;-;-;-;-
24.06.2025 13:00;24.06.2025 14:00;-;-;-;-;-;-;-;-;-;-;-;-;-;-;-;-;-
24.06.2025 14:00;24.06.2025 15:00;-;-;-;-;-;-;-;-;-;-;-;-;-;-;-;-;-
24.06.2025 15:00;24.06.2025 16:00;-;-;-;-;-;-;-;-;-;-;-;-;-;-;-;-;-
24.06.2025 16:00;24.06.2025 17:00;-;-;-;-;-;-;-;-;-;-;-;-;-;-;-;-;-
24.06.2025 17:00;24.06.2025 18:00;-;-;-;-;-;-;-;-;-;-;-;-;-;-;-;-;-
24.06.2025 18:00;24.06.2025 19:00;-;-;-;-;-;-;-;-;-;-;-;-;-;-;-;-;-
24.06.2025 19:00;24.06.2025 20:00;-;-;-;-;-;-;-;-;-;-;-;-;-;-;-;-;-
24.06.2025 20:00;24.06.2025 21:00;-;-;-;-;-;-;-;-;-;-;-;-;-;-;-;-;-
24.06.2025 21:00;24.06.2025 22:00;-;-;-;-;-;-;-;-;-;-;-;-;-;-;-;-;-
24.06.2025 22:00;24.06.2025 23:00;-;-;-;-;-;-;-;-;-;-;-;-;-;-;-;-;-
24.06.2025 23:00;25.06.2025 00:00;-;-;-;-;-;-;-;-;-;-;-;-;-;-;-;-;-
25.06.2025 00:00;25.06.2025 01:00;-;-;-;-;-;-;-;-;-;-;-;-;-;-;-;-;-
25.06.2025 01:00;25.06.2025 02:00;-;-;-;-;-;-;-;-;-;-;-;-;-;-;-;-;-
25.06.2025 02:00;25.06.2025 03:00;-;-;-;-;-;-;-;-;-;-;-;-;-;-;-;-;-
25.06.2025 03:00;25.06.2025 04:00;-;-;-;-;-;-;-;-;-;-;-;-;-;-;-;-;-
25.06.2025 04:00;25.06.2025 05:00;-;-;-;-;-;-;-;-;-;-;-;-;-;-;-;-;-
25.06.2025 05:00;25.06.2025 06:00;-;-;-;-;-;-;-;-;-;-;-;-;-;-;-;-;-
25.06.2025 06:00;25.06.2025 07:00;-;-;-;-;-;-;-;-;-;-;-;-;-;-;-;-;-
25.06.2025 07:00;25.06.2025 08:00;-;-;-;-;-;-;-;-;-;-;-;-;-;-;-;-;-
25.06.2025 08:00;25.06.2025 09:00;-;-;-;-;-;-;-;-;-;-;-;-;-;-;-;-;-
25.06.2025 09:00;25.06.2025 10:00;-;-;-;-;-;-;-;-;-;-;-;-;-;-;-;-;-
25.06.2025 10:00;25.06.2025 11:00;-;-;-;-;-;-;-;-;-;-;-;-;-;-;-;-;-
25.06.2025 11:00;25.06.2025 12:00;-;-;-;-;-;-;-;-;-;-;-;-;-;-;-;-;-
25.06.2025 12:00;25.06.2025 13:00;-;-;-;-;-;-;-;-;-;-;-;-;-;-;-;-;-
25.06.2025 13:00;25.06.2025 14:00;-;-;-;-;-;-;-;-;-;-;-;-;-;-;-;-;-
25.06.2025 14:00;25.06.2025 15:00;-;-;-;-;-;-;-;-;-;-;-;-;-;-;-;-;-
25.06.2025 15:00;25.06.2025 16:00;-;-;-;-;-;-;-;-;-;-;-;-;-;-;-;-;-
25.06.2025 16:00;25.06.2025 17:00;-;-;-;-;-;-;-;-;-;-;-;-;-;-;-;-;-
25.06.2025 17:00;25.06.2025 18:00;-;-;-;-;-;-;-;-;-;-;-;-;-;-;-;-;-
25.06.2025 18:00;25.06.2025 19:00;-;-;-;-;-;-;-;-;-;-;-;-;-;-;-;-;-
25.06.2025 19:00;25.06.2025 20:00;-;-;-;-;-;-;-;-;-;-;-;-;-;-;-;-;-
25.06.2025 20:00;25.06.2025 21:00;-;-;-;-;-;-;-;-;-;-;-;-;-;-;-;-;-
25.06.2025 21:00;25.06.2025 22:00;-;-;-;-;-;-;-;-;-;-;-;-;-;-;-;-;-
25.06.2025 22:00;25.06.2025 23:00;-;-;-;-;-;-;-;-;-;-;-;-;-;-;-;-;-
25.06.2025 23:00;26.06.2025 00:00;-;-;-;-;-;-;-;-;-;-;-;-;-;-;-;-;-
26.06.2025 00:00;26.06.2025 01:00;-;-;-;-;-;-;-;-;-;-;-;-;-;-;-;-;-
26.06.2025 01:00;26.06.2025 02:00;-;-;-;-;-;-;-;-;-;-;-;-;-;-;-;-;-
26.06.2025 02:00;26.06.2025 03:00;-;-;-;-;-;-;-;-;-;-;-;-;-;-;-;-;-
26.06.2025 03:00;26.06.2025 04:00;-;-;-;-;-;-;-;-;-;-;-;-;-;-;-;-;-
26.06.2025 04:00;26.06.2025 05:00;-;-;-;-;-;-;-;-;-;-;-;-;-;-;-;-;-
26.06.2025 05:00;26.06.2025 06:00;-;-;-;-;-;-;-;-;-;-;-;-;-;-;-;-;-
26.06.2025 06:00;26.06.2025 07:00;-;-;-;-;-;-;-;-;-;-;-;-;-;-;-;-;-
26.06.2025 07:00;26.06.2025 08:00;-;-;-;-;-;-;-;-;-;-;-;-;-;-;-;-;-
26.06.2025 08:00;26.06.2025 09:00;-;-;-;-;-;-;-;-;-;-;-;-;-;-;-;-;-
26.06.2025 09:00;26.06.2025 10:00;-;-;-;-;-;-;-;-;-;-;-;-;-;-;-;-;-
26.06.2025 10:00;26.06.2025 11:00;-;-;-;-;-;-;-;-;-;-;-;-;-;-;-;-;-
26.06.2025 11:00;26.06.2025 12:00;-;-;-;-;-;-;-;-;-;-;-;-;-;-;-;-;-
26.06.2025 12:00;26.06.2025 13:00;-;-;-;-;-;-;-;-;-;-;-;-;-;-;-;-;-
26.06.2025 13:00;26.06.2025 14:00;-;-;-;-;-;-;-;-;-;-;-;-;-;-;-;-;-
26.06.2025 14:00;26.06.2025 15:00;-;-;-;-;-;-;-;-;-;-;-;-;-;-;-;-;-
26.06.2025 15:00;26.06.2025 16:00;-;-;-;-;-;-;-;-;-;-;-;-;-;-;-;-;-
26.06.2025 16:00;26.06.2025 17:00;-;-;-;-;-;-;-;-;-;-;-;-;-;-;-;-;-
26.06.2025 17:00;26.06.2025 18:00;-;-;-;-;-;-;-;-;-;-;-;-;-;-;-;-;-
26.06.2025 18:00;26.06.2025 19:00;-;-;-;-;-;-;-;-;-;-;-;-;-;-;-;-;-
26.06.2025 19:00;26.06.2025 20:00;-;-;-;-;-;-;-;-;-;-;-;-;-;-;-;-;-
26.06.2025 20:00;26.06.2025 21:00;-;-;-;-;-;-;-;-;-;-;-;-;-;-;-;-;-
26.06.2025 21:00;26.06.2025 22:00;-;-;-;-;-;-;-;-;-;-;-;-;-;-;-;-;-
26.06.2025 22:00;26.06.2025 23:00;-;-;-;-;-;-;-;-;-;-;-;-;-;-;-;-;-
26.06.2025 23:00;27.06.2025 00:00;-;-;-;-;-;-;-;-;-;-;-;-;-;-;-;-;-
27.06.2025 00:00;27.06.2025 01:00;-;-;-;-;-;-;-;-;-;-;-;-;-;-;-;-;-
27.06.2025 01:00;27.06.2025 02:00;-;-;-;-;-;-;-;-;-;-;-;-;-;-;-;-;-
27.06.2025 02:00;27.06.2025 03:00;-;-;-;-;-;-;-;-;-;-;-;-;-;-;-;-;-
27.06.2025 03:00;27.06.2025 04:00;-;-;-;-;-;-;-;-;-;-;-;-;-;-;-;-;-
27.06.2025 04:00;27.06.2025 05:00;-;-;-;-;-;-;-;-;-;-;-;-;-;-;-;-;-
27.06.2025 05:00;27.06.2025 06:00;-;-;-;-;-;-;-;-;-;-;-;-;-;-;-;-;-
27.06.2025 06:00;27.06.2025 07:00;-;-;-;-;-;-;-;-;-;-;-;-;-;-;-;-;-
27.06.2025 07:00;27.06.2025 08:00;-;-;-;-;-;-;-;-;-;-;-;-;-;-;-;-;-
27.06.2025 08:00;27.06.2025 09:00;-;-;-;-;-;-;-;-;-;-;-;-;-;-;-;-;-
27.06.2025 09:00;27.06.2025 10:00;-;-;-;-;-;-;-;-;-;-;-;-;-;-;-;-;-
27.06.2025 10:00;27.06.2025 11:00;-;-;-;-;-;-;-;-;-;-;-;-;-;-;-;-;-
27.06.2025 11:00;27.06.2025 12:00;-;-;-;-;-;-;-;-;-;-;-;-;-;-;-;-;-
27.06.2025 12:00;27.06.2025 13:00;-;-;-;-;-;-;-;-;-;-;-;-;-;-;-;-;-
27.06.2025 13:00;27.06.2025 14:00;-;-;-;-;-;-;-;-;-;-;-;-;-;-;-;-;-
27.06.2025 14:00;27.06.2025 15:00;-;-;-;-;-;-;-;-;-;-;-;-;-;-;-;-;-
27.06.2025 15:00;27.06.2025 16:00;-;-;-;-;-;-;-;-;-;-;-;-;-;-;-;-;-
27.06.2025 16:00;27.06.2025 17:00;-;-;-;-;-;-;-;-;-;-;-;-;-;-;-;-;-
27.06.2025 17:00;27.06.2025 18:00;-;-;-;-;-;-;-;-;-;-;-;-;-;-;-;-;-
27.06.2025 18:00;27.06.2025 19:00;-;-;-;-;-;-;-;-;-;-;-;-;-;-;-;-;-
27.06.2025 19:00;27.06.2025 20:00;-;-;-;-;-;-;-;-;-;-;-;-;-;-;-;-;-
27.06.2025 20:00;27.06.2025 21:00;-;-;-;-;-;-;-;-;-;-;-;-;-;-;-;-;-
27.06.2025 21:00;27.06.2025 22:00;-;-;-;-;-;-;-;-;-;-;-;-;-;-;-;-;-
27.06.2025 22:00;27.06.2025 23:00;-;-;-;-;-;-;-;-;-;-;-;-;-;-;-;-;-
27.06.2025 23:00;28.06.2025 00:00;-;-;-;-;-;-;-;-;-;-;-;-;-;-;-;-;-
28.06.2025 00:00;28.06.2025 01:00;-;-;-;-;-;-;-;-;-;-;-;-;-;-;-;-;-
28.06.2025 01:00;28.06.2025 02:00;-;-;-;-;-;-;-;-;-;-;-;-;-;-;-;-;-
28.06.2025 02:00;28.06.2025 03:00;-;-;-;-;-;-;-;-;-;-;-;-;-;-;-;-;-
28.06.2025 03:00;28.06.2025 04:00;-;-;-;-;-;-;-;-;-;-;-;-;-;-;-;-;-
28.06.2025 04:00;28.06.2025 05:00;-;-;-;-;-;-;-;-;-;-;-;-;-;-;-;-;-
28.06.2025 05:00;28.06.2025 06:00;-;-;-;-;-;-;-;-;-;-;-;-;-;-;-;-;-
28.06.2025 06:00;28.06.2025 07:00;-;-;-;-;-;-;-;-;-;-;-;-;-;-;-;-;-
28.06.2025 07:00;28.06.2025 08:00;-;-;-;-;-;-;-;-;-;-;-;-;-;-;-;-;-
28.06.2025 08:00;28.06.2025 09:00;-;-;-;-;-;-;-;-;-;-;-;-;-;-;-;-;-
28.06.2025 09:00;28.06.2025 10:00;-;-;-;-;-;-;-;-;-;-;-;-;-;-;-;-;-
28.06.2025 10:00;28.06.2025 11:00;-;-;-;-;-;-;-;-;-;-;-;-;-;-;-;-;-
28.06.2025 11:00;28.06.2025 12:00;-;-;-;-;-;-;-;-;-;-;-;-;-;-;-;-;-
28.06.2025 12:00;28.06.2025 13:00;-;-;-;-;-;-;-;-;-;-;-;-;-;-;-;-;-
28.06.2025 13:00;28.06.2025 14:00;-;-;-;-;-;-;-;-;-;-;-;-;-;-;-;-;-
28.06.2025 14:00;28.06.2025 15:00;-;-;-;-;-;-;-;-;-;-;-;-;-;-;-;-;-
28.06.2025 15:00;28.06.2025 16:00;-;-;-;-;-;-;-;-;-;-;-;-;-;-;-;-;-
28.06.2025 16:00;28.06.2025 17:00;-;-;-;-;-;-;-;-;-;-;-;-;-;-;-;-;-
28.06.2025 17:00;28.06.2025 18:00;-;-;-;-;-;-;-;-;-;-;-;-;-;-;-;-;-
28.06.2025 18:00;28.06.2025 19:00;-;-;-;-;-;-;-;-;-;-;-;-;-;-;-;-;-
28.06.2025 19:00;28.06.2025 20:00;-;-;-;-;-;-;-;-;-;-;-;-;-;-;-;-;-
28.06.2025 20:00;28.06.2025 21:00;-;-;-;-;-;-;-;-;-;-;-;-;-;-;-;-;-
28.06.2025 21:00;28.06.2025 22:00;-;-;-;-;-;-;-;-;-;-;-;-;-;-;-;-;-
28.06.2025 22:00;28.06.2025 23:00;-;-;-;-;-;-;-;-;-;-;-;-;-;-;-;-;-
28.06.2025 23:00;29.06.2025 00:00;-;-;-;-;-;-;-;-;-;-;-;-;-;-;-;-;-
29.06.2025 00:00;29.06.2025 01:00;-;-;-;-;-;-;-;-;-;-;-;-;-;-;-;-;-
29.06.2025 01:00;29.06.2025 02:00;-;-;-;-;-;-;-;-;-;-;-;-;-;-;-;-;-
29.06.2025 02:00;29.06.2025 03:00;-;-;-;-;-;-;-;-;-;-;-;-;-;-;-;-;-
29.06.2025 03:00;29.06.2025 04:00;-;-;-;-;-;-;-;-;-;-;-;-;-;-;-;-;-
29.06.2025 04:00;29.06.2025 05:00;-;-;-;-;-;-;-;-;-;-;-;-;-;-;-;-;-
29.06.2025 05:00;29.06.2025 06:00;-;-;-;-;-;-;-;-;-;-;-;-;-;-;-;-;-
29.06.2025 06:00;29.06.2025 07:00;-;-;-;-;-;-;-;-;-;-;-;-;-;-;-;-;-
29.06.2025 07:00;29.06.2025 08:00;-;-;-;-;-;-;-;-;-;-;-;-;-;-;-;-;-
29.06.2025 08:00;29.06.2025 09:00;-;-;-;-;-;-;-;-;-;-;-;-;-;-;-;-;-
29.06.2025 09:00;29.06.2025 10:00;-;-;-;-;-;-;-;-;-;-;-;-;-;-;-;-;-
29.06.2025 10:00;29.06.2025 11:00;-;-;-;-;-;-;-;-;-;-;-;-;-;-;-;-;-
29.06.2025 11:00;29.06.2025 12:00;-;-;-;-;-;-;-;-;-;-;-;-;-;-;-;-;-
29.06.2025 12:00;29.06.2025 13:00;-;-;-;-;-;-;-;-;-;-;-;-;-;-;-;-;-
29.06.2025 13:00;29.06.2025 14:00;-;-;-;-;-;-;-;-;-;-;-;-;-;-;-;-;-
29.06.2025 14:00;29.06.2025 15:00;-;-;-;-;-;-;-;-;-;-;-;-;-;-;-;-;-
29.06.2025 15:00;29.06.2025 16:00;-;-;-;-;-;-;-;-;-;-;-;-;-;-;-;-;-
29.06.2025 16:00;29.06.2025 17:00;-;-;-;-;-;-;-;-;-;-;-;-;-;-;-;-;-
29.06.2025 17:00;29.06.2025 18:00;-;-;-;-;-;-;-;-;-;-;-;-;-;-;-;-;-
29.06.2025 18:00;29.06.2025 19:00;-;-;-;-;-;-;-;-;-;-;-;-;-;-;-;-;-
29.06.2025 19:00;29.06.2025 20:00;-;-;-;-;-;-;-;-;-;-;-;-;-;-;-;-;-
29.06.2025 20:00;29.06.2025 21:00;-;-;-;-;-;-;-;-;-;-;-;-;-;-;-;-;-
29.06.2025 21:00;29.06.2025 22:00;-;-;-;-;-;-;-;-;-;-;-;-;-;-;-;-;-
29.06.2025 22:00;29.06.2025 23:00;-;-;-;-;-;-;-;-;-;-;-;-;-;-;-;-;-
29.06.2025 23:00;30.06.2025 00:00;-;-;-;-;-;-;-;-;-;-;-;-;-;-;-;-;-
30.06.2025 00:00;30.06.2025 01:00;-;-;-;-;-;-;-;-;-;-;-;-;-;-;-;-;-
30.06.2025 01:00;30.06.2025 02:00;-;-;-;-;-;-;-;-;-;-;-;-;-;-;-;-;-
30.06.2025 02:00;30.06.2025 03:00;-;-;-;-;-;-;-;-;-;-;-;-;-;-;-;-;-
30.06.2025 03:00;30.06.2025 04:00;-;-;-;-;-;-;-;-;-;-;-;-;-;-;-;-;-
30.06.2025 04:00;30.06.2025 05:00;-;-;-;-;-;-;-;-;-;-;-;-;-;-;-;-;-
30.06.2025 05:00;30.06.2025 06:00;-;-;-;-;-;-;-;-;-;-;-;-;-;-;-;-;-
30.06.2025 06:00;30.06.2025 07:00;-;-;-;-;-;-;-;-;-;-;-;-;-;-;-;-;-
30.06.2025 07:00;30.06.2025 08:00;-;-;-;-;-;-;-;-;-;-;-;-;-;-;-;-;-
30.06.2025 08:00;30.06.2025 09:00;-;-;-;-;-;-;-;-;-;-;-;-;-;-;-;-;-
30.06.2025 09:00;30.06.2025 10:00;-;-;-;-;-;-;-;-;-;-;-;-;-;-;-;-;-
30.06.2025 10:00;30.06.2025 11:00;-;-;-;-;-;-;-;-;-;-;-;-;-;-;-;-;-
30.06.2025 11:00;30.06.2025 12:00;-;-;-;-;-;-;-;-;-;-;-;-;-;-;-;-;-
30.06.2025 12:00;30.06.2025 13:00;-;-;-;-;-;-;-;-;-;-;-;-;-;-;-;-;-
30.06.2025 13:00;30.06.2025 14:00;-;-;-;-;-;-;-;-;-;-;-;-;-;-;-;-;-
30.06.2025 14:00;30.06.2025 15:00;-;-;-;-;-;-;-;-;-;-;-;-;-;-;-;-;-
30.06.2025 15:00;30.06.2025 16:00;-;-;-;-;-;-;-;-;-;-;-;-;-;-;-;-;-
30.06.2025 16:00;30.06.2025 17:00;-;-;-;-;-;-;-;-;-;-;-;-;-;-;-;-;-
30.06.2025 17:00;30.06.2025 18:00;-;-;-;-;-;-;-;-;-;-;-;-;-;-;-;-;-
30.06.2025 18:00;30.06.2025 19:00;-;-;-;-;-;-;-;-;-;-;-;-;-;-;-;-;-
30.06.2025 19:00;30.06.2025 20:00;-;-;-;-;-;-;-;-;-;-;-;-;-;-;-;-;-
30.06.2025 20:00;30.06.2025 21:00;-;-;-;-;-;-;-;-;-;-;-;-;-;-;-;-;-
30.06.2025 21:00;30.06.2025 22:00;-;-;-;-;-;-;-;-;-;-;-;-;-;-;-;-;-
30.06.2025 22:00;30.06.2025 23:00;-;-;-;-;-;-;-;-;-;-;-;-;-;-;-;-;-
30.06.2025 23:00;01.07.2025 00:00;-;-;-;-;-;-;-;-;-;-;-;-;-;-;-;-;-
01.07.2025 00:00;01.07.2025 01:00;-;-;-;-;-;-;-;-;-;-;-;-;-;-;-;-;-
01.07.2025 01:00;01.07.2025 02:00;-;-;-;-;-;-;-;-;-;-;-;-;-;-;-;-;-
01.07.2025 02:00;01.07.2025 03:00;-;-;-;-;-;-;-;-;-;-;-;-;-;-;-;-;-
01.07.2025 03:00;01.07.2025 04:00;-;-;-;-;-;-;-;-;-;-;-;-;-;-;-;-;-
01.07.2025 04:00;01.07.2025 05:00;-;-;-;-;-;-;-;-;-;-;-;-;-;-;-;-;-
01.07.2025 05:00;01.07.2025 06:00;-;-;-;-;-;-;-;-;-;-;-;-;-;-;-;-;-
01.07.2025 06:00;01.07.2025 07:00;-;-;-;-;-;-;-;-;-;-;-;-;-;-;-;-;-
01.07.2025 07:00;01.07.2025 08:00;-;-;-;-;-;-;-;-;-;-;-;-;-;-;-;-;-
01.07.2025 08:00;01.07.2025 09:00;-;-;-;-;-;-;-;-;-;-;-;-;-;-;-;-;-
01.07.2025 09:00;01.07.2025 10:00;-;-;-;-;-;-;-;-;-;-;-;-;-;-;-;-;-
01.07.2025 10:00;01.07.2025 11:00;-;-;-;-;-;-;-;-;-;-;-;-;-;-;-;-;-
01.07.2025 11:00;01.07.2025 12:00;-;-;-;-;-;-;-;-;-;-;-;-;-;-;-;-;-
01.07.2025 12:00;01.07.2025 13:00;-;-;-;-;-;-;-;-;-;-;-;-;-;-;-;-;-
01.07.2025 13:00;01.07.2025 14:00;-;-;-;-;-;-;-;-;-;-;-;-;-;-;-;-;-
01.07.2025 14:00;01.07.2025 15:00;-;-;-;-;-;-;-;-;-;-;-;-;-;-;-;-;-
01.07.2025 15:00;01.07.2025 16:00;-;-;-;-;-;-;-;-;-;-;-;-;-;-;-;-;-
01.07.2025 16:00;01.07.2025 17:00;-;-;-;-;-;-;-;-;-;-;-;-;-;-;-;-;-
01.07.2025 17:00;01.07.2025 18:00;-;-;-;-;-;-;-;-;-;-;-;-;-;-;-;-;-
01.07.2025 18:00;01.07.2025 19:00;-;-;-;-;-;-;-;-;-;-;-;-;-;-;-;-;-
01.07.2025 19:00;01.07.2025 20:00;-;-;-;-;-;-;-;-;-;-;-;-;-;-;-;-;-
01.07.2025 20:00;01.07.2025 21:00;-;-;-;-;-;-;-;-;-;-;-;-;-;-;-;-;-
01.07.2025 21:00;01.07.2025 22:00;-;-;-;-;-;-;-;-;-;-;-;-;-;-;-;-;-
01.07.2025 22:00;01.07.2025 23:00;-;-;-;-;-;-;-;-;-;-;-;-;-;-;-;-;-
01.07.2025 23:00;02.07.2025 00:00;-;-;-;-;-;-;-;-;-;-;-;-;-;-;-;-;-
02.07.2025 00:00;02.07.2025 01:00;-;-;-;-;-;-;-;-;-;-;-;-;-;-;-;-;-
02.07.2025 01:00;02.07.2025 02:00;-;-;-;-;-;-;-;-;-;-;-;-;-;-;-;-;-
02.07.2025 02:00;02.07.2025 03:00;-;-;-;-;-;-;-;-;-;-;-;-;-;-;-;-;-
02.07.2025 03:00;02.07.2025 04:00;-;-;-;-;-;-;-;-;-;-;-;-;-;-;-;-;-
02.07.2025 04:00;02.07.2025 05:00;-;-;-;-;-;-;-;-;-;-;-;-;-;-;-;-;-
02.07.2025 05:00;02.07.2025 06:00;-;-;-;-;-;-;-;-;-;-;-;-;-;-;-;-;-
02.07.2025 06:00;02.07.2025 07:00;-;-;-;-;-;-;-;-;-;-;-;-;-;-;-;-;-
02.07.2025 07:00;02.07.2025 08:00;-;-;-;-;-;-;-;-;-;-;-;-;-;-;-;-;-
02.07.2025 08:00;02.07.2025 09:00;-;-;-;-;-;-;-;-;-;-;-;-;-;-;-;-;-
02.07.2025 09:00;02.07.2025 10:00;-;-;-;-;-;-;-;-;-;-;-;-;-;-;-;-;-
02.07.2025 10:00;02.07.2025 11:00;-;-;-;-;-;-;-;-;-;-;-;-;-;-;-;-;-
02.07.2025 11:00;02.07.2025 12:00;-;-;-;-;-;-;-;-;-;-;-;-;-;-;-;-;-
02.07.2025 12:00;02.07.2025 13:00;-;-;-;-;-;-;-;-;-;-;-;-;-;-;-;-;-
02.07.2025 13:00;02.07.2025 14:00;-;-;-;-;-;-;-;-;-;-;-;-;-;-;-;-;-
02.07.2025 14:00;02.07.2025 15:00;-;-;-;-;-;-;-;-;-;-;-;-;-;-;-;-;-
02.07.2025 15:00;02.07.2025 16:00;-;-;-;-;-;-;-;-;-;-;-;-;-;-;-;-;-
02.07.2025 16:00;02.07.2025 17:00;-;-;-;-;-;-;-;-;-;-;-;-;-;-;-;-;-
02.07.2025 17:00;02.07.2025 18:00;-;-;-;-;-;-;-;-;-;-;-;-;-;-;-;-;-
02.07.2025 18:00;02.07.2025 19:00;-;-;-;-;-;-;-;-;-;-;-;-;-;-;-;-;-
02.07.2025 19:00;02.07.2025 20:00;-;-;-;-;-;-;-;-;-;-;-;-;-;-;-;-;-
02.07.2025 20:00;02.07.2025 21:00;-;-;-;-;-;-;-;-;-;-;-;-;-;-;-;-;-
02.07.2025 21:00;02.07.2025 22:00;-;-;-;-;-;-;-;-;-;-;-;-;-;-;-;-;-
02.07.2025 22:00;02.07.2025 23:00;-;-;-;-;-;-;-;-;-;-;-;-;-;-;-;-;-
02.07.2025 23:00;03.07.2025 00:00;-;-;-;-;-;-;-;-;-;-;-;-;-;-;-;-;-
03.07.2025 00:00;03.07.2025 01:00;-;-;-;-;-;-;-;-;-;-;-;-;-;-;-;-;-
03.07.2025 01:00;03.07.2025 02:00;-;-;-;-;-;-;-;-;-;-;-;-;-;-;-;-;-
03.07.2025 02:00;03.07.2025 03:00;-;-;-;-;-;-;-;-;-;-;-;-;-;-;-;-;-
03.07.2025 03:00;03.07.2025 04:00;-;-;-;-;-;-;-;-;-;-;-;-;-;-;-;-;-
03.07.2025 04:00;03.07.2025 05:00;-;-;-;-;-;-;-;-;-;-;-;-;-;-;-;-;-
03.07.2025 05:00;03.07.2025 06:00;-;-;-;-;-;-;-;-;-;-;-;-;-;-;-;-;-
03.07.2025 06:00;03.07.2025 07:00;-;-;-;-;-;-;-;-;-;-;-;-;-;-;-;-;-
03.07.2025 07:00;03.07.2025 08:00;-;-;-;-;-;-;-;-;-;-;-;-;-;-;-;-;-
03.07.2025 08:00;03.07.2025 09:00;-;-;-;-;-;-;-;-;-;-;-;-;-;-;-;-;-
03.07.2025 09:00;03.07.2025 10:00;-;-;-;-;-;-;-;-;-;-;-;-;-;-;-;-;-
03.07.2025 10:00;03.07.2025 11:00;-;-;-;-;-;-;-;-;-;-;-;-;-;-;-;-;-
03.07.2025 11:00;03.07.2025 12:00;-;-;-;-;-;-;-;-;-;-;-;-;-;-;-;-;-
03.07.2025 12:00;03.07.2025 13:00;-;-;-;-;-;-;-;-;-;-;-;-;-;-;-;-;-
03.07.2025 13:00;03.07.2025 14:00;-;-;-;-;-;-;-;-;-;-;-;-;-;-;-;-;-
03.07.2025 14:00;03.07.2025 15:00;-;-;-;-;-;-;-;-;-;-;-;-;-;-;-;-;-
03.07.2025 15:00;03.07.2025 16:00;-;-;-;-;-;-;-;-;-;-;-;-;-;-;-;-;-
03.07.2025 16:00;03.07.2025 17:00;-;-;-;-;-;-;-;-;-;-;-;-;-;-;-;-;-
03.07.2025 17:00;03.07.2025 18:00;-;-;-;-;-;-;-;-;-;-;-;-;-;-;-;-;-
03.07.2025 18:00;03.07.2025 19:00;-;-;-;-;-;-;-;-;-;-;-;-;-;-;-;-;-
03.07.2025 19:00;03.07.2025 20:00;-;-;-;-;-;-;-;-;-;-;-;-;-;-;-;-;-
03.07.2025 20:00;03.07.2025 21:00;-;-;-;-;-;-;-;-;-;-;-;-;-;-;-;-;-
03.07.2025 21:00;03.07.2025 22:00;-;-;-;-;-;-;-;-;-;-;-;-;-;-;-;-;-
03.07.2025 22:00;03.07.2025 23:00;-;-;-;-;-;-;-;-;-;-;-;-;-;-;-;-;-
03.07.2025 23:00;04.07.2025 00:00;-;-;-;-;-;-;-;-;-;-;-;-;-;-;-;-;-
04.07.2025 00:00;04.07.2025 01:00;-;-;-;-;-;-;-;-;-;-;-;-;-;-;-;-;-
04.07.2025 01:00;04.07.2025 02:00;-;-;-;-;-;-;-;-;-;-;-;-;-;-;-;-;-
04.07.2025 02:00;04.07.2025 03:00;-;-;-;-;-;-;-;-;-;-;-;-;-;-;-;-;-
04.07.2025 03:00;04.07.2025 04:00;-;-;-;-;-;-;-;-;-;-;-;-;-;-;-;-;-
04.07.2025 04:00;04.07.2025 05:00;-;-;-;-;-;-;-;-;-;-;-;-;-;-;-;-;-
04.07.2025 05:00;04.07.2025 06:00;-;-;-;-;-;-;-;-;-;-;-;-;-;-;-;-;-
04.07.2025 06:00;04.07.2025 07:00;-;-;-;-;-;-;-;-;-;-;-;-;-;-;-;-;-
04.07.2025 07:00;04.07.2025 08:00;-;-;-;-;-;-;-;-;-;-;-;-;-;-;-;-;-
04.07.2025 08:00;04.07.2025 09:00;-;-;-;-;-;-;-;-;-;-;-;-;-;-;-;-;-
04.07.2025 09:00;04.07.2025 10:00;-;-;-;-;-;-;-;-;-;-;-;-;-;-;-;-;-
04.07.2025 10:00;04.07.2025 11:00;-;-;-;-;-;-;-;-;-;-;-;-;-;-;-;-;-
04.07.2025 11:00;04.07.2025 12:00;-;-;-;-;-;-;-;-;-;-;-;-;-;-;-;-;-
04.07.2025 12:00;04.07.2025 13:00;-;-;-;-;-;-;-;-;-;-;-;-;-;-;-;-;-
04.07.2025 13:00;04.07.2025 14:00;-;-;-;-;-;-;-;-;-;-;-;-;-;-;-;-;-
04.07.2025 14:00;04.07.2025 15:00;-;-;-;-;-;-;-;-;-;-;-;-;-;-;-;-;-
04.07.2025 15:00;04.07.2025 16:00;-;-;-;-;-;-;-;-;-;-;-;-;-;-;-;-;-
04.07.2025 16:00;04.07.2025 17:00;-;-;-;-;-;-;-;-;-;-;-;-;-;-;-;-;-
04.07.2025 17:00;04.07.2025 18:00;-;-;-;-;-;-;-;-;-;-;-;-;-;-;-;-;-
04.07.2025 18:00;04.07.2025 19:00;-;-;-;-;-;-;-;-;-;-;-;-;-;-;-;-;-
04.07.2025 19:00;04.07.2025 20:00;-;-;-;-;-;-;-;-;-;-;-;-;-;-;-;-;-
04.07.2025 20:00;04.07.2025 21:00;-;-;-;-;-;-;-;-;-;-;-;-;-;-;-;-;-
04.07.2025 21:00;04.07.2025 22:00;-;-;-;-;-;-;-;-;-;-;-;-;-;-;-;-;-
04.07.2025 22:00;04.07.2025 23:00;-;-;-;-;-;-;-;-;-;-;-;-;-;-;-;-;-
04.07.2025 23:00;05.07.2025 00:00;-;-;-;-;-;-;-;-;-;-;-;-;-;-;-;-;-
05.07.2025 00:00;05.07.2025 01:00;-;-;-;-;-;-;-;-;-;-;-;-;-;-;-;-;-
05.07.2025 01:00;05.07.2025 02:00;-;-;-;-;-;-;-;-;-;-;-;-;-;-;-;-;-
05.07.2025 02:00;05.07.2025 03:00;-;-;-;-;-;-;-;-;-;-;-;-;-;-;-;-;-
05.07.2025 03:00;05.07.2025 04:00;-;-;-;-;-;-;-;-;-;-;-;-;-;-;-;-;-
05.07.2025 04:00;05.07.2025 05:00;-;-;-;-;-;-;-;-;-;-;-;-;-;-;-;-;-
05.07.2025 05:00;05.07.2025 06:00;-;-;-;-;-;-;-;-;-;-;-;-;-;-;-;-;-
05.07.2025 06:00;05.07.2025 07:00;-;-;-;-;-;-;-;-;-;-;-;-;-;-;-;-;-
05.07.2025 07:00;05.07.2025 08:00;-;-;-;-;-;-;-;-;-;-;-;-;-;-;-;-;-
05.07.2025 08:00;05.07.2025 09:00;-;-;-;-;-;-;-;-;-;-;-;-;-;-;-;-;-
05.07.2025 09:00;05.07.2025 10:00;-;-;-;-;-;-;-;-;-;-;-;-;-;-;-;-;-
05.07.2025 10:00;05.07.2025 11:00;-;-;-;-;-;-;-;-;-;-;-;-;-;-;-;-;-
05.07.2025 11:00;05.07.2025 12:00;-;-;-;-;-;-;-;-;-;-;-;-;-;-;-;-;-
05.07.2025 12:00;05.07.2025 13:00;-;-;-;-;-;-;-;-;-;-;-;-;-;-;-;-;-
05.07.2025 13:00;05.07.2025 14:00;-;-;-;-;-;-;-;-;-;-;-;-;-;-;-;-;-
05.07.2025 14:00;05.07.2025 15:00;-;-;-;-;-;-;-;-;-;-;-;-;-;-;-;-;-
05.07.2025 15:00;05.07.2025 16:00;-;-;-;-;-;-;-;-;-;-;-;-;-;-;-;-;-
05.07.2025 16:00;05.07.2025 17:00;-;-;-;-;-;-;-;-;-;-;-;-;-;-;-;-;-
05.07.2025 17:00;05.07.2025 18:00;-;-;-;-;-;-;-;-;-;-;-;-;-;-;-;-;-
05.07.2025 18:00;05.07.2025 19:00;-;-;-;-;-;-;-;-;-;-;-;-;-;-;-;-;-
05.07.2025 19:00;05.07.2025 20:00;-;-;-;-;-;-;-;-;-;-;-;-;-;-;-;-;-
05.07.2025 20:00;05.07.2025 21:00;-;-;-;-;-;-;-;-;-;-;-;-;-;-;-;-;-
05.07.2025 21:00;05.07.2025 22:00;-;-;-;-;-;-;-;-;-;-;-;-;-;-;-;-;-
05.07.2025 22:00;05.07.2025 23:00;-;-;-;-;-;-;-;-;-;-;-;-;-;-;-;-;-
05.07.2025 23:00;06.07.2025 00:00;-;-;-;-;-;-;-;-;-;-;-;-;-;-;-;-;-
06.07.2025 00:00;06.07.2025 01:00;-;-;-;-;-;-;-;-;-;-;-;-;-;-;-;-;-
06.07.2025 01:00;06.07.2025 02:00;-;-;-;-;-;-;-;-;-;-;-;-;-;-;-;-;-
06.07.2025 02:00;06.07.2025 03:00;-;-;-;-;-;-;-;-;-;-;-;-;-;-;-;-;-
06.07.2025 03:00;06.07.2025 04:00;-;-;-;-;-;-;-;-;-;-;-;-;-;-;-;-;-
06.07.2025 04:00;06.07.2025 05:00;-;-;-;-;-;-;-;-;-;-;-;-;-;-;-;-;-
06.07.2025 05:00;06.07.2025 06:00;-;-;-;-;-;-;-;-;-;-;-;-;-;-;-;-;-
06.07.2025 06:00;06.07.2025 07:00;-;-;-;-;-;-;-;-;-;-;-;-;-;-;-;-;-
06.07.2025 07:00;06.07.2025 08:00;-;-;-;-;-;-;-;-;-;-;-;-;-;-;-;-;-
06.07.2025 08:00;06.07.2025 09:00;-;-;-;-;-;-;-;-;-;-;-;-;-;-;-;-;-
06.07.2025 09:00;06.07.2025 10:00;-;-;-;-;-;-;-;-;-;-;-;-;-;-;-;-;-
06.07.2025 10:00;06.07.2025 11:00;-;-;-;-;-;-;-;-;-;-;-;-;-;-;-;-;-
06.07.2025 11:00;06.07.2025 12:00;-;-;-;-;-;-;-;-;-;-;-;-;-;-;-;-;-
06.07.2025 12:00;06.07.2025 13:00;-;-;-;-;-;-;-;-;-;-;-;-;-;-;-;-;-
06.07.2025 13:00;06.07.2025 14:00;-;-;-;-;-;-;-;-;-;-;-;-;-;-;-;-;-
06.07.2025 14:00;06.07.2025 15:00;-;-;-;-;-;-;-;-;-;-;-;-;-;-;-;-;-
06.07.2025 15:00;06.07.2025 16:00;-;-;-;-;-;-;-;-;-;-;-;-;-;-;-;-;-
06.07.2025 16:00;06.07.2025 17:00;-;-;-;-;-;-;-;-;-;-;-;-;-;-;-;-;-
06.07.2025 17:00;06.07.2025 18:00;-;-;-;-;-;-;-;-;-;-;-;-;-;-;-;-;-
06.07.2025 18:00;06.07.2025 19:00;-;-;-;-;-;-;-;-;-;-;-;-;-;-;-;-;-
06.07.2025 19:00;06.07.2025 20:00;-;-;-;-;-;-;-;-;-;-;-;-;-;-;-;-;-
06.07.2025 20:00;06.07.2025 21:00;-;-;-;-;-;-;-;-;-;-;-;-;-;-;-;-;-
06.07.2025 21:00;06.07.2025 22:00;-;-;-;-;-;-;-;-;-;-;-;-;-;-;-;-;-
06.07.2025 22:00;06.07.2025 23:00;-;-;-;-;-;-;-;-;-;-;-;-;-;-;-;-;-
06.07.2025 23:00;07.07.2025 00:00;-;-;-;-;-;-;-;-;-;-;-;-;-;-;-;-;-
07.07.2025 00:00;07.07.2025 01:00;-;-;-;-;-;-;-;-;-;-;-;-;-;-;-;-;-
07.07.2025 01:00;07.07.2025 02:00;-;-;-;-;-;-;-;-;-;-;-;-;-;-;-;-;-
07.07.2025 02:00;07.07.2025 03:00;-;-;-;-;-;-;-;-;-;-;-;-;-;-;-;-;-
07.07.2025 03:00;07.07.2025 04:00;-;-;-;-;-;-;-;-;-;-;-;-;-;-;-;-;-
07.07.2025 04:00;07.07.2025 05:00;-;-;-;-;-;-;-;-;-;-;-;-;-;-;-;-;-
07.07.2025 05:00;07.07.2025 06:00;-;-;-;-;-;-;-;-;-;-;-;-;-;-;-;-;-
07.07.2025 06:00;07.07.2025 07:00;-;-;-;-;-;-;-;-;-;-;-;-;-;-;-;-;-
07.07.2025 07:00;07.07.2025 08:00;-;-;-;-;-;-;-;-;-;-;-;-;-;-;-;-;-
07.07.2025 08:00;07.07.2025 09:00;-;-;-;-;-;-;-;-;-;-;-;-;-;-;-;-;-
07.07.2025 09:00;07.07.2025 10:00;-;-;-;-;-;-;-;-;-;-;-;-;-;-;-;-;-
07.07.2025 10:00;07.07.2025 11:00;-;-;-;-;-;-;-;-;-;-;-;-;-;-;-;-;-
07.07.2025 11:00;07.07.2025 12:00;-;-;-;-;-;-;-;-;-;-;-;-;-;-;-;-;-
07.07.2025 12:00;07.07.2025 13:00;-;-;-;-;-;-;-;-;-;-;-;-;-;-;-;-;-
07.07.2025 13:00;07.07.2025 14:00;-;-;-;-;-;-;-;-;-;-;-;-;-;-;-;-;-
07.07.2025 14:00;07.07.2025 15:00;-;-;-;-;-;-;-;-;-;-;-;-;-;-;-;-;-
07.07.2025 15:00;07.07.2025 16:00;-;-;-;-;-;-;-;-;-;-;-;-;-;-;-;-;-
07.07.2025 16:00;07.07.2025 17:00;-;-;-;-;-;-;-;-;-;-;-;-;-;-;-;-;-
07.07.2025 17:00;07.07.2025 18:00;-;-;-;-;-;-;-;-;-;-;-;-;-;-;-;-;-
07.07.2025 18:00;07.07.2025 19:00;-;-;-;-;-;-;-;-;-;-;-;-;-;-;-;-;-
07.07.2025 19:00;07.07.2025 20:00;-;-;-;-;-;-;-;-;-;-;-;-;-;-;-;-;-
07.07.2025 20:00;07.07.2025 21:00;-;-;-;-;-;-;-;-;-;-;-;-;-;-;-;-;-
07.07.2025 21:00;07.07.2025 22:00;-;-;-;-;-;-;-;-;-;-;-;-;-;-;-;-;-
07.07.2025 22:00;07.07.2025 23:00;-;-;-;-;-;-;-;-;-;-;-;-;-;-;-;-;-
07.07.2025 23:00;08.07.2025 00:00;-;-;-;-;-;-;-;-;-;-;-;-;-;-;-;-;-
08.07.2025 00:00;08.07.2025 01:00;-;-;-;-;-;-;-;-;-;-;-;-;-;-;-;-;-
08.07.2025 01:00;08.07.2025 02:00;-;-;-;-;-;-;-;-;-;-;-;-;-;-;-;-;-
08.07.2025 02:00;08.07.2025 03:00;-;-;-;-;-;-;-;-;-;-;-;-;-;-;-;-;-
08.07.2025 03:00;08.07.2025 04:00;-;-;-;-;-;-;-;-;-;-;-;-;-;-;-;-;-
08.07.2025 04:00;08.07.2025 05:00;-;-;-;-;-;-;-;-;-;-;-;-;-;-;-;-;-
08.07.2025 05:00;08.07.2025 06:00;-;-;-;-;-;-;-;-;-;-;-;-;-;-;-;-;-
08.07.2025 06:00;08.07.2025 07:00;-;-;-;-;-;-;-;-;-;-;-;-;-;-;-;-;-
08.07.2025 07:00;08.07.2025 08:00;-;-;-;-;-;-;-;-;-;-;-;-;-;-;-;-;-
08.07.2025 08:00;08.07.2025 09:00;-;-;-;-;-;-;-;-;-;-;-;-;-;-;-;-;-
08.07.2025 09:00;08.07.2025 10:00;-;-;-;-;-;-;-;-;-;-;-;-;-;-;-;-;-
08.07.2025 10:00;08.07.2025 11:00;-;-;-;-;-;-;-;-;-;-;-;-;-;-;-;-;-
08.07.2025 11:00;08.07.2025 12:00;-;-;-;-;-;-;-;-;-;-;-;-;-;-;-;-;-
08.07.2025 12:00;08.07.2025 13:00;-;-;-;-;-;-;-;-;-;-;-;-;-;-;-;-;-
08.07.2025 13:00;08.07.2025 14:00;-;-;-;-;-;-;-;-;-;-;-;-;-;-;-;-;-
08.07.2025 14:00;08.07.2025 15:00;-;-;-;-;-;-;-;-;-;-;-;-;-;-;-;-;-
08.07.2025 15:00;08.07.2025 16:00;-;-;-;-;-;-;-;-;-;-;-;-;-;-;-;-;-
08.07.2025 16:00;08.07.2025 17:00;-;-;-;-;-;-;-;-;-;-;-;-;-;-;-;-;-
08.07.2025 17:00;08.07.2025 18:00;-;-;-;-;-;-;-;-;-;-;-;-;-;-;-;-;-
08.07.2025 18:00;08.07.2025 19:00;-;-;-;-;-;-;-;-;-;-;-;-;-;-;-;-;-
08.07.2025 19:00;08.07.2025 20:00;-;-;-;-;-;-;-;-;-;-;-;-;-;-;-;-;-
08.07.2025 20:00;08.07.2025 21:00;-;-;-;-;-;-;-;-;-;-;-;-;-;-;-;-;-
08.07.2025 21:00;08.07.2025 22:00;-;-;-;-;-;-;-;-;-;-;-;-;-;-;-;-;-
08.07.2025 22:00;08.07.2025 23:00;-;-;-;-;-;-;-;-;-;-;-;-;-;-;-;-;-
08.07.2025 23:00;09.07.2025 00:00;-;-;-;-;-;-;-;-;-;-;-;-;-;-;-;-;-
09.07.2025 00:00;09.07.2025 01:00;-;-;-;-;-;-;-;-;-;-;-;-;-;-;-;-;-
09.07.2025 01:00;09.07.2025 02:00;-;-;-;-;-;-;-;-;-;-;-;-;-;-;-;-;-
09.07.2025 02:00;09.07.2025 03:00;-;-;-;-;-;-;-;-;-;-;-;-;-;-;-;-;-
09.07.2025 03:00;09.07.2025 04:00;-;-;-;-;-;-;-;-;-;-;-;-;-;-;-;-;-
09.07.2025 04:00;09.07.2025 05:00;-;-;-;-;-;-;-;-;-;-;-;-;-;-;-;-;-
09.07.2025 05:00;09.07.2025 06:00;-;-;-;-;-;-;-;-;-;-;-;-;-;-;-;-;-
09.07.2025 06:00;09.07.2025 07:00;-;-;-;-;-;-;-;-;-;-;-;-;-;-;-;-;-
09.07.2025 07:00;09.07.2025 08:00;-;-;-;-;-;-;-;-;-;-;-;-;-;-;-;-;-
09.07.2025 08:00;09.07.2025 09:00;-;-;-;-;-;-;-;-;-;-;-;-;-;-;-;-;-
09.07.2025 09:00;09.07.2025 10:00;-;-;-;-;-;-;-;-;-;-;-;-;-;-;-;-;-
09.07.2025 10:00;09.07.2025 11:00;-;-;-;-;-;-;-;-;-;-;-;-;-;-;-;-;-
09.07.2025 11:00;09.07.2025 12:00;-;-;-;-;-;-;-;-;-;-;-;-;-;-;-;-;-
09.07.2025 12:00;09.07.2025 13:00;-;-;-;-;-;-;-;-;-;-;-;-;-;-;-;-;-
09.07.2025 13:00;09.07.2025 14:00;-;-;-;-;-;-;-;-;-;-;-;-;-;-;-;-;-
09.07.2025 14:00;09.07.2025 15:00;-;-;-;-;-;-;-;-;-;-;-;-;-;-;-;-;-
09.07.2025 15:00;09.07.2025 16:00;-;-;-;-;-;-;-;-;-;-;-;-;-;-;-;-;-
09.07.2025 16:00;09.07.2025 17:00;-;-;-;-;-;-;-;-;-;-;-;-;-;-;-;-;-
09.07.2025 17:00;09.07.2025 18:00;-;-;-;-;-;-;-;-;-;-;-;-;-;-;-;-;-
09.07.2025 18:00;09.07.2025 19:00;-;-;-;-;-;-;-;-;-;-;-;-;-;-;-;-;-
09.07.2025 19:00;09.07.2025 20:00;-;-;-;-;-;-;-;-;-;-;-;-;-;-;-;-;-
09.07.2025 20:00;09.07.2025 21:00;-;-;-;-;-;-;-;-;-;-;-;-;-;-;-;-;-
09.07.2025 21:00;09.07.2025 22:00;-;-;-;-;-;-;-;-;-;-;-;-;-;-;-;-;-
09.07.2025 22:00;09.07.2025 23:00;-;-;-;-;-;-;-;-;-;-;-;-;-;-;-;-;-
09.07.2025 23:00;10.07.2025 00:00;-;-;-;-;-;-;-;-;-;-;-;-;-;-;-;-;-
10.07.2025 00:00;10.07.2025 01:00;-;-;-;-;-;-;-;-;-;-;-;-;-;-;-;-;-
10.07.2025 01:00;10.07.2025 02:00;-;-;-;-;-;-;-;-;-;-;-;-;-;-;-;-;-
10.07.2025 02:00;10.07.2025 03:00;-;-;-;-;-;-;-;-;-;-;-;-;-;-;-;-;-
10.07.2025 03:00;10.07.2025 04:00;-;-;-;-;-;-;-;-;-;-;-;-;-;-;-;-;-
10.07.2025 04:00;10.07.2025 05:00;-;-;-;-;-;-;-;-;-;-;-;-;-;-;-;-;-
10.07.2025 05:00;10.07.2025 06:00;-;-;-;-;-;-;-;-;-;-;-;-;-;-;-;-;-
10.07.2025 06:00;10.07.2025 07:00;-;-;-;-;-;-;-;-;-;-;-;-;-;-;-;-;-
10.07.2025 07:00;10.07.2025 08:00;-;-;-;-;-;-;-;-;-;-;-;-;-;-;-;-;-
10.07.2025 08:00;10.07.2025 09:00;-;-;-;-;-;-;-;-;-;-;-;-;-;-;-;-;-
10.07.2025 09:00;10.07.2025 10:00;-;-;-;-;-;-;-;-;-;-;-;-;-;-;-;-;-
10.07.2025 10:00;10.07.2025 11:00;-;-;-;-;-;-;-;-;-;-;-;-;-;-;-;-;-
10.07.2025 11:00;10.07.2025 12:00;-;-;-;-;-;-;-;-;-;-;-;-;-;-;-;-;-
10.07.2025 12:00;10.07.2025 13:00;-;-;-;-;-;-;-;-;-;-;-;-;-;-;-;-;-
10.07.2025 13:00;10.07.2025 14:00;-;-;-;-;-;-;-;-;-;-;-;-;-;-;-;-;-
10.07.2025 14:00;10.07.2025 15:00;-;-;-;-;-;-;-;-;-;-;-;-;-;-;-;-;-
10.07.2025 15:00;10.07.2025 16:00;-;-;-;-;-;-;-;-;-;-;-;-;-;-;-;-;-
10.07.2025 16:00;10.07.2025 17:00;-;-;-;-;-;-;-;-;-;-;-;-;-;-;-;-;-
10.07.2025 17:00;10.07.2025 18:00;-;-;-;-;-;-;-;-;-;-;-;-;-;-;-;-;-
10.07.2025 18:00;10.07.2025 19:00;-;-;-;-;-;-;-;-;-;-;-;-;-;-;-;-;-
10.07.2025 19:00;10.07.2025 20:00;-;-;-;-;-;-;-;-;-;-;-;-;-;-;-;-;-
10.07.2025 20:00;10.07.2025 21:00;-;-;-;-;-;-;-;-;-;-;-;-;-;-;-;-;-
10.07.2025 21:00;10.07.2025 22:00;-;-;-;-;-;-;-;-;-;-;-;-;-;-;-;-;-
10.07.2025 22:00;10.07.2025 23:00;-;-;-;-;-;-;-;-;-;-;-;-;-;-;-;-;-
10.07.2025 23:00;11.07.2025 00:00;-;-;-;-;-;-;-;-;-;-;-;-;-;-;-;-;-
11.07.2025 00:00;11.07.2025 01:00;-;-;-;-;-;-;-;-;-;-;-;-;-;-;-;-;-
11.07.2025 01:00;11.07.2025 02:00;-;-;-;-;-;-;-;-;-;-;-;-;-;-;-;-;-
11.07.2025 02:00;11.07.2025 03:00;-;-;-;-;-;-;-;-;-;-;-;-;-;-;-;-;-
11.07.2025 03:00;11.07.2025 04:00;-;-;-;-;-;-;-;-;-;-;-;-;-;-;-;-;-
11.07.2025 04:00;11.07.2025 05:00;-;-;-;-;-;-;-;-;-;-;-;-;-;-;-;-;-
11.07.2025 05:00;11.07.2025 06:00;-;-;-;-;-;-;-;-;-;-;-;-;-;-;-;-;-
11.07.2025 06:00;11.07.2025 07:00;-;-;-;-;-;-;-;-;-;-;-;-;-;-;-;-;-
11.07.2025 07:00;11.07.2025 08:00;-;-;-;-;-;-;-;-;-;-;-;-;-;-;-;-;-
11.07.2025 08:00;11.07.2025 09:00;-;-;-;-;-;-;-;-;-;-;-;-;-;-;-;-;-
11.07.2025 09:00;11.07.2025 10:00;-;-;-;-;-;-;-;-;-;-;-;-;-;-;-;-;-
11.07.2025 10:00;11.07.2025 11:00;-;-;-;-;-;-;-;-;-;-;-;-;-;-;-;-;-
11.07.2025 11:00;11.07.2025 12:00;-;-;-;-;-;-;-;-;-;-;-;-;-;-;-;-;-
11.07.2025 12:00;11.07.2025 13:00;-;-;-;-;-;-;-;-;-;-;-;-;-;-;-;-;-
11.07.2025 13:00;11.07.2025 14:00;-;-;-;-;-;-;-;-;-;-;-;-;-;-;-;-;-
11.07.2025 14:00;11.07.2025 15:00;-;-;-;-;-;-;-;-;-;-;-;-;-;-;-;-;-
11.07.2025 15:00;11.07.2025 16:00;-;-;-;-;-;-;-;-;-;-;-;-;-;-;-;-;-
11.07.2025 16:00;11.07.2025 17:00;-;-;-;-;-;-;-;-;-;-;-;-;-;-;-;-;-
11.07.2025 17:00;11.07.2025 18:00;-;-;-;-;-;-;-;-;-;-;-;-;-;-;-;-;-
11.07.2025 18:00;11.07.2025 19:00;-;-;-;-;-;-;-;-;-;-;-;-;-;-;-;-;-
11.07.2025 19:00;11.07.2025 20:00;-;-;-;-;-;-;-;-;-;-;-;-;-;-;-;-;-
11.07.2025 20:00;11.07.2025 21:00;-;-;-;-;-;-;-;-;-;-;-;-;-;-;-;-;-
11.07.2025 21:00;11.07.2025 22:00;-;-;-;-;-;-;-;-;-;-;-;-;-;-;-;-;-
11.07.2025 22:00;11.07.2025 23:00;-;-;-;-;-;-;-;-;-;-;-;-;-;-;-;-;-
11.07.2025 23:00;12.07.2025 00:00;-;-;-;-;-;-;-;-;-;-;-;-;-;-;-;-;-
12.07.2025 00:00;12.07.2025 01:00;-;-;-;-;-;-;-;-;-;-;-;-;-;-;-;-;-
12.07.2025 01:00;12.07.2025 02:00;-;-;-;-;-;-;-;-;-;-;-;-;-;-;-;-;-
12.07.2025 02:00;12.07.2025 03:00;-;-;-;-;-;-;-;-;-;-;-;-;-;-;-;-;-
12.07.2025 03:00;12.07.2025 04:00;-;-;-;-;-;-;-;-;-;-;-;-;-;-;-;-;-
12.07.2025 04:00;12.07.2025 05:00;-;-;-;-;-;-;-;-;-;-;-;-;-;-;-;-;-
12.07.2025 05:00;12.07.2025 06:00;-;-;-;-;-;-;-;-;-;-;-;-;-;-;-;-;-
12.07.2025 06:00;12.07.2025 07:00;-;-;-;-;-;-;-;-;-;-;-;-;-;-;-;-;-
12.07.2025 07:00;12.07.2025 08:00;-;-;-;-;-;-;-;-;-;-;-;-;-;-;-;-;-
12.07.2025 08:00;12.07.2025 09:00;-;-;-;-;-;-;-;-;-;-;-;-;-;-;-;-;-
12.07.2025 09:00;12.07.2025 10:00;-;-;-;-;-;-;-;-;-;-;-;-;-;-;-;-;-
12.07.2025 10:00;12.07.2025 11:00;-;-;-;-;-;-;-;-;-;-;-;-;-;-;-;-;-
12.07.2025 11:00;12.07.2025 12:00;-;-;-;-;-;-;-;-;-;-;-;-;-;-;-;-;-
12.07.2025 12:00;12.07.2025 13:00;-;-;-;-;-;-;-;-;-;-;-;-;-;-;-;-;-
12.07.2025 13:00;12.07.2025 14:00;-;-;-;-;-;-;-;-;-;-;-;-;-;-;-;-;-
12.07.2025 14:00;12.07.2025 15:00;-;-;-;-;-;-;-;-;-;-;-;-;-;-;-;-;-
12.07.2025 15:00;12.07.2025 16:00;-;-;-;-;-;-;-;-;-;-;-;-;-;-;-;-;-
12.07.2025 16:00;12.07.2025 17:00;-;-;-;-;-;-;-;-;-;-;-;-;-;-;-;-;-
12.07.2025 17:00;12.07.2025 18:00;-;-;-;-;-;-;-;-;-;-;-;-;-;-;-;-;-
12.07.2025 18:00;12.07.2025 19:00;-;-;-;-;-;-;-;-;-;-;-;-;-;-;-;-;-
12.07.2025 19:00;12.07.2025 20:00;-;-;-;-;-;-;-;-;-;-;-;-;-;-;-;-;-
12.07.2025 20:00;12.07.2025 21:00;-;-;-;-;-;-;-;-;-;-;-;-;-;-;-;-;-
12.07.2025 21:00;12.07.2025 22:00;-;-;-;-;-;-;-;-;-;-;-;-;-;-;-;-;-
12.07.2025 22:00;12.07.2025 23:00;-;-;-;-;-;-;-;-;-;-;-;-;-;-;-;-;-
12.07.2025 23:00;13.07.2025 00:00;-;-;-;-;-;-;-;-;-;-;-;-;-;-;-;-;-
13.07.2025 00:00;13.07.2025 01:00;-;-;-;-;-;-;-;-;-;-;-;-;-;-;-;-;-
13.07.2025 01:00;13.07.2025 02:00;-;-;-;-;-;-;-;-;-;-;-;-;-;-;-;-;-
13.07.2025 02:00;13.07.2025 03:00;-;-;-;-;-;-;-;-;-;-;-;-;-;-;-;-;-
13.07.2025 03:00;13.07.2025 04:00;-;-;-;-;-;-;-;-;-;-;-;-;-;-;-;-;-
13.07.2025 04:00;13.07.2025 05:00;-;-;-;-;-;-;-;-;-;-;-;-;-;-;-;-;-
13.07.2025 05:00;13.07.2025 06:00;-;-;-;-;-;-;-;-;-;-;-;-;-;-;-;-;-
13.07.2025 06:00;13.07.2025 07:00;-;-;-;-;-;-;-;-;-;-;-;-;-;-;-;-;-
13.07.2025 07:00;13.07.2025 08:00;-;-;-;-;-;-;-;-;-;-;-;-;-;-;-;-;-
13.07.2025 08:00;13.07.2025 09:00;-;-;-;-;-;-;-;-;-;-;-;-;-;-;-;-;-
13.07.2025 09:00;13.07.2025 10:00;-;-;-;-;-;-;-;-;-;-;-;-;-;-;-;-;-
13.07.2025 10:00;13.07.2025 11:00;-;-;-;-;-;-;-;-;-;-;-;-;-;-;-;-;-
13.07.2025 11:00;13.07.2025 12:00;-;-;-;-;-;-;-;-;-;-;-;-;-;-;-;-;-
13.07.2025 12:00;13.07.2025 13:00;-;-;-;-;-;-;-;-;-;-;-;-;-;-;-;-;-
13.07.2025 13:00;13.07.2025 14:00;-;-;-;-;-;-;-;-;-;-;-;-;-;-;-;-;-
13.07.2025 14:00;13.07.2025 15:00;-;-;-;-;-;-;-;-;-;-;-;-;-;-;-;-;-
13.07.2025 15:00;13.07.2025 16:00;-;-;-;-;-;-;-;-;-;-;-;-;-;-;-;-;-
13.07.2025 16:00;13.07.2025 17:00;-;-;-;-;-;-;-;-;-;-;-;-;-;-;-;-;-
13.07.2025 17:00;13.07.2025 18:00;-;-;-;-;-;-;-;-;-;-;-;-;-;-;-;-;-
13.07.2025 18:00;13.07.2025 19:00;-;-;-;-;-;-;-;-;-;-;-;-;-;-;-;-;-
13.07.2025 19:00;13.07.2025 20:00;-;-;-;-;-;-;-;-;-;-;-;-;-;-;-;-;-
13.07.2025 20:00;13.07.2025 21:00;-;-;-;-;-;-;-;-;-;-;-;-;-;-;-;-;-
13.07.2025 21:00;13.07.2025 22:00;-;-;-;-;-;-;-;-;-;-;-;-;-;-;-;-;-
13.07.2025 22:00;13.07.2025 23:00;-;-;-;-;-;-;-;-;-;-;-;-;-;-;-;-;-
13.07.2025 23:00;14.07.2025 00:00;-;-;-;-;-;-;-;-;-;-;-;-;-;-;-;-;-
14.07.2025 00:00;14.07.2025 01:00;-;-;-;-;-;-;-;-;-;-;-;-;-;-;-;-;-
14.07.2025 01:00;14.07.2025 02:00;-;-;-;-;-;-;-;-;-;-;-;-;-;-;-;-;-
14.07.2025 02:00;14.07.2025 03:00;-;-;-;-;-;-;-;-;-;-;-;-;-;-;-;-;-
14.07.2025 03:00;14.07.2025 04:00;-;-;-;-;-;-;-;-;-;-;-;-;-;-;-;-;-
14.07.2025 04:00;14.07.2025 05:00;-;-;-;-;-;-;-;-;-;-;-;-;-;-;-;-;-
14.07.2025 05:00;14.07.2025 06:00;-;-;-;-;-;-;-;-;-;-;-;-;-;-;-;-;-
14.07.2025 06:00;14.07.2025 07:00;-;-;-;-;-;-;-;-;-;-;-;-;-;-;-;-;-
14.07.2025 07:00;14.07.2025 08:00;-;-;-;-;-;-;-;-;-;-;-;-;-;-;-;-;-
14.07.2025 08:00;14.07.2025 09:00;-;-;-;-;-;-;-;-;-;-;-;-;-;-;-;-;-
14.07.2025 09:00;14.07.2025 10:00;-;-;-;-;-;-;-;-;-;-;-;-;-;-;-;-;-
14.07.2025 10:00;14.07.2025 11:00;-;-;-;-;-;-;-;-;-;-;-;-;-;-;-;-;-
14.07.2025 11:00;14.07.2025 12:00;-;-;-;-;-;-;-;-;-;-;-;-;-;-;-;-;-
14.07.2025 12:00;14.07.2025 13:00;-;-;-;-;-;-;-;-;-;-;-;-;-;-;-;-;-
14.07.2025 13:00;14.07.2025 14:00;-;-;-;-;-;-;-;-;-;-;-;-;-;-;-;-;-
14.07.2025 14:00;14.07.2025 15:00;-;-;-;-;-;-;-;-;-;-;-;-;-;-;-;-;-
14.07.2025 15:00;14.07.2025 16:00;-;-;-;-;-;-;-;-;-;-;-;-;-;-;-;-;-
14.07.2025 16:00;14.07.2025 17:00;-;-;-;-;-;-;-;-;-;-;-;-;-;-;-;-;-
14.07.2025 17:00;14.07.2025 18:00;-;-;-;-;-;-;-;-;-;-;-;-;-;-;-;-;-
14.07.2025 18:00;14.07.2025 19:00;-;-;-;-;-;-;-;-;-;-;-;-;-;-;-;-;-
14.07.2025 19:00;14.07.2025 20:00;-;-;-;-;-;-;-;-;-;-;-;-;-;-;-;-;-
14.07.2025 20:00;14.07.2025 21:00;-;-;-;-;-;-;-;-;-;-;-;-;-;-;-;-;-
14.07.2025 21:00;14.07.2025 22:00;-;-;-;-;-;-;-;-;-;-;-;-;-;-;-;-;-
14.07.2025 22:00;14.07.2025 23:00;-;-;-;-;-;-;-;-;-;-;-;-;-;-;-;-;-
14.07.2025 23:00;15.07.2025 00:00;-;-;-;-;-;-;-;-;-;-;-;-;-;-;-;-;-
15.07.2025 00:00;15.07.2025 01:00;-;-;-;-;-;-;-;-;-;-;-;-;-;-;-;-;-
15.07.2025 01:00;15.07.2025 02:00;-;-;-;-;-;-;-;-;-;-;-;-;-;-;-;-;-
15.07.2025 02:00;15.07.2025 03:00;-;-;-;-;-;-;-;-;-;-;-;-;-;-;-;-;-
15.07.2025 03:00;15.07.2025 04:00;-;-;-;-;-;-;-;-;-;-;-;-;-;-;-;-;-
15.07.2025 04:00;15.07.2025 05:00;-;-;-;-;-;-;-;-;-;-;-;-;-;-;-;-;-
15.07.2025 05:00;15.07.2025 06:00;-;-;-;-;-;-;-;-;-;-;-;-;-;-;-;-;-
15.07.2025 06:00;15.07.2025 07:00;-;-;-;-;-;-;-;-;-;-;-;-;-;-;-;-;-
15.07.2025 07:00;15.07.2025 08:00;-;-;-;-;-;-;-;-;-;-;-;-;-;-;-;-;-
15.07.2025 08:00;15.07.2025 09:00;-;-;-;-;-;-;-;-;-;-;-;-;-;-;-;-;-
15.07.2025 09:00;15.07.2025 10:00;-;-;-;-;-;-;-;-;-;-;-;-;-;-;-;-;-
15.07.2025 10:00;15.07.2025 11:00;-;-;-;-;-;-;-;-;-;-;-;-;-;-;-;-;-
15.07.2025 11:00;15.07.2025 12:00;-;-;-;-;-;-;-;-;-;-;-;-;-;-;-;-;-
15.07.2025 12:00;15.07.2025 13:00;-;-;-;-;-;-;-;-;-;-;-;-;-;-;-;-;-
15.07.2025 13:00;15.07.2025 14:00;-;-;-;-;-;-;-;-;-;-;-;-;-;-;-;-;-
15.07.2025 14:00;15.07.2025 15:00;-;-;-;-;-;-;-;-;-;-;-;-;-;-;-;-;-
15.07.2025 15:00;15.07.2025 16:00;-;-;-;-;-;-;-;-;-;-;-;-;-;-;-;-;-
15.07.2025 16:00;15.07.2025 17:00;-;-;-;-;-;-;-;-;-;-;-;-;-;-;-;-;-
15.07.2025 17:00;15.07.2025 18:00;-;-;-;-;-;-;-;-;-;-;-;-;-;-;-;-;-
15.07.2025 18:00;15.07.2025 19:00;-;-;-;-;-;-;-;-;-;-;-;-;-;-;-;-;-
15.07.2025 19:00;15.07.2025 20:00;-;-;-;-;-;-;-;-;-;-;-;-;-;-;-;-;-
15.07.2025 20:00;15.07.2025 21:00;-;-;-;-;-;-;-;-;-;-;-;-;-;-;-;-;-
15.07.2025 21:00;15.07.2025 22:00;-;-;-;-;-;-;-;-;-;-;-;-;-;-;-;-;-
15.07.2025 22:00;15.07.2025 23:00;-;-;-;-;-;-;-;-;-;-;-;-;-;-;-;-;-
15.07.2025 23:00;16.07.2025 00:00;-;-;-;-;-;-;-;-;-;-;-;-;-;-;-;-;-
16.07.2025 00:00;16.07.2025 01:00;-;-;-;-;-;-;-;-;-;-;-;-;-;-;-;-;-
16.07.2025 01:00;16.07.2025 02:00;-;-;-;-;-;-;-;-;-;-;-;-;-;-;-;-;-
16.07.2025 02:00;16.07.2025 03:00;-;-;-;-;-;-;-;-;-;-;-;-;-;-;-;-;-
16.07.2025 03:00;16.07.2025 04:00;-;-;-;-;-;-;-;-;-;-;-;-;-;-;-;-;-
16.07.2025 04:00;16.07.2025 05:00;-;-;-;-;-;-;-;-;-;-;-;-;-;-;-;-;-
16.07.2025 05:00;16.07.2025 06:00;-;-;-;-;-;-;-;-;-;-;-;-;-;-;-;-;-
16.07.2025 06:00;16.07.2025 07:00;-;-;-;-;-;-;-;-;-;-;-;-;-;-;-;-;-
16.07.2025 07:00;16.07.2025 08:00;-;-;-;-;-;-;-;-;-;-;-;-;-;-;-;-;-
16.07.2025 08:00;16.07.2025 09:00;-;-;-;-;-;-;-;-;-;-;-;-;-;-;-;-;-
16.07.2025 09:00;16.07.2025 10:00;-;-;-;-;-;-;-;-;-;-;-;-;-;-;-;-;-
16.07.2025 10:00;16.07.2025 11:00;-;-;-;-;-;-;-;-;-;-;-;-;-;-;-;-;-
16.07.2025 11:00;16.07.2025 12:00;-;-;-;-;-;-;-;-;-;-;-;-;-;-;-;-;-
16.07.2025 12:00;16.07.2025 13:00;-;-;-;-;-;-;-;-;-;-;-;-;-;-;-;-;-
16.07.2025 13:00;16.07.2025 14:00;-;-;-;-;-;-;-;-;-;-;-;-;-;-;-;-;-
16.07.2025 14:00;16.07.2025 15:00;-;-;-;-;-;-;-;-;-;-;-;-;-;-;-;-;-
16.07.2025 15:00;16.07.2025 16:00;-;-;-;-;-;-;-;-;-;-;-;-;-;-;-;-;-
16.07.2025 16:00;16.07.2025 17:00;-;-;-;-;-;-;-;-;-;-;-;-;-;-;-;-;-
16.07.2025 17:00;16.07.2025 18:00;-;-;-;-;-;-;-;-;-;-;-;-;-;-;-;-;-
16.07.2025 18:00;16.07.2025 19:00;-;-;-;-;-;-;-;-;-;-;-;-;-;-;-;-;-
16.07.2025 19:00;16.07.2025 20:00;-;-;-;-;-;-;-;-;-;-;-;-;-;-;-;-;-
16.07.2025 20:00;16.07.2025 21:00;-;-;-;-;-;-;-;-;-;-;-;-;-;-;-;-;-
16.07.2025 21:00;16.07.2025 22:00;-;-;-;-;-;-;-;-;-;-;-;-;-;-;-;-;-
16.07.2025 22:00;16.07.2025 23:00;-;-;-;-;-;-;-;-;-;-;-;-;-;-;-;-;-
16.07.2025 23:00;17.07.2025 00:00;-;-;-;-;-;-;-;-;-;-;-;-;-;-;-;-;-
17.07.2025 00:00;17.07.2025 01:00;-;-;-;-;-;-;-;-;-;-;-;-;-;-;-;-;-
17.07.2025 01:00;17.07.2025 02:00;-;-;-;-;-;-;-;-;-;-;-;-;-;-;-;-;-
17.07.2025 02:00;17.07.2025 03:00;-;-;-;-;-;-;-;-;-;-;-;-;-;-;-;-;-
17.07.2025 03:00;17.07.2025 04:00;-;-;-;-;-;-;-;-;-;-;-;-;-;-;-;-;-
17.07.2025 04:00;17.07.2025 05:00;-;-;-;-;-;-;-;-;-;-;-;-;-;-;-;-;-
17.07.2025 05:00;17.07.2025 06:00;-;-;-;-;-;-;-;-;-;-;-;-;-;-;-;-;-
17.07.2025 06:00;17.07.2025 07:00;-;-;-;-;-;-;-;-;-;-;-;-;-;-;-;-;-
17.07.2025 07:00;17.07.2025 08:00;-;-;-;-;-;-;-;-;-;-;-;-;-;-;-;-;-
17.07.2025 08:00;17.07.2025 09:00;-;-;-;-;-;-;-;-;-;-;-;-;-;-;-;-;-
17.07.2025 09:00;17.07.2025 10:00;-;-;-;-;-;-;-;-;-;-;-;-;-;-;-;-;-
17.07.2025 10:00;17.07.2025 11:00;-;-;-;-;-;-;-;-;-;-;-;-;-;-;-;-;-
17.07.2025 11:00;17.07.2025 12:00;-;-;-;-;-;-;-;-;-;-;-;-;-;-;-;-;-
17.07.2025 12:00;17.07.2025 13:00;-;-;-;-;-;-;-;-;-;-;-;-;-;-;-;-;-
17.07.2025 13:00;17.07.2025 14:00;-;-;-;-;-;-;-;-;-;-;-;-;-;-;-;-;-
17.07.2025 14:00;17.07.2025 15:00;-;-;-;-;-;-;-;-;-;-;-;-;-;-;-;-;-
17.07.2025 15:00;17.07.2025 16:00;-;-;-;-;-;-;-;-;-;-;-;-;-;-;-;-;-
17.07.2025 16:00;17.07.2025 17:00;-;-;-;-;-;-;-;-;-;-;-;-;-;-;-;-;-
17.07.2025 17:00;17.07.2025 18:00;-;-;-;-;-;-;-;-;-;-;-;-;-;-;-;-;-
17.07.2025 18:00;17.07.2025 19:00;-;-;-;-;-;-;-;-;-;-;-;-;-;-;-;-;-
17.07.2025 19:00;17.07.2025 20:00;-;-;-;-;-;-;-;-;-;-;-;-;-;-;-;-;-
17.07.2025 20:00;17.07.2025 21:00;-;-;-;-;-;-;-;-;-;-;-;-;-;-;-;-;-
17.07.2025 21:00;17.07.2025 22:00;-;-;-;-;-;-;-;-;-;-;-;-;-;-;-;-;-
17.07.2025 22:00;17.07.2025 23:00;-;-;-;-;-;-;-;-;-;-;-;-;-;-;-;-;-
17.07.2025 23:00;18.07.2025 00:00;-;-;-;-;-;-;-;-;-;-;-;-;-;-;-;-;-
18.07.2025 00:00;18.07.2025 01:00;-;-;-;-;-;-;-;-;-;-;-;-;-;-;-;-;-
18.07.2025 01:00;18.07.2025 02:00;-;-;-;-;-;-;-;-;-;-;-;-;-;-;-;-;-
18.07.2025 02:00;18.07.2025 03:00;-;-;-;-;-;-;-;-;-;-;-;-;-;-;-;-;-
18.07.2025 03:00;18.07.2025 04:00;-;-;-;-;-;-;-;-;-;-;-;-;-;-;-;-;-
18.07.2025 04:00;18.07.2025 05:00;-;-;-;-;-;-;-;-;-;-;-;-;-;-;-;-;-
18.07.2025 05:00;18.07.2025 06:00;-;-;-;-;-;-;-;-;-;-;-;-;-;-;-;-;-
18.07.2025 06:00;18.07.2025 07:00;-;-;-;-;-;-;-;-;-;-;-;-;-;-;-;-;-
18.07.2025 07:00;18.07.2025 08:00;-;-;-;-;-;-;-;-;-;-;-;-;-;-;-;-;-
18.07.2025 08:00;18.07.2025 09:00;-;-;-;-;-;-;-;-;-;-;-;-;-;-;-;-;-
18.07.2025 09:00;18.07.2025 10:00;-;-;-;-;-;-;-;-;-;-;-;-;-;-;-;-;-
18.07.2025 10:00;18.07.2025 11:00;-;-;-;-;-;-;-;-;-;-;-;-;-;-;-;-;-
18.07.2025 11:00;18.07.2025 12:00;-;-;-;-;-;-;-;-;-;-;-;-;-;-;-;-;-
18.07.2025 12:00;18.07.2025 13:00;-;-;-;-;-;-;-;-;-;-;-;-;-;-;-;-;-
18.07.2025 13:00;18.07.2025 14:00;-;-;-;-;-;-;-;-;-;-;-;-;-;-;-;-;-
18.07.2025 14:00;18.07.2025 15:00;-;-;-;-;-;-;-;-;-;-;-;-;-;-;-;-;-
18.07.2025 15:00;18.07.2025 16:00;-;-;-;-;-;-;-;-;-;-;-;-;-;-;-;-;-
18.07.2025 16:00;18.07.2025 17:00;-;-;-;-;-;-;-;-;-;-;-;-;-;-;-;-;-
18.07.2025 17:00;18.07.2025 18:00;-;-;-;-;-;-;-;-;-;-;-;-;-;-;-;-;-
18.07.2025 18:00;18.07.2025 19:00;-;-;-;-;-;-;-;-;-;-;-;-;-;-;-;-;-
18.07.2025 19:00;18.07.2025 20:00;-;-;-;-;-;-;-;-;-;-;-;-;-;-;-;-;-
18.07.2025 20:00;18.07.2025 21:00;-;-;-;-;-;-;-;-;-;-;-;-;-;-;-;-;-
18.07.2025 21:00;18.07.2025 22:00;-;-;-;-;-;-;-;-;-;-;-;-;-;-;-;-;-
18.07.2025 22:00;18.07.2025 23:00;-;-;-;-;-;-;-;-;-;-;-;-;-;-;-;-;-
18.07.2025 23:00;19.07.2025 00:00;-;-;-;-;-;-;-;-;-;-;-;-;-;-;-;-;-
19.07.2025 00:00;19.07.2025 01:00;-;-;-;-;-;-;-;-;-;-;-;-;-;-;-;-;-
19.07.2025 01:00;19.07.2025 02:00;-;-;-;-;-;-;-;-;-;-;-;-;-;-;-;-;-
19.07.2025 02:00;19.07.2025 03:00;-;-;-;-;-;-;-;-;-;-;-;-;-;-;-;-;-
19.07.2025 03:00;19.07.2025 04:00;-;-;-;-;-;-;-;-;-;-;-;-;-;-;-;-;-
19.07.2025 04:00;19.07.2025 05:00;-;-;-;-;-;-;-;-;-;-;-;-;-;-;-;-;-
19.07.2025 05:00;19.07.2025 06:00;-;-;-;-;-;-;-;-;-;-;-;-;-;-;-;-;-
19.07.2025 06:00;19.07.2025 07:00;-;-;-;-;-;-;-;-;-;-;-;-;-;-;-;-;-
19.07.2025 07:00;19.07.2025 08:00;-;-;-;-;-;-;-;-;-;-;-;-;-;-;-;-;-
19.07.2025 08:00;19.07.2025 09:00;-;-;-;-;-;-;-;-;-;-;-;-;-;-;-;-;-
19.07.2025 09:00;19.07.2025 10:00;-;-;-;-;-;-;-;-;-;-;-;-;-;-;-;-;-
19.07.2025 10:00;19.07.2025 11:00;-;-;-;-;-;-;-;-;-;-;-;-;-;-;-;-;-
19.07.2025 11:00;19.07.2025 12:00;-;-;-;-;-;-;-;-;-;-;-;-;-;-;-;-;-
19.07.2025 12:00;19.07.2025 13:00;-;-;-;-;-;-;-;-;-;-;-;-;-;-;-;-;-
19.07.2025 13:00;19.07.2025 14:00;-;-;-;-;-;-;-;-;-;-;-;-;-;-;-;-;-
19.07.2025 14:00;19.07.2025 15:00;-;-;-;-;-;-;-;-;-;-;-;-;-;-;-;-;-
19.07.2025 15:00;19.07.2025 16:00;-;-;-;-;-;-;-;-;-;-;-;-;-;-;-;-;-
19.07.2025 16:00;19.07.2025 17:00;-;-;-;-;-;-;-;-;-;-;-;-;-;-;-;-;-
19.07.2025 17:00;19.07.2025 18:00;-;-;-;-;-;-;-;-;-;-;-;-;-;-;-;-;-
19.07.2025 18:00;19.07.2025 19:00;-;-;-;-;-;-;-;-;-;-;-;-;-;-;-;-;-
19.07.2025 19:00;19.07.2025 20:00;-;-;-;-;-;-;-;-;-;-;-;-;-;-;-;-;-
19.07.2025 20:00;19.07.2025 21:00;-;-;-;-;-;-;-;-;-;-;-;-;-;-;-;-;-
19.07.2025 21:00;19.07.2025 22:00;-;-;-;-;-;-;-;-;-;-;-;-;-;-;-;-;-
19.07.2025 22:00;19.07.2025 23:00;-;-;-;-;-;-;-;-;-;-;-;-;-;-;-;-;-
19.07.2025 23:00;20.07.2025 00:00;-;-;-;-;-;-;-;-;-;-;-;-;-;-;-;-;-
20.07.2025 00:00;20.07.2025 01:00;-;-;-;-;-;-;-;-;-;-;-;-;-;-;-;-;-
20.07.2025 01:00;20.07.2025 02:00;-;-;-;-;-;-;-;-;-;-;-;-;-;-;-;-;-
20.07.2025 02:00;20.07.2025 03:00;-;-;-;-;-;-;-;-;-;-;-;-;-;-;-;-;-
20.07.2025 03:00;20.07.2025 04:00;-;-;-;-;-;-;-;-;-;-;-;-;-;-;-;-;-
20.07.2025 04:00;20.07.2025 05:00;-;-;-;-;-;-;-;-;-;-;-;-;-;-;-;-;-
20.07.2025 05:00;20.07.2025 06:00;-;-;-;-;-;-;-;-;-;-;-;-;-;-;-;-;-
20.07.2025 06:00;20.07.2025 07:00;-;-;-;-;-;-;-;-;-;-;-;-;-;-;-;-;-
20.07.2025 07:00;20.07.2025 08:00;-;-;-;-;-;-;-;-;-;-;-;-;-;-;-;-;-
20.07.2025 08:00;20.07.2025 09:00;-;-;-;-;-;-;-;-;-;-;-;-;-;-;-;-;-
20.07.2025 09:00;20.07.2025 10:00;-;-;-;-;-;-;-;-;-;-;-;-;-;-;-;-;-
20.07.2025 10:00;20.07.2025 11:00;-;-;-;-;-;-;-;-;-;-;-;-;-;-;-;-;-
20.07.2025 11:00;20.07.2025 12:00;-;-;-;-;-;-;-;-;-;-;-;-;-;-;-;-;-
20.07.2025 12:00;20.07.2025 13:00;-;-;-;-;-;-;-;-;-;-;-;-;-;-;-;-;-
20.07.2025 13:00;20.07.2025 14:00;-;-;-;-;-;-;-;-;-;-;-;-;-;-;-;-;-
20.07.2025 14:00;20.07.2025 15:00;-;-;-;-;-;-;-;-;-;-;-;-;-;-;-;-;-
20.07.2025 15:00;20.07.2025 16:00;-;-;-;-;-;-;-;-;-;-;-;-;-;-;-;-;-
20.07.2025 16:00;20.07.2025 17:00;-;-;-;-;-;-;-;-;-;-;-;-;-;-;-;-;-
20.07.2025 17:00;20.07.2025 18:00;-;-;-;-;-;-;-;-;-;-;-;-;-;-;-;-;-
20.07.2025 18:00;20.07.2025 19:00;-;-;-;-;-;-;-;-;-;-;-;-;-;-;-;-;-
20.07.2025 19:00;20.07.2025 20:00;-;-;-;-;-;-;-;-;-;-;-;-;-;-;-;-;-
20.07.2025 20:00;20.07.2025 21:00;-;-;-;-;-;-;-;-;-;-;-;-;-;-;-;-;-
20.07.2025 21:00;20.07.2025 22:00;-;-;-;-;-;-;-;-;-;-;-;-;-;-;-;-;-
20.07.2025 22:00;20.07.2025 23:00;-;-;-;-;-;-;-;-;-;-;-;-;-;-;-;-;-
20.07.2025 23:00;21.07.2025 00:00;-;-;-;-;-;-;-;-;-;-;-;-;-;-;-;-;-
21.07.2025 00:00;21.07.2025 01:00;-;-;-;-;-;-;-;-;-;-;-;-;-;-;-;-;-
21.07.2025 01:00;21.07.2025 02:00;-;-;-;-;-;-;-;-;-;-;-;-;-;-;-;-;-
21.07.2025 02:00;21.07.2025 03:00;-;-;-;-;-;-;-;-;-;-;-;-;-;-;-;-;-
21.07.2025 03:00;21.07.2025 04:00;-;-;-;-;-;-;-;-;-;-;-;-;-;-;-;-;-
21.07.2025 04:00;21.07.2025 05:00;-;-;-;-;-;-;-;-;-;-;-;-;-;-;-;-;-
21.07.2025 05:00;21.07.2025 06:00;-;-;-;-;-;-;-;-;-;-;-;-;-;-;-;-;-
21.07.2025 06:00;21.07.2025 07:00;-;-;-;-;-;-;-;-;-;-;-;-;-;-;-;-;-
21.07.2025 07:00;21.07.2025 08:00;-;-;-;-;-;-;-;-;-;-;-;-;-;-;-;-;-
21.07.2025 08:00;21.07.2025 09:00;-;-;-;-;-;-;-;-;-;-;-;-;-;-;-;-;-
21.07.2025 09:00;21.07.2025 10:00;-;-;-;-;-;-;-;-;-;-;-;-;-;-;-;-;-
21.07.2025 10:00;21.07.2025 11:00;-;-;-;-;-;-;-;-;-;-;-;-;-;-;-;-;-
21.07.2025 11:00;21.07.2025 12:00;-;-;-;-;-;-;-;-;-;-;-;-;-;-;-;-;-
21.07.2025 12:00;21.07.2025 13:00;-;-;-;-;-;-;-;-;-;-;-;-;-;-;-;-;-
21.07.2025 13:00;21.07.2025 14:00;-;-;-;-;-;-;-;-;-;-;-;-;-;-;-;-;-
21.07.2025 14:00;21.07.2025 15:00;-;-;-;-;-;-;-;-;-;-;-;-;-;-;-;-;-
21.07.2025 15:00;21.07.2025 16:00;-;-;-;-;-;-;-;-;-;-;-;-;-;-;-;-;-
21.07.2025 16:00;21.07.2025 17:00;-;-;-;-;-;-;-;-;-;-;-;-;-;-;-;-;-
21.07.2025 17:00;21.07.2025 18:00;-;-;-;-;-;-;-;-;-;-;-;-;-;-;-;-;-
21.07.2025 18:00;21.07.2025 19:00;-;-;-;-;-;-;-;-;-;-;-;-;-;-;-;-;-
21.07.2025 19:00;21.07.2025 20:00;-;-;-;-;-;-;-;-;-;-;-;-;-;-;-;-;-
21.07.2025 20:00;21.07.2025 21:00;-;-;-;-;-;-;-;-;-;-;-;-;-;-;-;-;-
21.07.2025 21:00;21.07.2025 22:00;-;-;-;-;-;-;-;-;-;-;-;-;-;-;-;-;-
21.07.2025 22:00;21.07.2025 23:00;-;-;-;-;-;-;-;-;-;-;-;-;-;-;-;-;-
21.07.2025 23:00;22.07.2025 00:00;-;-;-;-;-;-;-;-;-;-;-;-;-;-;-;-;-
22.07.2025 00:00;22.07.2025 01:00;-;-;-;-;-;-;-;-;-;-;-;-;-;-;-;-;-
22.07.2025 01:00;22.07.2025 02:00;-;-;-;-;-;-;-;-;-;-;-;-;-;-;-;-;-
22.07.2025 02:00;22.07.2025 03:00;-;-;-;-;-;-;-;-;-;-;-;-;-;-;-;-;-
22.07.2025 03:00;22.07.2025 04:00;-;-;-;-;-;-;-;-;-;-;-;-;-;-;-;-;-
22.07.2025 04:00;22.07.2025 05:00;-;-;-;-;-;-;-;-;-;-;-;-;-;-;-;-;-
22.07.2025 05:00;22.07.2025 06:00;-;-;-;-;-;-;-;-;-;-;-;-;-;-;-;-;-
22.07.2025 06:00;22.07.2025 07:00;-;-;-;-;-;-;-;-;-;-;-;-;-;-;-;-;-
22.07.2025 07:00;22.07.2025 08:00;-;-;-;-;-;-;-;-;-;-;-;-;-;-;-;-;-
22.07.2025 08:00;22.07.2025 09:00;-;-;-;-;-;-;-;-;-;-;-;-;-;-;-;-;-
22.07.2025 09:00;22.07.2025 10:00;-;-;-;-;-;-;-;-;-;-;-;-;-;-;-;-;-
22.07.2025 10:00;22.07.2025 11:00;-;-;-;-;-;-;-;-;-;-;-;-;-;-;-;-;-
22.07.2025 11:00;22.07.2025 12:00;-;-;-;-;-;-;-;-;-;-;-;-;-;-;-;-;-
22.07.2025 12:00;22.07.2025 13:00;-;-;-;-;-;-;-;-;-;-;-;-;-;-;-;-;-
22.07.2025 13:00;22.07.2025 14:00;-;-;-;-;-;-;-;-;-;-;-;-;-;-;-;-;-
22.07.2025 14:00;22.07.2025 15:00;-;-;-;-;-;-;-;-;-;-;-;-;-;-;-;-;-
22.07.2025 15:00;22.07.2025 16:00;-;-;-;-;-;-;-;-;-;-;-;-;-;-;-;-;-
22.07.2025 16:00;22.07.2025 17:00;-;-;-;-;-;-;-;-;-;-;-;-;-;-;-;-;-
22.07.2025 17:00;22.07.2025 18:00;-;-;-;-;-;-;-;-;-;-;-;-;-;-;-;-;-
22.07.2025 18:00;22.07.2025 19:00;-;-;-;-;-;-;-;-;-;-;-;-;-;-;-;-;-
22.07.2025 19:00;22.07.2025 20:00;-;-;-;-;-;-;-;-;-;-;-;-;-;-;-;-;-
22.07.2025 20:00;22.07.2025 21:00;-;-;-;-;-;-;-;-;-;-;-;-;-;-;-;-;-
22.07.2025 21:00;22.07.2025 22:00;-;-;-;-;-;-;-;-;-;-;-;-;-;-;-;-;-
22.07.2025 22:00;22.07.2025 23:00;-;-;-;-;-;-;-;-;-;-;-;-;-;-;-;-;-
22.07.2025 23:00;23.07.2025 00:00;-;-;-;-;-;-;-;-;-;-;-;-;-;-;-;-;-
23.07.2025 00:00;23.07.2025 01:00;-;-;-;-;-;-;-;-;-;-;-;-;-;-;-;-;-
23.07.2025 01:00;23.07.2025 02:00;-;-;-;-;-;-;-;-;-;-;-;-;-;-;-;-;-
23.07.2025 02:00;23.07.2025 03:00;-;-;-;-;-;-;-;-;-;-;-;-;-;-;-;-;-
23.07.2025 03:00;23.07.2025 04:00;-;-;-;-;-;-;-;-;-;-;-;-;-;-;-;-;-
23.07.2025 04:00;23.07.2025 05:00;-;-;-;-;-;-;-;-;-;-;-;-;-;-;-;-;-
23.07.2025 05:00;23.07.2025 06:00;-;-;-;-;-;-;-;-;-;-;-;-;-;-;-;-;-
23.07.2025 06:00;23.07.2025 07:00;-;-;-;-;-;-;-;-;-;-;-;-;-;-;-;-;-
23.07.2025 07:00;23.07.2025 08:00;-;-;-;-;-;-;-;-;-;-;-;-;-;-;-;-;-
23.07.2025 08:00;23.07.2025 09:00;-;-;-;-;-;-;-;-;-;-;-;-;-;-;-;-;-
23.07.2025 09:00;23.07.2025 10:00;-;-;-;-;-;-;-;-;-;-;-;-;-;-;-;-;-
23.07.2025 10:00;23.07.2025 11:00;-;-;-;-;-;-;-;-;-;-;-;-;-;-;-;-;-
23.07.2025 11:00;23.07.2025 12:00;-;-;-;-;-;-;-;-;-;-;-;-;-;-;-;-;-
23.07.2025 12:00;23.07.2025 13:00;-;-;-;-;-;-;-;-;-;-;-;-;-;-;-;-;-
23.07.2025 13:00;23.07.2025 14:00;-;-;-;-;-;-;-;-;-;-;-;-;-;-;-;-;-
23.07.2025 14:00;23.07.2025 15:00;-;-;-;-;-;-;-;-;-;-;-;-;-;-;-;-;-
23.07.2025 15:00;23.07.2025 16:00;-;-;-;-;-;-;-;-;-;-;-;-;-;-;-;-;-
23.07.2025 16:00;23.07.2025 17:00;-;-;-;-;-;-;-;-;-;-;-;-;-;-;-;-;-
23.07.2025 17:00;23.07.2025 18:00;-;-;-;-;-;-;-;-;-;-;-;-;-;-;-;-;-
23.07.2025 18:00;23.07.2025 19:00;-;-;-;-;-;-;-;-;-;-;-;-;-;-;-;-;-
23.07.2025 19:00;23.07.2025 20:00;-;-;-;-;-;-;-;-;-;-;-;-;-;-;-;-;-
23.07.2025 20:00;23.07.2025 21:00;-;-;-;-;-;-;-;-;-;-;-;-;-;-;-;-;-
23.07.2025 21:00;23.07.2025 22:00;-;-;-;-;-;-;-;-;-;-;-;-;-;-;-;-;-
23.07.2025 22:00;23.07.2025 23:00;-;-;-;-;-;-;-;-;-;-;-;-;-;-;-;-;-
23.07.2025 23:00;24.07.2025 00:00;-;-;-;-;-;-;-;-;-;-;-;-;-;-;-;-;-
24.07.2025 00:00;24.07.2025 01:00;-;-;-;-;-;-;-;-;-;-;-;-;-;-;-;-;-
24.07.2025 01:00;24.07.2025 02:00;-;-;-;-;-;-;-;-;-;-;-;-;-;-;-;-;-
24.07.2025 02:00;24.07.2025 03:00;-;-;-;-;-;-;-;-;-;-;-;-;-;-;-;-;-
24.07.2025 03:00;24.07.2025 04:00;-;-;-;-;-;-;-;-;-;-;-;-;-;-;-;-;-
24.07.2025 04:00;24.07.2025 05:00;-;-;-;-;-;-;-;-;-;-;-;-;-;-;-;-;-
24.07.2025 05:00;24.07.2025 06:00;-;-;-;-;-;-;-;-;-;-;-;-;-;-;-;-;-
24.07.2025 06:00;24.07.2025 07:00;-;-;-;-;-;-;-;-;-;-;-;-;-;-;-;-;-
24.07.2025 07:00;24.07.2025 08:00;-;-;-;-;-;-;-;-;-;-;-;-;-;-;-;-;-
24.07.2025 08:00;24.07.2025 09:00;-;-;-;-;-;-;-;-;-;-;-;-;-;-;-;-;-
24.07.2025 09:00;24.07.2025 10:00;-;-;-;-;-;-;-;-;-;-;-;-;-;-;-;-;-
24.07.2025 10:00;24.07.2025 11:00;-;-;-;-;-;-;-;-;-;-;-;-;-;-;-;-;-
24.07.2025 11:00;24.07.2025 12:00;-;-;-;-;-;-;-;-;-;-;-;-;-;-;-;-;-
24.07.2025 12:00;24.07.2025 13:00;-;-;-;-;-;-;-;-;-;-;-;-;-;-;-;-;-
24.07.2025 13:00;24.07.2025 14:00;-;-;-;-;-;-;-;-;-;-;-;-;-;-;-;-;-
24.07.2025 14:00;24.07.2025 15:00;-;-;-;-;-;-;-;-;-;-;-;-;-;-;-;-;-
24.07.2025 15:00;24.07.2025 16:00;-;-;-;-;-;-;-;-;-;-;-;-;-;-;-;-;-
24.07.2025 16:00;24.07.2025 17:00;-;-;-;-;-;-;-;-;-;-;-;-;-;-;-;-;-
24.07.2025 17:00;24.07.2025 18:00;-;-;-;-;-;-;-;-;-;-;-;-;-;-;-;-;-
24.07.2025 18:00;24.07.2025 19:00;-;-;-;-;-;-;-;-;-;-;-;-;-;-;-;-;-
24.07.2025 19:00;24.07.2025 20:00;-;-;-;-;-;-;-;-;-;-;-;-;-;-;-;-;-
24.07.2025 20:00;24.07.2025 21:00;-;-;-;-;-;-;-;-;-;-;-;-;-;-;-;-;-
24.07.2025 21:00;24.07.2025 22:00;-;-;-;-;-;-;-;-;-;-;-;-;-;-;-;-;-
24.07.2025 22:00;24.07.2025 23:00;-;-;-;-;-;-;-;-;-;-;-;-;-;-;-;-;-
24.07.2025 23:00;25.07.2025 00:00;-;-;-;-;-;-;-;-;-;-;-;-;-;-;-;-;-
25.07.2025 00:00;25.07.2025 01:00;-;-;-;-;-;-;-;-;-;-;-;-;-;-;-;-;-
25.07.2025 01:00;25.07.2025 02:00;-;-;-;-;-;-;-;-;-;-;-;-;-;-;-;-;-
25.07.2025 02:00;25.07.2025 03:00;-;-;-;-;-;-;-;-;-;-;-;-;-;-;-;-;-
25.07.2025 03:00;25.07.2025 04:00;-;-;-;-;-;-;-;-;-;-;-;-;-;-;-;-;-
25.07.2025 04:00;25.07.2025 05:00;-;-;-;-;-;-;-;-;-;-;-;-;-;-;-;-;-
25.07.2025 05:00;25.07.2025 06:00;-;-;-;-;-;-;-;-;-;-;-;-;-;-;-;-;-
25.07.2025 06:00;25.07.2025 07:00;-;-;-;-;-;-;-;-;-;-;-;-;-;-;-;-;-
25.07.2025 07:00;25.07.2025 08:00;-;-;-;-;-;-;-;-;-;-;-;-;-;-;-;-;-
25.07.2025 08:00;25.07.2025 09:00;-;-;-;-;-;-;-;-;-;-;-;-;-;-;-;-;-
25.07.2025 09:00;25.07.2025 10:00;-;-;-;-;-;-;-;-;-;-;-;-;-;-;-;-;-
25.07.2025 10:00;25.07.2025 11:00;-;-;-;-;-;-;-;-;-;-;-;-;-;-;-;-;-
25.07.2025 11:00;25.07.2025 12:00;-;-;-;-;-;-;-;-;-;-;-;-;-;-;-;-;-
25.07.2025 12:00;25.07.2025 13:00;-;-;-;-;-;-;-;-;-;-;-;-;-;-;-;-;-
25.07.2025 13:00;25.07.2025 14:00;-;-;-;-;-;-;-;-;-;-;-;-;-;-;-;-;-
25.07.2025 14:00;25.07.2025 15:00;-;-;-;-;-;-;-;-;-;-;-;-;-;-;-;-;-
25.07.2025 15:00;25.07.2025 16:00;-;-;-;-;-;-;-;-;-;-;-;-;-;-;-;-;-
25.07.2025 16:00;25.07.2025 17:00;-;-;-;-;-;-;-;-;-;-;-;-;-;-;-;-;-
25.07.2025 17:00;25.07.2025 18:00;-;-;-;-;-;-;-;-;-;-;-;-;-;-;-;-;-
25.07.2025 18:00;25.07.2025 19:00;-;-;-;-;-;-;-;-;-;-;-;-;-;-;-;-;-
25.07.2025 19:00;25.07.2025 20:00;-;-;-;-;-;-;-;-;-;-;-;-;-;-;-;-;-
25.07.2025 20:00;25.07.2025 21:00;-;-;-;-;-;-;-;-;-;-;-;-;-;-;-;-;-
25.07.2025 21:00;25.07.2025 22:00;-;-;-;-;-;-;-;-;-;-;-;-;-;-;-;-;-
25.07.2025 22:00;25.07.2025 23:00;-;-;-;-;-;-;-;-;-;-;-;-;-;-;-;-;-
25.07.2025 23:00;26.07.2025 00:00;-;-;-;-;-;-;-;-;-;-;-;-;-;-;-;-;-
26.07.2025 00:00;26.07.2025 01:00;-;-;-;-;-;-;-;-;-;-;-;-;-;-;-;-;-
26.07.2025 01:00;26.07.2025 02:00;-;-;-;-;-;-;-;-;-;-;-;-;-;-;-;-;-
26.07.2025 02:00;26.07.2025 03:00;-;-;-;-;-;-;-;-;-;-;-;-;-;-;-;-;-
26.07.2025 03:00;26.07.2025 04:00;-;-;-;-;-;-;-;-;-;-;-;-;-;-;-;-;-
26.07.2025 04:00;26.07.2025 05:00;-;-;-;-;-;-;-;-;-;-;-;-;-;-;-;-;-
26.07.2025 05:00;26.07.2025 06:00;-;-;-;-;-;-;-;-;-;-;-;-;-;-;-;-;-
26.07.2025 06:00;26.07.2025 07:00;-;-;-;-;-;-;-;-;-;-;-;-;-;-;-;-;-
26.07.2025 07:00;26.07.2025 08:00;-;-;-;-;-;-;-;-;-;-;-;-;-;-;-;-;-
26.07.2025 08:00;26.07.2025 09:00;-;-;-;-;-;-;-;-;-;-;-;-;-;-;-;-;-
26.07.2025 09:00;26.07.2025 10:00;-;-;-;-;-;-;-;-;-;-;-;-;-;-;-;-;-
26.07.2025 10:00;26.07.2025 11:00;-;-;-;-;-;-;-;-;-;-;-;-;-;-;-;-;-
26.07.2025 11:00;26.07.2025 12:00;-;-;-;-;-;-;-;-;-;-;-;-;-;-;-;-;-
26.07.2025 12:00;26.07.2025 13:00;-;-;-;-;-;-;-;-;-;-;-;-;-;-;-;-;-
26.07.2025 13:00;26.07.2025 14:00;-;-;-;-;-;-;-;-;-;-;-;-;-;-;-;-;-
26.07.2025 14:00;26.07.2025 15:00;-;-;-;-;-;-;-;-;-;-;-;-;-;-;-;-;-
26.07.2025 15:00;26.07.2025 16:00;-;-;-;-;-;-;-;-;-;-;-;-;-;-;-;-;-
26.07.2025 16:00;26.07.2025 17:00;-;-;-;-;-;-;-;-;-;-;-;-;-;-;-;-;-
26.07.2025 17:00;26.07.2025 18:00;-;-;-;-;-;-;-;-;-;-;-;-;-;-;-;-;-
26.07.2025 18:00;26.07.2025 19:00;-;-;-;-;-;-;-;-;-;-;-;-;-;-;-;-;-
26.07.2025 19:00;26.07.2025 20:00;-;-;-;-;-;-;-;-;-;-;-;-;-;-;-;-;-
26.07.2025 20:00;26.07.2025 21:00;-;-;-;-;-;-;-;-;-;-;-;-;-;-;-;-;-
26.07.2025 21:00;26.07.2025 22:00;-;-;-;-;-;-;-;-;-;-;-;-;-;-;-;-;-
26.07.2025 22:00;26.07.2025 23:00;-;-;-;-;-;-;-;-;-;-;-;-;-;-;-;-;-
26.07.2025 23:00;27.07.2025 00:00;-;-;-;-;-;-;-;-;-;-;-;-;-;-;-;-;-
27.07.2025 00:00;27.07.2025 01:00;-;-;-;-;-;-;-;-;-;-;-;-;-;-;-;-;-
27.07.2025 01:00;27.07.2025 02:00;-;-;-;-;-;-;-;-;-;-;-;-;-;-;-;-;-
27.07.2025 02:00;27.07.2025 03:00;-;-;-;-;-;-;-;-;-;-;-;-;-;-;-;-;-
27.07.2025 03:00;27.07.2025 04:00;-;-;-;-;-;-;-;-;-;-;-;-;-;-;-;-;-
27.07.2025 04:00;27.07.2025 05:00;-;-;-;-;-;-;-;-;-;-;-;-;-;-;-;-;-
27.07.2025 05:00;27.07.2025 06:00;-;-;-;-;-;-;-;-;-;-;-;-;-;-;-;-;-
27.07.2025 06:00;27.07.2025 07:00;-;-;-;-;-;-;-;-;-;-;-;-;-;-;-;-;-
27.07.2025 07:00;27.07.2025 08:00;-;-;-;-;-;-;-;-;-;-;-;-;-;-;-;-;-
27.07.2025 08:00;27.07.2025 09:00;-;-;-;-;-;-;-;-;-;-;-;-;-;-;-;-;-
27.07.2025 09:00;27.07.2025 10:00;-;-;-;-;-;-;-;-;-;-;-;-;-;-;-;-;-
27.07.2025 10:00;27.07.2025 11:00;-;-;-;-;-;-;-;-;-;-;-;-;-;-;-;-;-
27.07.2025 11:00;27.07.2025 12:00;-;-;-;-;-;-;-;-;-;-;-;-;-;-;-;-;-
27.07.2025 12:00;27.07.2025 13:00;-;-;-;-;-;-;-;-;-;-;-;-;-;-;-;-;-
27.07.2025 13:00;27.07.2025 14:00;-;-;-;-;-;-;-;-;-;-;-;-;-;-;-;-;-
27.07.2025 14:00;27.07.2025 15:00;-;-;-;-;-;-;-;-;-;-;-;-;-;-;-;-;-
27.07.2025 15:00;27.07.2025 16:00;-;-;-;-;-;-;-;-;-;-;-;-;-;-;-;-;-
27.07.2025 16:00;27.07.2025 17:00;-;-;-;-;-;-;-;-;-;-;-;-;-;-;-;-;-
27.07.2025 17:00;27.07.2025 18:00;-;-;-;-;-;-;-;-;-;-;-;-;-;-;-;-;-
27.07.2025 18:00;27.07.2025 19:00;-;-;-;-;-;-;-;-;-;-;-;-;-;-;-;-;-
27.07.2025 19:00;27.07.2025 20:00;-;-;-;-;-;-;-;-;-;-;-;-;-;-;-;-;-
27.07.2025 20:00;27.07.2025 21:00;-;-;-;-;-;-;-;-;-;-;-;-;-;-;-;-;-
27.07.2025 21:00;27.07.2025 22:00;-;-;-;-;-;-;-;-;-;-;-;-;-;-;-;-;-
27.07.2025 22:00;27.07.2025 23:00;-;-;-;-;-;-;-;-;-;-;-;-;-;-;-;-;-
27.07.2025 23:00;28.07.2025 00:00;-;-;-;-;-;-;-;-;-;-;-;-;-;-;-;-;-
28.07.2025 00:00;28.07.2025 01:00;-;-;-;-;-;-;-;-;-;-;-;-;-;-;-;-;-
28.07.2025 01:00;28.07.2025 02:00;-;-;-;-;-;-;-;-;-;-;-;-;-;-;-;-;-
28.07.2025 02:00;28.07.2025 03:00;-;-;-;-;-;-;-;-;-;-;-;-;-;-;-;-;-
28.07.2025 03:00;28.07.2025 04:00;-;-;-;-;-;-;-;-;-;-;-;-;-;-;-;-;-
28.07.2025 04:00;28.07.2025 05:00;-;-;-;-;-;-;-;-;-;-;-;-;-;-;-;-;-
28.07.2025 05:00;28.07.2025 06:00;-;-;-;-;-;-;-;-;-;-;-;-;-;-;-;-;-
28.07.2025 06:00;28.07.2025 07:00;-;-;-;-;-;-;-;-;-;-;-;-;-;-;-;-;-
28.07.2025 07:00;28.07.2025 08:00;-;-;-;-;-;-;-;-;-;-;-;-;-;-;-;-;-
28.07.2025 08:00;28.07.2025 09:00;-;-;-;-;-;-;-;-;-;-;-;-;-;-;-;-;-
28.07.2025 09:00;28.07.2025 10:00;-;-;-;-;-;-;-;-;-;-;-;-;-;-;-;-;-
28.07.2025 10:00;28.07.2025 11:00;-;-;-;-;-;-;-;-;-;-;-;-;-;-;-;-;-
28.07.2025 11:00;28.07.2025 12:00;-;-;-;-;-;-;-;-;-;-;-;-;-;-;-;-;-
28.07.2025 12:00;28.07.2025 13:00;-;-;-;-;-;-;-;-;-;-;-;-;-;-;-;-;-
28.07.2025 13:00;28.07.2025 14:00;-;-;-;-;-;-;-;-;-;-;-;-;-;-;-;-;-
28.07.2025 14:00;28.07.2025 15:00;-;-;-;-;-;-;-;-;-;-;-;-;-;-;-;-;-
28.07.2025 15:00;28.07.2025 16:00;-;-;-;-;-;-;-;-;-;-;-;-;-;-;-;-;-
28.07.2025 16:00;28.07.2025 17:00;-;-;-;-;-;-;-;-;-;-;-;-;-;-;-;-;-
28.07.2025 17:00;28.07.2025 18:00;-;-;-;-;-;-;-;-;-;-;-;-;-;-;-;-;-
28.07.2025 18:00;28.07.2025 19:00;-;-;-;-;-;-;-;-;-;-;-;-;-;-;-;-;-
28.07.2025 19:00;28.07.2025 20:00;-;-;-;-;-;-;-;-;-;-;-;-;-;-;-;-;-
28.07.2025 20:00;28.07.2025 21:00;-;-;-;-;-;-;-;-;-;-;-;-;-;-;-;-;-
28.07.2025 21:00;28.07.2025 22:00;-;-;-;-;-;-;-;-;-;-;-;-;-;-;-;-;-
28.07.2025 22:00;28.07.2025 23:00;-;-;-;-;-;-;-;-;-;-;-;-;-;-;-;-;-
28.07.2025 23:00;29.07.2025 00:00;-;-;-;-;-;-;-;-;-;-;-;-;-;-;-;-;-
29.07.2025 00:00;29.07.2025 01:00;-;-;-;-;-;-;-;-;-;-;-;-;-;-;-;-;-
29.07.2025 01:00;29.07.2025 02:00;-;-;-;-;-;-;-;-;-;-;-;-;-;-;-;-;-
29.07.2025 02:00;29.07.2025 03:00;-;-;-;-;-;-;-;-;-;-;-;-;-;-;-;-;-
29.07.2025 03:00;29.07.2025 04:00;-;-;-;-;-;-;-;-;-;-;-;-;-;-;-;-;-
29.07.2025 04:00;29.07.2025 05:00;-;-;-;-;-;-;-;-;-;-;-;-;-;-;-;-;-
29.07.2025 05:00;29.07.2025 06:00;-;-;-;-;-;-;-;-;-;-;-;-;-;-;-;-;-
29.07.2025 06:00;29.07.2025 07:00;-;-;-;-;-;-;-;-;-;-;-;-;-;-;-;-;-
29.07.2025 07:00;29.07.2025 08:00;-;-;-;-;-;-;-;-;-;-;-;-;-;-;-;-;-
29.07.2025 08:00;29.07.2025 09:00;-;-;-;-;-;-;-;-;-;-;-;-;-;-;-;-;-
29.07.2025 09:00;29.07.2025 10:00;-;-;-;-;-;-;-;-;-;-;-;-;-;-;-;-;-
29.07.2025 10:00;29.07.2025 11:00;-;-;-;-;-;-;-;-;-;-;-;-;-;-;-;-;-
29.07.2025 11:00;29.07.2025 12:00;-;-;-;-;-;-;-;-;-;-;-;-;-;-;-;-;-
29.07.2025 12:00;29.07.2025 13:00;-;-;-;-;-;-;-;-;-;-;-;-;-;-;-;-;-
29.07.2025 13:00;29.07.2025 14:00;-;-;-;-;-;-;-;-;-;-;-;-;-;-;-;-;-
29.07.2025 14:00;29.07.2025 15:00;-;-;-;-;-;-;-;-;-;-;-;-;-;-;-;-;-
29.07.2025 15:00;29.07.2025 16:00;-;-;-;-;-;-;-;-;-;-;-;-;-;-;-;-;-
29.07.2025 16:00;29.07.2025 17:00;-;-;-;-;-;-;-;-;-;-;-;-;-;-;-;-;-
29.07.2025 17:00;29.07.2025 18:00;-;-;-;-;-;-;-;-;-;-;-;-;-;-;-;-;-
29.07.2025 18:00;29.07.2025 19:00;-;-;-;-;-;-;-;-;-;-;-;-;-;-;-;-;-
29.07.2025 19:00;29.07.2025 20:00;-;-;-;-;-;-;-;-;-;-;-;-;-;-;-;-;-
29.07.2025 20:00;29.07.2025 21:00;-;-;-;-;-;-;-;-;-;-;-;-;-;-;-;-;-
29.07.2025 21:00;29.07.2025 22:00;-;-;-;-;-;-;-;-;-;-;-;-;-;-;-;-;-
29.07.2025 22:00;29.07.2025 23:00;-;-;-;-;-;-;-;-;-;-;-;-;-;-;-;-;-
29.07.2025 23:00;30.07.2025 00:00;-;-;-;-;-;-;-;-;-;-;-;-;-;-;-;-;-
30.07.2025 00:00;30.07.2025 01:00;-;-;-;-;-;-;-;-;-;-;-;-;-;-;-;-;-
30.07.2025 01:00;30.07.2025 02:00;-;-;-;-;-;-;-;-;-;-;-;-;-;-;-;-;-
30.07.2025 02:00;30.07.2025 03:00;-;-;-;-;-;-;-;-;-;-;-;-;-;-;-;-;-
30.07.2025 03:00;30.07.2025 04:00;-;-;-;-;-;-;-;-;-;-;-;-;-;-;-;-;-
30.07.2025 04:00;30.07.2025 05:00;-;-;-;-;-;-;-;-;-;-;-;-;-;-;-;-;-
30.07.2025 05:00;30.07.2025 06:00;-;-;-;-;-;-;-;-;-;-;-;-;-;-;-;-;-
30.07.2025 06:00;30.07.2025 07:00;-;-;-;-;-;-;-;-;-;-;-;-;-;-;-;-;-
30.07.2025 07:00;30.07.2025 08:00;-;-;-;-;-;-;-;-;-;-;-;-;-;-;-;-;-
30.07.2025 08:00;30.07.2025 09:00;-;-;-;-;-;-;-;-;-;-;-;-;-;-;-;-;-
30.07.2025 09:00;30.07.2025 10:00;-;-;-;-;-;-;-;-;-;-;-;-;-;-;-;-;-
30.07.2025 10:00;30.07.2025 11:00;-;-;-;-;-;-;-;-;-;-;-;-;-;-;-;-;-
30.07.2025 11:00;30.07.2025 12:00;-;-;-;-;-;-;-;-;-;-;-;-;-;-;-;-;-
30.07.2025 12:00;30.07.2025 13:00;-;-;-;-;-;-;-;-;-;-;-;-;-;-;-;-;-
30.07.2025 13:00;30.07.2025 14:00;-;-;-;-;-;-;-;-;-;-;-;-;-;-;-;-;-
30.07.2025 14:00;30.07.2025 15:00;-;-;-;-;-;-;-;-;-;-;-;-;-;-;-;-;-
30.07.2025 15:00;30.07.2025 16:00;-;-;-;-;-;-;-;-;-;-;-;-;-;-;-;-;-
30.07.2025 16:00;30.07.2025 17:00;-;-;-;-;-;-;-;-;-;-;-;-;-;-;-;-;-
30.07.2025 17:00;30.07.2025 18:00;-;-;-;-;-;-;-;-;-;-;-;-;-;-;-;-;-
30.07.2025 18:00;30.07.2025 19:00;-;-;-;-;-;-;-;-;-;-;-;-;-;-;-;-;-
30.07.2025 19:00;30.07.2025 20:00;-;-;-;-;-;-;-;-;-;-;-;-;-;-;-;-;-
30.07.2025 20:00;30.07.2025 21:00;-;-;-;-;-;-;-;-;-;-;-;-;-;-;-;-;-
30.07.2025 21:00;30.07.2025 22:00;-;-;-;-;-;-;-;-;-;-;-;-;-;-;-;-;-
30.07.2025 22:00;30.07.2025 23:00;-;-;-;-;-;-;-;-;-;-;-;-;-;-;-;-;-
30.07.2025 23:00;31.07.2025 00:00;-;-;-;-;-;-;-;-;-;-;-;-;-;-;-;-;-
31.07.2025 00:00;31.07.2025 01:00;-;-;-;-;-;-;-;-;-;-;-;-;-;-;-;-;-
31.07.2025 01:00;31.07.2025 02:00;-;-;-;-;-;-;-;-;-;-;-;-;-;-;-;-;-
31.07.2025 02:00;31.07.2025 03:00;-;-;-;-;-;-;-;-;-;-;-;-;-;-;-;-;-
31.07.2025 03:00;31.07.2025 04:00;-;-;-;-;-;-;-;-;-;-;-;-;-;-;-;-;-
31.07.2025 04:00;31.07.2025 05:00;-;-;-;-;-;-;-;-;-;-;-;-;-;-;-;-;-
31.07.2025 05:00;31.07.2025 06:00;-;-;-;-;-;-;-;-;-;-;-;-;-;-;-;-;-
31.07.2025 06:00;31.07.2025 07:00;-;-;-;-;-;-;-;-;-;-;-;-;-;-;-;-;-
31.07.2025 07:00;31.07.2025 08:00;-;-;-;-;-;-;-;-;-;-;-;-;-;-;-;-;-
31.07.2025 08:00;31.07.2025 09:00;-;-;-;-;-;-;-;-;-;-;-;-;-;-;-;-;-
31.07.2025 09:00;31.07.2025 10:00;-;-;-;-;-;-;-;-;-;-;-;-;-;-;-;-;-
31.07.2025 10:00;31.07.2025 11:00;-;-;-;-;-;-;-;-;-;-;-;-;-;-;-;-;-
31.07.2025 11:00;31.07.2025 12:00;-;-;-;-;-;-;-;-;-;-;-;-;-;-;-;-;-
31.07.2025 12:00;31.07.2025 13:00;-;-;-;-;-;-;-;-;-;-;-;-;-;-;-;-;-
31.07.2025 13:00;31.07.2025 14:00;-;-;-;-;-;-;-;-;-;-;-;-;-;-;-;-;-
31.07.2025 14:00;31.07.2025 15:00;-;-;-;-;-;-;-;-;-;-;-;-;-;-;-;-;-
31.07.2025 15:00;31.07.2025 16:00;-;-;-;-;-;-;-;-;-;-;-;-;-;-;-;-;-
31.07.2025 16:00;31.07.2025 17:00;-;-;-;-;-;-;-;-;-;-;-;-;-;-;-;-;-
31.07.2025 17:00;31.07.2025 18:00;-;-;-;-;-;-;-;-;-;-;-;-;-;-;-;-;-
31.07.2025 18:00;31.07.2025 19:00;-;-;-;-;-;-;-;-;-;-;-;-;-;-;-;-;-
31.07.2025 19:00;31.07.2025 20:00;-;-;-;-;-;-;-;-;-;-;-;-;-;-;-;-;-
31.07.2025 20:00;31.07.2025 21:00;-;-;-;-;-;-;-;-;-;-;-;-;-;-;-;-;-
31.07.2025 21:00;31.07.2025 22:00;-;-;-;-;-;-;-;-;-;-;-;-;-;-;-;-;-
31.07.2025 22:00;31.07.2025 23:00;-;-;-;-;-;-;-;-;-;-;-;-;-;-;-;-;-
31.07.2025 23:00;01.08.2025 00:00;-;-;-;-;-;-;-;-;-;-;-;-;-;-;-;-;-
01.08.2025 00:00;01.08.2025 01:00;-;-;-;-;-;-;-;-;-;-;-;-;-;-;-;-;-
01.08.2025 01:00;01.08.2025 02:00;-;-;-;-;-;-;-;-;-;-;-;-;-;-;-;-;-
01.08.2025 02:00;01.08.2025 03:00;-;-;-;-;-;-;-;-;-;-;-;-;-;-;-;-;-
01.08.2025 03:00;01.08.2025 04:00;-;-;-;-;-;-;-;-;-;-;-;-;-;-;-;-;-
01.08.2025 04:00;01.08.2025 05:00;-;-;-;-;-;-;-;-;-;-;-;-;-;-;-;-;-
01.08.2025 05:00;01.08.2025 06:00;-;-;-;-;-;-;-;-;-;-;-;-;-;-;-;-;-
01.08.2025 06:00;01.08.2025 07:00;-;-;-;-;-;-;-;-;-;-;-;-;-;-;-;-;-
01.08.2025 07:00;01.08.2025 08:00;-;-;-;-;-;-;-;-;-;-;-;-;-;-;-;-;-
01.08.2025 08:00;01.08.2025 09:00;-;-;-;-;-;-;-;-;-;-;-;-;-;-;-;-;-
01.08.2025 09:00;01.08.2025 10:00;-;-;-;-;-;-;-;-;-;-;-;-;-;-;-;-;-
01.08.2025 10:00;01.08.2025 11:00;-;-;-;-;-;-;-;-;-;-;-;-;-;-;-;-;-
01.08.2025 11:00;01.08.2025 12:00;-;-;-;-;-;-;-;-;-;-;-;-;-;-;-;-;-
01.08.2025 12:00;01.08.2025 13:00;-;-;-;-;-;-;-;-;-;-;-;-;-;-;-;-;-
01.08.2025 13:00;01.08.2025 14:00;-;-;-;-;-;-;-;-;-;-;-;-;-;-;-;-;-
01.08.2025 14:00;01.08.2025 15:00;-;-;-;-;-;-;-;-;-;-;-;-;-;-;-;-;-
01.08.2025 15:00;01.08.2025 16:00;-;-;-;-;-;-;-;-;-;-;-;-;-;-;-;-;-
01.08.2025 16:00;01.08.2025 17:00;-;-;-;-;-;-;-;-;-;-;-;-;-;-;-;-;-
01.08.2025 17:00;01.08.2025 18:00;-;-;-;-;-;-;-;-;-;-;-;-;-;-;-;-;-
01.08.2025 18:00;01.08.2025 19:00;-;-;-;-;-;-;-;-;-;-;-;-;-;-;-;-;-
01.08.2025 19:00;01.08.2025 20:00;-;-;-;-;-;-;-;-;-;-;-;-;-;-;-;-;-
01.08.2025 20:00;01.08.2025 21:00;-;-;-;-;-;-;-;-;-;-;-;-;-;-;-;-;-
01.08.2025 21:00;01.08.2025 22:00;-;-;-;-;-;-;-;-;-;-;-;-;-;-;-;-;-
01.08.2025 22:00;01.08.2025 23:00;-;-;-;-;-;-;-;-;-;-;-;-;-;-;-;-;-
01.08.2025 23:00;02.08.2025 00:00;-;-;-;-;-;-;-;-;-;-;-;-;-;-;-;-;-
02.08.2025 00:00;02.08.2025 01:00;-;-;-;-;-;-;-;-;-;-;-;-;-;-;-;-;-
02.08.2025 01:00;02.08.2025 02:00;-;-;-;-;-;-;-;-;-;-;-;-;-;-;-;-;-
02.08.2025 02:00;02.08.2025 03:00;-;-;-;-;-;-;-;-;-;-;-;-;-;-;-;-;-
02.08.2025 03:00;02.08.2025 04:00;-;-;-;-;-;-;-;-;-;-;-;-;-;-;-;-;-
02.08.2025 04:00;02.08.2025 05:00;-;-;-;-;-;-;-;-;-;-;-;-;-;-;-;-;-
02.08.2025 05:00;02.08.2025 06:00;-;-;-;-;-;-;-;-;-;-;-;-;-;-;-;-;-
02.08.2025 06:00;02.08.2025 07:00;-;-;-;-;-;-;-;-;-;-;-;-;-;-;-;-;-
02.08.2025 07:00;02.08.2025 08:00;-;-;-;-;-;-;-;-;-;-;-;-;-;-;-;-;-
02.08.2025 08:00;02.08.2025 09:00;-;-;-;-;-;-;-;-;-;-;-;-;-;-;-;-;-
02.08.2025 09:00;02.08.2025 10:00;-;-;-;-;-;-;-;-;-;-;-;-;-;-;-;-;-
02.08.2025 10:00;02.08.2025 11:00;-;-;-;-;-;-;-;-;-;-;-;-;-;-;-;-;-
02.08.2025 11:00;02.08.2025 12:00;-;-;-;-;-;-;-;-;-;-;-;-;-;-;-;-;-
02.08.2025 12:00;02.08.2025 13:00;-;-;-;-;-;-;-;-;-;-;-;-;-;-;-;-;-
02.08.2025 13:00;02.08.2025 14:00;-;-;-;-;-;-;-;-;-;-;-;-;-;-;-;-;-
02.08.2025 14:00;02.08.2025 15:00;-;-;-;-;-;-;-;-;-;-;-;-;-;-;-;-;-
02.08.2025 15:00;02.08.2025 16:00;-;-;-;-;-;-;-;-;-;-;-;-;-;-;-;-;-
02.08.2025 16:00;02.08.2025 17:00;-;-;-;-;-;-;-;-;-;-;-;-;-;-;-;-;-
02.08.2025 17:00;02.08.2025 18:00;-;-;-;-;-;-;-;-;-;-;-;-;-;-;-;-;-
02.08.2025 18:00;02.08.2025 19:00;-;-;-;-;-;-;-;-;-;-;-;-;-;-;-;-;-
02.08.2025 19:00;02.08.2025 20:00;-;-;-;-;-;-;-;-;-;-;-;-;-;-;-;-;-
02.08.2025 20:00;02.08.2025 21:00;-;-;-;-;-;-;-;-;-;-;-;-;-;-;-;-;-
02.08.2025 21:00;02.08.2025 22:00;-;-;-;-;-;-;-;-;-;-;-;-;-;-;-;-;-
02.08.2025 22:00;02.08.2025 23:00;-;-;-;-;-;-;-;-;-;-;-;-;-;-;-;-;-
02.08.2025 23:00;03.08.2025 00:00;-;-;-;-;-;-;-;-;-;-;-;-;-;-;-;-;-
03.08.2025 00:00;03.08.2025 01:00;-;-;-;-;-;-;-;-;-;-;-;-;-;-;-;-;-
03.08.2025 01:00;03.08.2025 02:00;-;-;-;-;-;-;-;-;-;-;-;-;-;-;-;-;-
03.08.2025 02:00;03.08.2025 03:00;-;-;-;-;-;-;-;-;-;-;-;-;-;-;-;-;-
03.08.2025 03:00;03.08.2025 04:00;-;-;-;-;-;-;-;-;-;-;-;-;-;-;-;-;-
03.08.2025 04:00;03.08.2025 05:00;-;-;-;-;-;-;-;-;-;-;-;-;-;-;-;-;-
03.08.2025 05:00;03.08.2025 06:00;-;-;-;-;-;-;-;-;-;-;-;-;-;-;-;-;-
03.08.2025 06:00;03.08.2025 07:00;-;-;-;-;-;-;-;-;-;-;-;-;-;-;-;-;-
03.08.2025 07:00;03.08.2025 08:00;-;-;-;-;-;-;-;-;-;-;-;-;-;-;-;-;-
03.08.2025 08:00;03.08.2025 09:00;-;-;-;-;-;-;-;-;-;-;-;-;-;-;-;-;-
03.08.2025 09:00;03.08.2025 10:00;-;-;-;-;-;-;-;-;-;-;-;-;-;-;-;-;-
03.08.2025 10:00;03.08.2025 11:00;-;-;-;-;-;-;-;-;-;-;-;-;-;-;-;-;-
03.08.2025 11:00;03.08.2025 12:00;-;-;-;-;-;-;-;-;-;-;-;-;-;-;-;-;-
03.08.2025 12:00;03.08.2025 13:00;-;-;-;-;-;-;-;-;-;-;-;-;-;-;-;-;-
03.08.2025 13:00;03.08.2025 14:00;-;-;-;-;-;-;-;-;-;-;-;-;-;-;-;-;-
03.08.2025 14:00;03.08.2025 15:00;-;-;-;-;-;-;-;-;-;-;-;-;-;-;-;-;-
03.08.2025 15:00;03.08.2025 16:00;-;-;-;-;-;-;-;-;-;-;-;-;-;-;-;-;-
03.08.2025 16:00;03.08.2025 17:00;-;-;-;-;-;-;-;-;-;-;-;-;-;-;-;-;-
03.08.2025 17:00;03.08.2025 18:00;-;-;-;-;-;-;-;-;-;-;-;-;-;-;-;-;-
03.08.2025 18:00;03.08.2025 19:00;-;-;-;-;-;-;-;-;-;-;-;-;-;-;-;-;-
03.08.2025 19:00;03.08.2025 20:00;-;-;-;-;-;-;-;-;-;-;-;-;-;-;-;-;-
03.08.2025 20:00;03.08.2025 21:00;-;-;-;-;-;-;-;-;-;-;-;-;-;-;-;-;-
03.08.2025 21:00;03.08.2025 22:00;-;-;-;-;-;-;-;-;-;-;-;-;-;-;-;-;-
03.08.2025 22:00;03.08.2025 23:00;-;-;-;-;-;-;-;-;-;-;-;-;-;-;-;-;-
03.08.2025 23:00;04.08.2025 00:00;-;-;-;-;-;-;-;-;-;-;-;-;-;-;-;-;-
04.08.2025 00:00;04.08.2025 01:00;-;-;-;-;-;-;-;-;-;-;-;-;-;-;-;-;-
04.08.2025 01:00;04.08.2025 02:00;-;-;-;-;-;-;-;-;-;-;-;-;-;-;-;-;-
04.08.2025 02:00;04.08.2025 03:00;-;-;-;-;-;-;-;-;-;-;-;-;-;-;-;-;-
04.08.2025 03:00;04.08.2025 04:00;-;-;-;-;-;-;-;-;-;-;-;-;-;-;-;-;-
04.08.2025 04:00;04.08.2025 05:00;-;-;-;-;-;-;-;-;-;-;-;-;-;-;-;-;-
04.08.2025 05:00;04.08.2025 06:00;-;-;-;-;-;-;-;-;-;-;-;-;-;-;-;-;-
04.08.2025 06:00;04.08.2025 07:00;-;-;-;-;-;-;-;-;-;-;-;-;-;-;-;-;-
04.08.2025 07:00;04.08.2025 08:00;-;-;-;-;-;-;-;-;-;-;-;-;-;-;-;-;-
04.08.2025 08:00;04.08.2025 09:00;-;-;-;-;-;-;-;-;-;-;-;-;-;-;-;-;-
04.08.2025 09:00;04.08.2025 10:00;-;-;-;-;-;-;-;-;-;-;-;-;-;-;-;-;-
04.08.2025 10:00;04.08.2025 11:00;-;-;-;-;-;-;-;-;-;-;-;-;-;-;-;-;-
04.08.2025 11:00;04.08.2025 12:00;-;-;-;-;-;-;-;-;-;-;-;-;-;-;-;-;-
04.08.2025 12:00;04.08.2025 13:00;-;-;-;-;-;-;-;-;-;-;-;-;-;-;-;-;-
04.08.2025 13:00;04.08.2025 14:00;-;-;-;-;-;-;-;-;-;-;-;-;-;-;-;-;-
04.08.2025 14:00;04.08.2025 15:00;-;-;-;-;-;-;-;-;-;-;-;-;-;-;-;-;-
04.08.2025 15:00;04.08.2025 16:00;-;-;-;-;-;-;-;-;-;-;-;-;-;-;-;-;-
04.08.2025 16:00;04.08.2025 17:00;-;-;-;-;-;-;-;-;-;-;-;-;-;-;-;-;-
04.08.2025 17:00;04.08.2025 18:00;-;-;-;-;-;-;-;-;-;-;-;-;-;-;-;-;-
04.08.2025 18:00;04.08.2025 19:00;-;-;-;-;-;-;-;-;-;-;-;-;-;-;-;-;-
04.08.2025 19:00;04.08.2025 20:00;-;-;-;-;-;-;-;-;-;-;-;-;-;-;-;-;-
04.08.2025 20:00;04.08.2025 21:00;-;-;-;-;-;-;-;-;-;-;-;-;-;-;-;-;-
04.08.2025 21:00;04.08.2025 22:00;-;-;-;-;-;-;-;-;-;-;-;-;-;-;-;-;-
04.08.2025 22:00;04.08.2025 23:00;-;-;-;-;-;-;-;-;-;-;-;-;-;-;-;-;-
04.08.2025 23:00;05.08.2025 00:00;-;-;-;-;-;-;-;-;-;-;-;-;-;-;-;-;-
05.08.2025 00:00;05.08.2025 01:00;-;-;-;-;-;-;-;-;-;-;-;-;-;-;-;-;-
05.08.2025 01:00;05.08.2025 02:00;-;-;-;-;-;-;-;-;-;-;-;-;-;-;-;-;-
05.08.2025 02:00;05.08.2025 03:00;-;-;-;-;-;-;-;-;-;-;-;-;-;-;-;-;-
05.08.2025 03:00;05.08.2025 04:00;-;-;-;-;-;-;-;-;-;-;-;-;-;-;-;-;-
05.08.2025 04:00;05.08.2025 05:00;-;-;-;-;-;-;-;-;-;-;-;-;-;-;-;-;-
05.08.2025 05:00;05.08.2025 06:00;-;-;-;-;-;-;-;-;-;-;-;-;-;-;-;-;-
05.08.2025 06:00;05.08.2025 07:00;-;-;-;-;-;-;-;-;-;-;-;-;-;-;-;-;-
05.08.2025 07:00;05.08.2025 08:00;-;-;-;-;-;-;-;-;-;-;-;-;-;-;-;-;-
05.08.2025 08:00;05.08.2025 09:00;-;-;-;-;-;-;-;-;-;-;-;-;-;-;-;-;-
05.08.2025 09:00;05.08.2025 10:00;-;-;-;-;-;-;-;-;-;-;-;-;-;-;-;-;-
05.08.2025 10:00;05.08.2025 11:00;-;-;-;-;-;-;-;-;-;-;-;-;-;-;-;-;-
05.08.2025 11:00;05.08.2025 12:00;-;-;-;-;-;-;-;-;-;-;-;-;-;-;-;-;-
05.08.2025 12:00;05.08.2025 13:00;-;-;-;-;-;-;-;-;-;-;-;-;-;-;-;-;-
05.08.2025 13:00;05.08.2025 14:00;-;-;-;-;-;-;-;-;-;-;-;-;-;-;-;-;-
05.08.2025 14:00;05.08.2025 15:00;-;-;-;-;-;-;-;-;-;-;-;-;-;-;-;-;-
05.08.2025 15:00;05.08.2025 16:00;-;-;-;-;-;-;-;-;-;-;-;-;-;-;-;-;-
05.08.2025 16:00;05.08.2025 17:00;-;-;-;-;-;-;-;-;-;-;-;-;-;-;-;-;-
05.08.2025 17:00;05.08.2025 18:00;-;-;-;-;-;-;-;-;-;-;-;-;-;-;-;-;-
05.08.2025 18:00;05.08.2025 19:00;-;-;-;-;-;-;-;-;-;-;-;-;-;-;-;-;-
05.08.2025 19:00;05.08.2025 20:00;-;-;-;-;-;-;-;-;-;-;-;-;-;-;-;-;-
05.08.2025 20:00;05.08.2025 21:00;-;-;-;-;-;-;-;-;-;-;-;-;-;-;-;-;-
05.08.2025 21:00;05.08.2025 22:00;-;-;-;-;-;-;-;-;-;-;-;-;-;-;-;-;-
05.08.2025 22:00;05.08.2025 23:00;-;-;-;-;-;-;-;-;-;-;-;-;-;-;-;-;-
05.08.2025 23:00;06.08.2025 00:00;-;-;-;-;-;-;-;-;-;-;-;-;-;-;-;-;-
06.08.2025 00:00;06.08.2025 01:00;-;-;-;-;-;-;-;-;-;-;-;-;-;-;-;-;-
06.08.2025 01:00;06.08.2025 02:00;-;-;-;-;-;-;-;-;-;-;-;-;-;-;-;-;-
06.08.2025 02:00;06.08.2025 03:00;-;-;-;-;-;-;-;-;-;-;-;-;-;-;-;-;-
06.08.2025 03:00;06.08.2025 04:00;-;-;-;-;-;-;-;-;-;-;-;-;-;-;-;-;-
06.08.2025 04:00;06.08.2025 05:00;-;-;-;-;-;-;-;-;-;-;-;-;-;-;-;-;-
06.08.2025 05:00;06.08.2025 06:00;-;-;-;-;-;-;-;-;-;-;-;-;-;-;-;-;-
06.08.2025 06:00;06.08.2025 07:00;-;-;-;-;-;-;-;-;-;-;-;-;-;-;-;-;-
06.08.2025 07:00;06.08.2025 08:00;-;-;-;-;-;-;-;-;-;-;-;-;-;-;-;-;-
06.08.2025 08:00;06.08.2025 09:00;-;-;-;-;-;-;-;-;-;-;-;-;-;-;-;-;-
06.08.2025 09:00;06.08.2025 10:00;-;-;-;-;-;-;-;-;-;-;-;-;-;-;-;-;-
06.08.2025 10:00;06.08.2025 11:00;-;-;-;-;-;-;-;-;-;-;-;-;-;-;-;-;-
06.08.2025 11:00;06.08.2025 12:00;-;-;-;-;-;-;-;-;-;-;-;-;-;-;-;-;-
06.08.2025 12:00;06.08.2025 13:00;-;-;-;-;-;-;-;-;-;-;-;-;-;-;-;-;-
06.08.2025 13:00;06.08.2025 14:00;-;-;-;-;-;-;-;-;-;-;-;-;-;-;-;-;-
06.08.2025 14:00;06.08.2025 15:00;-;-;-;-;-;-;-;-;-;-;-;-;-;-;-;-;-
06.08.2025 15:00;06.08.2025 16:00;-;-;-;-;-;-;-;-;-;-;-;-;-;-;-;-;-
06.08.2025 16:00;06.08.2025 17:00;-;-;-;-;-;-;-;-;-;-;-;-;-;-;-;-;-
06.08.2025 17:00;06.08.2025 18:00;-;-;-;-;-;-;-;-;-;-;-;-;-;-;-;-;-
06.08.2025 18:00;06.08.2025 19:00;-;-;-;-;-;-;-;-;-;-;-;-;-;-;-;-;-
06.08.2025 19:00;06.08.2025 20:00;-;-;-;-;-;-;-;-;-;-;-;-;-;-;-;-;-
06.08.2025 20:00;06.08.2025 21:00;-;-;-;-;-;-;-;-;-;-;-;-;-;-;-;-;-
06.08.2025 21:00;06.08.2025 22:00;-;-;-;-;-;-;-;-;-;-;-;-;-;-;-;-;-
06.08.2025 22:00;06.08.2025 23:00;-;-;-;-;-;-;-;-;-;-;-;-;-;-;-;-;-
06.08.2025 23:00;07.08.2025 00:00;-;-;-;-;-;-;-;-;-;-;-;-;-;-;-;-;-
07.08.2025 00:00;07.08.2025 01:00;-;-;-;-;-;-;-;-;-;-;-;-;-;-;-;-;-
07.08.2025 01:00;07.08.2025 02:00;-;-;-;-;-;-;-;-;-;-;-;-;-;-;-;-;-
07.08.2025 02:00;07.08.2025 03:00;-;-;-;-;-;-;-;-;-;-;-;-;-;-;-;-;-
07.08.2025 03:00;07.08.2025 04:00;-;-;-;-;-;-;-;-;-;-;-;-;-;-;-;-;-
07.08.2025 04:00;07.08.2025 05:00;-;-;-;-;-;-;-;-;-;-;-;-;-;-;-;-;-
07.08.2025 05:00;07.08.2025 06:00;-;-;-;-;-;-;-;-;-;-;-;-;-;-;-;-;-
07.08.2025 06:00;07.08.2025 07:00;-;-;-;-;-;-;-;-;-;-;-;-;-;-;-;-;-
07.08.2025 07:00;07.08.2025 08:00;-;-;-;-;-;-;-;-;-;-;-;-;-;-;-;-;-
07.08.2025 08:00;07.08.2025 09:00;-;-;-;-;-;-;-;-;-;-;-;-;-;-;-;-;-
07.08.2025 09:00;07.08.2025 10:00;-;-;-;-;-;-;-;-;-;-;-;-;-;-;-;-;-
07.08.2025 10:00;07.08.2025 11:00;-;-;-;-;-;-;-;-;-;-;-;-;-;-;-;-;-
07.08.2025 11:00;07.08.2025 12:00;-;-;-;-;-;-;-;-;-;-;-;-;-;-;-;-;-
07.08.2025 12:00;07.08.2025 13:00;-;-;-;-;-;-;-;-;-;-;-;-;-;-;-;-;-
07.08.2025 13:00;07.08.2025 14:00;-;-;-;-;-;-;-;-;-;-;-;-;-;-;-;-;-
07.08.2025 14:00;07.08.2025 15:00;-;-;-;-;-;-;-;-;-;-;-;-;-;-;-;-;-
07.08.2025 15:00;07.08.2025 16:00;-;-;-;-;-;-;-;-;-;-;-;-;-;-;-;-;-
07.08.2025 16:00;07.08.2025 17:00;-;-;-;-;-;-;-;-;-;-;-;-;-;-;-;-;-
07.08.2025 17:00;07.08.2025 18:00;-;-;-;-;-;-;-;-;-;-;-;-;-;-;-;-;-
07.08.2025 18:00;07.08.2025 19:00;-;-;-;-;-;-;-;-;-;-;-;-;-;-;-;-;-
07.08.2025 19:00;07.08.2025 20:00;-;-;-;-;-;-;-;-;-;-;-;-;-;-;-;-;-
07.08.2025 20:00;07.08.2025 21:00;-;-;-;-;-;-;-;-;-;-;-;-;-;-;-;-;-
07.08.2025 21:00;07.08.2025 22:00;-;-;-;-;-;-;-;-;-;-;-;-;-;-;-;-;-
07.08.2025 22:00;07.08.2025 23:00;-;-;-;-;-;-;-;-;-;-;-;-;-;-;-;-;-
07.08.2025 23:00;08.08.2025 00:00;-;-;-;-;-;-;-;-;-;-;-;-;-;-;-;-;-
08.08.2025 00:00;08.08.2025 01:00;-;-;-;-;-;-;-;-;-;-;-;-;-;-;-;-;-
08.08.2025 01:00;08.08.2025 02:00;-;-;-;-;-;-;-;-;-;-;-;-;-;-;-;-;-
08.08.2025 02:00;08.08.2025 03:00;-;-;-;-;-;-;-;-;-;-;-;-;-;-;-;-;-
08.08.2025 03:00;08.08.2025 04:00;-;-;-;-;-;-;-;-;-;-;-;-;-;-;-;-;-
08.08.2025 04:00;08.08.2025 05:00;-;-;-;-;-;-;-;-;-;-;-;-;-;-;-;-;-
08.08.2025 05:00;08.08.2025 06:00;-;-;-;-;-;-;-;-;-;-;-;-;-;-;-;-;-
08.08.2025 06:00;08.08.2025 07:00;-;-;-;-;-;-;-;-;-;-;-;-;-;-;-;-;-
08.08.2025 07:00;08.08.2025 08:00;-;-;-;-;-;-;-;-;-;-;-;-;-;-;-;-;-
08.08.2025 08:00;08.08.2025 09:00;-;-;-;-;-;-;-;-;-;-;-;-;-;-;-;-;-
08.08.2025 09:00;08.08.2025 10:00;-;-;-;-;-;-;-;-;-;-;-;-;-;-;-;-;-
08.08.2025 10:00;08.08.2025 11:00;-;-;-;-;-;-;-;-;-;-;-;-;-;-;-;-;-
08.08.2025 11:00;08.08.2025 12:00;-;-;-;-;-;-;-;-;-;-;-;-;-;-;-;-;-
08.08.2025 12:00;08.08.2025 13:00;-;-;-;-;-;-;-;-;-;-;-;-;-;-;-;-;-
08.08.2025 13:00;08.08.2025 14:00;-;-;-;-;-;-;-;-;-;-;-;-;-;-;-;-;-
08.08.2025 14:00;08.08.2025 15:00;-;-;-;-;-;-;-;-;-;-;-;-;-;-;-;-;-
08.08.2025 15:00;08.08.2025 16:00;-;-;-;-;-;-;-;-;-;-;-;-;-;-;-;-;-
08.08.2025 16:00;08.08.2025 17:00;-;-;-;-;-;-;-;-;-;-;-;-;-;-;-;-;-
08.08.2025 17:00;08.08.2025 18:00;-;-;-;-;-;-;-;-;-;-;-;-;-;-;-;-;-
08.08.2025 18:00;08.08.2025 19:00;-;-;-;-;-;-;-;-;-;-;-;-;-;-;-;-;-
08.08.2025 19:00;08.08.2025 20:00;-;-;-;-;-;-;-;-;-;-;-;-;-;-;-;-;-
08.08.2025 20:00;08.08.2025 21:00;-;-;-;-;-;-;-;-;-;-;-;-;-;-;-;-;-
08.08.2025 21:00;08.08.2025 22:00;-;-;-;-;-;-;-;-;-;-;-;-;-;-;-;-;-
08.08.2025 22:00;08.08.2025 23:00;-;-;-;-;-;-;-;-;-;-;-;-;-;-;-;-;-
08.08.2025 23:00;09.08.2025 00:00;-;-;-;-;-;-;-;-;-;-;-;-;-;-;-;-;-
09.08.2025 00:00;09.08.2025 01:00;-;-;-;-;-;-;-;-;-;-;-;-;-;-;-;-;-
09.08.2025 01:00;09.08.2025 02:00;-;-;-;-;-;-;-;-;-;-;-;-;-;-;-;-;-
09.08.2025 02:00;09.08.2025 03:00;-;-;-;-;-;-;-;-;-;-;-;-;-;-;-;-;-
09.08.2025 03:00;09.08.2025 04:00;-;-;-;-;-;-;-;-;-;-;-;-;-;-;-;-;-
09.08.2025 04:00;09.08.2025 05:00;-;-;-;-;-;-;-;-;-;-;-;-;-;-;-;-;-
09.08.2025 05:00;09.08.2025 06:00;-;-;-;-;-;-;-;-;-;-;-;-;-;-;-;-;-
09.08.2025 06:00;09.08.2025 07:00;-;-;-;-;-;-;-;-;-;-;-;-;-;-;-;-;-
09.08.2025 07:00;09.08.2025 08:00;-;-;-;-;-;-;-;-;-;-;-;-;-;-;-;-;-
09.08.2025 08:00;09.08.2025 09:00;-;-;-;-;-;-;-;-;-;-;-;-;-;-;-;-;-
09.08.2025 09:00;09.08.2025 10:00;-;-;-;-;-;-;-;-;-;-;-;-;-;-;-;-;-
09.08.2025 10:00;09.08.2025 11:00;-;-;-;-;-;-;-;-;-;-;-;-;-;-;-;-;-
09.08.2025 11:00;09.08.2025 12:00;-;-;-;-;-;-;-;-;-;-;-;-;-;-;-;-;-
09.08.2025 12:00;09.08.2025 13:00;-;-;-;-;-;-;-;-;-;-;-;-;-;-;-;-;-
09.08.2025 13:00;09.08.2025 14:00;-;-;-;-;-;-;-;-;-;-;-;-;-;-;-;-;-
09.08.2025 14:00;09.08.2025 15:00;-;-;-;-;-;-;-;-;-;-;-;-;-;-;-;-;-
09.08.2025 15:00;09.08.2025 16:00;-;-;-;-;-;-;-;-;-;-;-;-;-;-;-;-;-
09.08.2025 16:00;09.08.2025 17:00;-;-;-;-;-;-;-;-;-;-;-;-;-;-;-;-;-
09.08.2025 17:00;09.08.2025 18:00;-;-;-;-;-;-;-;-;-;-;-;-;-;-;-;-;-
09.08.2025 18:00;09.08.2025 19:00;-;-;-;-;-;-;-;-;-;-;-;-;-;-;-;-;-
09.08.2025 19:00;09.08.2025 20:00;-;-;-;-;-;-;-;-;-;-;-;-;-;-;-;-;-
09.08.2025 20:00;09.08.2025 21:00;-;-;-;-;-;-;-;-;-;-;-;-;-;-;-;-;-
09.08.2025 21:00;09.08.2025 22:00;-;-;-;-;-;-;-;-;-;-;-;-;-;-;-;-;-
09.08.2025 22:00;09.08.2025 23:00;-;-;-;-;-;-;-;-;-;-;-;-;-;-;-;-;-
09.08.2025 23:00;10.08.2025 00:00;-;-;-;-;-;-;-;-;-;-;-;-;-;-;-;-;-
10.08.2025 00:00;10.08.2025 01:00;-;-;-;-;-;-;-;-;-;-;-;-;-;-;-;-;-
10.08.2025 01:00;10.08.2025 02:00;-;-;-;-;-;-;-;-;-;-;-;-;-;-;-;-;-
10.08.2025 02:00;10.08.2025 03:00;-;-;-;-;-;-;-;-;-;-;-;-;-;-;-;-;-
10.08.2025 03:00;10.08.2025 04:00;-;-;-;-;-;-;-;-;-;-;-;-;-;-;-;-;-
10.08.2025 04:00;10.08.2025 05:00;-;-;-;-;-;-;-;-;-;-;-;-;-;-;-;-;-
10.08.2025 05:00;10.08.2025 06:00;-;-;-;-;-;-;-;-;-;-;-;-;-;-;-;-;-
10.08.2025 06:00;10.08.2025 07:00;-;-;-;-;-;-;-;-;-;-;-;-;-;-;-;-;-
10.08.2025 07:00;10.08.2025 08:00;-;-;-;-;-;-;-;-;-;-;-;-;-;-;-;-;-
10.08.2025 08:00;10.08.2025 09:00;-;-;-;-;-;-;-;-;-;-;-;-;-;-;-;-;-
10.08.2025 09:00;10.08.2025 10:00;-;-;-;-;-;-;-;-;-;-;-;-;-;-;-;-;-
10.08.2025 10:00;10.08.2025 11:00;-;-;-;-;-;-;-;-;-;-;-;-;-;-;-;-;-
10.08.2025 11:00;10.08.2025 12:00;-;-;-;-;-;-;-;-;-;-;-;-;-;-;-;-;-
10.08.2025 12:00;10.08.2025 13:00;-;-;-;-;-;-;-;-;-;-;-;-;-;-;-;-;-
10.08.2025 13:00;10.08.2025 14:00;-;-;-;-;-;-;-;-;-;-;-;-;-;-;-;-;-
10.08.2025 14:00;10.08.2025 15:00;-;-;-;-;-;-;-;-;-;-;-;-;-;-;-;-;-
10.08.2025 15:00;10.08.2025 16:00;-;-;-;-;-;-;-;-;-;-;-;-;-;-;-;-;-
10.08.2025 16:00;10.08.2025 17:00;-;-;-;-;-;-;-;-;-;-;-;-;-;-;-;-;-
10.08.2025 17:00;10.08.2025 18:00;-;-;-;-;-;-;-;-;-;-;-;-;-;-;-;-;-
10.08.2025 18:00;10.08.2025 19:00;-;-;-;-;-;-;-;-;-;-;-;-;-;-;-;-;-
10.08.2025 19:00;10.08.2025 20:00;-;-;-;-;-;-;-;-;-;-;-;-;-;-;-;-;-
10.08.2025 20:00;10.08.2025 21:00;-;-;-;-;-;-;-;-;-;-;-;-;-;-;-;-;-
10.08.2025 21:00;10.08.2025 22:00;-;-;-;-;-;-;-;-;-;-;-;-;-;-;-;-;-
10.08.2025 22:00;10.08.2025 23:00;-;-;-;-;-;-;-;-;-;-;-;-;-;-;-;-;-
10.08.2025 23:00;11.08.2025 00:00;-;-;-;-;-;-;-;-;-;-;-;-;-;-;-;-;-
11.08.2025 00:00;11.08.2025 01:00;-;-;-;-;-;-;-;-;-;-;-;-;-;-;-;-;-
11.08.2025 01:00;11.08.2025 02:00;-;-;-;-;-;-;-;-;-;-;-;-;-;-;-;-;-
11.08.2025 02:00;11.08.2025 03:00;-;-;-;-;-;-;-;-;-;-;-;-;-;-;-;-;-
11.08.2025 03:00;11.08.2025 04:00;-;-;-;-;-;-;-;-;-;-;-;-;-;-;-;-;-
11.08.2025 04:00;11.08.2025 05:00;-;-;-;-;-;-;-;-;-;-;-;-;-;-;-;-;-
11.08.2025 05:00;11.08.2025 06:00;-;-;-;-;-;-;-;-;-;-;-;-;-;-;-;-;-
11.08.2025 06:00;11.08.2025 07:00;-;-;-;-;-;-;-;-;-;-;-;-;-;-;-;-;-
11.08.2025 07:00;11.08.2025 08:00;-;-;-;-;-;-;-;-;-;-;-;-;-;-;-;-;-
11.08.2025 08:00;11.08.2025 09:00;-;-;-;-;-;-;-;-;-;-;-;-;-;-;-;-;-
11.08.2025 09:00;11.08.2025 10:00;-;-;-;-;-;-;-;-;-;-;-;-;-;-;-;-;-
11.08.2025 10:00;11.08.2025 11:00;-;-;-;-;-;-;-;-;-;-;-;-;-;-;-;-;-
11.08.2025 11:00;11.08.2025 12:00;-;-;-;-;-;-;-;-;-;-;-;-;-;-;-;-;-
11.08.2025 12:00;11.08.2025 13:00;-;-;-;-;-;-;-;-;-;-;-;-;-;-;-;-;-
11.08.2025 13:00;11.08.2025 14:00;-;-;-;-;-;-;-;-;-;-;-;-;-;-;-;-;-
11.08.2025 14:00;11.08.2025 15:00;-;-;-;-;-;-;-;-;-;-;-;-;-;-;-;-;-
11.08.2025 15:00;11.08.2025 16:00;-;-;-;-;-;-;-;-;-;-;-;-;-;-;-;-;-
11.08.2025 16:00;11.08.2025 17:00;-;-;-;-;-;-;-;-;-;-;-;-;-;-;-;-;-
11.08.2025 17:00;11.08.2025 18:00;-;-;-;-;-;-;-;-;-;-;-;-;-;-;-;-;-
11.08.2025 18:00;11.08.2025 19:00;-;-;-;-;-;-;-;-;-;-;-;-;-;-;-;-;-
11.08.2025 19:00;11.08.2025 20:00;-;-;-;-;-;-;-;-;-;-;-;-;-;-;-;-;-
11.08.2025 20:00;11.08.2025 21:00;-;-;-;-;-;-;-;-;-;-;-;-;-;-;-;-;-
11.08.2025 21:00;11.08.2025 22:00;-;-;-;-;-;-;-;-;-;-;-;-;-;-;-;-;-
11.08.2025 22:00;11.08.2025 23:00;-;-;-;-;-;-;-;-;-;-;-;-;-;-;-;-;-
11.08.2025 23:00;12.08.2025 00:00;-;-;-;-;-;-;-;-;-;-;-;-;-;-;-;-;-
12.08.2025 00:00;12.08.2025 01:00;-;-;-;-;-;-;-;-;-;-;-;-;-;-;-;-;-
12.08.2025 01:00;12.08.2025 02:00;-;-;-;-;-;-;-;-;-;-;-;-;-;-;-;-;-
12.08.2025 02:00;12.08.2025 03:00;-;-;-;-;-;-;-;-;-;-;-;-;-;-;-;-;-
12.08.2025 03:00;12.08.2025 04:00;-;-;-;-;-;-;-;-;-;-;-;-;-;-;-;-;-
12.08.2025 04:00;12.08.2025 05:00;-;-;-;-;-;-;-;-;-;-;-;-;-;-;-;-;-
12.08.2025 05:00;12.08.2025 06:00;-;-;-;-;-;-;-;-;-;-;-;-;-;-;-;-;-
12.08.2025 06:00;12.08.2025 07:00;-;-;-;-;-;-;-;-;-;-;-;-;-;-;-;-;-
12.08.2025 07:00;12.08.2025 08:00;-;-;-;-;-;-;-;-;-;-;-;-;-;-;-;-;-
12.08.2025 08:00;12.08.2025 09:00;-;-;-;-;-;-;-;-;-;-;-;-;-;-;-;-;-
12.08.2025 09:00;12.08.2025 10:00;-;-;-;-;-;-;-;-;-;-;-;-;-;-;-;-;-
12.08.2025 10:00;12.08.2025 11:00;-;-;-;-;-;-;-;-;-;-;-;-;-;-;-;-;-
12.08.2025 11:00;12.08.2025 12:00;-;-;-;-;-;-;-;-;-;-;-;-;-;-;-;-;-
12.08.2025 12:00;12.08.2025 13:00;-;-;-;-;-;-;-;-;-;-;-;-;-;-;-;-;-
12.08.2025 13:00;12.08.2025 14:00;-;-;-;-;-;-;-;-;-;-;-;-;-;-;-;-;-
12.08.2025 14:00;12.08.2025 15:00;-;-;-;-;-;-;-;-;-;-;-;-;-;-;-;-;-
12.08.2025 15:00;12.08.2025 16:00;-;-;-;-;-;-;-;-;-;-;-;-;-;-;-;-;-
12.08.2025 16:00;12.08.2025 17:00;-;-;-;-;-;-;-;-;-;-;-;-;-;-;-;-;-
12.08.2025 17:00;12.08.2025 18:00;-;-;-;-;-;-;-;-;-;-;-;-;-;-;-;-;-
12.08.2025 18:00;12.08.2025 19:00;-;-;-;-;-;-;-;-;-;-;-;-;-;-;-;-;-
12.08.2025 19:00;12.08.2025 20:00;-;-;-;-;-;-;-;-;-;-;-;-;-;-;-;-;-
12.08.2025 20:00;12.08.2025 21:00;-;-;-;-;-;-;-;-;-;-;-;-;-;-;-;-;-
12.08.2025 21:00;12.08.2025 22:00;-;-;-;-;-;-;-;-;-;-;-;-;-;-;-;-;-
12.08.2025 22:00;12.08.2025 23:00;-;-;-;-;-;-;-;-;-;-;-;-;-;-;-;-;-
12.08.2025 23:00;13.08.2025 00:00;-;-;-;-;-;-;-;-;-;-;-;-;-;-;-;-;-
13.08.2025 00:00;13.08.2025 01:00;-;-;-;-;-;-;-;-;-;-;-;-;-;-;-;-;-
13.08.2025 01:00;13.08.2025 02:00;-;-;-;-;-;-;-;-;-;-;-;-;-;-;-;-;-
13.08.2025 02:00;13.08.2025 03:00;-;-;-;-;-;-;-;-;-;-;-;-;-;-;-;-;-
13.08.2025 03:00;13.08.2025 04:00;-;-;-;-;-;-;-;-;-;-;-;-;-;-;-;-;-
13.08.2025 04:00;13.08.2025 05:00;-;-;-;-;-;-;-;-;-;-;-;-;-;-;-;-;-
13.08.2025 05:00;13.08.2025 06:00;-;-;-;-;-;-;-;-;-;-;-;-;-;-;-;-;-
13.08.2025 06:00;13.08.2025 07:00;-;-;-;-;-;-;-;-;-;-;-;-;-;-;-;-;-
13.08.2025 07:00;13.08.2025 08:00;-;-;-;-;-;-;-;-;-;-;-;-;-;-;-;-;-
13.08.2025 08:00;13.08.2025 09:00;-;-;-;-;-;-;-;-;-;-;-;-;-;-;-;-;-
13.08.2025 09:00;13.08.2025 10:00;-;-;-;-;-;-;-;-;-;-;-;-;-;-;-;-;-
13.08.2025 10:00;13.08.2025 11:00;-;-;-;-;-;-;-;-;-;-;-;-;-;-;-;-;-
13.08.2025 11:00;13.08.2025 12:00;-;-;-;-;-;-;-;-;-;-;-;-;-;-;-;-;-
13.08.2025 12:00;13.08.2025 13:00;-;-;-;-;-;-;-;-;-;-;-;-;-;-;-;-;-
13.08.2025 13:00;13.08.2025 14:00;-;-;-;-;-;-;-;-;-;-;-;-;-;-;-;-;-
13.08.2025 14:00;13.08.2025 15:00;-;-;-;-;-;-;-;-;-;-;-;-;-;-;-;-;-
13.08.2025 15:00;13.08.2025 16:00;-;-;-;-;-;-;-;-;-;-;-;-;-;-;-;-;-
13.08.2025 16:00;13.08.2025 17:00;-;-;-;-;-;-;-;-;-;-;-;-;-;-;-;-;-
13.08.2025 17:00;13.08.2025 18:00;-;-;-;-;-;-;-;-;-;-;-;-;-;-;-;-;-
13.08.2025 18:00;13.08.2025 19:00;-;-;-;-;-;-;-;-;-;-;-;-;-;-;-;-;-
13.08.2025 19:00;13.08.2025 20:00;-;-;-;-;-;-;-;-;-;-;-;-;-;-;-;-;-
13.08.2025 20:00;13.08.2025 21:00;-;-;-;-;-;-;-;-;-;-;-;-;-;-;-;-;-
13.08.2025 21:00;13.08.2025 22:00;-;-;-;-;-;-;-;-;-;-;-;-;-;-;-;-;-
13.08.2025 22:00;13.08.2025 23:00;-;-;-;-;-;-;-;-;-;-;-;-;-;-;-;-;-
13.08.2025 23:00;14.08.2025 00:00;-;-;-;-;-;-;-;-;-;-;-;-;-;-;-;-;-
14.08.2025 00:00;14.08.2025 01:00;-;-;-;-;-;-;-;-;-;-;-;-;-;-;-;-;-
14.08.2025 01:00;14.08.2025 02:00;-;-;-;-;-;-;-;-;-;-;-;-;-;-;-;-;-
14.08.2025 02:00;14.08.2025 03:00;-;-;-;-;-;-;-;-;-;-;-;-;-;-;-;-;-
14.08.2025 03:00;14.08.2025 04:00;-;-;-;-;-;-;-;-;-;-;-;-;-;-;-;-;-
14.08.2025 04:00;14.08.2025 05:00;-;-;-;-;-;-;-;-;-;-;-;-;-;-;-;-;-
14.08.2025 05:00;14.08.2025 06:00;-;-;-;-;-;-;-;-;-;-;-;-;-;-;-;-;-
14.08.2025 06:00;14.08.2025 07:00;-;-;-;-;-;-;-;-;-;-;-;-;-;-;-;-;-
14.08.2025 07:00;14.08.2025 08:00;-;-;-;-;-;-;-;-;-;-;-;-;-;-;-;-;-
14.08.2025 08:00;14.08.2025 09:00;-;-;-;-;-;-;-;-;-;-;-;-;-;-;-;-;-
14.08.2025 09:00;14.08.2025 10:00;-;-;-;-;-;-;-;-;-;-;-;-;-;-;-;-;-
14.08.2025 10:00;14.08.2025 11:00;-;-;-;-;-;-;-;-;-;-;-;-;-;-;-;-;-
14.08.2025 11:00;14.08.2025 12:00;-;-;-;-;-;-;-;-;-;-;-;-;-;-;-;-;-
14.08.2025 12:00;14.08.2025 13:00;-;-;-;-;-;-;-;-;-;-;-;-;-;-;-;-;-
14.08.2025 13:00;14.08.2025 14:00;-;-;-;-;-;-;-;-;-;-;-;-;-;-;-;-;-
14.08.2025 14:00;14.08.2025 15:00;-;-;-;-;-;-;-;-;-;-;-;-;-;-;-;-;-
14.08.2025 15:00;14.08.2025 16:00;-;-;-;-;-;-;-;-;-;-;-;-;-;-;-;-;-
14.08.2025 16:00;14.08.2025 17:00;-;-;-;-;-;-;-;-;-;-;-;-;-;-;-;-;-
14.08.2025 17:00;14.08.2025 18:00;-;-;-;-;-;-;-;-;-;-;-;-;-;-;-;-;-
14.08.2025 18:00;14.08.2025 19:00;-;-;-;-;-;-;-;-;-;-;-;-;-;-;-;-;-
14.08.2025 19:00;14.08.2025 20:00;-;-;-;-;-;-;-;-;-;-;-;-;-;-;-;-;-
14.08.2025 20:00;14.08.2025 21:00;-;-;-;-;-;-;-;-;-;-;-;-;-;-;-;-;-
14.08.2025 21:00;14.08.2025 22:00;-;-;-;-;-;-;-;-;-;-;-;-;-;-;-;-;-
14.08.2025 22:00;14.08.2025 23:00;-;-;-;-;-;-;-;-;-;-;-;-;-;-;-;-;-
14.08.2025 23:00;15.08.2025 00:00;-;-;-;-;-;-;-;-;-;-;-;-;-;-;-;-;-
15.08.2025 00:00;15.08.2025 01:00;-;-;-;-;-;-;-;-;-;-;-;-;-;-;-;-;-
15.08.2025 01:00;15.08.2025 02:00;-;-;-;-;-;-;-;-;-;-;-;-;-;-;-;-;-
15.08.2025 02:00;15.08.2025 03:00;-;-;-;-;-;-;-;-;-;-;-;-;-;-;-;-;-
15.08.2025 03:00;15.08.2025 04:00;-;-;-;-;-;-;-;-;-;-;-;-;-;-;-;-;-
15.08.2025 04:00;15.08.2025 05:00;-;-;-;-;-;-;-;-;-;-;-;-;-;-;-;-;-
15.08.2025 05:00;15.08.2025 06:00;-;-;-;-;-;-;-;-;-;-;-;-;-;-;-;-;-
15.08.2025 06:00;15.08.2025 07:00;-;-;-;-;-;-;-;-;-;-;-;-;-;-;-;-;-
15.08.2025 07:00;15.08.2025 08:00;-;-;-;-;-;-;-;-;-;-;-;-;-;-;-;-;-
15.08.2025 08:00;15.08.2025 09:00;-;-;-;-;-;-;-;-;-;-;-;-;-;-;-;-;-
15.08.2025 09:00;15.08.2025 10:00;-;-;-;-;-;-;-;-;-;-;-;-;-;-;-;-;-
15.08.2025 10:00;15.08.2025 11:00;-;-;-;-;-;-;-;-;-;-;-;-;-;-;-;-;-
15.08.2025 11:00;15.08.2025 12:00;-;-;-;-;-;-;-;-;-;-;-;-;-;-;-;-;-
15.08.2025 12:00;15.08.2025 13:00;-;-;-;-;-;-;-;-;-;-;-;-;-;-;-;-;-
15.08.2025 13:00;15.08.2025 14:00;-;-;-;-;-;-;-;-;-;-;-;-;-;-;-;-;-
15.08.2025 14:00;15.08.2025 15:00;-;-;-;-;-;-;-;-;-;-;-;-;-;-;-;-;-
15.08.2025 15:00;15.08.2025 16:00;-;-;-;-;-;-;-;-;-;-;-;-;-;-;-;-;-
15.08.2025 16:00;15.08.2025 17:00;-;-;-;-;-;-;-;-;-;-;-;-;-;-;-;-;-
15.08.2025 17:00;15.08.2025 18:00;-;-;-;-;-;-;-;-;-;-;-;-;-;-;-;-;-
15.08.2025 18:00;15.08.2025 19:00;-;-;-;-;-;-;-;-;-;-;-;-;-;-;-;-;-
15.08.2025 19:00;15.08.2025 20:00;-;-;-;-;-;-;-;-;-;-;-;-;-;-;-;-;-
15.08.2025 20:00;15.08.2025 21:00;-;-;-;-;-;-;-;-;-;-;-;-;-;-;-;-;-
15.08.2025 21:00;15.08.2025 22:00;-;-;-;-;-;-;-;-;-;-;-;-;-;-;-;-;-
15.08.2025 22:00;15.08.2025 23:00;-;-;-;-;-;-;-;-;-;-;-;-;-;-;-;-;-
15.08.2025 23:00;16.08.2025 00:00;-;-;-;-;-;-;-;-;-;-;-;-;-;-;-;-;-
16.08.2025 00:00;16.08.2025 01:00;-;-;-;-;-;-;-;-;-;-;-;-;-;-;-;-;-
16.08.2025 01:00;16.08.2025 02:00;-;-;-;-;-;-;-;-;-;-;-;-;-;-;-;-;-
16.08.2025 02:00;16.08.2025 03:00;-;-;-;-;-;-;-;-;-;-;-;-;-;-;-;-;-
16.08.2025 03:00;16.08.2025 04:00;-;-;-;-;-;-;-;-;-;-;-;-;-;-;-;-;-
16.08.2025 04:00;16.08.2025 05:00;-;-;-;-;-;-;-;-;-;-;-;-;-;-;-;-;-
16.08.2025 05:00;16.08.2025 06:00;-;-;-;-;-;-;-;-;-;-;-;-;-;-;-;-;-
16.08.2025 06:00;16.08.2025 07:00;-;-;-;-;-;-;-;-;-;-;-;-;-;-;-;-;-
16.08.2025 07:00;16.08.2025 08:00;-;-;-;-;-;-;-;-;-;-;-;-;-;-;-;-;-
16.08.2025 08:00;16.08.2025 09:00;-;-;-;-;-;-;-;-;-;-;-;-;-;-;-;-;-
16.08.2025 09:00;16.08.2025 10:00;-;-;-;-;-;-;-;-;-;-;-;-;-;-;-;-;-
16.08.2025 10:00;16.08.2025 11:00;-;-;-;-;-;-;-;-;-;-;-;-;-;-;-;-;-
16.08.2025 11:00;16.08.2025 12:00;-;-;-;-;-;-;-;-;-;-;-;-;-;-;-;-;-
16.08.2025 12:00;16.08.2025 13:00;-;-;-;-;-;-;-;-;-;-;-;-;-;-;-;-;-
16.08.2025 13:00;16.08.2025 14:00;-;-;-;-;-;-;-;-;-;-;-;-;-;-;-;-;-
16.08.2025 14:00;16.08.2025 15:00;-;-;-;-;-;-;-;-;-;-;-;-;-;-;-;-;-
16.08.2025 15:00;16.08.2025 16:00;-;-;-;-;-;-;-;-;-;-;-;-;-;-;-;-;-
16.08.2025 16:00;16.08.2025 17:00;-;-;-;-;-;-;-;-;-;-;-;-;-;-;-;-;-
16.08.2025 17:00;16.08.2025 18:00;-;-;-;-;-;-;-;-;-;-;-;-;-;-;-;-;-
16.08.2025 18:00;16.08.2025 19:00;-;-;-;-;-;-;-;-;-;-;-;-;-;-;-;-;-
16.08.2025 19:00;16.08.2025 20:00;-;-;-;-;-;-;-;-;-;-;-;-;-;-;-;-;-
16.08.2025 20:00;16.08.2025 21:00;-;-;-;-;-;-;-;-;-;-;-;-;-;-;-;-;-
16.08.2025 21:00;16.08.2025 22:00;-;-;-;-;-;-;-;-;-;-;-;-;-;-;-;-;-
16.08.2025 22:00;16.08.2025 23:00;-;-;-;-;-;-;-;-;-;-;-;-;-;-;-;-;-
16.08.2025 23:00;17.08.2025 00:00;-;-;-;-;-;-;-;-;-;-;-;-;-;-;-;-;-
17.08.2025 00:00;17.08.2025 01:00;-;-;-;-;-;-;-;-;-;-;-;-;-;-;-;-;-
17.08.2025 01:00;17.08.2025 02:00;-;-;-;-;-;-;-;-;-;-;-;-;-;-;-;-;-
17.08.2025 02:00;17.08.2025 03:00;-;-;-;-;-;-;-;-;-;-;-;-;-;-;-;-;-
17.08.2025 03:00;17.08.2025 04:00;-;-;-;-;-;-;-;-;-;-;-;-;-;-;-;-;-
17.08.2025 04:00;17.08.2025 05:00;-;-;-;-;-;-;-;-;-;-;-;-;-;-;-;-;-
17.08.2025 05:00;17.08.2025 06:00;-;-;-;-;-;-;-;-;-;-;-;-;-;-;-;-;-
17.08.2025 06:00;17.08.2025 07:00;-;-;-;-;-;-;-;-;-;-;-;-;-;-;-;-;-
17.08.2025 07:00;17.08.2025 08:00;-;-;-;-;-;-;-;-;-;-;-;-;-;-;-;-;-
17.08.2025 08:00;17.08.2025 09:00;-;-;-;-;-;-;-;-;-;-;-;-;-;-;-;-;-
17.08.2025 09:00;17.08.2025 10:00;-;-;-;-;-;-;-;-;-;-;-;-;-;-;-;-;-
17.08.2025 10:00;17.08.2025 11:00;-;-;-;-;-;-;-;-;-;-;-;-;-;-;-;-;-
17.08.2025 11:00;17.08.2025 12:00;-;-;-;-;-;-;-;-;-;-;-;-;-;-;-;-;-
17.08.2025 12:00;17.08.2025 13:00;-;-;-;-;-;-;-;-;-;-;-;-;-;-;-;-;-
17.08.2025 13:00;17.08.2025 14:00;-;-;-;-;-;-;-;-;-;-;-;-;-;-;-;-;-
17.08.2025 14:00;17.08.2025 15:00;-;-;-;-;-;-;-;-;-;-;-;-;-;-;-;-;-
17.08.2025 15:00;17.08.2025 16:00;-;-;-;-;-;-;-;-;-;-;-;-;-;-;-;-;-
17.08.2025 16:00;17.08.2025 17:00;-;-;-;-;-;-;-;-;-;-;-;-;-;-;-;-;-
17.08.2025 17:00;17.08.2025 18:00;-;-;-;-;-;-;-;-;-;-;-;-;-;-;-;-;-
17.08.2025 18:00;17.08.2025 19:00;-;-;-;-;-;-;-;-;-;-;-;-;-;-;-;-;-
17.08.2025 19:00;17.08.2025 20:00;-;-;-;-;-;-;-;-;-;-;-;-;-;-;-;-;-
17.08.2025 20:00;17.08.2025 21:00;-;-;-;-;-;-;-;-;-;-;-;-;-;-;-;-;-
17.08.2025 21:00;17.08.2025 22:00;-;-;-;-;-;-;-;-;-;-;-;-;-;-;-;-;-
17.08.2025 22:00;17.08.2025 23:00;-;-;-;-;-;-;-;-;-;-;-;-;-;-;-;-;-
17.08.2025 23:00;18.08.2025 00:00;-;-;-;-;-;-;-;-;-;-;-;-;-;-;-;-;-
18.08.2025 00:00;18.08.2025 01:00;-;-;-;-;-;-;-;-;-;-;-;-;-;-;-;-;-
18.08.2025 01:00;18.08.2025 02:00;-;-;-;-;-;-;-;-;-;-;-;-;-;-;-;-;-
18.08.2025 02:00;18.08.2025 03:00;-;-;-;-;-;-;-;-;-;-;-;-;-;-;-;-;-
18.08.2025 03:00;18.08.2025 04:00;-;-;-;-;-;-;-;-;-;-;-;-;-;-;-;-;-
18.08.2025 04:00;18.08.2025 05:00;-;-;-;-;-;-;-;-;-;-;-;-;-;-;-;-;-
18.08.2025 05:00;18.08.2025 06:00;-;-;-;-;-;-;-;-;-;-;-;-;-;-;-;-;-
18.08.2025 06:00;18.08.2025 07:00;-;-;-;-;-;-;-;-;-;-;-;-;-;-;-;-;-
18.08.2025 07:00;18.08.2025 08:00;-;-;-;-;-;-;-;-;-;-;-;-;-;-;-;-;-
18.08.2025 08:00;18.08.2025 09:00;-;-;-;-;-;-;-;-;-;-;-;-;-;-;-;-;-
18.08.2025 09:00;18.08.2025 10:00;-;-;-;-;-;-;-;-;-;-;-;-;-;-;-;-;-
18.08.2025 10:00;18.08.2025 11:00;-;-;-;-;-;-;-;-;-;-;-;-;-;-;-;-;-
18.08.2025 11:00;18.08.2025 12:00;-;-;-;-;-;-;-;-;-;-;-;-;-;-;-;-;-
18.08.2025 12:00;18.08.2025 13:00;-;-;-;-;-;-;-;-;-;-;-;-;-;-;-;-;-
18.08.2025 13:00;18.08.2025 14:00;-;-;-;-;-;-;-;-;-;-;-;-;-;-;-;-;-
18.08.2025 14:00;18.08.2025 15:00;-;-;-;-;-;-;-;-;-;-;-;-;-;-;-;-;-
18.08.2025 15:00;18.08.2025 16:00;-;-;-;-;-;-;-;-;-;-;-;-;-;-;-;-;-
18.08.2025 16:00;18.08.2025 17:00;-;-;-;-;-;-;-;-;-;-;-;-;-;-;-;-;-
18.08.2025 17:00;18.08.2025 18:00;-;-;-;-;-;-;-;-;-;-;-;-;-;-;-;-;-
18.08.2025 18:00;18.08.2025 19:00;-;-;-;-;-;-;-;-;-;-;-;-;-;-;-;-;-
18.08.2025 19:00;18.08.2025 20:00;-;-;-;-;-;-;-;-;-;-;-;-;-;-;-;-;-
18.08.2025 20:00;18.08.2025 21:00;-;-;-;-;-;-;-;-;-;-;-;-;-;-;-;-;-
18.08.2025 21:00;18.08.2025 22:00;-;-;-;-;-;-;-;-;-;-;-;-;-;-;-;-;-
18.08.2025 22:00;18.08.2025 23:00;-;-;-;-;-;-;-;-;-;-;-;-;-;-;-;-;-
18.08.2025 23:00;19.08.2025 00:00;-;-;-;-;-;-;-;-;-;-;-;-;-;-;-;-;-
19.08.2025 00:00;19.08.2025 01:00;-;-;-;-;-;-;-;-;-;-;-;-;-;-;-;-;-
19.08.2025 01:00;19.08.2025 02:00;-;-;-;-;-;-;-;-;-;-;-;-;-;-;-;-;-
19.08.2025 02:00;19.08.2025 03:00;-;-;-;-;-;-;-;-;-;-;-;-;-;-;-;-;-
19.08.2025 03:00;19.08.2025 04:00;-;-;-;-;-;-;-;-;-;-;-;-;-;-;-;-;-
19.08.2025 04:00;19.08.2025 05:00;-;-;-;-;-;-;-;-;-;-;-;-;-;-;-;-;-
19.08.2025 05:00;19.08.2025 06:00;-;-;-;-;-;-;-;-;-;-;-;-;-;-;-;-;-
19.08.2025 06:00;19.08.2025 07:00;-;-;-;-;-;-;-;-;-;-;-;-;-;-;-;-;-
19.08.2025 07:00;19.08.2025 08:00;-;-;-;-;-;-;-;-;-;-;-;-;-;-;-;-;-
19.08.2025 08:00;19.08.2025 09:00;-;-;-;-;-;-;-;-;-;-;-;-;-;-;-;-;-
19.08.2025 09:00;19.08.2025 10:00;-;-;-;-;-;-;-;-;-;-;-;-;-;-;-;-;-
19.08.2025 10:00;19.08.2025 11:00;-;-;-;-;-;-;-;-;-;-;-;-;-;-;-;-;-
19.08.2025 11:00;19.08.2025 12:00;-;-;-;-;-;-;-;-;-;-;-;-;-;-;-;-;-
19.08.2025 12:00;19.08.2025 13:00;-;-;-;-;-;-;-;-;-;-;-;-;-;-;-;-;-
19.08.2025 13:00;19.08.2025 14:00;-;-;-;-;-;-;-;-;-;-;-;-;-;-;-;-;-
19.08.2025 14:00;19.08.2025 15:00;-;-;-;-;-;-;-;-;-;-;-;-;-;-;-;-;-
19.08.2025 15:00;19.08.2025 16:00;-;-;-;-;-;-;-;-;-;-;-;-;-;-;-;-;-
19.08.2025 16:00;19.08.2025 17:00;-;-;-;-;-;-;-;-;-;-;-;-;-;-;-;-;-
19.08.2025 17:00;19.08.2025 18:00;-;-;-;-;-;-;-;-;-;-;-;-;-;-;-;-;-
19.08.2025 18:00;19.08.2025 19:00;-;-;-;-;-;-;-;-;-;-;-;-;-;-;-;-;-
19.08.2025 19:00;19.08.2025 20:00;-;-;-;-;-;-;-;-;-;-;-;-;-;-;-;-;-
19.08.2025 20:00;19.08.2025 21:00;-;-;-;-;-;-;-;-;-;-;-;-;-;-;-;-;-
19.08.2025 21:00;19.08.2025 22:00;-;-;-;-;-;-;-;-;-;-;-;-;-;-;-;-;-
19.08.2025 22:00;19.08.2025 23:00;-;-;-;-;-;-;-;-;-;-;-;-;-;-;-;-;-
19.08.2025 23:00;20.08.2025 00:00;-;-;-;-;-;-;-;-;-;-;-;-;-;-;-;-;-
20.08.2025 00:00;20.08.2025 01:00;-;-;-;-;-;-;-;-;-;-;-;-;-;-;-;-;-
20.08.2025 01:00;20.08.2025 02:00;-;-;-;-;-;-;-;-;-;-;-;-;-;-;-;-;-
20.08.2025 02:00;20.08.2025 03:00;-;-;-;-;-;-;-;-;-;-;-;-;-;-;-;-;-
20.08.2025 03:00;20.08.2025 04:00;-;-;-;-;-;-;-;-;-;-;-;-;-;-;-;-;-
20.08.2025 04:00;20.08.2025 05:00;-;-;-;-;-;-;-;-;-;-;-;-;-;-;-;-;-
20.08.2025 05:00;20.08.2025 06:00;-;-;-;-;-;-;-;-;-;-;-;-;-;-;-;-;-
20.08.2025 06:00;20.08.2025 07:00;-;-;-;-;-;-;-;-;-;-;-;-;-;-;-;-;-
20.08.2025 07:00;20.08.2025 08:00;-;-;-;-;-;-;-;-;-;-;-;-;-;-;-;-;-
20.08.2025 08:00;20.08.2025 09:00;-;-;-;-;-;-;-;-;-;-;-;-;-;-;-;-;-
20.08.2025 09:00;20.08.2025 10:00;-;-;-;-;-;-;-;-;-;-;-;-;-;-;-;-;-
20.08.2025 10:00;20.08.2025 11:00;-;-;-;-;-;-;-;-;-;-;-;-;-;-;-;-;-
20.08.2025 11:00;20.08.2025 12:00;-;-;-;-;-;-;-;-;-;-;-;-;-;-;-;-;-
20.08.2025 12:00;20.08.2025 13:00;-;-;-;-;-;-;-;-;-;-;-;-;-;-;-;-;-
20.08.2025 13:00;20.08.2025 14:00;-;-;-;-;-;-;-;-;-;-;-;-;-;-;-;-;-
20.08.2025 14:00;20.08.2025 15:00;-;-;-;-;-;-;-;-;-;-;-;-;-;-;-;-;-
20.08.2025 15:00;20.08.2025 16:00;-;-;-;-;-;-;-;-;-;-;-;-;-;-;-;-;-
20.08.2025 16:00;20.08.2025 17:00;-;-;-;-;-;-;-;-;-;-;-;-;-;-;-;-;-
20.08.2025 17:00;20.08.2025 18:00;-;-;-;-;-;-;-;-;-;-;-;-;-;-;-;-;-
20.08.2025 18:00;20.08.2025 19:00;-;-;-;-;-;-;-;-;-;-;-;-;-;-;-;-;-
20.08.2025 19:00;20.08.2025 20:00;-;-;-;-;-;-;-;-;-;-;-;-;-;-;-;-;-
20.08.2025 20:00;20.08.2025 21:00;-;-;-;-;-;-;-;-;-;-;-;-;-;-;-;-;-
20.08.2025 21:00;20.08.2025 22:00;-;-;-;-;-;-;-;-;-;-;-;-;-;-;-;-;-
20.08.2025 22:00;20.08.2025 23:00;-;-;-;-;-;-;-;-;-;-;-;-;-;-;-;-;-
20.08.2025 23:00;21.08.2025 00:00;-;-;-;-;-;-;-;-;-;-;-;-;-;-;-;-;-
21.08.2025 00:00;21.08.2025 01:00;-;-;-;-;-;-;-;-;-;-;-;-;-;-;-;-;-
21.08.2025 01:00;21.08.2025 02:00;-;-;-;-;-;-;-;-;-;-;-;-;-;-;-;-;-
21.08.2025 02:00;21.08.2025 03:00;-;-;-;-;-;-;-;-;-;-;-;-;-;-;-;-;-
21.08.2025 03:00;21.08.2025 04:00;-;-;-;-;-;-;-;-;-;-;-;-;-;-;-;-;-
21.08.2025 04:00;21.08.2025 05:00;-;-;-;-;-;-;-;-;-;-;-;-;-;-;-;-;-
21.08.2025 05:00;21.08.2025 06:00;-;-;-;-;-;-;-;-;-;-;-;-;-;-;-;-;-
21.08.2025 06:00;21.08.2025 07:00;-;-;-;-;-;-;-;-;-;-;-;-;-;-;-;-;-
21.08.2025 07:00;21.08.2025 08:00;-;-;-;-;-;-;-;-;-;-;-;-;-;-;-;-;-
21.08.2025 08:00;21.08.2025 09:00;-;-;-;-;-;-;-;-;-;-;-;-;-;-;-;-;-
21.08.2025 09:00;21.08.2025 10:00;-;-;-;-;-;-;-;-;-;-;-;-;-;-;-;-;-
21.08.2025 10:00;21.08.2025 11:00;-;-;-;-;-;-;-;-;-;-;-;-;-;-;-;-;-
21.08.2025 11:00;21.08.2025 12:00;-;-;-;-;-;-;-;-;-;-;-;-;-;-;-;-;-
21.08.2025 12:00;21.08.2025 13:00;-;-;-;-;-;-;-;-;-;-;-;-;-;-;-;-;-
21.08.2025 13:00;21.08.2025 14:00;-;-;-;-;-;-;-;-;-;-;-;-;-;-;-;-;-
21.08.2025 14:00;21.08.2025 15:00;-;-;-;-;-;-;-;-;-;-;-;-;-;-;-;-;-
21.08.2025 15:00;21.08.2025 16:00;-;-;-;-;-;-;-;-;-;-;-;-;-;-;-;-;-
21.08.2025 16:00;21.08.2025 17:00;-;-;-;-;-;-;-;-;-;-;-;-;-;-;-;-;-
21.08.2025 17:00;21.08.2025 18:00;-;-;-;-;-;-;-;-;-;-;-;-;-;-;-;-;-
21.08.2025 18:00;21.08.2025 19:00;-;-;-;-;-;-;-;-;-;-;-;-;-;-;-;-;-
21.08.2025 19:00;21.08.2025 20:00;-;-;-;-;-;-;-;-;-;-;-;-;-;-;-;-;-
21.08.2025 20:00;21.08.2025 21:00;-;-;-;-;-;-;-;-;-;-;-;-;-;-;-;-;-
21.08.2025 21:00;21.08.2025 22:00;-;-;-;-;-;-;-;-;-;-;-;-;-;-;-;-;-
21.08.2025 22:00;21.08.2025 23:00;-;-;-;-;-;-;-;-;-;-;-;-;-;-;-;-;-
21.08.2025 23:00;22.08.2025 00:00;-;-;-;-;-;-;-;-;-;-;-;-;-;-;-;-;-
22.08.2025 00:00;22.08.2025 01:00;-;-;-;-;-;-;-;-;-;-;-;-;-;-;-;-;-
22.08.2025 01:00;22.08.2025 02:00;-;-;-;-;-;-;-;-;-;-;-;-;-;-;-;-;-
22.08.2025 02:00;22.08.2025 03:00;-;-;-;-;-;-;-;-;-;-;-;-;-;-;-;-;-
22.08.2025 03:00;22.08.2025 04:00;-;-;-;-;-;-;-;-;-;-;-;-;-;-;-;-;-
22.08.2025 04:00;22.08.2025 05:00;-;-;-;-;-;-;-;-;-;-;-;-;-;-;-;-;-
22.08.2025 05:00;22.08.2025 06:00;-;-;-;-;-;-;-;-;-;-;-;-;-;-;-;-;-
22.08.2025 06:00;22.08.2025 07:00;-;-;-;-;-;-;-;-;-;-;-;-;-;-;-;-;-
22.08.2025 07:00;22.08.2025 08:00;-;-;-;-;-;-;-;-;-;-;-;-;-;-;-;-;-
22.08.2025 08:00;22.08.2025 09:00;-;-;-;-;-;-;-;-;-;-;-;-;-;-;-;-;-
22.08.2025 09:00;22.08.2025 10:00;-;-;-;-;-;-;-;-;-;-;-;-;-;-;-;-;-
22.08.2025 10:00;22.08.2025 11:00;-;-;-;-;-;-;-;-;-;-;-;-;-;-;-;-;-
22.08.2025 11:00;22.08.2025 12:00;-;-;-;-;-;-;-;-;-;-;-;-;-;-;-;-;-
22.08.2025 12:00;22.08.2025 13:00;-;-;-;-;-;-;-;-;-;-;-;-;-;-;-;-;-
22.08.2025 13:00;22.08.2025 14:00;-;-;-;-;-;-;-;-;-;-;-;-;-;-;-;-;-
22.08.2025 14:00;22.08.2025 15:00;-;-;-;-;-;-;-;-;-;-;-;-;-;-;-;-;-
22.08.2025 15:00;22.08.2025 16:00;-;-;-;-;-;-;-;-;-;-;-;-;-;-;-;-;-
22.08.2025 16:00;22.08.2025 17:00;-;-;-;-;-;-;-;-;-;-;-;-;-;-;-;-;-
22.08.2025 17:00;22.08.2025 18:00;-;-;-;-;-;-;-;-;-;-;-;-;-;-;-;-;-
22.08.2025 18:00;22.08.2025 19:00;-;-;-;-;-;-;-;-;-;-;-;-;-;-;-;-;-
22.08.2025 19:00;22.08.2025 20:00;-;-;-;-;-;-;-;-;-;-;-;-;-;-;-;-;-
22.08.2025 20:00;22.08.2025 21:00;-;-;-;-;-;-;-;-;-;-;-;-;-;-;-;-;-
22.08.2025 21:00;22.08.2025 22:00;-;-;-;-;-;-;-;-;-;-;-;-;-;-;-;-;-
22.08.2025 22:00;22.08.2025 23:00;-;-;-;-;-;-;-;-;-;-;-;-;-;-;-;-;-
22.08.2025 23:00;23.08.2025 00:00;-;-;-;-;-;-;-;-;-;-;-;-;-;-;-;-;-
23.08.2025 00:00;23.08.2025 01:00;-;-;-;-;-;-;-;-;-;-;-;-;-;-;-;-;-
23.08.2025 01:00;23.08.2025 02:00;-;-;-;-;-;-;-;-;-;-;-;-;-;-;-;-;-
23.08.2025 02:00;23.08.2025 03:00;-;-;-;-;-;-;-;-;-;-;-;-;-;-;-;-;-
23.08.2025 03:00;23.08.2025 04:00;-;-;-;-;-;-;-;-;-;-;-;-;-;-;-;-;-
23.08.2025 04:00;23.08.2025 05:00;-;-;-;-;-;-;-;-;-;-;-;-;-;-;-;-;-
23.08.2025 05:00;23.08.2025 06:00;-;-;-;-;-;-;-;-;-;-;-;-;-;-;-;-;-
23.08.2025 06:00;23.08.2025 07:00;-;-;-;-;-;-;-;-;-;-;-;-;-;-;-;-;-
23.08.2025 07:00;23.08.2025 08:00;-;-;-;-;-;-;-;-;-;-;-;-;-;-;-;-;-
23.08.2025 08:00;23.08.2025 09:00;-;-;-;-;-;-;-;-;-;-;-;-;-;-;-;-;-
23.08.2025 09:00;23.08.2025 10:00;-;-;-;-;-;-;-;-;-;-;-;-;-;-;-;-;-
23.08.2025 10:00;23.08.2025 11:00;-;-;-;-;-;-;-;-;-;-;-;-;-;-;-;-;-
23.08.2025 11:00;23.08.2025 12:00;-;-;-;-;-;-;-;-;-;-;-;-;-;-;-;-;-
23.08.2025 12:00;23.08.2025 13:00;-;-;-;-;-;-;-;-;-;-;-;-;-;-;-;-;-
23.08.2025 13:00;23.08.2025 14:00;-;-;-;-;-;-;-;-;-;-;-;-;-;-;-;-;-
23.08.2025 14:00;23.08.2025 15:00;-;-;-;-;-;-;-;-;-;-;-;-;-;-;-;-;-
23.08.2025 15:00;23.08.2025 16:00;-;-;-;-;-;-;-;-;-;-;-;-;-;-;-;-;-
23.08.2025 16:00;23.08.2025 17:00;-;-;-;-;-;-;-;-;-;-;-;-;-;-;-;-;-
23.08.2025 17:00;23.08.2025 18:00;-;-;-;-;-;-;-;-;-;-;-;-;-;-;-;-;-
23.08.2025 18:00;23.08.2025 19:00;-;-;-;-;-;-;-;-;-;-;-;-;-;-;-;-;-
23.08.2025 19:00;23.08.2025 20:00;-;-;-;-;-;-;-;-;-;-;-;-;-;-;-;-;-
23.08.2025 20:00;23.08.2025 21:00;-;-;-;-;-;-;-;-;-;-;-;-;-;-;-;-;-
23.08.2025 21:00;23.08.2025 22:00;-;-;-;-;-;-;-;-;-;-;-;-;-;-;-;-;-
23.08.2025 22:00;23.08.2025 23:00;-;-;-;-;-;-;-;-;-;-;-;-;-;-;-;-;-
23.08.2025 23:00;24.08.2025 00:00;-;-;-;-;-;-;-;-;-;-;-;-;-;-;-;-;-
24.08.2025 00:00;24.08.2025 01:00;-;-;-;-;-;-;-;-;-;-;-;-;-;-;-;-;-
24.08.2025 01:00;24.08.2025 02:00;-;-;-;-;-;-;-;-;-;-;-;-;-;-;-;-;-
24.08.2025 02:00;24.08.2025 03:00;-;-;-;-;-;-;-;-;-;-;-;-;-;-;-;-;-
24.08.2025 03:00;24.08.2025 04:00;-;-;-;-;-;-;-;-;-;-;-;-;-;-;-;-;-
24.08.2025 04:00;24.08.2025 05:00;-;-;-;-;-;-;-;-;-;-;-;-;-;-;-;-;-
24.08.2025 05:00;24.08.2025 06:00;-;-;-;-;-;-;-;-;-;-;-;-;-;-;-;-;-
24.08.2025 06:00;24.08.2025 07:00;-;-;-;-;-;-;-;-;-;-;-;-;-;-;-;-;-
24.08.2025 07:00;24.08.2025 08:00;-;-;-;-;-;-;-;-;-;-;-;-;-;-;-;-;-
24.08.2025 08:00;24.08.2025 09:00;-;-;-;-;-;-;-;-;-;-;-;-;-;-;-;-;-
24.08.2025 09:00;24.08.2025 10:00;-;-;-;-;-;-;-;-;-;-;-;-;-;-;-;-;-
24.08.2025 10:00;24.08.2025 11:00;-;-;-;-;-;-;-;-;-;-;-;-;-;-;-;-;-
24.08.2025 11:00;24.08.2025 12:00;-;-;-;-;-;-;-;-;-;-;-;-;-;-;-;-;-
24.08.2025 12:00;24.08.2025 13:00;-;-;-;-;-;-;-;-;-;-;-;-;-;-;-;-;-
24.08.2025 13:00;24.08.2025 14:00;-;-;-;-;-;-;-;-;-;-;-;-;-;-;-;-;-
24.08.2025 14:00;24.08.2025 15:00;-;-;-;-;-;-;-;-;-;-;-;-;-;-;-;-;-
24.08.2025 15:00;24.08.2025 16:00;-;-;-;-;-;-;-;-;-;-;-;-;-;-;-;-;-
24.08.2025 16:00;24.08.2025 17:00;-;-;-;-;-;-;-;-;-;-;-;-;-;-;-;-;-
24.08.2025 17:00;24.08.2025 18:00;-;-;-;-;-;-;-;-;-;-;-;-;-;-;-;-;-
24.08.2025 18:00;24.08.2025 19:00;-;-;-;-;-;-;-;-;-;-;-;-;-;-;-;-;-
24.08.2025 19:00;24.08.2025 20:00;-;-;-;-;-;-;-;-;-;-;-;-;-;-;-;-;-
24.08.2025 20:00;24.08.2025 21:00;-;-;-;-;-;-;-;-;-;-;-;-;-;-;-;-;-
24.08.2025 21:00;24.08.2025 22:00;-;-;-;-;-;-;-;-;-;-;-;-;-;-;-;-;-
24.08.2025 22:00;24.08.2025 23:00;-;-;-;-;-;-;-;-;-;-;-;-;-;-;-;-;-
24.08.2025 23:00;25.08.2025 00:00;-;-;-;-;-;-;-;-;-;-;-;-;-;-;-;-;-
25.08.2025 00:00;25.08.2025 01:00;-;-;-;-;-;-;-;-;-;-;-;-;-;-;-;-;-
25.08.2025 01:00;25.08.2025 02:00;-;-;-;-;-;-;-;-;-;-;-;-;-;-;-;-;-
25.08.2025 02:00;25.08.2025 03:00;-;-;-;-;-;-;-;-;-;-;-;-;-;-;-;-;-
25.08.2025 03:00;25.08.2025 04:00;-;-;-;-;-;-;-;-;-;-;-;-;-;-;-;-;-
25.08.2025 04:00;25.08.2025 05:00;-;-;-;-;-;-;-;-;-;-;-;-;-;-;-;-;-
25.08.2025 05:00;25.08.2025 06:00;-;-;-;-;-;-;-;-;-;-;-;-;-;-;-;-;-
25.08.2025 06:00;25.08.2025 07:00;-;-;-;-;-;-;-;-;-;-;-;-;-;-;-;-;-
25.08.2025 07:00;25.08.2025 08:00;-;-;-;-;-;-;-;-;-;-;-;-;-;-;-;-;-
25.08.2025 08:00;25.08.2025 09:00;-;-;-;-;-;-;-;-;-;-;-;-;-;-;-;-;-
25.08.2025 09:00;25.08.2025 10:00;-;-;-;-;-;-;-;-;-;-;-;-;-;-;-;-;-
25.08.2025 10:00;25.08.2025 11:00;-;-;-;-;-;-;-;-;-;-;-;-;-;-;-;-;-
25.08.2025 11:00;25.08.2025 12:00;-;-;-;-;-;-;-;-;-;-;-;-;-;-;-;-;-
25.08.2025 12:00;25.08.2025 13:00;-;-;-;-;-;-;-;-;-;-;-;-;-;-;-;-;-
25.08.2025 13:00;25.08.2025 14:00;-;-;-;-;-;-;-;-;-;-;-;-;-;-;-;-;-
25.08.2025 14:00;25.08.2025 15:00;-;-;-;-;-;-;-;-;-;-;-;-;-;-;-;-;-
25.08.2025 15:00;25.08.2025 16:00;-;-;-;-;-;-;-;-;-;-;-;-;-;-;-;-;-
25.08.2025 16:00;25.08.2025 17:00;-;-;-;-;-;-;-;-;-;-;-;-;-;-;-;-;-
25.08.2025 17:00;25.08.2025 18:00;-;-;-;-;-;-;-;-;-;-;-;-;-;-;-;-;-
25.08.2025 18:00;25.08.2025 19:00;-;-;-;-;-;-;-;-;-;-;-;-;-;-;-;-;-
25.08.2025 19:00;25.08.2025 20:00;-;-;-;-;-;-;-;-;-;-;-;-;-;-;-;-;-
25.08.2025 20:00;25.08.2025 21:00;-;-;-;-;-;-;-;-;-;-;-;-;-;-;-;-;-
25.08.2025 21:00;25.08.2025 22:00;-;-;-;-;-;-;-;-;-;-;-;-;-;-;-;-;-
25.08.2025 22:00;25.08.2025 23:00;-;-;-;-;-;-;-;-;-;-;-;-;-;-;-;-;-
25.08.2025 23:00;26.08.2025 00:00;-;-;-;-;-;-;-;-;-;-;-;-;-;-;-;-;-
26.08.2025 00:00;26.08.2025 01:00;-;-;-;-;-;-;-;-;-;-;-;-;-;-;-;-;-
26.08.2025 01:00;26.08.2025 02:00;-;-;-;-;-;-;-;-;-;-;-;-;-;-;-;-;-
26.08.2025 02:00;26.08.2025 03:00;-;-;-;-;-;-;-;-;-;-;-;-;-;-;-;-;-
26.08.2025 03:00;26.08.2025 04:00;-;-;-;-;-;-;-;-;-;-;-;-;-;-;-;-;-
26.08.2025 04:00;26.08.2025 05:00;-;-;-;-;-;-;-;-;-;-;-;-;-;-;-;-;-
26.08.2025 05:00;26.08.2025 06:00;-;-;-;-;-;-;-;-;-;-;-;-;-;-;-;-;-
26.08.2025 06:00;26.08.2025 07:00;-;-;-;-;-;-;-;-;-;-;-;-;-;-;-;-;-
26.08.2025 07:00;26.08.2025 08:00;-;-;-;-;-;-;-;-;-;-;-;-;-;-;-;-;-
26.08.2025 08:00;26.08.2025 09:00;-;-;-;-;-;-;-;-;-;-;-;-;-;-;-;-;-
26.08.2025 09:00;26.08.2025 10:00;-;-;-;-;-;-;-;-;-;-;-;-;-;-;-;-;-
26.08.2025 10:00;26.08.2025 11:00;-;-;-;-;-;-;-;-;-;-;-;-;-;-;-;-;-
26.08.2025 11:00;26.08.2025 12:00;-;-;-;-;-;-;-;-;-;-;-;-;-;-;-;-;-
26.08.2025 12:00;26.08.2025 13:00;-;-;-;-;-;-;-;-;-;-;-;-;-;-;-;-;-
26.08.2025 13:00;26.08.2025 14:00;-;-;-;-;-;-;-;-;-;-;-;-;-;-;-;-;-
26.08.2025 14:00;26.08.2025 15:00;-;-;-;-;-;-;-;-;-;-;-;-;-;-;-;-;-
26.08.2025 15:00;26.08.2025 16:00;-;-;-;-;-;-;-;-;-;-;-;-;-;-;-;-;-
26.08.2025 16:00;26.08.2025 17:00;-;-;-;-;-;-;-;-;-;-;-;-;-;-;-;-;-
26.08.2025 17:00;26.08.2025 18:00;-;-;-;-;-;-;-;-;-;-;-;-;-;-;-;-;-
26.08.2025 18:00;26.08.2025 19:00;-;-;-;-;-;-;-;-;-;-;-;-;-;-;-;-;-
26.08.2025 19:00;26.08.2025 20:00;-;-;-;-;-;-;-;-;-;-;-;-;-;-;-;-;-
26.08.2025 20:00;26.08.2025 21:00;-;-;-;-;-;-;-;-;-;-;-;-;-;-;-;-;-
26.08.2025 21:00;26.08.2025 22:00;-;-;-;-;-;-;-;-;-;-;-;-;-;-;-;-;-
26.08.2025 22:00;26.08.2025 23:00;-;-;-;-;-;-;-;-;-;-;-;-;-;-;-;-;-
26.08.2025 23:00;27.08.2025 00:00;-;-;-;-;-;-;-;-;-;-;-;-;-;-;-;-;-
27.08.2025 00:00;27.08.2025 01:00;-;-;-;-;-;-;-;-;-;-;-;-;-;-;-;-;-
27.08.2025 01:00;27.08.2025 02:00;-;-;-;-;-;-;-;-;-;-;-;-;-;-;-;-;-
27.08.2025 02:00;27.08.2025 03:00;-;-;-;-;-;-;-;-;-;-;-;-;-;-;-;-;-
27.08.2025 03:00;27.08.2025 04:00;-;-;-;-;-;-;-;-;-;-;-;-;-;-;-;-;-
27.08.2025 04:00;27.08.2025 05:00;-;-;-;-;-;-;-;-;-;-;-;-;-;-;-;-;-
27.08.2025 05:00;27.08.2025 06:00;-;-;-;-;-;-;-;-;-;-;-;-;-;-;-;-;-
27.08.2025 06:00;27.08.2025 07:00;-;-;-;-;-;-;-;-;-;-;-;-;-;-;-;-;-
27.08.2025 07:00;27.08.2025 08:00;-;-;-;-;-;-;-;-;-;-;-;-;-;-;-;-;-
27.08.2025 08:00;27.08.2025 09:00;-;-;-;-;-;-;-;-;-;-;-;-;-;-;-;-;-
27.08.2025 09:00;27.08.2025 10:00;-;-;-;-;-;-;-;-;-;-;-;-;-;-;-;-;-
27.08.2025 10:00;27.08.2025 11:00;-;-;-;-;-;-;-;-;-;-;-;-;-;-;-;-;-
27.08.2025 11:00;27.08.2025 12:00;-;-;-;-;-;-;-;-;-;-;-;-;-;-;-;-;-
27.08.2025 12:00;27.08.2025 13:00;-;-;-;-;-;-;-;-;-;-;-;-;-;-;-;-;-
27.08.2025 13:00;27.08.2025 14:00;-;-;-;-;-;-;-;-;-;-;-;-;-;-;-;-;-
27.08.2025 14:00;27.08.2025 15:00;-;-;-;-;-;-;-;-;-;-;-;-;-;-;-;-;-
27.08.2025 15:00;27.08.2025 16:00;-;-;-;-;-;-;-;-;-;-;-;-;-;-;-;-;-
27.08.2025 16:00;27.08.2025 17:00;-;-;-;-;-;-;-;-;-;-;-;-;-;-;-;-;-
27.08.2025 17:00;27.08.2025 18:00;-;-;-;-;-;-;-;-;-;-;-;-;-;-;-;-;-
27.08.2025 18:00;27.08.2025 19:00;-;-;-;-;-;-;-;-;-;-;-;-;-;-;-;-;-
27.08.2025 19:00;27.08.2025 20:00;-;-;-;-;-;-;-;-;-;-;-;-;-;-;-;-;-
27.08.2025 20:00;27.08.2025 21:00;-;-;-;-;-;-;-;-;-;-;-;-;-;-;-;-;-
27.08.2025 21:00;27.08.2025 22:00;-;-;-;-;-;-;-;-;-;-;-;-;-;-;-;-;-
27.08.2025 22:00;27.08.2025 23:00;-;-;-;-;-;-;-;-;-;-;-;-;-;-;-;-;-
27.08.2025 23:00;28.08.2025 00:00;-;-;-;-;-;-;-;-;-;-;-;-;-;-;-;-;-
28.08.2025 00:00;28.08.2025 01:00;-;-;-;-;-;-;-;-;-;-;-;-;-;-;-;-;-
28.08.2025 01:00;28.08.2025 02:00;-;-;-;-;-;-;-;-;-;-;-;-;-;-;-;-;-
28.08.2025 02:00;28.08.2025 03:00;-;-;-;-;-;-;-;-;-;-;-;-;-;-;-;-;-
28.08.2025 03:00;28.08.2025 04:00;-;-;-;-;-;-;-;-;-;-;-;-;-;-;-;-;-
28.08.2025 04:00;28.08.2025 05:00;-;-;-;-;-;-;-;-;-;-;-;-;-;-;-;-;-
28.08.2025 05:00;28.08.2025 06:00;-;-;-;-;-;-;-;-;-;-;-;-;-;-;-;-;-
28.08.2025 06:00;28.08.2025 07:00;-;-;-;-;-;-;-;-;-;-;-;-;-;-;-;-;-
28.08.2025 07:00;28.08.2025 08:00;-;-;-;-;-;-;-;-;-;-;-;-;-;-;-;-;-
28.08.2025 08:00;28.08.2025 09:00;-;-;-;-;-;-;-;-;-;-;-;-;-;-;-;-;-
28.08.2025 09:00;28.08.2025 10:00;-;-;-;-;-;-;-;-;-;-;-;-;-;-;-;-;-
28.08.2025 10:00;28.08.2025 11:00;-;-;-;-;-;-;-;-;-;-;-;-;-;-;-;-;-
28.08.2025 11:00;28.08.2025 12:00;-;-;-;-;-;-;-;-;-;-;-;-;-;-;-;-;-
28.08.2025 12:00;28.08.2025 13:00;-;-;-;-;-;-;-;-;-;-;-;-;-;-;-;-;-
28.08.2025 13:00;28.08.2025 14:00;-;-;-;-;-;-;-;-;-;-;-;-;-;-;-;-;-
28.08.2025 14:00;28.08.2025 15:00;-;-;-;-;-;-;-;-;-;-;-;-;-;-;-;-;-
28.08.2025 15:00;28.08.2025 16:00;-;-;-;-;-;-;-;-;-;-;-;-;-;-;-;-;-
28.08.2025 16:00;28.08.2025 17:00;-;-;-;-;-;-;-;-;-;-;-;-;-;-;-;-;-
28.08.2025 17:00;28.08.2025 18:00;-;-;-;-;-;-;-;-;-;-;-;-;-;-;-;-;-
28.08.2025 18:00;28.08.2025 19:00;-;-;-;-;-;-;-;-;-;-;-;-;-;-;-;-;-
28.08.2025 19:00;28.08.2025 20:00;-;-;-;-;-;-;-;-;-;-;-;-;-;-;-;-;-
28.08.2025 20:00;28.08.2025 21:00;-;-;-;-;-;-;-;-;-;-;-;-;-;-;-;-;-
28.08.2025 21:00;28.08.2025 22:00;-;-;-;-;-;-;-;-;-;-;-;-;-;-;-;-;-
28.08.2025 22:00;28.08.2025 23:00;-;-;-;-;-;-;-;-;-;-;-;-;-;-;-;-;-
28.08.2025 23:00;29.08.2025 00:00;-;-;-;-;-;-;-;-;-;-;-;-;-;-;-;-;-
29.08.2025 00:00;29.08.2025 01:00;-;-;-;-;-;-;-;-;-;-;-;-;-;-;-;-;-
29.08.2025 01:00;29.08.2025 02:00;-;-;-;-;-;-;-;-;-;-;-;-;-;-;-;-;-
29.08.2025 02:00;29.08.2025 03:00;-;-;-;-;-;-;-;-;-;-;-;-;-;-;-;-;-
29.08.2025 03:00;29.08.2025 04:00;-;-;-;-;-;-;-;-;-;-;-;-;-;-;-;-;-
29.08.2025 04:00;29.08.2025 05:00;-;-;-;-;-;-;-;-;-;-;-;-;-;-;-;-;-
29.08.2025 05:00;29.08.2025 06:00;-;-;-;-;-;-;-;-;-;-;-;-;-;-;-;-;-
29.08.2025 06:00;29.08.2025 07:00;-;-;-;-;-;-;-;-;-;-;-;-;-;-;-;-;-
29.08.2025 07:00;29.08.2025 08:00;-;-;-;-;-;-;-;-;-;-;-;-;-;-;-;-;-
29.08.2025 08:00;29.08.2025 09:00;-;-;-;-;-;-;-;-;-;-;-;-;-;-;-;-;-
29.08.2025 09:00;29.08.2025 10:00;-;-;-;-;-;-;-;-;-;-;-;-;-;-;-;-;-
29.08.2025 10:00;29.08.2025 11:00;-;-;-;-;-;-;-;-;-;-;-;-;-;-;-;-;-
29.08.2025 11:00;29.08.2025 12:00;-;-;-;-;-;-;-;-;-;-;-;-;-;-;-;-;-
29.08.2025 12:00;29.08.2025 13:00;-;-;-;-;-;-;-;-;-;-;-;-;-;-;-;-;-
29.08.2025 13:00;29.08.2025 14:00;-;-;-;-;-;-;-;-;-;-;-;-;-;-;-;-;-
29.08.2025 14:00;29.08.2025 15:00;-;-;-;-;-;-;-;-;-;-;-;-;-;-;-;-;-
29.08.2025 15:00;29.08.2025 16:00;-;-;-;-;-;-;-;-;-;-;-;-;-;-;-;-;-
29.08.2025 16:00;29.08.2025 17:00;-;-;-;-;-;-;-;-;-;-;-;-;-;-;-;-;-
29.08.2025 17:00;29.08.2025 18:00;-;-;-;-;-;-;-;-;-;-;-;-;-;-;-;-;-
29.08.2025 18:00;29.08.2025 19:00;-;-;-;-;-;-;-;-;-;-;-;-;-;-;-;-;-
29.08.2025 19:00;29.08.2025 20:00;-;-;-;-;-;-;-;-;-;-;-;-;-;-;-;-;-
29.08.2025 20:00;29.08.2025 21:00;-;-;-;-;-;-;-;-;-;-;-;-;-;-;-;-;-
29.08.2025 21:00;29.08.2025 22:00;-;-;-;-;-;-;-;-;-;-;-;-;-;-;-;-;-
29.08.2025 22:00;29.08.2025 23:00;-;-;-;-;-;-;-;-;-;-;-;-;-;-;-;-;-
29.08.2025 23:00;30.08.2025 00:00;-;-;-;-;-;-;-;-;-;-;-;-;-;-;-;-;-
30.08.2025 00:00;30.08.2025 01:00;-;-;-;-;-;-;-;-;-;-;-;-;-;-;-;-;-
30.08.2025 01:00;30.08.2025 02:00;-;-;-;-;-;-;-;-;-;-;-;-;-;-;-;-;-
30.08.2025 02:00;30.08.2025 03:00;-;-;-;-;-;-;-;-;-;-;-;-;-;-;-;-;-
30.08.2025 03:00;30.08.2025 04:00;-;-;-;-;-;-;-;-;-;-;-;-;-;-;-;-;-
30.08.2025 04:00;30.08.2025 05:00;-;-;-;-;-;-;-;-;-;-;-;-;-;-;-;-;-
30.08.2025 05:00;30.08.2025 06:00;-;-;-;-;-;-;-;-;-;-;-;-;-;-;-;-;-
30.08.2025 06:00;30.08.2025 07:00;-;-;-;-;-;-;-;-;-;-;-;-;-;-;-;-;-
30.08.2025 07:00;30.08.2025 08:00;-;-;-;-;-;-;-;-;-;-;-;-;-;-;-;-;-
30.08.2025 08:00;30.08.2025 09:00;-;-;-;-;-;-;-;-;-;-;-;-;-;-;-;-;-
30.08.2025 09:00;30.08.2025 10:00;-;-;-;-;-;-;-;-;-;-;-;-;-;-;-;-;-
30.08.2025 10:00;30.08.2025 11:00;-;-;-;-;-;-;-;-;-;-;-;-;-;-;-;-;-
30.08.2025 11:00;30.08.2025 12:00;-;-;-;-;-;-;-;-;-;-;-;-;-;-;-;-;-
30.08.2025 12:00;30.08.2025 13:00;-;-;-;-;-;-;-;-;-;-;-;-;-;-;-;-;-
30.08.2025 13:00;30.08.2025 14:00;-;-;-;-;-;-;-;-;-;-;-;-;-;-;-;-;-
30.08.2025 14:00;30.08.2025 15:00;-;-;-;-;-;-;-;-;-;-;-;-;-;-;-;-;-
30.08.2025 15:00;30.08.2025 16:00;-;-;-;-;-;-;-;-;-;-;-;-;-;-;-;-;-
30.08.2025 16:00;30.08.2025 17:00;-;-;-;-;-;-;-;-;-;-;-;-;-;-;-;-;-
30.08.2025 17:00;30.08.2025 18:00;-;-;-;-;-;-;-;-;-;-;-;-;-;-;-;-;-
30.08.2025 18:00;30.08.2025 19:00;-;-;-;-;-;-;-;-;-;-;-;-;-;-;-;-;-
30.08.2025 19:00;30.08.2025 20:00;-;-;-;-;-;-;-;-;-;-;-;-;-;-;-;-;-
30.08.2025 20:00;30.08.2025 21:00;-;-;-;-;-;-;-;-;-;-;-;-;-;-;-;-;-
30.08.2025 21:00;30.08.2025 22:00;-;-;-;-;-;-;-;-;-;-;-;-;-;-;-;-;-
30.08.2025 22:00;30.08.2025 23:00;-;-;-;-;-;-;-;-;-;-;-;-;-;-;-;-;-
30.08.2025 23:00;31.08.2025 00:00;-;-;-;-;-;-;-;-;-;-;-;-;-;-;-;-;-
31.08.2025 00:00;31.08.2025 01:00;-;-;-;-;-;-;-;-;-;-;-;-;-;-;-;-;-
31.08.2025 01:00;31.08.2025 02:00;-;-;-;-;-;-;-;-;-;-;-;-;-;-;-;-;-
31.08.2025 02:00;31.08.2025 03:00;-;-;-;-;-;-;-;-;-;-;-;-;-;-;-;-;-
31.08.2025 03:00;31.08.2025 04:00;-;-;-;-;-;-;-;-;-;-;-;-;-;-;-;-;-
31.08.2025 04:00;31.08.2025 05:00;-;-;-;-;-;-;-;-;-;-;-;-;-;-;-;-;-
31.08.2025 05:00;31.08.2025 06:00;-;-;-;-;-;-;-;-;-;-;-;-;-;-;-;-;-
31.08.2025 06:00;31.08.2025 07:00;-;-;-;-;-;-;-;-;-;-;-;-;-;-;-;-;-
31.08.2025 07:00;31.08.2025 08:00;-;-;-;-;-;-;-;-;-;-;-;-;-;-;-;-;-
31.08.2025 08:00;31.08.2025 09:00;-;-;-;-;-;-;-;-;-;-;-;-;-;-;-;-;-
31.08.2025 09:00;31.08.2025 10:00;-;-;-;-;-;-;-;-;-;-;-;-;-;-;-;-;-
31.08.2025 10:00;31.08.2025 11:00;-;-;-;-;-;-;-;-;-;-;-;-;-;-;-;-;-
31.08.2025 11:00;31.08.2025 12:00;-;-;-;-;-;-;-;-;-;-;-;-;-;-;-;-;-
31.08.2025 12:00;31.08.2025 13:00;-;-;-;-;-;-;-;-;-;-;-;-;-;-;-;-;-
31.08.2025 13:00;31.08.2025 14:00;-;-;-;-;-;-;-;-;-;-;-;-;-;-;-;-;-
31.08.2025 14:00;31.08.2025 15:00;-;-;-;-;-;-;-;-;-;-;-;-;-;-;-;-;-
31.08.2025 15:00;31.08.2025 16:00;-;-;-;-;-;-;-;-;-;-;-;-;-;-;-;-;-
31.08.2025 16:00;31.08.2025 17:00;-;-;-;-;-;-;-;-;-;-;-;-;-;-;-;-;-
31.08.2025 17:00;31.08.2025 18:00;-;-;-;-;-;-;-;-;-;-;-;-;-;-;-;-;-
31.08.2025 18:00;31.08.2025 19:00;-;-;-;-;-;-;-;-;-;-;-;-;-;-;-;-;-
31.08.2025 19:00;31.08.2025 20:00;-;-;-;-;-;-;-;-;-;-;-;-;-;-;-;-;-
31.08.2025 20:00;31.08.2025 21:00;-;-;-;-;-;-;-;-;-;-;-;-;-;-;-;-;-
31.08.2025 21:00;31.08.2025 22:00;-;-;-;-;-;-;-;-;-;-;-;-;-;-;-;-;-
31.08.2025 22:00;31.08.2025 23:00;-;-;-;-;-;-;-;-;-;-;-;-;-;-;-;-;-
31.08.2025 23:00;01.09.2025 00:00;-;-;-;-;-;-;-;-;-;-;-;-;-;-;-;-;-
01.09.2025 00:00;01.09.2025 01:00;-;-;-;-;-;-;-;-;-;-;-;-;-;-;-;-;-
01.09.2025 01:00;01.09.2025 02:00;-;-;-;-;-;-;-;-;-;-;-;-;-;-;-;-;-
01.09.2025 02:00;01.09.2025 03:00;-;-;-;-;-;-;-;-;-;-;-;-;-;-;-;-;-
01.09.2025 03:00;01.09.2025 04:00;-;-;-;-;-;-;-;-;-;-;-;-;-;-;-;-;-
01.09.2025 04:00;01.09.2025 05:00;-;-;-;-;-;-;-;-;-;-;-;-;-;-;-;-;-
01.09.2025 05:00;01.09.2025 06:00;-;-;-;-;-;-;-;-;-;-;-;-;-;-;-;-;-
01.09.2025 06:00;01.09.2025 07:00;-;-;-;-;-;-;-;-;-;-;-;-;-;-;-;-;-
01.09.2025 07:00;01.09.2025 08:00;-;-;-;-;-;-;-;-;-;-;-;-;-;-;-;-;-
01.09.2025 08:00;01.09.2025 09:00;-;-;-;-;-;-;-;-;-;-;-;-;-;-;-;-;-
01.09.2025 09:00;01.09.2025 10:00;-;-;-;-;-;-;-;-;-;-;-;-;-;-;-;-;-
01.09.2025 10:00;01.09.2025 11:00;-;-;-;-;-;-;-;-;-;-;-;-;-;-;-;-;-
01.09.2025 11:00;01.09.2025 12:00;-;-;-;-;-;-;-;-;-;-;-;-;-;-;-;-;-
01.09.2025 12:00;01.09.2025 13:00;-;-;-;-;-;-;-;-;-;-;-;-;-;-;-;-;-
01.09.2025 13:00;01.09.2025 14:00;-;-;-;-;-;-;-;-;-;-;-;-;-;-;-;-;-
01.09.2025 14:00;01.09.2025 15:00;-;-;-;-;-;-;-;-;-;-;-;-;-;-;-;-;-
01.09.2025 15:00;01.09.2025 16:00;-;-;-;-;-;-;-;-;-;-;-;-;-;-;-;-;-
01.09.2025 16:00;01.09.2025 17:00;-;-;-;-;-;-;-;-;-;-;-;-;-;-;-;-;-
01.09.2025 17:00;01.09.2025 18:00;-;-;-;-;-;-;-;-;-;-;-;-;-;-;-;-;-
01.09.2025 18:00;01.09.2025 19:00;-;-;-;-;-;-;-;-;-;-;-;-;-;-;-;-;-
01.09.2025 19:00;01.09.2025 20:00;-;-;-;-;-;-;-;-;-;-;-;-;-;-;-;-;-
01.09.2025 20:00;01.09.2025 21:00;-;-;-;-;-;-;-;-;-;-;-;-;-;-;-;-;-
01.09.2025 21:00;01.09.2025 22:00;-;-;-;-;-;-;-;-;-;-;-;-;-;-;-;-;-
01.09.2025 22:00;01.09.2025 23:00;-;-;-;-;-;-;-;-;-;-;-;-;-;-;-;-;-
01.09.2025 23:00;02.09.2025 00:00;-;-;-;-;-;-;-;-;-;-;-;-;-;-;-;-;-
02.09.2025 00:00;02.09.2025 01:00;-;-;-;-;-;-;-;-;-;-;-;-;-;-;-;-;-
02.09.2025 01:00;02.09.2025 02:00;-;-;-;-;-;-;-;-;-;-;-;-;-;-;-;-;-
02.09.2025 02:00;02.09.2025 03:00;-;-;-;-;-;-;-;-;-;-;-;-;-;-;-;-;-
02.09.2025 03:00;02.09.2025 04:00;-;-;-;-;-;-;-;-;-;-;-;-;-;-;-;-;-
02.09.2025 04:00;02.09.2025 05:00;-;-;-;-;-;-;-;-;-;-;-;-;-;-;-;-;-
02.09.2025 05:00;02.09.2025 06:00;-;-;-;-;-;-;-;-;-;-;-;-;-;-;-;-;-
02.09.2025 06:00;02.09.2025 07:00;-;-;-;-;-;-;-;-;-;-;-;-;-;-;-;-;-
02.09.2025 07:00;02.09.2025 08:00;-;-;-;-;-;-;-;-;-;-;-;-;-;-;-;-;-
02.09.2025 08:00;02.09.2025 09:00;-;-;-;-;-;-;-;-;-;-;-;-;-;-;-;-;-
02.09.2025 09:00;02.09.2025 10:00;-;-;-;-;-;-;-;-;-;-;-;-;-;-;-;-;-
02.09.2025 10:00;02.09.2025 11:00;-;-;-;-;-;-;-;-;-;-;-;-;-;-;-;-;-
02.09.2025 11:00;02.09.2025 12:00;-;-;-;-;-;-;-;-;-;-;-;-;-;-;-;-;-
02.09.2025 12:00;02.09.2025 13:00;-;-;-;-;-;-;-;-;-;-;-;-;-;-;-;-;-
02.09.2025 13:00;02.09.2025 14:00;-;-;-;-;-;-;-;-;-;-;-;-;-;-;-;-;-
02.09.2025 14:00;02.09.2025 15:00;-;-;-;-;-;-;-;-;-;-;-;-;-;-;-;-;-
02.09.2025 15:00;02.09.2025 16:00;-;-;-;-;-;-;-;-;-;-;-;-;-;-;-;-;-
02.09.2025 16:00;02.09.2025 17:00;-;-;-;-;-;-;-;-;-;-;-;-;-;-;-;-;-
02.09.2025 17:00;02.09.2025 18:00;-;-;-;-;-;-;-;-;-;-;-;-;-;-;-;-;-
02.09.2025 18:00;02.09.2025 19:00;-;-;-;-;-;-;-;-;-;-;-;-;-;-;-;-;-
02.09.2025 19:00;02.09.2025 20:00;-;-;-;-;-;-;-;-;-;-;-;-;-;-;-;-;-
02.09.2025 20:00;02.09.2025 21:00;-;-;-;-;-;-;-;-;-;-;-;-;-;-;-;-;-
02.09.2025 21:00;02.09.2025 22:00;-;-;-;-;-;-;-;-;-;-;-;-;-;-;-;-;-
02.09.2025 22:00;02.09.2025 23:00;-;-;-;-;-;-;-;-;-;-;-;-;-;-;-;-;-
02.09.2025 23:00;03.09.2025 00:00;-;-;-;-;-;-;-;-;-;-;-;-;-;-;-;-;-
03.09.2025 00:00;03.09.2025 01:00;-;-;-;-;-;-;-;-;-;-;-;-;-;-;-;-;-
03.09.2025 01:00;03.09.2025 02:00;-;-;-;-;-;-;-;-;-;-;-;-;-;-;-;-;-
03.09.2025 02:00;03.09.2025 03:00;-;-;-;-;-;-;-;-;-;-;-;-;-;-;-;-;-
03.09.2025 03:00;03.09.2025 04:00;-;-;-;-;-;-;-;-;-;-;-;-;-;-;-;-;-
03.09.2025 04:00;03.09.2025 05:00;-;-;-;-;-;-;-;-;-;-;-;-;-;-;-;-;-
03.09.2025 05:00;03.09.2025 06:00;-;-;-;-;-;-;-;-;-;-;-;-;-;-;-;-;-
03.09.2025 06:00;03.09.2025 07:00;-;-;-;-;-;-;-;-;-;-;-;-;-;-;-;-;-
03.09.2025 07:00;03.09.2025 08:00;-;-;-;-;-;-;-;-;-;-;-;-;-;-;-;-;-
03.09.2025 08:00;03.09.2025 09:00;-;-;-;-;-;-;-;-;-;-;-;-;-;-;-;-;-
03.09.2025 09:00;03.09.2025 10:00;-;-;-;-;-;-;-;-;-;-;-;-;-;-;-;-;-
03.09.2025 10:00;03.09.2025 11:00;-;-;-;-;-;-;-;-;-;-;-;-;-;-;-;-;-
03.09.2025 11:00;03.09.2025 12:00;-;-;-;-;-;-;-;-;-;-;-;-;-;-;-;-;-
03.09.2025 12:00;03.09.2025 13:00;-;-;-;-;-;-;-;-;-;-;-;-;-;-;-;-;-
03.09.2025 13:00;03.09.2025 14:00;-;-;-;-;-;-;-;-;-;-;-;-;-;-;-;-;-
03.09.2025 14:00;03.09.2025 15:00;-;-;-;-;-;-;-;-;-;-;-;-;-;-;-;-;-
03.09.2025 15:00;03.09.2025 16:00;-;-;-;-;-;-;-;-;-;-;-;-;-;-;-;-;-
03.09.2025 16:00;03.09.2025 17:00;-;-;-;-;-;-;-;-;-;-;-;-;-;-;-;-;-
03.09.2025 17:00;03.09.2025 18:00;-;-;-;-;-;-;-;-;-;-;-;-;-;-;-;-;-
03.09.2025 18:00;03.09.2025 19:00;-;-;-;-;-;-;-;-;-;-;-;-;-;-;-;-;-
03.09.2025 19:00;03.09.2025 20:00;-;-;-;-;-;-;-;-;-;-;-;-;-;-;-;-;-
03.09.2025 20:00;03.09.2025 21:00;-;-;-;-;-;-;-;-;-;-;-;-;-;-;-;-;-
03.09.2025 21:00;03.09.2025 22:00;-;-;-;-;-;-;-;-;-;-;-;-;-;-;-;-;-
03.09.2025 22:00;03.09.2025 23:00;-;-;-;-;-;-;-;-;-;-;-;-;-;-;-;-;-
03.09.2025 23:00;04.09.2025 00:00;-;-;-;-;-;-;-;-;-;-;-;-;-;-;-;-;-
04.09.2025 00:00;04.09.2025 01:00;-;-;-;-;-;-;-;-;-;-;-;-;-;-;-;-;-
04.09.2025 01:00;04.09.2025 02:00;-;-;-;-;-;-;-;-;-;-;-;-;-;-;-;-;-
04.09.2025 02:00;04.09.2025 03:00;-;-;-;-;-;-;-;-;-;-;-;-;-;-;-;-;-
04.09.2025 03:00;04.09.2025 04:00;-;-;-;-;-;-;-;-;-;-;-;-;-;-;-;-;-
04.09.2025 04:00;04.09.2025 05:00;-;-;-;-;-;-;-;-;-;-;-;-;-;-;-;-;-
04.09.2025 05:00;04.09.2025 06:00;-;-;-;-;-;-;-;-;-;-;-;-;-;-;-;-;-
04.09.2025 06:00;04.09.2025 07:00;-;-;-;-;-;-;-;-;-;-;-;-;-;-;-;-;-
04.09.2025 07:00;04.09.2025 08:00;-;-;-;-;-;-;-;-;-;-;-;-;-;-;-;-;-
04.09.2025 08:00;04.09.2025 09:00;-;-;-;-;-;-;-;-;-;-;-;-;-;-;-;-;-
04.09.2025 09:00;04.09.2025 10:00;-;-;-;-;-;-;-;-;-;-;-;-;-;-;-;-;-
04.09.2025 10:00;04.09.2025 11:00;-;-;-;-;-;-;-;-;-;-;-;-;-;-;-;-;-
04.09.2025 11:00;04.09.2025 12:00;-;-;-;-;-;-;-;-;-;-;-;-;-;-;-;-;-
04.09.2025 12:00;04.09.2025 13:00;-;-;-;-;-;-;-;-;-;-;-;-;-;-;-;-;-
04.09.2025 13:00;04.09.2025 14:00;-;-;-;-;-;-;-;-;-;-;-;-;-;-;-;-;-
04.09.2025 14:00;04.09.2025 15:00;-;-;-;-;-;-;-;-;-;-;-;-;-;-;-;-;-
04.09.2025 15:00;04.09.2025 16:00;-;-;-;-;-;-;-;-;-;-;-;-;-;-;-;-;-
04.09.2025 16:00;04.09.2025 17:00;-;-;-;-;-;-;-;-;-;-;-;-;-;-;-;-;-
04.09.2025 17:00;04.09.2025 18:00;-;-;-;-;-;-;-;-;-;-;-;-;-;-;-;-;-
04.09.2025 18:00;04.09.2025 19:00;-;-;-;-;-;-;-;-;-;-;-;-;-;-;-;-;-
04.09.2025 19:00;04.09.2025 20:00;-;-;-;-;-;-;-;-;-;-;-;-;-;-;-;-;-
04.09.2025 20:00;04.09.2025 21:00;-;-;-;-;-;-;-;-;-;-;-;-;-;-;-;-;-
04.09.2025 21:00;04.09.2025 22:00;-;-;-;-;-;-;-;-;-;-;-;-;-;-;-;-;-
04.09.2025 22:00;04.09.2025 23:00;-;-;-;-;-;-;-;-;-;-;-;-;-;-;-;-;-
04.09.2025 23:00;05.09.2025 00:00;-;-;-;-;-;-;-;-;-;-;-;-;-;-;-;-;-
05.09.2025 00:00;05.09.2025 01:00;-;-;-;-;-;-;-;-;-;-;-;-;-;-;-;-;-
05.09.2025 01:00;05.09.2025 02:00;-;-;-;-;-;-;-;-;-;-;-;-;-;-;-;-;-
05.09.2025 02:00;05.09.2025 03:00;-;-;-;-;-;-;-;-;-;-;-;-;-;-;-;-;-
05.09.2025 03:00;05.09.2025 04:00;-;-;-;-;-;-;-;-;-;-;-;-;-;-;-;-;-
05.09.2025 04:00;05.09.2025 05:00;-;-;-;-;-;-;-;-;-;-;-;-;-;-;-;-;-
05.09.2025 05:00;05.09.2025 06:00;-;-;-;-;-;-;-;-;-;-;-;-;-;-;-;-;-
05.09.2025 06:00;05.09.2025 07:00;-;-;-;-;-;-;-;-;-;-;-;-;-;-;-;-;-
05.09.2025 07:00;05.09.2025 08:00;-;-;-;-;-;-;-;-;-;-;-;-;-;-;-;-;-
05.09.2025 08:00;05.09.2025 09:00;-;-;-;-;-;-;-;-;-;-;-;-;-;-;-;-;-
05.09.2025 09:00;05.09.2025 10:00;-;-;-;-;-;-;-;-;-;-;-;-;-;-;-;-;-
05.09.2025 10:00;05.09.2025 11:00;-;-;-;-;-;-;-;-;-;-;-;-;-;-;-;-;-
05.09.2025 11:00;05.09.2025 12:00;-;-;-;-;-;-;-;-;-;-;-;-;-;-;-;-;-
05.09.2025 12:00;05.09.2025 13:00;-;-;-;-;-;-;-;-;-;-;-;-;-;-;-;-;-
05.09.2025 13:00;05.09.2025 14:00;-;-;-;-;-;-;-;-;-;-;-;-;-;-;-;-;-
05.09.2025 14:00;05.09.2025 15:00;-;-;-;-;-;-;-;-;-;-;-;-;-;-;-;-;-
05.09.2025 15:00;05.09.2025 16:00;-;-;-;-;-;-;-;-;-;-;-;-;-;-;-;-;-
05.09.2025 16:00;05.09.2025 17:00;-;-;-;-;-;-;-;-;-;-;-;-;-;-;-;-;-
05.09.2025 17:00;05.09.2025 18:00;-;-;-;-;-;-;-;-;-;-;-;-;-;-;-;-;-
05.09.2025 18:00;05.09.2025 19:00;-;-;-;-;-;-;-;-;-;-;-;-;-;-;-;-;-
05.09.2025 19:00;05.09.2025 20:00;-;-;-;-;-;-;-;-;-;-;-;-;-;-;-;-;-
05.09.2025 20:00;05.09.2025 21:00;-;-;-;-;-;-;-;-;-;-;-;-;-;-;-;-;-
05.09.2025 21:00;05.09.2025 22:00;-;-;-;-;-;-;-;-;-;-;-;-;-;-;-;-;-
05.09.2025 22:00;05.09.2025 23:00;-;-;-;-;-;-;-;-;-;-;-;-;-;-;-;-;-
05.09.2025 23:00;06.09.2025 00:00;-;-;-;-;-;-;-;-;-;-;-;-;-;-;-;-;-
06.09.2025 00:00;06.09.2025 01:00;-;-;-;-;-;-;-;-;-;-;-;-;-;-;-;-;-
06.09.2025 01:00;06.09.2025 02:00;-;-;-;-;-;-;-;-;-;-;-;-;-;-;-;-;-
06.09.2025 02:00;06.09.2025 03:00;-;-;-;-;-;-;-;-;-;-;-;-;-;-;-;-;-
06.09.2025 03:00;06.09.2025 04:00;-;-;-;-;-;-;-;-;-;-;-;-;-;-;-;-;-
06.09.2025 04:00;06.09.2025 05:00;-;-;-;-;-;-;-;-;-;-;-;-;-;-;-;-;-
06.09.2025 05:00;06.09.2025 06:00;-;-;-;-;-;-;-;-;-;-;-;-;-;-;-;-;-
06.09.2025 06:00;06.09.2025 07:00;-;-;-;-;-;-;-;-;-;-;-;-;-;-;-;-;-
06.09.2025 07:00;06.09.2025 08:00;-;-;-;-;-;-;-;-;-;-;-;-;-;-;-;-;-
06.09.2025 08:00;06.09.2025 09:00;-;-;-;-;-;-;-;-;-;-;-;-;-;-;-;-;-
06.09.2025 09:00;06.09.2025 10:00;-;-;-;-;-;-;-;-;-;-;-;-;-;-;-;-;-
06.09.2025 10:00;06.09.2025 11:00;-;-;-;-;-;-;-;-;-;-;-;-;-;-;-;-;-
06.09.2025 11:00;06.09.2025 12:00;-;-;-;-;-;-;-;-;-;-;-;-;-;-;-;-;-
06.09.2025 12:00;06.09.2025 13:00;-;-;-;-;-;-;-;-;-;-;-;-;-;-;-;-;-
06.09.2025 13:00;06.09.2025 14:00;-;-;-;-;-;-;-;-;-;-;-;-;-;-;-;-;-
06.09.2025 14:00;06.09.2025 15:00;-;-;-;-;-;-;-;-;-;-;-;-;-;-;-;-;-
06.09.2025 15:00;06.09.2025 16:00;-;-;-;-;-;-;-;-;-;-;-;-;-;-;-;-;-
06.09.2025 16:00;06.09.2025 17:00;-;-;-;-;-;-;-;-;-;-;-;-;-;-;-;-;-
06.09.2025 17:00;06.09.2025 18:00;-;-;-;-;-;-;-;-;-;-;-;-;-;-;-;-;-
06.09.2025 18:00;06.09.2025 19:00;-;-;-;-;-;-;-;-;-;-;-;-;-;-;-;-;-
06.09.2025 19:00;06.09.2025 20:00;-;-;-;-;-;-;-;-;-;-;-;-;-;-;-;-;-
06.09.2025 20:00;06.09.2025 21:00;-;-;-;-;-;-;-;-;-;-;-;-;-;-;-;-;-
06.09.2025 21:00;06.09.2025 22:00;-;-;-;-;-;-;-;-;-;-;-;-;-;-;-;-;-
06.09.2025 22:00;06.09.2025 23:00;-;-;-;-;-;-;-;-;-;-;-;-;-;-;-;-;-
06.09.2025 23:00;07.09.2025 00:00;-;-;-;-;-;-;-;-;-;-;-;-;-;-;-;-;-
07.09.2025 00:00;07.09.2025 01:00;-;-;-;-;-;-;-;-;-;-;-;-;-;-;-;-;-
07.09.2025 01:00;07.09.2025 02:00;-;-;-;-;-;-;-;-;-;-;-;-;-;-;-;-;-
07.09.2025 02:00;07.09.2025 03:00;-;-;-;-;-;-;-;-;-;-;-;-;-;-;-;-;-
07.09.2025 03:00;07.09.2025 04:00;-;-;-;-;-;-;-;-;-;-;-;-;-;-;-;-;-
07.09.2025 04:00;07.09.2025 05:00;-;-;-;-;-;-;-;-;-;-;-;-;-;-;-;-;-
07.09.2025 05:00;07.09.2025 06:00;-;-;-;-;-;-;-;-;-;-;-;-;-;-;-;-;-
07.09.2025 06:00;07.09.2025 07:00;-;-;-;-;-;-;-;-;-;-;-;-;-;-;-;-;-
07.09.2025 07:00;07.09.2025 08:00;-;-;-;-;-;-;-;-;-;-;-;-;-;-;-;-;-
07.09.2025 08:00;07.09.2025 09:00;-;-;-;-;-;-;-;-;-;-;-;-;-;-;-;-;-
07.09.2025 09:00;07.09.2025 10:00;-;-;-;-;-;-;-;-;-;-;-;-;-;-;-;-;-
07.09.2025 10:00;07.09.2025 11:00;-;-;-;-;-;-;-;-;-;-;-;-;-;-;-;-;-
07.09.2025 11:00;07.09.2025 12:00;-;-;-;-;-;-;-;-;-;-;-;-;-;-;-;-;-
07.09.2025 12:00;07.09.2025 13:00;-;-;-;-;-;-;-;-;-;-;-;-;-;-;-;-;-
07.09.2025 13:00;07.09.2025 14:00;-;-;-;-;-;-;-;-;-;-;-;-;-;-;-;-;-
07.09.2025 14:00;07.09.2025 15:00;-;-;-;-;-;-;-;-;-;-;-;-;-;-;-;-;-
07.09.2025 15:00;07.09.2025 16:00;-;-;-;-;-;-;-;-;-;-;-;-;-;-;-;-;-
07.09.2025 16:00;07.09.2025 17:00;-;-;-;-;-;-;-;-;-;-;-;-;-;-;-;-;-
07.09.2025 17:00;07.09.2025 18:00;-;-;-;-;-;-;-;-;-;-;-;-;-;-;-;-;-
07.09.2025 18:00;07.09.2025 19:00;-;-;-;-;-;-;-;-;-;-;-;-;-;-;-;-;-
07.09.2025 19:00;07.09.2025 20:00;-;-;-;-;-;-;-;-;-;-;-;-;-;-;-;-;-
07.09.2025 20:00;07.09.2025 21:00;-;-;-;-;-;-;-;-;-;-;-;-;-;-;-;-;-
07.09.2025 21:00;07.09.2025 22:00;-;-;-;-;-;-;-;-;-;-;-;-;-;-;-;-;-
07.09.2025 22:00;07.09.2025 23:00;-;-;-;-;-;-;-;-;-;-;-;-;-;-;-;-;-
07.09.2025 23:00;08.09.2025 00:00;-;-;-;-;-;-;-;-;-;-;-;-;-;-;-;-;-
08.09.2025 00:00;08.09.2025 01:00;-;-;-;-;-;-;-;-;-;-;-;-;-;-;-;-;-
08.09.2025 01:00;08.09.2025 02:00;-;-;-;-;-;-;-;-;-;-;-;-;-;-;-;-;-
08.09.2025 02:00;08.09.2025 03:00;-;-;-;-;-;-;-;-;-;-;-;-;-;-;-;-;-
08.09.2025 03:00;08.09.2025 04:00;-;-;-;-;-;-;-;-;-;-;-;-;-;-;-;-;-
08.09.2025 04:00;08.09.2025 05:00;-;-;-;-;-;-;-;-;-;-;-;-;-;-;-;-;-
08.09.2025 05:00;08.09.2025 06:00;-;-;-;-;-;-;-;-;-;-;-;-;-;-;-;-;-
08.09.2025 06:00;08.09.2025 07:00;-;-;-;-;-;-;-;-;-;-;-;-;-;-;-;-;-
08.09.2025 07:00;08.09.2025 08:00;-;-;-;-;-;-;-;-;-;-;-;-;-;-;-;-;-
08.09.2025 08:00;08.09.2025 09:00;-;-;-;-;-;-;-;-;-;-;-;-;-;-;-;-;-
08.09.2025 09:00;08.09.2025 10:00;-;-;-;-;-;-;-;-;-;-;-;-;-;-;-;-;-
08.09.2025 10:00;08.09.2025 11:00;-;-;-;-;-;-;-;-;-;-;-;-;-;-;-;-;-
08.09.2025 11:00;08.09.2025 12:00;-;-;-;-;-;-;-;-;-;-;-;-;-;-;-;-;-
08.09.2025 12:00;08.09.2025 13:00;-;-;-;-;-;-;-;-;-;-;-;-;-;-;-;-;-
08.09.2025 13:00;08.09.2025 14:00;-;-;-;-;-;-;-;-;-;-;-;-;-;-;-;-;-
08.09.2025 14:00;08.09.2025 15:00;-;-;-;-;-;-;-;-;-;-;-;-;-;-;-;-;-
08.09.2025 15:00;08.09.2025 16:00;-;-;-;-;-;-;-;-;-;-;-;-;-;-;-;-;-
08.09.2025 16:00;08.09.2025 17:00;-;-;-;-;-;-;-;-;-;-;-;-;-;-;-;-;-
08.09.2025 17:00;08.09.2025 18:00;-;-;-;-;-;-;-;-;-;-;-;-;-;-;-;-;-
08.09.2025 18:00;08.09.2025 19:00;-;-;-;-;-;-;-;-;-;-;-;-;-;-;-;-;-
08.09.2025 19:00;08.09.2025 20:00;-;-;-;-;-;-;-;-;-;-;-;-;-;-;-;-;-
08.09.2025 20:00;08.09.2025 21:00;-;-;-;-;-;-;-;-;-;-;-;-;-;-;-;-;-
08.09.2025 21:00;08.09.2025 22:00;-;-;-;-;-;-;-;-;-;-;-;-;-;-;-;-;-
08.09.2025 22:00;08.09.2025 23:00;-;-;-;-;-;-;-;-;-;-;-;-;-;-;-;-;-
08.09.2025 23:00;09.09.2025 00:00;-;-;-;-;-;-;-;-;-;-;-;-;-;-;-;-;-
09.09.2025 00:00;09.09.2025 01:00;-;-;-;-;-;-;-;-;-;-;-;-;-;-;-;-;-
09.09.2025 01:00;09.09.2025 02:00;-;-;-;-;-;-;-;-;-;-;-;-;-;-;-;-;-
09.09.2025 02:00;09.09.2025 03:00;-;-;-;-;-;-;-;-;-;-;-;-;-;-;-;-;-
09.09.2025 03:00;09.09.2025 04:00;-;-;-;-;-;-;-;-;-;-;-;-;-;-;-;-;-
09.09.2025 04:00;09.09.2025 05:00;-;-;-;-;-;-;-;-;-;-;-;-;-;-;-;-;-
09.09.2025 05:00;09.09.2025 06:00;-;-;-;-;-;-;-;-;-;-;-;-;-;-;-;-;-
09.09.2025 06:00;09.09.2025 07:00;-;-;-;-;-;-;-;-;-;-;-;-;-;-;-;-;-
09.09.2025 07:00;09.09.2025 08:00;-;-;-;-;-;-;-;-;-;-;-;-;-;-;-;-;-
09.09.2025 08:00;09.09.2025 09:00;-;-;-;-;-;-;-;-;-;-;-;-;-;-;-;-;-
09.09.2025 09:00;09.09.2025 10:00;-;-;-;-;-;-;-;-;-;-;-;-;-;-;-;-;-
09.09.2025 10:00;09.09.2025 11:00;-;-;-;-;-;-;-;-;-;-;-;-;-;-;-;-;-
09.09.2025 11:00;09.09.2025 12:00;-;-;-;-;-;-;-;-;-;-;-;-;-;-;-;-;-
09.09.2025 12:00;09.09.2025 13:00;-;-;-;-;-;-;-;-;-;-;-;-;-;-;-;-;-
09.09.2025 13:00;09.09.2025 14:00;-;-;-;-;-;-;-;-;-;-;-;-;-;-;-;-;-
09.09.2025 14:00;09.09.2025 15:00;-;-;-;-;-;-;-;-;-;-;-;-;-;-;-;-;-
09.09.2025 15:00;09.09.2025 16:00;-;-;-;-;-;-;-;-;-;-;-;-;-;-;-;-;-
09.09.2025 16:00;09.09.2025 17:00;-;-;-;-;-;-;-;-;-;-;-;-;-;-;-;-;-
09.09.2025 17:00;09.09.2025 18:00;-;-;-;-;-;-;-;-;-;-;-;-;-;-;-;-;-
09.09.2025 18:00;09.09.2025 19:00;-;-;-;-;-;-;-;-;-;-;-;-;-;-;-;-;-
09.09.2025 19:00;09.09.2025 20:00;-;-;-;-;-;-;-;-;-;-;-;-;-;-;-;-;-
09.09.2025 20:00;09.09.2025 21:00;-;-;-;-;-;-;-;-;-;-;-;-;-;-;-;-;-
09.09.2025 21:00;09.09.2025 22:00;-;-;-;-;-;-;-;-;-;-;-;-;-;-;-;-;-
09.09.2025 22:00;09.09.2025 23:00;-;-;-;-;-;-;-;-;-;-;-;-;-;-;-;-;-
09.09.2025 23:00;10.09.2025 00:00;-;-;-;-;-;-;-;-;-;-;-;-;-;-;-;-;-
10.09.2025 00:00;10.09.2025 01:00;-;-;-;-;-;-;-;-;-;-;-;-;-;-;-;-;-
10.09.2025 01:00;10.09.2025 02:00;-;-;-;-;-;-;-;-;-;-;-;-;-;-;-;-;-
10.09.2025 02:00;10.09.2025 03:00;-;-;-;-;-;-;-;-;-;-;-;-;-;-;-;-;-
10.09.2025 03:00;10.09.2025 04:00;-;-;-;-;-;-;-;-;-;-;-;-;-;-;-;-;-
10.09.2025 04:00;10.09.2025 05:00;-;-;-;-;-;-;-;-;-;-;-;-;-;-;-;-;-
10.09.2025 05:00;10.09.2025 06:00;-;-;-;-;-;-;-;-;-;-;-;-;-;-;-;-;-
10.09.2025 06:00;10.09.2025 07:00;-;-;-;-;-;-;-;-;-;-;-;-;-;-;-;-;-
10.09.2025 07:00;10.09.2025 08:00;-;-;-;-;-;-;-;-;-;-;-;-;-;-;-;-;-
10.09.2025 08:00;10.09.2025 09:00;-;-;-;-;-;-;-;-;-;-;-;-;-;-;-;-;-
10.09.2025 09:00;10.09.2025 10:00;-;-;-;-;-;-;-;-;-;-;-;-;-;-;-;-;-
10.09.2025 10:00;10.09.2025 11:00;-;-;-;-;-;-;-;-;-;-;-;-;-;-;-;-;-
10.09.2025 11:00;10.09.2025 12:00;-;-;-;-;-;-;-;-;-;-;-;-;-;-;-;-;-
10.09.2025 12:00;10.09.2025 13:00;-;-;-;-;-;-;-;-;-;-;-;-;-;-;-;-;-
10.09.2025 13:00;10.09.2025 14:00;-;-;-;-;-;-;-;-;-;-;-;-;-;-;-;-;-
10.09.2025 14:00;10.09.2025 15:00;-;-;-;-;-;-;-;-;-;-;-;-;-;-;-;-;-
10.09.2025 15:00;10.09.2025 16:00;-;-;-;-;-;-;-;-;-;-;-;-;-;-;-;-;-
10.09.2025 16:00;10.09.2025 17:00;-;-;-;-;-;-;-;-;-;-;-;-;-;-;-;-;-
10.09.2025 17:00;10.09.2025 18:00;-;-;-;-;-;-;-;-;-;-;-;-;-;-;-;-;-
10.09.2025 18:00;10.09.2025 19:00;-;-;-;-;-;-;-;-;-;-;-;-;-;-;-;-;-
10.09.2025 19:00;10.09.2025 20:00;-;-;-;-;-;-;-;-;-;-;-;-;-;-;-;-;-
10.09.2025 20:00;10.09.2025 21:00;-;-;-;-;-;-;-;-;-;-;-;-;-;-;-;-;-
10.09.2025 21:00;10.09.2025 22:00;-;-;-;-;-;-;-;-;-;-;-;-;-;-;-;-;-
10.09.2025 22:00;10.09.2025 23:00;-;-;-;-;-;-;-;-;-;-;-;-;-;-;-;-;-
10.09.2025 23:00;11.09.2025 00:00;-;-;-;-;-;-;-;-;-;-;-;-;-;-;-;-;-
11.09.2025 00:00;11.09.2025 01:00;-;-;-;-;-;-;-;-;-;-;-;-;-;-;-;-;-
11.09.2025 01:00;11.09.2025 02:00;-;-;-;-;-;-;-;-;-;-;-;-;-;-;-;-;-
11.09.2025 02:00;11.09.2025 03:00;-;-;-;-;-;-;-;-;-;-;-;-;-;-;-;-;-
11.09.2025 03:00;11.09.2025 04:00;-;-;-;-;-;-;-;-;-;-;-;-;-;-;-;-;-
11.09.2025 04:00;11.09.2025 05:00;-;-;-;-;-;-;-;-;-;-;-;-;-;-;-;-;-
11.09.2025 05:00;11.09.2025 06:00;-;-;-;-;-;-;-;-;-;-;-;-;-;-;-;-;-
11.09.2025 06:00;11.09.2025 07:00;-;-;-;-;-;-;-;-;-;-;-;-;-;-;-;-;-
11.09.2025 07:00;11.09.2025 08:00;-;-;-;-;-;-;-;-;-;-;-;-;-;-;-;-;-
11.09.2025 08:00;11.09.2025 09:00;-;-;-;-;-;-;-;-;-;-;-;-;-;-;-;-;-
11.09.2025 09:00;11.09.2025 10:00;-;-;-;-;-;-;-;-;-;-;-;-;-;-;-;-;-
11.09.2025 10:00;11.09.2025 11:00;-;-;-;-;-;-;-;-;-;-;-;-;-;-;-;-;-
11.09.2025 11:00;11.09.2025 12:00;-;-;-;-;-;-;-;-;-;-;-;-;-;-;-;-;-
11.09.2025 12:00;11.09.2025 13:00;-;-;-;-;-;-;-;-;-;-;-;-;-;-;-;-;-
11.09.2025 13:00;11.09.2025 14:00;-;-;-;-;-;-;-;-;-;-;-;-;-;-;-;-;-
11.09.2025 14:00;11.09.2025 15:00;-;-;-;-;-;-;-;-;-;-;-;-;-;-;-;-;-
11.09.2025 15:00;11.09.2025 16:00;-;-;-;-;-;-;-;-;-;-;-;-;-;-;-;-;-
11.09.2025 16:00;11.09.2025 17:00;-;-;-;-;-;-;-;-;-;-;-;-;-;-;-;-;-
11.09.2025 17:00;11.09.2025 18:00;-;-;-;-;-;-;-;-;-;-;-;-;-;-;-;-;-
11.09.2025 18:00;11.09.2025 19:00;-;-;-;-;-;-;-;-;-;-;-;-;-;-;-;-;-
11.09.2025 19:00;11.09.2025 20:00;-;-;-;-;-;-;-;-;-;-;-;-;-;-;-;-;-
11.09.2025 20:00;11.09.2025 21:00;-;-;-;-;-;-;-;-;-;-;-;-;-;-;-;-;-
11.09.2025 21:00;11.09.2025 22:00;-;-;-;-;-;-;-;-;-;-;-;-;-;-;-;-;-
11.09.2025 22:00;11.09.2025 23:00;-;-;-;-;-;-;-;-;-;-;-;-;-;-;-;-;-
11.09.2025 23:00;12.09.2025 00:00;-;-;-;-;-;-;-;-;-;-;-;-;-;-;-;-;-
12.09.2025 00:00;12.09.2025 01:00;-;-;-;-;-;-;-;-;-;-;-;-;-;-;-;-;-
12.09.2025 01:00;12.09.2025 02:00;-;-;-;-;-;-;-;-;-;-;-;-;-;-;-;-;-
12.09.2025 02:00;12.09.2025 03:00;-;-;-;-;-;-;-;-;-;-;-;-;-;-;-;-;-
12.09.2025 03:00;12.09.2025 04:00;-;-;-;-;-;-;-;-;-;-;-;-;-;-;-;-;-
12.09.2025 04:00;12.09.2025 05:00;-;-;-;-;-;-;-;-;-;-;-;-;-;-;-;-;-
12.09.2025 05:00;12.09.2025 06:00;-;-;-;-;-;-;-;-;-;-;-;-;-;-;-;-;-
12.09.2025 06:00;12.09.2025 07:00;-;-;-;-;-;-;-;-;-;-;-;-;-;-;-;-;-
12.09.2025 07:00;12.09.2025 08:00;-;-;-;-;-;-;-;-;-;-;-;-;-;-;-;-;-
12.09.2025 08:00;12.09.2025 09:00;-;-;-;-;-;-;-;-;-;-;-;-;-;-;-;-;-
12.09.2025 09:00;12.09.2025 10:00;-;-;-;-;-;-;-;-;-;-;-;-;-;-;-;-;-
12.09.2025 10:00;12.09.2025 11:00;-;-;-;-;-;-;-;-;-;-;-;-;-;-;-;-;-
12.09.2025 11:00;12.09.2025 12:00;-;-;-;-;-;-;-;-;-;-;-;-;-;-;-;-;-
12.09.2025 12:00;12.09.2025 13:00;-;-;-;-;-;-;-;-;-;-;-;-;-;-;-;-;-
12.09.2025 13:00;12.09.2025 14:00;-;-;-;-;-;-;-;-;-;-;-;-;-;-;-;-;-
12.09.2025 14:00;12.09.2025 15:00;-;-;-;-;-;-;-;-;-;-;-;-;-;-;-;-;-
12.09.2025 15:00;12.09.2025 16:00;-;-;-;-;-;-;-;-;-;-;-;-;-;-;-;-;-
12.09.2025 16:00;12.09.2025 17:00;-;-;-;-;-;-;-;-;-;-;-;-;-;-;-;-;-
12.09.2025 17:00;12.09.2025 18:00;-;-;-;-;-;-;-;-;-;-;-;-;-;-;-;-;-
12.09.2025 18:00;12.09.2025 19:00;-;-;-;-;-;-;-;-;-;-;-;-;-;-;-;-;-
12.09.2025 19:00;12.09.2025 20:00;-;-;-;-;-;-;-;-;-;-;-;-;-;-;-;-;-
12.09.2025 20:00;12.09.2025 21:00;-;-;-;-;-;-;-;-;-;-;-;-;-;-;-;-;-
12.09.2025 21:00;12.09.2025 22:00;-;-;-;-;-;-;-;-;-;-;-;-;-;-;-;-;-
12.09.2025 22:00;12.09.2025 23:00;-;-;-;-;-;-;-;-;-;-;-;-;-;-;-;-;-
12.09.2025 23:00;13.09.2025 00:00;-;-;-;-;-;-;-;-;-;-;-;-;-;-;-;-;-
13.09.2025 00:00;13.09.2025 01:00;-;-;-;-;-;-;-;-;-;-;-;-;-;-;-;-;-
13.09.2025 01:00;13.09.2025 02:00;-;-;-;-;-;-;-;-;-;-;-;-;-;-;-;-;-
13.09.2025 02:00;13.09.2025 03:00;-;-;-;-;-;-;-;-;-;-;-;-;-;-;-;-;-
13.09.2025 03:00;13.09.2025 04:00;-;-;-;-;-;-;-;-;-;-;-;-;-;-;-;-;-
13.09.2025 04:00;13.09.2025 05:00;-;-;-;-;-;-;-;-;-;-;-;-;-;-;-;-;-
13.09.2025 05:00;13.09.2025 06:00;-;-;-;-;-;-;-;-;-;-;-;-;-;-;-;-;-
13.09.2025 06:00;13.09.2025 07:00;-;-;-;-;-;-;-;-;-;-;-;-;-;-;-;-;-
13.09.2025 07:00;13.09.2025 08:00;-;-;-;-;-;-;-;-;-;-;-;-;-;-;-;-;-
13.09.2025 08:00;13.09.2025 09:00;-;-;-;-;-;-;-;-;-;-;-;-;-;-;-;-;-
13.09.2025 09:00;13.09.2025 10:00;-;-;-;-;-;-;-;-;-;-;-;-;-;-;-;-;-
13.09.2025 10:00;13.09.2025 11:00;-;-;-;-;-;-;-;-;-;-;-;-;-;-;-;-;-
13.09.2025 11:00;13.09.2025 12:00;-;-;-;-;-;-;-;-;-;-;-;-;-;-;-;-;-
13.09.2025 12:00;13.09.2025 13:00;-;-;-;-;-;-;-;-;-;-;-;-;-;-;-;-;-
13.09.2025 13:00;13.09.2025 14:00;-;-;-;-;-;-;-;-;-;-;-;-;-;-;-;-;-
13.09.2025 14:00;13.09.2025 15:00;-;-;-;-;-;-;-;-;-;-;-;-;-;-;-;-;-
13.09.2025 15:00;13.09.2025 16:00;-;-;-;-;-;-;-;-;-;-;-;-;-;-;-;-;-
13.09.2025 16:00;13.09.2025 17:00;-;-;-;-;-;-;-;-;-;-;-;-;-;-;-;-;-
13.09.2025 17:00;13.09.2025 18:00;-;-;-;-;-;-;-;-;-;-;-;-;-;-;-;-;-
13.09.2025 18:00;13.09.2025 19:00;-;-;-;-;-;-;-;-;-;-;-;-;-;-;-;-;-
13.09.2025 19:00;13.09.2025 20:00;-;-;-;-;-;-;-;-;-;-;-;-;-;-;-;-;-
13.09.2025 20:00;13.09.2025 21:00;-;-;-;-;-;-;-;-;-;-;-;-;-;-;-;-;-
13.09.2025 21:00;13.09.2025 22:00;-;-;-;-;-;-;-;-;-;-;-;-;-;-;-;-;-
13.09.2025 22:00;13.09.2025 23:00;-;-;-;-;-;-;-;-;-;-;-;-;-;-;-;-;-
13.09.2025 23:00;14.09.2025 00:00;-;-;-;-;-;-;-;-;-;-;-;-;-;-;-;-;-
14.09.2025 00:00;14.09.2025 01:00;-;-;-;-;-;-;-;-;-;-;-;-;-;-;-;-;-
14.09.2025 01:00;14.09.2025 02:00;-;-;-;-;-;-;-;-;-;-;-;-;-;-;-;-;-
14.09.2025 02:00;14.09.2025 03:00;-;-;-;-;-;-;-;-;-;-;-;-;-;-;-;-;-
14.09.2025 03:00;14.09.2025 04:00;-;-;-;-;-;-;-;-;-;-;-;-;-;-;-;-;-
14.09.2025 04:00;14.09.2025 05:00;-;-;-;-;-;-;-;-;-;-;-;-;-;-;-;-;-
14.09.2025 05:00;14.09.2025 06:00;-;-;-;-;-;-;-;-;-;-;-;-;-;-;-;-;-
14.09.2025 06:00;14.09.2025 07:00;-;-;-;-;-;-;-;-;-;-;-;-;-;-;-;-;-
14.09.2025 07:00;14.09.2025 08:00;-;-;-;-;-;-;-;-;-;-;-;-;-;-;-;-;-
14.09.2025 08:00;14.09.2025 09:00;-;-;-;-;-;-;-;-;-;-;-;-;-;-;-;-;-
14.09.2025 09:00;14.09.2025 10:00;-;-;-;-;-;-;-;-;-;-;-;-;-;-;-;-;-
14.09.2025 10:00;14.09.2025 11:00;-;-;-;-;-;-;-;-;-;-;-;-;-;-;-;-;-
14.09.2025 11:00;14.09.2025 12:00;-;-;-;-;-;-;-;-;-;-;-;-;-;-;-;-;-
14.09.2025 12:00;14.09.2025 13:00;-;-;-;-;-;-;-;-;-;-;-;-;-;-;-;-;-
14.09.2025 13:00;14.09.2025 14:00;-;-;-;-;-;-;-;-;-;-;-;-;-;-;-;-;-
14.09.2025 14:00;14.09.2025 15:00;-;-;-;-;-;-;-;-;-;-;-;-;-;-;-;-;-
14.09.2025 15:00;14.09.2025 16:00;-;-;-;-;-;-;-;-;-;-;-;-;-;-;-;-;-
14.09.2025 16:00;14.09.2025 17:00;-;-;-;-;-;-;-;-;-;-;-;-;-;-;-;-;-
14.09.2025 17:00;14.09.2025 18:00;-;-;-;-;-;-;-;-;-;-;-;-;-;-;-;-;-
14.09.2025 18:00;14.09.2025 19:00;-;-;-;-;-;-;-;-;-;-;-;-;-;-;-;-;-
14.09.2025 19:00;14.09.2025 20:00;-;-;-;-;-;-;-;-;-;-;-;-;-;-;-;-;-
14.09.2025 20:00;14.09.2025 21:00;-;-;-;-;-;-;-;-;-;-;-;-;-;-;-;-;-
14.09.2025 21:00;14.09.2025 22:00;-;-;-;-;-;-;-;-;-;-;-;-;-;-;-;-;-
14.09.2025 22:00;14.09.2025 23:00;-;-;-;-;-;-;-;-;-;-;-;-;-;-;-;-;-
14.09.2025 23:00;15.09.2025 00:00;-;-;-;-;-;-;-;-;-;-;-;-;-;-;-;-;-
15.09.2025 00:00;15.09.2025 01:00;-;-;-;-;-;-;-;-;-;-;-;-;-;-;-;-;-
15.09.2025 01:00;15.09.2025 02:00;-;-;-;-;-;-;-;-;-;-;-;-;-;-;-;-;-
15.09.2025 02:00;15.09.2025 03:00;-;-;-;-;-;-;-;-;-;-;-;-;-;-;-;-;-
15.09.2025 03:00;15.09.2025 04:00;-;-;-;-;-;-;-;-;-;-;-;-;-;-;-;-;-
15.09.2025 04:00;15.09.2025 05:00;-;-;-;-;-;-;-;-;-;-;-;-;-;-;-;-;-
15.09.2025 05:00;15.09.2025 06:00;-;-;-;-;-;-;-;-;-;-;-;-;-;-;-;-;-
15.09.2025 06:00;15.09.2025 07:00;-;-;-;-;-;-;-;-;-;-;-;-;-;-;-;-;-
15.09.2025 07:00;15.09.2025 08:00;-;-;-;-;-;-;-;-;-;-;-;-;-;-;-;-;-
15.09.2025 08:00;15.09.2025 09:00;-;-;-;-;-;-;-;-;-;-;-;-;-;-;-;-;-
15.09.2025 09:00;15.09.2025 10:00;-;-;-;-;-;-;-;-;-;-;-;-;-;-;-;-;-
15.09.2025 10:00;15.09.2025 11:00;-;-;-;-;-;-;-;-;-;-;-;-;-;-;-;-;-
15.09.2025 11:00;15.09.2025 12:00;-;-;-;-;-;-;-;-;-;-;-;-;-;-;-;-;-
15.09.2025 12:00;15.09.2025 13:00;-;-;-;-;-;-;-;-;-;-;-;-;-;-;-;-;-
15.09.2025 13:00;15.09.2025 14:00;-;-;-;-;-;-;-;-;-;-;-;-;-;-;-;-;-
15.09.2025 14:00;15.09.2025 15:00;-;-;-;-;-;-;-;-;-;-;-;-;-;-;-;-;-
15.09.2025 15:00;15.09.2025 16:00;-;-;-;-;-;-;-;-;-;-;-;-;-;-;-;-;-
15.09.2025 16:00;15.09.2025 17:00;-;-;-;-;-;-;-;-;-;-;-;-;-;-;-;-;-
15.09.2025 17:00;15.09.2025 18:00;-;-;-;-;-;-;-;-;-;-;-;-;-;-;-;-;-
15.09.2025 18:00;15.09.2025 19:00;-;-;-;-;-;-;-;-;-;-;-;-;-;-;-;-;-
15.09.2025 19:00;15.09.2025 20:00;-;-;-;-;-;-;-;-;-;-;-;-;-;-;-;-;-
15.09.2025 20:00;15.09.2025 21:00;-;-;-;-;-;-;-;-;-;-;-;-;-;-;-;-;-
15.09.2025 21:00;15.09.2025 22:00;-;-;-;-;-;-;-;-;-;-;-;-;-;-;-;-;-
15.09.2025 22:00;15.09.2025 23:00;-;-;-;-;-;-;-;-;-;-;-;-;-;-;-;-;-
15.09.2025 23:00;16.09.2025 00:00;-;-;-;-;-;-;-;-;-;-;-;-;-;-;-;-;-
16.09.2025 00:00;16.09.2025 01:00;-;-;-;-;-;-;-;-;-;-;-;-;-;-;-;-;-
16.09.2025 01:00;16.09.2025 02:00;-;-;-;-;-;-;-;-;-;-;-;-;-;-;-;-;-
16.09.2025 02:00;16.09.2025 03:00;-;-;-;-;-;-;-;-;-;-;-;-;-;-;-;-;-
16.09.2025 03:00;16.09.2025 04:00;-;-;-;-;-;-;-;-;-;-;-;-;-;-;-;-;-
16.09.2025 04:00;16.09.2025 05:00;-;-;-;-;-;-;-;-;-;-;-;-;-;-;-;-;-
16.09.2025 05:00;16.09.2025 06:00;-;-;-;-;-;-;-;-;-;-;-;-;-;-;-;-;-
16.09.2025 06:00;16.09.2025 07:00;-;-;-;-;-;-;-;-;-;-;-;-;-;-;-;-;-
16.09.2025 07:00;16.09.2025 08:00;-;-;-;-;-;-;-;-;-;-;-;-;-;-;-;-;-
16.09.2025 08:00;16.09.2025 09:00;-;-;-;-;-;-;-;-;-;-;-;-;-;-;-;-;-
16.09.2025 09:00;16.09.2025 10:00;-;-;-;-;-;-;-;-;-;-;-;-;-;-;-;-;-
16.09.2025 10:00;16.09.2025 11:00;-;-;-;-;-;-;-;-;-;-;-;-;-;-;-;-;-
16.09.2025 11:00;16.09.2025 12:00;-;-;-;-;-;-;-;-;-;-;-;-;-;-;-;-;-
16.09.2025 12:00;16.09.2025 13:00;-;-;-;-;-;-;-;-;-;-;-;-;-;-;-;-;-
16.09.2025 13:00;16.09.2025 14:00;-;-;-;-;-;-;-;-;-;-;-;-;-;-;-;-;-
16.09.2025 14:00;16.09.2025 15:00;-;-;-;-;-;-;-;-;-;-;-;-;-;-;-;-;-
16.09.2025 15:00;16.09.2025 16:00;-;-;-;-;-;-;-;-;-;-;-;-;-;-;-;-;-
16.09.2025 16:00;16.09.2025 17:00;-;-;-;-;-;-;-;-;-;-;-;-;-;-;-;-;-
16.09.2025 17:00;16.09.2025 18:00;-;-;-;-;-;-;-;-;-;-;-;-;-;-;-;-;-
16.09.2025 18:00;16.09.2025 19:00;-;-;-;-;-;-;-;-;-;-;-;-;-;-;-;-;-
16.09.2025 19:00;16.09.2025 20:00;-;-;-;-;-;-;-;-;-;-;-;-;-;-;-;-;-
16.09.2025 20:00;16.09.2025 21:00;-;-;-;-;-;-;-;-;-;-;-;-;-;-;-;-;-
16.09.2025 21:00;16.09.2025 22:00;-;-;-;-;-;-;-;-;-;-;-;-;-;-;-;-;-
16.09.2025 22:00;16.09.2025 23:00;-;-;-;-;-;-;-;-;-;-;-;-;-;-;-;-;-
16.09.2025 23:00;17.09.2025 00:00;-;-;-;-;-;-;-;-;-;-;-;-;-;-;-;-;-
17.09.2025 00:00;17.09.2025 01:00;-;-;-;-;-;-;-;-;-;-;-;-;-;-;-;-;-
17.09.2025 01:00;17.09.2025 02:00;-;-;-;-;-;-;-;-;-;-;-;-;-;-;-;-;-
17.09.2025 02:00;17.09.2025 03:00;-;-;-;-;-;-;-;-;-;-;-;-;-;-;-;-;-
17.09.2025 03:00;17.09.2025 04:00;-;-;-;-;-;-;-;-;-;-;-;-;-;-;-;-;-
17.09.2025 04:00;17.09.2025 05:00;-;-;-;-;-;-;-;-;-;-;-;-;-;-;-;-;-
17.09.2025 05:00;17.09.2025 06:00;-;-;-;-;-;-;-;-;-;-;-;-;-;-;-;-;-
17.09.2025 06:00;17.09.2025 07:00;-;-;-;-;-;-;-;-;-;-;-;-;-;-;-;-;-
17.09.2025 07:00;17.09.2025 08:00;-;-;-;-;-;-;-;-;-;-;-;-;-;-;-;-;-
17.09.2025 08:00;17.09.2025 09:00;-;-;-;-;-;-;-;-;-;-;-;-;-;-;-;-;-
17.09.2025 09:00;17.09.2025 10:00;-;-;-;-;-;-;-;-;-;-;-;-;-;-;-;-;-
17.09.2025 10:00;17.09.2025 11:00;-;-;-;-;-;-;-;-;-;-;-;-;-;-;-;-;-
17.09.2025 11:00;17.09.2025 12:00;-;-;-;-;-;-;-;-;-;-;-;-;-;-;-;-;-
17.09.2025 12:00;17.09.2025 13:00;-;-;-;-;-;-;-;-;-;-;-;-;-;-;-;-;-
17.09.2025 13:00;17.09.2025 14:00;-;-;-;-;-;-;-;-;-;-;-;-;-;-;-;-;-
17.09.2025 14:00;17.09.2025 15:00;-;-;-;-;-;-;-;-;-;-;-;-;-;-;-;-;-
17.09.2025 15:00;17.09.2025 16:00;-;-;-;-;-;-;-;-;-;-;-;-;-;-;-;-;-
17.09.2025 16:00;17.09.2025 17:00;-;-;-;-;-;-;-;-;-;-;-;-;-;-;-;-;-
17.09.2025 17:00;17.09.2025 18:00;-;-;-;-;-;-;-;-;-;-;-;-;-;-;-;-;-
17.09.2025 18:00;17.09.2025 19:00;-;-;-;-;-;-;-;-;-;-;-;-;-;-;-;-;-
17.09.2025 19:00;17.09.2025 20:00;-;-;-;-;-;-;-;-;-;-;-;-;-;-;-;-;-
17.09.2025 20:00;17.09.2025 21:00;-;-;-;-;-;-;-;-;-;-;-;-;-;-;-;-;-
17.09.2025 21:00;17.09.2025 22:00;-;-;-;-;-;-;-;-;-;-;-;-;-;-;-;-;-
17.09.2025 22:00;17.09.2025 23:00;-;-;-;-;-;-;-;-;-;-;-;-;-;-;-;-;-
17.09.2025 23:00;18.09.2025 00:00;-;-;-;-;-;-;-;-;-;-;-;-;-;-;-;-;-
18.09.2025 00:00;18.09.2025 01:00;-;-;-;-;-;-;-;-;-;-;-;-;-;-;-;-;-
18.09.2025 01:00;18.09.2025 02:00;-;-;-;-;-;-;-;-;-;-;-;-;-;-;-;-;-
18.09.2025 02:00;18.09.2025 03:00;-;-;-;-;-;-;-;-;-;-;-;-;-;-;-;-;-
18.09.2025 03:00;18.09.2025 04:00;-;-;-;-;-;-;-;-;-;-;-;-;-;-;-;-;-
18.09.2025 04:00;18.09.2025 05:00;-;-;-;-;-;-;-;-;-;-;-;-;-;-;-;-;-
18.09.2025 05:00;18.09.2025 06:00;-;-;-;-;-;-;-;-;-;-;-;-;-;-;-;-;-
18.09.2025 06:00;18.09.2025 07:00;-;-;-;-;-;-;-;-;-;-;-;-;-;-;-;-;-
18.09.2025 07:00;18.09.2025 08:00;-;-;-;-;-;-;-;-;-;-;-;-;-;-;-;-;-
18.09.2025 08:00;18.09.2025 09:00;-;-;-;-;-;-;-;-;-;-;-;-;-;-;-;-;-
18.09.2025 09:00;18.09.2025 10:00;-;-;-;-;-;-;-;-;-;-;-;-;-;-;-;-;-
18.09.2025 10:00;18.09.2025 11:00;-;-;-;-;-;-;-;-;-;-;-;-;-;-;-;-;-
18.09.2025 11:00;18.09.2025 12:00;-;-;-;-;-;-;-;-;-;-;-;-;-;-;-;-;-
18.09.2025 12:00;18.09.2025 13:00;-;-;-;-;-;-;-;-;-;-;-;-;-;-;-;-;-
18.09.2025 13:00;18.09.2025 14:00;-;-;-;-;-;-;-;-;-;-;-;-;-;-;-;-;-
18.09.2025 14:00;18.09.2025 15:00;-;-;-;-;-;-;-;-;-;-;-;-;-;-;-;-;-
18.09.2025 15:00;18.09.2025 16:00;-;-;-;-;-;-;-;-;-;-;-;-;-;-;-;-;-
18.09.2025 16:00;18.09.2025 17:00;-;-;-;-;-;-;-;-;-;-;-;-;-;-;-;-;-
18.09.2025 17:00;18.09.2025 18:00;-;-;-;-;-;-;-;-;-;-;-;-;-;-;-;-;-
18.09.2025 18:00;18.09.2025 19:00;-;-;-;-;-;-;-;-;-;-;-;-;-;-;-;-;-
18.09.2025 19:00;18.09.2025 20:00;-;-;-;-;-;-;-;-;-;-;-;-;-;-;-;-;-
18.09.2025 20:00;18.09.2025 21:00;-;-;-;-;-;-;-;-;-;-;-;-;-;-;-;-;-
18.09.2025 21:00;18.09.2025 22:00;-;-;-;-;-;-;-;-;-;-;-;-;-;-;-;-;-
18.09.2025 22:00;18.09.2025 23:00;-;-;-;-;-;-;-;-;-;-;-;-;-;-;-;-;-
18.09.2025 23:00;19.09.2025 00:00;-;-;-;-;-;-;-;-;-;-;-;-;-;-;-;-;-
19.09.2025 00:00;19.09.2025 01:00;-;-;-;-;-;-;-;-;-;-;-;-;-;-;-;-;-
19.09.2025 01:00;19.09.2025 02:00;-;-;-;-;-;-;-;-;-;-;-;-;-;-;-;-;-
19.09.2025 02:00;19.09.2025 03:00;-;-;-;-;-;-;-;-;-;-;-;-;-;-;-;-;-
19.09.2025 03:00;19.09.2025 04:00;-;-;-;-;-;-;-;-;-;-;-;-;-;-;-;-;-
19.09.2025 04:00;19.09.2025 05:00;-;-;-;-;-;-;-;-;-;-;-;-;-;-;-;-;-
19.09.2025 05:00;19.09.2025 06:00;-;-;-;-;-;-;-;-;-;-;-;-;-;-;-;-;-
19.09.2025 06:00;19.09.2025 07:00;-;-;-;-;-;-;-;-;-;-;-;-;-;-;-;-;-
19.09.2025 07:00;19.09.2025 08:00;-;-;-;-;-;-;-;-;-;-;-;-;-;-;-;-;-
19.09.2025 08:00;19.09.2025 09:00;-;-;-;-;-;-;-;-;-;-;-;-;-;-;-;-;-
19.09.2025 09:00;19.09.2025 10:00;-;-;-;-;-;-;-;-;-;-;-;-;-;-;-;-;-
19.09.2025 10:00;19.09.2025 11:00;-;-;-;-;-;-;-;-;-;-;-;-;-;-;-;-;-
19.09.2025 11:00;19.09.2025 12:00;-;-;-;-;-;-;-;-;-;-;-;-;-;-;-;-;-
19.09.2025 12:00;19.09.2025 13:00;-;-;-;-;-;-;-;-;-;-;-;-;-;-;-;-;-
19.09.2025 13:00;19.09.2025 14:00;-;-;-;-;-;-;-;-;-;-;-;-;-;-;-;-;-
19.09.2025 14:00;19.09.2025 15:00;-;-;-;-;-;-;-;-;-;-;-;-;-;-;-;-;-
19.09.2025 15:00;19.09.2025 16:00;-;-;-;-;-;-;-;-;-;-;-;-;-;-;-;-;-
19.09.2025 16:00;19.09.2025 17:00;-;-;-;-;-;-;-;-;-;-;-;-;-;-;-;-;-
19.09.2025 17:00;19.09.2025 18:00;-;-;-;-;-;-;-;-;-;-;-;-;-;-;-;-;-
19.09.2025 18:00;19.09.2025 19:00;-;-;-;-;-;-;-;-;-;-;-;-;-;-;-;-;-
19.09.2025 19:00;19.09.2025 20:00;-;-;-;-;-;-;-;-;-;-;-;-;-;-;-;-;-
19.09.2025 20:00;19.09.2025 21:00;-;-;-;-;-;-;-;-;-;-;-;-;-;-;-;-;-
19.09.2025 21:00;19.09.2025 22:00;-;-;-;-;-;-;-;-;-;-;-;-;-;-;-;-;-
19.09.2025 22:00;19.09.2025 23:00;-;-;-;-;-;-;-;-;-;-;-;-;-;-;-;-;-
19.09.2025 23:00;20.09.2025 00:00;-;-;-;-;-;-;-;-;-;-;-;-;-;-;-;-;-
20.09.2025 00:00;20.09.2025 01:00;-;-;-;-;-;-;-;-;-;-;-;-;-;-;-;-;-
20.09.2025 01:00;20.09.2025 02:00;-;-;-;-;-;-;-;-;-;-;-;-;-;-;-;-;-
20.09.2025 02:00;20.09.2025 03:00;-;-;-;-;-;-;-;-;-;-;-;-;-;-;-;-;-
20.09.2025 03:00;20.09.2025 04:00;-;-;-;-;-;-;-;-;-;-;-;-;-;-;-;-;-
20.09.2025 04:00;20.09.2025 05:00;-;-;-;-;-;-;-;-;-;-;-;-;-;-;-;-;-
20.09.2025 05:00;20.09.2025 06:00;-;-;-;-;-;-;-;-;-;-;-;-;-;-;-;-;-
20.09.2025 06:00;20.09.2025 07:00;-;-;-;-;-;-;-;-;-;-;-;-;-;-;-;-;-
20.09.2025 07:00;20.09.2025 08:00;-;-;-;-;-;-;-;-;-;-;-;-;-;-;-;-;-
20.09.2025 08:00;20.09.2025 09:00;-;-;-;-;-;-;-;-;-;-;-;-;-;-;-;-;-
20.09.2025 09:00;20.09.2025 10:00;-;-;-;-;-;-;-;-;-;-;-;-;-;-;-;-;-
20.09.2025 10:00;20.09.2025 11:00;-;-;-;-;-;-;-;-;-;-;-;-;-;-;-;-;-
20.09.2025 11:00;20.09.2025 12:00;-;-;-;-;-;-;-;-;-;-;-;-;-;-;-;-;-
20.09.2025 12:00;20.09.2025 13:00;-;-;-;-;-;-;-;-;-;-;-;-;-;-;-;-;-
20.09.2025 13:00;20.09.2025 14:00;-;-;-;-;-;-;-;-;-;-;-;-;-;-;-;-;-
20.09.2025 14:00;20.09.2025 15:00;-;-;-;-;-;-;-;-;-;-;-;-;-;-;-;-;-
20.09.2025 15:00;20.09.2025 16:00;-;-;-;-;-;-;-;-;-;-;-;-;-;-;-;-;-
20.09.2025 16:00;20.09.2025 17:00;-;-;-;-;-;-;-;-;-;-;-;-;-;-;-;-;-
20.09.2025 17:00;20.09.2025 18:00;-;-;-;-;-;-;-;-;-;-;-;-;-;-;-;-;-
20.09.2025 18:00;20.09.2025 19:00;-;-;-;-;-;-;-;-;-;-;-;-;-;-;-;-;-
20.09.2025 19:00;20.09.2025 20:00;-;-;-;-;-;-;-;-;-;-;-;-;-;-;-;-;-
20.09.2025 20:00;20.09.2025 21:00;-;-;-;-;-;-;-;-;-;-;-;-;-;-;-;-;-
20.09.2025 21:00;20.09.2025 22:00;-;-;-;-;-;-;-;-;-;-;-;-;-;-;-;-;-
20.09.2025 22:00;20.09.2025 23:00;-;-;-;-;-;-;-;-;-;-;-;-;-;-;-;-;-
20.09.2025 23:00;21.09.2025 00:00;-;-;-;-;-;-;-;-;-;-;-;-;-;-;-;-;-
21.09.2025 00:00;21.09.2025 01:00;-;-;-;-;-;-;-;-;-;-;-;-;-;-;-;-;-
21.09.2025 01:00;21.09.2025 02:00;-;-;-;-;-;-;-;-;-;-;-;-;-;-;-;-;-
21.09.2025 02:00;21.09.2025 03:00;-;-;-;-;-;-;-;-;-;-;-;-;-;-;-;-;-
21.09.2025 03:00;21.09.2025 04:00;-;-;-;-;-;-;-;-;-;-;-;-;-;-;-;-;-
21.09.2025 04:00;21.09.2025 05:00;-;-;-;-;-;-;-;-;-;-;-;-;-;-;-;-;-
21.09.2025 05:00;21.09.2025 06:00;-;-;-;-;-;-;-;-;-;-;-;-;-;-;-;-;-
21.09.2025 06:00;21.09.2025 07:00;-;-;-;-;-;-;-;-;-;-;-;-;-;-;-;-;-
21.09.2025 07:00;21.09.2025 08:00;-;-;-;-;-;-;-;-;-;-;-;-;-;-;-;-;-
21.09.2025 08:00;21.09.2025 09:00;-;-;-;-;-;-;-;-;-;-;-;-;-;-;-;-;-
21.09.2025 09:00;21.09.2025 10:00;-;-;-;-;-;-;-;-;-;-;-;-;-;-;-;-;-
21.09.2025 10:00;21.09.2025 11:00;-;-;-;-;-;-;-;-;-;-;-;-;-;-;-;-;-
21.09.2025 11:00;21.09.2025 12:00;-;-;-;-;-;-;-;-;-;-;-;-;-;-;-;-;-
21.09.2025 12:00;21.09.2025 13:00;-;-;-;-;-;-;-;-;-;-;-;-;-;-;-;-;-
21.09.2025 13:00;21.09.2025 14:00;-;-;-;-;-;-;-;-;-;-;-;-;-;-;-;-;-
21.09.2025 14:00;21.09.2025 15:00;-;-;-;-;-;-;-;-;-;-;-;-;-;-;-;-;-
21.09.2025 15:00;21.09.2025 16:00;-;-;-;-;-;-;-;-;-;-;-;-;-;-;-;-;-
21.09.2025 16:00;21.09.2025 17:00;-;-;-;-;-;-;-;-;-;-;-;-;-;-;-;-;-
21.09.2025 17:00;21.09.2025 18:00;-;-;-;-;-;-;-;-;-;-;-;-;-;-;-;-;-
21.09.2025 18:00;21.09.2025 19:00;-;-;-;-;-;-;-;-;-;-;-;-;-;-;-;-;-
21.09.2025 19:00;21.09.2025 20:00;-;-;-;-;-;-;-;-;-;-;-;-;-;-;-;-;-
21.09.2025 20:00;21.09.2025 21:00;-;-;-;-;-;-;-;-;-;-;-;-;-;-;-;-;-
21.09.2025 21:00;21.09.2025 22:00;-;-;-;-;-;-;-;-;-;-;-;-;-;-;-;-;-
21.09.2025 22:00;21.09.2025 23:00;-;-;-;-;-;-;-;-;-;-;-;-;-;-;-;-;-
21.09.2025 23:00;22.09.2025 00:00;-;-;-;-;-;-;-;-;-;-;-;-;-;-;-;-;-
22.09.2025 00:00;22.09.2025 01:00;-;-;-;-;-;-;-;-;-;-;-;-;-;-;-;-;-
22.09.2025 01:00;22.09.2025 02:00;-;-;-;-;-;-;-;-;-;-;-;-;-;-;-;-;-
22.09.2025 02:00;22.09.2025 03:00;-;-;-;-;-;-;-;-;-;-;-;-;-;-;-;-;-
22.09.2025 03:00;22.09.2025 04:00;-;-;-;-;-;-;-;-;-;-;-;-;-;-;-;-;-
22.09.2025 04:00;22.09.2025 05:00;-;-;-;-;-;-;-;-;-;-;-;-;-;-;-;-;-
22.09.2025 05:00;22.09.2025 06:00;-;-;-;-;-;-;-;-;-;-;-;-;-;-;-;-;-
22.09.2025 06:00;22.09.2025 07:00;-;-;-;-;-;-;-;-;-;-;-;-;-;-;-;-;-
22.09.2025 07:00;22.09.2025 08:00;-;-;-;-;-;-;-;-;-;-;-;-;-;-;-;-;-
22.09.2025 08:00;22.09.2025 09:00;-;-;-;-;-;-;-;-;-;-;-;-;-;-;-;-;-
22.09.2025 09:00;22.09.2025 10:00;-;-;-;-;-;-;-;-;-;-;-;-;-;-;-;-;-
22.09.2025 10:00;22.09.2025 11:00;-;-;-;-;-;-;-;-;-;-;-;-;-;-;-;-;-
22.09.2025 11:00;22.09.2025 12:00;-;-;-;-;-;-;-;-;-;-;-;-;-;-;-;-;-
22.09.2025 12:00;22.09.2025 13:00;-;-;-;-;-;-;-;-;-;-;-;-;-;-;-;-;-
22.09.2025 13:00;22.09.2025 14:00;-;-;-;-;-;-;-;-;-;-;-;-;-;-;-;-;-
22.09.2025 14:00;22.09.2025 15:00;-;-;-;-;-;-;-;-;-;-;-;-;-;-;-;-;-
22.09.2025 15:00;22.09.2025 16:00;-;-;-;-;-;-;-;-;-;-;-;-;-;-;-;-;-
22.09.2025 16:00;22.09.2025 17:00;-;-;-;-;-;-;-;-;-;-;-;-;-;-;-;-;-
22.09.2025 17:00;22.09.2025 18:00;-;-;-;-;-;-;-;-;-;-;-;-;-;-;-;-;-
22.09.2025 18:00;22.09.2025 19:00;-;-;-;-;-;-;-;-;-;-;-;-;-;-;-;-;-
22.09.2025 19:00;22.09.2025 20:00;-;-;-;-;-;-;-;-;-;-;-;-;-;-;-;-;-
22.09.2025 20:00;22.09.2025 21:00;-;-;-;-;-;-;-;-;-;-;-;-;-;-;-;-;-
22.09.2025 21:00;22.09.2025 22:00;-;-;-;-;-;-;-;-;-;-;-;-;-;-;-;-;-
22.09.2025 22:00;22.09.2025 23:00;-;-;-;-;-;-;-;-;-;-;-;-;-;-;-;-;-
22.09.2025 23:00;23.09.2025 00:00;-;-;-;-;-;-;-;-;-;-;-;-;-;-;-;-;-
23.09.2025 00:00;23.09.2025 01:00;-;-;-;-;-;-;-;-;-;-;-;-;-;-;-;-;-
23.09.2025 01:00;23.09.2025 02:00;-;-;-;-;-;-;-;-;-;-;-;-;-;-;-;-;-
23.09.2025 02:00;23.09.2025 03:00;-;-;-;-;-;-;-;-;-;-;-;-;-;-;-;-;-
23.09.2025 03:00;23.09.2025 04:00;-;-;-;-;-;-;-;-;-;-;-;-;-;-;-;-;-
23.09.2025 04:00;23.09.2025 05:00;-;-;-;-;-;-;-;-;-;-;-;-;-;-;-;-;-
23.09.2025 05:00;23.09.2025 06:00;-;-;-;-;-;-;-;-;-;-;-;-;-;-;-;-;-
23.09.2025 06:00;23.09.2025 07:00;-;-;-;-;-;-;-;-;-;-;-;-;-;-;-;-;-
23.09.2025 07:00;23.09.2025 08:00;-;-;-;-;-;-;-;-;-;-;-;-;-;-;-;-;-
23.09.2025 08:00;23.09.2025 09:00;-;-;-;-;-;-;-;-;-;-;-;-;-;-;-;-;-
23.09.2025 09:00;23.09.2025 10:00;-;-;-;-;-;-;-;-;-;-;-;-;-;-;-;-;-
23.09.2025 10:00;23.09.2025 11:00;-;-;-;-;-;-;-;-;-;-;-;-;-;-;-;-;-
23.09.2025 11:00;23.09.2025 12:00;-;-;-;-;-;-;-;-;-;-;-;-;-;-;-;-;-
23.09.2025 12:00;23.09.2025 13:00;-;-;-;-;-;-;-;-;-;-;-;-;-;-;-;-;-
23.09.2025 13:00;23.09.2025 14:00;-;-;-;-;-;-;-;-;-;-;-;-;-;-;-;-;-
23.09.2025 14:00;23.09.2025 15:00;-;-;-;-;-;-;-;-;-;-;-;-;-;-;-;-;-
23.09.2025 15:00;23.09.2025 16:00;-;-;-;-;-;-;-;-;-;-;-;-;-;-;-;-;-
23.09.2025 16:00;23.09.2025 17:00;-;-;-;-;-;-;-;-;-;-;-;-;-;-;-;-;-
23.09.2025 17:00;23.09.2025 18:00;-;-;-;-;-;-;-;-;-;-;-;-;-;-;-;-;-
23.09.2025 18:00;23.09.2025 19:00;-;-;-;-;-;-;-;-;-;-;-;-;-;-;-;-;-
23.09.2025 19:00;23.09.2025 20:00;-;-;-;-;-;-;-;-;-;-;-;-;-;-;-;-;-
23.09.2025 20:00;23.09.2025 21:00;-;-;-;-;-;-;-;-;-;-;-;-;-;-;-;-;-
23.09.2025 21:00;23.09.2025 22:00;-;-;-;-;-;-;-;-;-;-;-;-;-;-;-;-;-
23.09.2025 22:00;23.09.2025 23:00;-;-;-;-;-;-;-;-;-;-;-;-;-;-;-;-;-
23.09.2025 23:00;24.09.2025 00:00;-;-;-;-;-;-;-;-;-;-;-;-;-;-;-;-;-
24.09.2025 00:00;24.09.2025 01:00;-;-;-;-;-;-;-;-;-;-;-;-;-;-;-;-;-
24.09.2025 01:00;24.09.2025 02:00;-;-;-;-;-;-;-;-;-;-;-;-;-;-;-;-;-
24.09.2025 02:00;24.09.2025 03:00;-;-;-;-;-;-;-;-;-;-;-;-;-;-;-;-;-
24.09.2025 03:00;24.09.2025 04:00;-;-;-;-;-;-;-;-;-;-;-;-;-;-;-;-;-
24.09.2025 04:00;24.09.2025 05:00;-;-;-;-;-;-;-;-;-;-;-;-;-;-;-;-;-
24.09.2025 05:00;24.09.2025 06:00;-;-;-;-;-;-;-;-;-;-;-;-;-;-;-;-;-
24.09.2025 06:00;24.09.2025 07:00;-;-;-;-;-;-;-;-;-;-;-;-;-;-;-;-;-
24.09.2025 07:00;24.09.2025 08:00;-;-;-;-;-;-;-;-;-;-;-;-;-;-;-;-;-
24.09.2025 08:00;24.09.2025 09:00;-;-;-;-;-;-;-;-;-;-;-;-;-;-;-;-;-
24.09.2025 09:00;24.09.2025 10:00;-;-;-;-;-;-;-;-;-;-;-;-;-;-;-;-;-
24.09.2025 10:00;24.09.2025 11:00;-;-;-;-;-;-;-;-;-;-;-;-;-;-;-;-;-
24.09.2025 11:00;24.09.2025 12:00;-;-;-;-;-;-;-;-;-;-;-;-;-;-;-;-;-
24.09.2025 12:00;24.09.2025 13:00;-;-;-;-;-;-;-;-;-;-;-;-;-;-;-;-;-
24.09.2025 13:00;24.09.2025 14:00;-;-;-;-;-;-;-;-;-;-;-;-;-;-;-;-;-
24.09.2025 14:00;24.09.2025 15:00;-;-;-;-;-;-;-;-;-;-;-;-;-;-;-;-;-
24.09.2025 15:00;24.09.2025 16:00;-;-;-;-;-;-;-;-;-;-;-;-;-;-;-;-;-
24.09.2025 16:00;24.09.2025 17:00;-;-;-;-;-;-;-;-;-;-;-;-;-;-;-;-;-
24.09.2025 17:00;24.09.2025 18:00;-;-;-;-;-;-;-;-;-;-;-;-;-;-;-;-;-
24.09.2025 18:00;24.09.2025 19:00;-;-;-;-;-;-;-;-;-;-;-;-;-;-;-;-;-
24.09.2025 19:00;24.09.2025 20:00;-;-;-;-;-;-;-;-;-;-;-;-;-;-;-;-;-
24.09.2025 20:00;24.09.2025 21:00;-;-;-;-;-;-;-;-;-;-;-;-;-;-;-;-;-
24.09.2025 21:00;24.09.2025 22:00;-;-;-;-;-;-;-;-;-;-;-;-;-;-;-;-;-
24.09.2025 22:00;24.09.2025 23:00;-;-;-;-;-;-;-;-;-;-;-;-;-;-;-;-;-
24.09.2025 23:00;25.09.2025 00:00;-;-;-;-;-;-;-;-;-;-;-;-;-;-;-;-;-
25.09.2025 00:00;25.09.2025 01:00;-;-;-;-;-;-;-;-;-;-;-;-;-;-;-;-;-
25.09.2025 01:00;25.09.2025 02:00;-;-;-;-;-;-;-;-;-;-;-;-;-;-;-;-;-
25.09.2025 02:00;25.09.2025 03:00;-;-;-;-;-;-;-;-;-;-;-;-;-;-;-;-;-
25.09.2025 03:00;25.09.2025 04:00;-;-;-;-;-;-;-;-;-;-;-;-;-;-;-;-;-
25.09.2025 04:00;25.09.2025 05:00;-;-;-;-;-;-;-;-;-;-;-;-;-;-;-;-;-
25.09.2025 05:00;25.09.2025 06:00;-;-;-;-;-;-;-;-;-;-;-;-;-;-;-;-;-
25.09.2025 06:00;25.09.2025 07:00;-;-;-;-;-;-;-;-;-;-;-;-;-;-;-;-;-
25.09.2025 07:00;25.09.2025 08:00;-;-;-;-;-;-;-;-;-;-;-;-;-;-;-;-;-
25.09.2025 08:00;25.09.2025 09:00;-;-;-;-;-;-;-;-;-;-;-;-;-;-;-;-;-
25.09.2025 09:00;25.09.2025 10:00;-;-;-;-;-;-;-;-;-;-;-;-;-;-;-;-;-
25.09.2025 10:00;25.09.2025 11:00;-;-;-;-;-;-;-;-;-;-;-;-;-;-;-;-;-
25.09.2025 11:00;25.09.2025 12:00;-;-;-;-;-;-;-;-;-;-;-;-;-;-;-;-;-
25.09.2025 12:00;25.09.2025 13:00;-;-;-;-;-;-;-;-;-;-;-;-;-;-;-;-;-
25.09.2025 13:00;25.09.2025 14:00;-;-;-;-;-;-;-;-;-;-;-;-;-;-;-;-;-
25.09.2025 14:00;25.09.2025 15:00;-;-;-;-;-;-;-;-;-;-;-;-;-;-;-;-;-
25.09.2025 15:00;25.09.2025 16:00;-;-;-;-;-;-;-;-;-;-;-;-;-;-;-;-;-
25.09.2025 16:00;25.09.2025 17:00;-;-;-;-;-;-;-;-;-;-;-;-;-;-;-;-;-
25.09.2025 17:00;25.09.2025 18:00;-;-;-;-;-;-;-;-;-;-;-;-;-;-;-;-;-
25.09.2025 18:00;25.09.2025 19:00;-;-;-;-;-;-;-;-;-;-;-;-;-;-;-;-;-
25.09.2025 19:00;25.09.2025 20:00;-;-;-;-;-;-;-;-;-;-;-;-;-;-;-;-;-
25.09.2025 20:00;25.09.2025 21:00;-;-;-;-;-;-;-;-;-;-;-;-;-;-;-;-;-
25.09.2025 21:00;25.09.2025 22:00;-;-;-;-;-;-;-;-;-;-;-;-;-;-;-;-;-
25.09.2025 22:00;25.09.2025 23:00;-;-;-;-;-;-;-;-;-;-;-;-;-;-;-;-;-
25.09.2025 23:00;26.09.2025 00:00;-;-;-;-;-;-;-;-;-;-;-;-;-;-;-;-;-
26.09.2025 00:00;26.09.2025 01:00;-;-;-;-;-;-;-;-;-;-;-;-;-;-;-;-;-
26.09.2025 01:00;26.09.2025 02:00;-;-;-;-;-;-;-;-;-;-;-;-;-;-;-;-;-
26.09.2025 02:00;26.09.2025 03:00;-;-;-;-;-;-;-;-;-;-;-;-;-;-;-;-;-
26.09.2025 03:00;26.09.2025 04:00;-;-;-;-;-;-;-;-;-;-;-;-;-;-;-;-;-
26.09.2025 04:00;26.09.2025 05:00;-;-;-;-;-;-;-;-;-;-;-;-;-;-;-;-;-
26.09.2025 05:00;26.09.2025 06:00;-;-;-;-;-;-;-;-;-;-;-;-;-;-;-;-;-
26.09.2025 06:00;26.09.2025 07:00;-;-;-;-;-;-;-;-;-;-;-;-;-;-;-;-;-
26.09.2025 07:00;26.09.2025 08:00;-;-;-;-;-;-;-;-;-;-;-;-;-;-;-;-;-
26.09.2025 08:00;26.09.2025 09:00;-;-;-;-;-;-;-;-;-;-;-;-;-;-;-;-;-
26.09.2025 09:00;26.09.2025 10:00;-;-;-;-;-;-;-;-;-;-;-;-;-;-;-;-;-
26.09.2025 10:00;26.09.2025 11:00;-;-;-;-;-;-;-;-;-;-;-;-;-;-;-;-;-
26.09.2025 11:00;26.09.2025 12:00;-;-;-;-;-;-;-;-;-;-;-;-;-;-;-;-;-
26.09.2025 12:00;26.09.2025 13:00;-;-;-;-;-;-;-;-;-;-;-;-;-;-;-;-;-
26.09.2025 13:00;26.09.2025 14:00;-;-;-;-;-;-;-;-;-;-;-;-;-;-;-;-;-
26.09.2025 14:00;26.09.2025 15:00;-;-;-;-;-;-;-;-;-;-;-;-;-;-;-;-;-
26.09.2025 15:00;26.09.2025 16:00;-;-;-;-;-;-;-;-;-;-;-;-;-;-;-;-;-
26.09.2025 16:00;26.09.2025 17:00;-;-;-;-;-;-;-;-;-;-;-;-;-;-;-;-;-
26.09.2025 17:00;26.09.2025 18:00;-;-;-;-;-;-;-;-;-;-;-;-;-;-;-;-;-
26.09.2025 18:00;26.09.2025 19:00;-;-;-;-;-;-;-;-;-;-;-;-;-;-;-;-;-
26.09.2025 19:00;26.09.2025 20:00;-;-;-;-;-;-;-;-;-;-;-;-;-;-;-;-;-
26.09.2025 20:00;26.09.2025 21:00;-;-;-;-;-;-;-;-;-;-;-;-;-;-;-;-;-
26.09.2025 21:00;26.09.2025 22:00;-;-;-;-;-;-;-;-;-;-;-;-;-;-;-;-;-
26.09.2025 22:00;26.09.2025 23:00;-;-;-;-;-;-;-;-;-;-;-;-;-;-;-;-;-
26.09.2025 23:00;27.09.2025 00:00;-;-;-;-;-;-;-;-;-;-;-;-;-;-;-;-;-
27.09.2025 00:00;27.09.2025 01:00;-;-;-;-;-;-;-;-;-;-;-;-;-;-;-;-;-
27.09.2025 01:00;27.09.2025 02:00;-;-;-;-;-;-;-;-;-;-;-;-;-;-;-;-;-
27.09.2025 02:00;27.09.2025 03:00;-;-;-;-;-;-;-;-;-;-;-;-;-;-;-;-;-
27.09.2025 03:00;27.09.2025 04:00;-;-;-;-;-;-;-;-;-;-;-;-;-;-;-;-;-
27.09.2025 04:00;27.09.2025 05:00;-;-;-;-;-;-;-;-;-;-;-;-;-;-;-;-;-
27.09.2025 05:00;27.09.2025 06:00;-;-;-;-;-;-;-;-;-;-;-;-;-;-;-;-;-
27.09.2025 06:00;27.09.2025 07:00;-;-;-;-;-;-;-;-;-;-;-;-;-;-;-;-;-
27.09.2025 07:00;27.09.2025 08:00;-;-;-;-;-;-;-;-;-;-;-;-;-;-;-;-;-
27.09.2025 08:00;27.09.2025 09:00;-;-;-;-;-;-;-;-;-;-;-;-;-;-;-;-;-
27.09.2025 09:00;27.09.2025 10:00;-;-;-;-;-;-;-;-;-;-;-;-;-;-;-;-;-
27.09.2025 10:00;27.09.2025 11:00;-;-;-;-;-;-;-;-;-;-;-;-;-;-;-;-;-
27.09.2025 11:00;27.09.2025 12:00;-;-;-;-;-;-;-;-;-;-;-;-;-;-;-;-;-
27.09.2025 12:00;27.09.2025 13:00;-;-;-;-;-;-;-;-;-;-;-;-;-;-;-;-;-
27.09.2025 13:00;27.09.2025 14:00;-;-;-;-;-;-;-;-;-;-;-;-;-;-;-;-;-
27.09.2025 14:00;27.09.2025 15:00;-;-;-;-;-;-;-;-;-;-;-;-;-;-;-;-;-
27.09.2025 15:00;27.09.2025 16:00;-;-;-;-;-;-;-;-;-;-;-;-;-;-;-;-;-
27.09.2025 16:00;27.09.2025 17:00;-;-;-;-;-;-;-;-;-;-;-;-;-;-;-;-;-
27.09.2025 17:00;27.09.2025 18:00;-;-;-;-;-;-;-;-;-;-;-;-;-;-;-;-;-
27.09.2025 18:00;27.09.2025 19:00;-;-;-;-;-;-;-;-;-;-;-;-;-;-;-;-;-
27.09.2025 19:00;27.09.2025 20:00;-;-;-;-;-;-;-;-;-;-;-;-;-;-;-;-;-
27.09.2025 20:00;27.09.2025 21:00;-;-;-;-;-;-;-;-;-;-;-;-;-;-;-;-;-
27.09.2025 21:00;27.09.2025 22:00;-;-;-;-;-;-;-;-;-;-;-;-;-;-;-;-;-
27.09.2025 22:00;27.09.2025 23:00;-;-;-;-;-;-;-;-;-;-;-;-;-;-;-;-;-
27.09.2025 23:00;28.09.2025 00:00;-;-;-;-;-;-;-;-;-;-;-;-;-;-;-;-;-
28.09.2025 00:00;28.09.2025 01:00;-;-;-;-;-;-;-;-;-;-;-;-;-;-;-;-;-
28.09.2025 01:00;28.09.2025 02:00;-;-;-;-;-;-;-;-;-;-;-;-;-;-;-;-;-
28.09.2025 02:00;28.09.2025 03:00;-;-;-;-;-;-;-;-;-;-;-;-;-;-;-;-;-
28.09.2025 03:00;28.09.2025 04:00;-;-;-;-;-;-;-;-;-;-;-;-;-;-;-;-;-
28.09.2025 04:00;28.09.2025 05:00;-;-;-;-;-;-;-;-;-;-;-;-;-;-;-;-;-
28.09.2025 05:00;28.09.2025 06:00;-;-;-;-;-;-;-;-;-;-;-;-;-;-;-;-;-
28.09.2025 06:00;28.09.2025 07:00;-;-;-;-;-;-;-;-;-;-;-;-;-;-;-;-;-
28.09.2025 07:00;28.09.2025 08:00;-;-;-;-;-;-;-;-;-;-;-;-;-;-;-;-;-
28.09.2025 08:00;28.09.2025 09:00;-;-;-;-;-;-;-;-;-;-;-;-;-;-;-;-;-
28.09.2025 09:00;28.09.2025 10:00;-;-;-;-;-;-;-;-;-;-;-;-;-;-;-;-;-
28.09.2025 10:00;28.09.2025 11:00;-;-;-;-;-;-;-;-;-;-;-;-;-;-;-;-;-
28.09.2025 11:00;28.09.2025 12:00;-;-;-;-;-;-;-;-;-;-;-;-;-;-;-;-;-
28.09.2025 12:00;28.09.2025 13:00;-;-;-;-;-;-;-;-;-;-;-;-;-;-;-;-;-
28.09.2025 13:00;28.09.2025 14:00;-;-;-;-;-;-;-;-;-;-;-;-;-;-;-;-;-
28.09.2025 14:00;28.09.2025 15:00;-;-;-;-;-;-;-;-;-;-;-;-;-;-;-;-;-
28.09.2025 15:00;28.09.2025 16:00;-;-;-;-;-;-;-;-;-;-;-;-;-;-;-;-;-
28.09.2025 16:00;28.09.2025 17:00;-;-;-;-;-;-;-;-;-;-;-;-;-;-;-;-;-
28.09.2025 17:00;28.09.2025 18:00;-;-;-;-;-;-;-;-;-;-;-;-;-;-;-;-;-
28.09.2025 18:00;28.09.2025 19:00;-;-;-;-;-;-;-;-;-;-;-;-;-;-;-;-;-
28.09.2025 19:00;28.09.2025 20:00;-;-;-;-;-;-;-;-;-;-;-;-;-;-;-;-;-
28.09.2025 20:00;28.09.2025 21:00;-;-;-;-;-;-;-;-;-;-;-;-;-;-;-;-;-
28.09.2025 21:00;28.09.2025 22:00;-;-;-;-;-;-;-;-;-;-;-;-;-;-;-;-;-
28.09.2025 22:00;28.09.2025 23:00;-;-;-;-;-;-;-;-;-;-;-;-;-;-;-;-;-
28.09.2025 23:00;29.09.2025 00:00;-;-;-;-;-;-;-;-;-;-;-;-;-;-;-;-;-
29.09.2025 00:00;29.09.2025 01:00;-;-;-;-;-;-;-;-;-;-;-;-;-;-;-;-;-
29.09.2025 01:00;29.09.2025 02:00;-;-;-;-;-;-;-;-;-;-;-;-;-;-;-;-;-
29.09.2025 02:00;29.09.2025 03:00;-;-;-;-;-;-;-;-;-;-;-;-;-;-;-;-;-
29.09.2025 03:00;29.09.2025 04:00;-;-;-;-;-;-;-;-;-;-;-;-;-;-;-;-;-
29.09.2025 04:00;29.09.2025 05:00;-;-;-;-;-;-;-;-;-;-;-;-;-;-;-;-;-
29.09.2025 05:00;29.09.2025 06:00;-;-;-;-;-;-;-;-;-;-;-;-;-;-;-;-;-
29.09.2025 06:00;29.09.2025 07:00;-;-;-;-;-;-;-;-;-;-;-;-;-;-;-;-;-
29.09.2025 07:00;29.09.2025 08:00;-;-;-;-;-;-;-;-;-;-;-;-;-;-;-;-;-
29.09.2025 08:00;29.09.2025 09:00;-;-;-;-;-;-;-;-;-;-;-;-;-;-;-;-;-
29.09.2025 09:00;29.09.2025 10:00;-;-;-;-;-;-;-;-;-;-;-;-;-;-;-;-;-
29.09.2025 10:00;29.09.2025 11:00;-;-;-;-;-;-;-;-;-;-;-;-;-;-;-;-;-
29.09.2025 11:00;29.09.2025 12:00;-;-;-;-;-;-;-;-;-;-;-;-;-;-;-;-;-
29.09.2025 12:00;29.09.2025 13:00;-;-;-;-;-;-;-;-;-;-;-;-;-;-;-;-;-
29.09.2025 13:00;29.09.2025 14:00;-;-;-;-;-;-;-;-;-;-;-;-;-;-;-;-;-
29.09.2025 14:00;29.09.2025 15:00;-;-;-;-;-;-;-;-;-;-;-;-;-;-;-;-;-
29.09.2025 15:00;29.09.2025 16:00;-;-;-;-;-;-;-;-;-;-;-;-;-;-;-;-;-
29.09.2025 16:00;29.09.2025 17:00;-;-;-;-;-;-;-;-;-;-;-;-;-;-;-;-;-
29.09.2025 17:00;29.09.2025 18:00;-;-;-;-;-;-;-;-;-;-;-;-;-;-;-;-;-
29.09.2025 18:00;29.09.2025 19:00;-;-;-;-;-;-;-;-;-;-;-;-;-;-;-;-;-
29.09.2025 19:00;29.09.2025 20:00;-;-;-;-;-;-;-;-;-;-;-;-;-;-;-;-;-
29.09.2025 20:00;29.09.2025 21:00;-;-;-;-;-;-;-;-;-;-;-;-;-;-;-;-;-
29.09.2025 21:00;29.09.2025 22:00;-;-;-;-;-;-;-;-;-;-;-;-;-;-;-;-;-
29.09.2025 22:00;29.09.2025 23:00;-;-;-;-;-;-;-;-;-;-;-;-;-;-;-;-;-
29.09.2025 23:00;30.09.2025 00:00;-;-;-;-;-;-;-;-;-;-;-;-;-;-;-;-;-
30.09.2025 00:00;30.09.2025 01:00;-;-;-;-;-;-;-;-;-;-;-;-;-;-;-;-;-
30.09.2025 01:00;30.09.2025 02:00;-;-;-;-;-;-;-;-;-;-;-;-;-;-;-;-;-
30.09.2025 02:00;30.09.2025 03:00;-;-;-;-;-;-;-;-;-;-;-;-;-;-;-;-;-
30.09.2025 03:00;30.09.2025 04:00;-;-;-;-;-;-;-;-;-;-;-;-;-;-;-;-;-
30.09.2025 04:00;30.09.2025 05:00;-;-;-;-;-;-;-;-;-;-;-;-;-;-;-;-;-
30.09.2025 05:00;30.09.2025 06:00;-;-;-;-;-;-;-;-;-;-;-;-;-;-;-;-;-
30.09.2025 06:00;30.09.2025 07:00;-;-;-;-;-;-;-;-;-;-;-;-;-;-;-;-;-
30.09.2025 07:00;30.09.2025 08:00;-;-;-;-;-;-;-;-;-;-;-;-;-;-;-;-;-
30.09.2025 08:00;30.09.2025 09:00;-;-;-;-;-;-;-;-;-;-;-;-;-;-;-;-;-
30.09.2025 09:00;30.09.2025 10:00;-;-;-;-;-;-;-;-;-;-;-;-;-;-;-;-;-
30.09.2025 10:00;30.09.2025 11:00;-;-;-;-;-;-;-;-;-;-;-;-;-;-;-;-;-
30.09.2025 11:00;30.09.2025 12:00;-;-;-;-;-;-;-;-;-;-;-;-;-;-;-;-;-
30.09.2025 12:00;30.09.2025 13:00;-;-;-;-;-;-;-;-;-;-;-;-;-;-;-;-;-
30.09.2025 13:00;30.09.2025 14:00;-;-;-;-;-;-;-;-;-;-;-;-;-;-;-;-;-
30.09.2025 14:00;30.09.2025 15:00;-;-;-;-;-;-;-;-;-;-;-;-;-;-;-;-;-
30.09.2025 15:00;30.09.2025 16:00;-;-;-;-;-;-;-;-;-;-;-;-;-;-;-;-;-
30.09.2025 16:00;30.09.2025 17:00;-;-;-;-;-;-;-;-;-;-;-;-;-;-;-;-;-
30.09.2025 17:00;30.09.2025 18:00;-;-;-;-;-;-;-;-;-;-;-;-;-;-;-;-;-
30.09.2025 18:00;30.09.2025 19:00;-;-;-;-;-;-;-;-;-;-;-;-;-;-;-;-;-
30.09.2025 19:00;30.09.2025 20:00;-;-;-;-;-;-;-;-;-;-;-;-;-;-;-;-;-
30.09.2025 20:00;30.09.2025 21:00;-;-;-;-;-;-;-;-;-;-;-;-;-;-;-;-;-
30.09.2025 21:00;30.09.2025 22:00;-;-;-;-;-;-;-;-;-;-;-;-;-;-;-;-;-
30.09.2025 22:00;30.09.2025 23:00;-;-;-;-;-;-;-;-;-;-;-;-;-;-;-;-;-
30.09.2025 23:00;01.10.2025 00:00;-;-;-;-;-;-;-;-;-;-;-;-;-;-;-;-;-
01.10.2025 00:00;01.10.2025 01:00;-;-;-;-;-;-;-;-;-;-;-;-;-;-;-;-;-
01.10.2025 01:00;01.10.2025 02:00;-;-;-;-;-;-;-;-;-;-;-;-;-;-;-;-;-
01.10.2025 02:00;01.10.2025 03:00;-;-;-;-;-;-;-;-;-;-;-;-;-;-;-;-;-
01.10.2025 03:00;01.10.2025 04:00;-;-;-;-;-;-;-;-;-;-;-;-;-;-;-;-;-
01.10.2025 04:00;01.10.2025 05:00;-;-;-;-;-;-;-;-;-;-;-;-;-;-;-;-;-
01.10.2025 05:00;01.10.2025 06:00;-;-;-;-;-;-;-;-;-;-;-;-;-;-;-;-;-
01.10.2025 06:00;01.10.2025 07:00;-;-;-;-;-;-;-;-;-;-;-;-;-;-;-;-;-
01.10.2025 07:00;01.10.2025 08:00;-;-;-;-;-;-;-;-;-;-;-;-;-;-;-;-;-
01.10.2025 08:00;01.10.2025 09:00;-;-;-;-;-;-;-;-;-;-;-;-;-;-;-;-;-
01.10.2025 09:00;01.10.2025 10:00;-;-;-;-;-;-;-;-;-;-;-;-;-;-;-;-;-
01.10.2025 10:00;01.10.2025 11:00;-;-;-;-;-;-;-;-;-;-;-;-;-;-;-;-;-
01.10.2025 11:00;01.10.2025 12:00;-;-;-;-;-;-;-;-;-;-;-;-;-;-;-;-;-
01.10.2025 12:00;01.10.2025 13:00;-;-;-;-;-;-;-;-;-;-;-;-;-;-;-;-;-
01.10.2025 13:00;01.10.2025 14:00;-;-;-;-;-;-;-;-;-;-;-;-;-;-;-;-;-
01.10.2025 14:00;01.10.2025 15:00;-;-;-;-;-;-;-;-;-;-;-;-;-;-;-;-;-
01.10.2025 15:00;01.10.2025 16:00;-;-;-;-;-;-;-;-;-;-;-;-;-;-;-;-;-
01.10.2025 16:00;01.10.2025 17:00;-;-;-;-;-;-;-;-;-;-;-;-;-;-;-;-;-
01.10.2025 17:00;01.10.2025 18:00;-;-;-;-;-;-;-;-;-;-;-;-;-;-;-;-;-
01.10.2025 18:00;01.10.2025 19:00;-;-;-;-;-;-;-;-;-;-;-;-;-;-;-;-;-
01.10.2025 19:00;01.10.2025 20:00;-;-;-;-;-;-;-;-;-;-;-;-;-;-;-;-;-
01.10.2025 20:00;01.10.2025 21:00;-;-;-;-;-;-;-;-;-;-;-;-;-;-;-;-;-
01.10.2025 21:00;01.10.2025 22:00;-;-;-;-;-;-;-;-;-;-;-;-;-;-;-;-;-
01.10.2025 22:00;01.10.2025 23:00;-;-;-;-;-;-;-;-;-;-;-;-;-;-;-;-;-
01.10.2025 23:00;02.10.2025 00:00;-;-;-;-;-;-;-;-;-;-;-;-;-;-;-;-;-
02.10.2025 00:00;02.10.2025 01:00;-;-;-;-;-;-;-;-;-;-;-;-;-;-;-;-;-
02.10.2025 01:00;02.10.2025 02:00;-;-;-;-;-;-;-;-;-;-;-;-;-;-;-;-;-
02.10.2025 02:00;02.10.2025 03:00;-;-;-;-;-;-;-;-;-;-;-;-;-;-;-;-;-
02.10.2025 03:00;02.10.2025 04:00;-;-;-;-;-;-;-;-;-;-;-;-;-;-;-;-;-
02.10.2025 04:00;02.10.2025 05:00;-;-;-;-;-;-;-;-;-;-;-;-;-;-;-;-;-
02.10.2025 05:00;02.10.2025 06:00;-;-;-;-;-;-;-;-;-;-;-;-;-;-;-;-;-
02.10.2025 06:00;02.10.2025 07:00;-;-;-;-;-;-;-;-;-;-;-;-;-;-;-;-;-
02.10.2025 07:00;02.10.2025 08:00;-;-;-;-;-;-;-;-;-;-;-;-;-;-;-;-;-
02.10.2025 08:00;02.10.2025 09:00;-;-;-;-;-;-;-;-;-;-;-;-;-;-;-;-;-
02.10.2025 09:00;02.10.2025 10:00;-;-;-;-;-;-;-;-;-;-;-;-;-;-;-;-;-
02.10.2025 10:00;02.10.2025 11:00;-;-;-;-;-;-;-;-;-;-;-;-;-;-;-;-;-
02.10.2025 11:00;02.10.2025 12:00;-;-;-;-;-;-;-;-;-;-;-;-;-;-;-;-;-
02.10.2025 12:00;02.10.2025 13:00;-;-;-;-;-;-;-;-;-;-;-;-;-;-;-;-;-
02.10.2025 13:00;02.10.2025 14:00;-;-;-;-;-;-;-;-;-;-;-;-;-;-;-;-;-
02.10.2025 14:00;02.10.2025 15:00;-;-;-;-;-;-;-;-;-;-;-;-;-;-;-;-;-
02.10.2025 15:00;02.10.2025 16:00;-;-;-;-;-;-;-;-;-;-;-;-;-;-;-;-;-
02.10.2025 16:00;02.10.2025 17:00;-;-;-;-;-;-;-;-;-;-;-;-;-;-;-;-;-
02.10.2025 17:00;02.10.2025 18:00;-;-;-;-;-;-;-;-;-;-;-;-;-;-;-;-;-
02.10.2025 18:00;02.10.2025 19:00;-;-;-;-;-;-;-;-;-;-;-;-;-;-;-;-;-
02.10.2025 19:00;02.10.2025 20:00;-;-;-;-;-;-;-;-;-;-;-;-;-;-;-;-;-
02.10.2025 20:00;02.10.2025 21:00;-;-;-;-;-;-;-;-;-;-;-;-;-;-;-;-;-
02.10.2025 21:00;02.10.2025 22:00;-;-;-;-;-;-;-;-;-;-;-;-;-;-;-;-;-
02.10.2025 22:00;02.10.2025 23:00;-;-;-;-;-;-;-;-;-;-;-;-;-;-;-;-;-
02.10.2025 23:00;03.10.2025 00:00;-;-;-;-;-;-;-;-;-;-;-;-;-;-;-;-;-
03.10.2025 00:00;03.10.2025 01:00;-;-;-;-;-;-;-;-;-;-;-;-;-;-;-;-;-
03.10.2025 01:00;03.10.2025 02:00;-;-;-;-;-;-;-;-;-;-;-;-;-;-;-;-;-
03.10.2025 02:00;03.10.2025 03:00;-;-;-;-;-;-;-;-;-;-;-;-;-;-;-;-;-
03.10.2025 03:00;03.10.2025 04:00;-;-;-;-;-;-;-;-;-;-;-;-;-;-;-;-;-
03.10.2025 04:00;03.10.2025 05:00;-;-;-;-;-;-;-;-;-;-;-;-;-;-;-;-;-
03.10.2025 05:00;03.10.2025 06:00;-;-;-;-;-;-;-;-;-;-;-;-;-;-;-;-;-
03.10.2025 06:00;03.10.2025 07:00;-;-;-;-;-;-;-;-;-;-;-;-;-;-;-;-;-
03.10.2025 07:00;03.10.2025 08:00;-;-;-;-;-;-;-;-;-;-;-;-;-;-;-;-;-
03.10.2025 08:00;03.10.2025 09:00;-;-;-;-;-;-;-;-;-;-;-;-;-;-;-;-;-
03.10.2025 09:00;03.10.2025 10:00;-;-;-;-;-;-;-;-;-;-;-;-;-;-;-;-;-
03.10.2025 10:00;03.10.2025 11:00;-;-;-;-;-;-;-;-;-;-;-;-;-;-;-;-;-
03.10.2025 11:00;03.10.2025 12:00;-;-;-;-;-;-;-;-;-;-;-;-;-;-;-;-;-
03.10.2025 12:00;03.10.2025 13:00;-;-;-;-;-;-;-;-;-;-;-;-;-;-;-;-;-
03.10.2025 13:00;03.10.2025 14:00;-;-;-;-;-;-;-;-;-;-;-;-;-;-;-;-;-
03.10.2025 14:00;03.10.2025 15:00;-;-;-;-;-;-;-;-;-;-;-;-;-;-;-;-;-
03.10.2025 15:00;03.10.2025 16:00;-;-;-;-;-;-;-;-;-;-;-;-;-;-;-;-;-
03.10.2025 16:00;03.10.2025 17:00;-;-;-;-;-;-;-;-;-;-;-;-;-;-;-;-;-
03.10.2025 17:00;03.10.2025 18:00;-;-;-;-;-;-;-;-;-;-;-;-;-;-;-;-;-
03.10.2025 18:00;03.10.2025 19:00;-;-;-;-;-;-;-;-;-;-;-;-;-;-;-;-;-
03.10.2025 19:00;03.10.2025 20:00;-;-;-;-;-;-;-;-;-;-;-;-;-;-;-;-;-
03.10.2025 20:00;03.10.2025 21:00;-;-;-;-;-;-;-;-;-;-;-;-;-;-;-;-;-
03.10.2025 21:00;03.10.2025 22:00;-;-;-;-;-;-;-;-;-;-;-;-;-;-;-;-;-
03.10.2025 22:00;03.10.2025 23:00;-;-;-;-;-;-;-;-;-;-;-;-;-;-;-;-;-
03.10.2025 23:00;04.10.2025 00:00;-;-;-;-;-;-;-;-;-;-;-;-;-;-;-;-;-
04.10.2025 00:00;04.10.2025 01:00;-;-;-;-;-;-;-;-;-;-;-;-;-;-;-;-;-
04.10.2025 01:00;04.10.2025 02:00;-;-;-;-;-;-;-;-;-;-;-;-;-;-;-;-;-
04.10.2025 02:00;04.10.2025 03:00;-;-;-;-;-;-;-;-;-;-;-;-;-;-;-;-;-
04.10.2025 03:00;04.10.2025 04:00;-;-;-;-;-;-;-;-;-;-;-;-;-;-;-;-;-
04.10.2025 04:00;04.10.2025 05:00;-;-;-;-;-;-;-;-;-;-;-;-;-;-;-;-;-
04.10.2025 05:00;04.10.2025 06:00;-;-;-;-;-;-;-;-;-;-;-;-;-;-;-;-;-
04.10.2025 06:00;04.10.2025 07:00;-;-;-;-;-;-;-;-;-;-;-;-;-;-;-;-;-
04.10.2025 07:00;04.10.2025 08:00;-;-;-;-;-;-;-;-;-;-;-;-;-;-;-;-;-
04.10.2025 08:00;04.10.2025 09:00;-;-;-;-;-;-;-;-;-;-;-;-;-;-;-;-;-
04.10.2025 09:00;04.10.2025 10:00;-;-;-;-;-;-;-;-;-;-;-;-;-;-;-;-;-
04.10.2025 10:00;04.10.2025 11:00;-;-;-;-;-;-;-;-;-;-;-;-;-;-;-;-;-
04.10.2025 11:00;04.10.2025 12:00;-;-;-;-;-;-;-;-;-;-;-;-;-;-;-;-;-
04.10.2025 12:00;04.10.2025 13:00;-;-;-;-;-;-;-;-;-;-;-;-;-;-;-;-;-
04.10.2025 13:00;04.10.2025 14:00;-;-;-;-;-;-;-;-;-;-;-;-;-;-;-;-;-
04.10.2025 14:00;04.10.2025 15:00;-;-;-;-;-;-;-;-;-;-;-;-;-;-;-;-;-
04.10.2025 15:00;04.10.2025 16:00;-;-;-;-;-;-;-;-;-;-;-;-;-;-;-;-;-
04.10.2025 16:00;04.10.2025 17:00;-;-;-;-;-;-;-;-;-;-;-;-;-;-;-;-;-
04.10.2025 17:00;04.10.2025 18:00;-;-;-;-;-;-;-;-;-;-;-;-;-;-;-;-;-
04.10.2025 18:00;04.10.2025 19:00;-;-;-;-;-;-;-;-;-;-;-;-;-;-;-;-;-
04.10.2025 19:00;04.10.2025 20:00;-;-;-;-;-;-;-;-;-;-;-;-;-;-;-;-;-
04.10.2025 20:00;04.10.2025 21:00;-;-;-;-;-;-;-;-;-;-;-;-;-;-;-;-;-
04.10.2025 21:00;04.10.2025 22:00;-;-;-;-;-;-;-;-;-;-;-;-;-;-;-;-;-
04.10.2025 22:00;04.10.2025 23:00;-;-;-;-;-;-;-;-;-;-;-;-;-;-;-;-;-
04.10.2025 23:00;05.10.2025 00:00;-;-;-;-;-;-;-;-;-;-;-;-;-;-;-;-;-
05.10.2025 00:00;05.10.2025 01:00;-;-;-;-;-;-;-;-;-;-;-;-;-;-;-;-;-
05.10.2025 01:00;05.10.2025 02:00;-;-;-;-;-;-;-;-;-;-;-;-;-;-;-;-;-
05.10.2025 02:00;05.10.2025 03:00;-;-;-;-;-;-;-;-;-;-;-;-;-;-;-;-;-
05.10.2025 03:00;05.10.2025 04:00;-;-;-;-;-;-;-;-;-;-;-;-;-;-;-;-;-
05.10.2025 04:00;05.10.2025 05:00;-;-;-;-;-;-;-;-;-;-;-;-;-;-;-;-;-
05.10.2025 05:00;05.10.2025 06:00;-;-;-;-;-;-;-;-;-;-;-;-;-;-;-;-;-
05.10.2025 06:00;05.10.2025 07:00;-;-;-;-;-;-;-;-;-;-;-;-;-;-;-;-;-
05.10.2025 07:00;05.10.2025 08:00;-;-;-;-;-;-;-;-;-;-;-;-;-;-;-;-;-
05.10.2025 08:00;05.10.2025 09:00;-;-;-;-;-;-;-;-;-;-;-;-;-;-;-;-;-
05.10.2025 09:00;05.10.2025 10:00;-;-;-;-;-;-;-;-;-;-;-;-;-;-;-;-;-
05.10.2025 10:00;05.10.2025 11:00;-;-;-;-;-;-;-;-;-;-;-;-;-;-;-;-;-
05.10.2025 11:00;05.10.2025 12:00;-;-;-;-;-;-;-;-;-;-;-;-;-;-;-;-;-
05.10.2025 12:00;05.10.2025 13:00;-;-;-;-;-;-;-;-;-;-;-;-;-;-;-;-;-
05.10.2025 13:00;05.10.2025 14:00;-;-;-;-;-;-;-;-;-;-;-;-;-;-;-;-;-
05.10.2025 14:00;05.10.2025 15:00;-;-;-;-;-;-;-;-;-;-;-;-;-;-;-;-;-
05.10.2025 15:00;05.10.2025 16:00;-;-;-;-;-;-;-;-;-;-;-;-;-;-;-;-;-
05.10.2025 16:00;05.10.2025 17:00;-;-;-;-;-;-;-;-;-;-;-;-;-;-;-;-;-
05.10.2025 17:00;05.10.2025 18:00;-;-;-;-;-;-;-;-;-;-;-;-;-;-;-;-;-
05.10.2025 18:00;05.10.2025 19:00;-;-;-;-;-;-;-;-;-;-;-;-;-;-;-;-;-
05.10.2025 19:00;05.10.2025 20:00;-;-;-;-;-;-;-;-;-;-;-;-;-;-;-;-;-
05.10.2025 20:00;05.10.2025 21:00;-;-;-;-;-;-;-;-;-;-;-;-;-;-;-;-;-
05.10.2025 21:00;05.10.2025 22:00;-;-;-;-;-;-;-;-;-;-;-;-;-;-;-;-;-
05.10.2025 22:00;05.10.2025 23:00;-;-;-;-;-;-;-;-;-;-;-;-;-;-;-;-;-
05.10.2025 23:00;06.10.2025 00:00;-;-;-;-;-;-;-;-;-;-;-;-;-;-;-;-;-
06.10.2025 00:00;06.10.2025 01:00;-;-;-;-;-;-;-;-;-;-;-;-;-;-;-;-;-
06.10.2025 01:00;06.10.2025 02:00;-;-;-;-;-;-;-;-;-;-;-;-;-;-;-;-;-
06.10.2025 02:00;06.10.2025 03:00;-;-;-;-;-;-;-;-;-;-;-;-;-;-;-;-;-
06.10.2025 03:00;06.10.2025 04:00;-;-;-;-;-;-;-;-;-;-;-;-;-;-;-;-;-
06.10.2025 04:00;06.10.2025 05:00;-;-;-;-;-;-;-;-;-;-;-;-;-;-;-;-;-
06.10.2025 05:00;06.10.2025 06:00;-;-;-;-;-;-;-;-;-;-;-;-;-;-;-;-;-
06.10.2025 06:00;06.10.2025 07:00;-;-;-;-;-;-;-;-;-;-;-;-;-;-;-;-;-
06.10.2025 07:00;06.10.2025 08:00;-;-;-;-;-;-;-;-;-;-;-;-;-;-;-;-;-
06.10.2025 08:00;06.10.2025 09:00;-;-;-;-;-;-;-;-;-;-;-;-;-;-;-;-;-
06.10.2025 09:00;06.10.2025 10:00;-;-;-;-;-;-;-;-;-;-;-;-;-;-;-;-;-
06.10.2025 10:00;06.10.2025 11:00;-;-;-;-;-;-;-;-;-;-;-;-;-;-;-;-;-
06.10.2025 11:00;06.10.2025 12:00;-;-;-;-;-;-;-;-;-;-;-;-;-;-;-;-;-
06.10.2025 12:00;06.10.2025 13:00;-;-;-;-;-;-;-;-;-;-;-;-;-;-;-;-;-
06.10.2025 13:00;06.10.2025 14:00;-;-;-;-;-;-;-;-;-;-;-;-;-;-;-;-;-
06.10.2025 14:00;06.10.2025 15:00;-;-;-;-;-;-;-;-;-;-;-;-;-;-;-;-;-
06.10.2025 15:00;06.10.2025 16:00;-;-;-;-;-;-;-;-;-;-;-;-;-;-;-;-;-
06.10.2025 16:00;06.10.2025 17:00;-;-;-;-;-;-;-;-;-;-;-;-;-;-;-;-;-
06.10.2025 17:00;06.10.2025 18:00;-;-;-;-;-;-;-;-;-;-;-;-;-;-;-;-;-
06.10.2025 18:00;06.10.2025 19:00;-;-;-;-;-;-;-;-;-;-;-;-;-;-;-;-;-
06.10.2025 19:00;06.10.2025 20:00;-;-;-;-;-;-;-;-;-;-;-;-;-;-;-;-;-
06.10.2025 20:00;06.10.2025 21:00;-;-;-;-;-;-;-;-;-;-;-;-;-;-;-;-;-
06.10.2025 21:00;06.10.2025 22:00;-;-;-;-;-;-;-;-;-;-;-;-;-;-;-;-;-
06.10.2025 22:00;06.10.2025 23:00;-;-;-;-;-;-;-;-;-;-;-;-;-;-;-;-;-
06.10.2025 23:00;07.10.2025 00:00;-;-;-;-;-;-;-;-;-;-;-;-;-;-;-;-;-
07.10.2025 00:00;07.10.2025 01:00;-;-;-;-;-;-;-;-;-;-;-;-;-;-;-;-;-
07.10.2025 01:00;07.10.2025 02:00;-;-;-;-;-;-;-;-;-;-;-;-;-;-;-;-;-
07.10.2025 02:00;07.10.2025 03:00;-;-;-;-;-;-;-;-;-;-;-;-;-;-;-;-;-
07.10.2025 03:00;07.10.2025 04:00;-;-;-;-;-;-;-;-;-;-;-;-;-;-;-;-;-
07.10.2025 04:00;07.10.2025 05:00;-;-;-;-;-;-;-;-;-;-;-;-;-;-;-;-;-
07.10.2025 05:00;07.10.2025 06:00;-;-;-;-;-;-;-;-;-;-;-;-;-;-;-;-;-
07.10.2025 06:00;07.10.2025 07:00;-;-;-;-;-;-;-;-;-;-;-;-;-;-;-;-;-
07.10.2025 07:00;07.10.2025 08:00;-;-;-;-;-;-;-;-;-;-;-;-;-;-;-;-;-
07.10.2025 08:00;07.10.2025 09:00;-;-;-;-;-;-;-;-;-;-;-;-;-;-;-;-;-
07.10.2025 09:00;07.10.2025 10:00;-;-;-;-;-;-;-;-;-;-;-;-;-;-;-;-;-
07.10.2025 10:00;07.10.2025 11:00;-;-;-;-;-;-;-;-;-;-;-;-;-;-;-;-;-
07.10.2025 11:00;07.10.2025 12:00;-;-;-;-;-;-;-;-;-;-;-;-;-;-;-;-;-
07.10.2025 12:00;07.10.2025 13:00;-;-;-;-;-;-;-;-;-;-;-;-;-;-;-;-;-
07.10.2025 13:00;07.10.2025 14:00;-;-;-;-;-;-;-;-;-;-;-;-;-;-;-;-;-
07.10.2025 14:00;07.10.2025 15:00;-;-;-;-;-;-;-;-;-;-;-;-;-;-;-;-;-
07.10.2025 15:00;07.10.2025 16:00;-;-;-;-;-;-;-;-;-;-;-;-;-;-;-;-;-
07.10.2025 16:00;07.10.2025 17:00;-;-;-;-;-;-;-;-;-;-;-;-;-;-;-;-;-
07.10.2025 17:00;07.10.2025 18:00;-;-;-;-;-;-;-;-;-;-;-;-;-;-;-;-;-
07.10.2025 18:00;07.10.2025 19:00;-;-;-;-;-;-;-;-;-;-;-;-;-;-;-;-;-
07.10.2025 19:00;07.10.2025 20:00;-;-;-;-;-;-;-;-;-;-;-;-;-;-;-;-;-
07.10.2025 20:00;07.10.2025 21:00;-;-;-;-;-;-;-;-;-;-;-;-;-;-;-;-;-
07.10.2025 21:00;07.10.2025 22:00;-;-;-;-;-;-;-;-;-;-;-;-;-;-;-;-;-
07.10.2025 22:00;07.10.2025 23:00;-;-;-;-;-;-;-;-;-;-;-;-;-;-;-;-;-
07.10.2025 23:00;08.10.2025 00:00;-;-;-;-;-;-;-;-;-;-;-;-;-;-;-;-;-
08.10.2025 00:00;08.10.2025 01:00;-;-;-;-;-;-;-;-;-;-;-;-;-;-;-;-;-
08.10.2025 01:00;08.10.2025 02:00;-;-;-;-;-;-;-;-;-;-;-;-;-;-;-;-;-
08.10.2025 02:00;08.10.2025 03:00;-;-;-;-;-;-;-;-;-;-;-;-;-;-;-;-;-
08.10.2025 03:00;08.10.2025 04:00;-;-;-;-;-;-;-;-;-;-;-;-;-;-;-;-;-
08.10.2025 04:00;08.10.2025 05:00;-;-;-;-;-;-;-;-;-;-;-;-;-;-;-;-;-
08.10.2025 05:00;08.10.2025 06:00;-;-;-;-;-;-;-;-;-;-;-;-;-;-;-;-;-
08.10.2025 06:00;08.10.2025 07:00;-;-;-;-;-;-;-;-;-;-;-;-;-;-;-;-;-
08.10.2025 07:00;08.10.2025 08:00;-;-;-;-;-;-;-;-;-;-;-;-;-;-;-;-;-
08.10.2025 08:00;08.10.2025 09:00;-;-;-;-;-;-;-;-;-;-;-;-;-;-;-;-;-
08.10.2025 09:00;08.10.2025 10:00;-;-;-;-;-;-;-;-;-;-;-;-;-;-;-;-;-
08.10.2025 10:00;08.10.2025 11:00;-;-;-;-;-;-;-;-;-;-;-;-;-;-;-;-;-
08.10.2025 11:00;08.10.2025 12:00;-;-;-;-;-;-;-;-;-;-;-;-;-;-;-;-;-
08.10.2025 12:00;08.10.2025 13:00;-;-;-;-;-;-;-;-;-;-;-;-;-;-;-;-;-
08.10.2025 13:00;08.10.2025 14:00;-;-;-;-;-;-;-;-;-;-;-;-;-;-;-;-;-
08.10.2025 14:00;08.10.2025 15:00;-;-;-;-;-;-;-;-;-;-;-;-;-;-;-;-;-
08.10.2025 15:00;08.10.2025 16:00;-;-;-;-;-;-;-;-;-;-;-;-;-;-;-;-;-
08.10.2025 16:00;08.10.2025 17:00;-;-;-;-;-;-;-;-;-;-;-;-;-;-;-;-;-
08.10.2025 17:00;08.10.2025 18:00;-;-;-;-;-;-;-;-;-;-;-;-;-;-;-;-;-
08.10.2025 18:00;08.10.2025 19:00;-;-;-;-;-;-;-;-;-;-;-;-;-;-;-;-;-
08.10.2025 19:00;08.10.2025 20:00;-;-;-;-;-;-;-;-;-;-;-;-;-;-;-;-;-
08.10.2025 20:00;08.10.2025 21:00;-;-;-;-;-;-;-;-;-;-;-;-;-;-;-;-;-
08.10.2025 21:00;08.10.2025 22:00;-;-;-;-;-;-;-;-;-;-;-;-;-;-;-;-;-
08.10.2025 22:00;08.10.2025 23:00;-;-;-;-;-;-;-;-;-;-;-;-;-;-;-;-;-
08.10.2025 23:00;09.10.2025 00:00;-;-;-;-;-;-;-;-;-;-;-;-;-;-;-;-;-
09.10.2025 00:00;09.10.2025 01:00;-;-;-;-;-;-;-;-;-;-;-;-;-;-;-;-;-
09.10.2025 01:00;09.10.2025 02:00;-;-;-;-;-;-;-;-;-;-;-;-;-;-;-;-;-
09.10.2025 02:00;09.10.2025 03:00;-;-;-;-;-;-;-;-;-;-;-;-;-;-;-;-;-
09.10.2025 03:00;09.10.2025 04:00;-;-;-;-;-;-;-;-;-;-;-;-;-;-;-;-;-
09.10.2025 04:00;09.10.2025 05:00;-;-;-;-;-;-;-;-;-;-;-;-;-;-;-;-;-
09.10.2025 05:00;09.10.2025 06:00;-;-;-;-;-;-;-;-;-;-;-;-;-;-;-;-;-
09.10.2025 06:00;09.10.2025 07:00;-;-;-;-;-;-;-;-;-;-;-;-;-;-;-;-;-
09.10.2025 07:00;09.10.2025 08:00;-;-;-;-;-;-;-;-;-;-;-;-;-;-;-;-;-
09.10.2025 08:00;09.10.2025 09:00;-;-;-;-;-;-;-;-;-;-;-;-;-;-;-;-;-
09.10.2025 09:00;09.10.2025 10:00;-;-;-;-;-;-;-;-;-;-;-;-;-;-;-;-;-
09.10.2025 10:00;09.10.2025 11:00;-;-;-;-;-;-;-;-;-;-;-;-;-;-;-;-;-
09.10.2025 11:00;09.10.2025 12:00;-;-;-;-;-;-;-;-;-;-;-;-;-;-;-;-;-
09.10.2025 12:00;09.10.2025 13:00;-;-;-;-;-;-;-;-;-;-;-;-;-;-;-;-;-
09.10.2025 13:00;09.10.2025 14:00;-;-;-;-;-;-;-;-;-;-;-;-;-;-;-;-;-
09.10.2025 14:00;09.10.2025 15:00;-;-;-;-;-;-;-;-;-;-;-;-;-;-;-;-;-
09.10.2025 15:00;09.10.2025 16:00;-;-;-;-;-;-;-;-;-;-;-;-;-;-;-;-;-
09.10.2025 16:00;09.10.2025 17:00;-;-;-;-;-;-;-;-;-;-;-;-;-;-;-;-;-
09.10.2025 17:00;09.10.2025 18:00;-;-;-;-;-;-;-;-;-;-;-;-;-;-;-;-;-
09.10.2025 18:00;09.10.2025 19:00;-;-;-;-;-;-;-;-;-;-;-;-;-;-;-;-;-
09.10.2025 19:00;09.10.2025 20:00;-;-;-;-;-;-;-;-;-;-;-;-;-;-;-;-;-
09.10.2025 20:00;09.10.2025 21:00;-;-;-;-;-;-;-;-;-;-;-;-;-;-;-;-;-
09.10.2025 21:00;09.10.2025 22:00;-;-;-;-;-;-;-;-;-;-;-;-;-;-;-;-;-
09.10.2025 22:00;09.10.2025 23:00;-;-;-;-;-;-;-;-;-;-;-;-;-;-;-;-;-
09.10.2025 23:00;10.10.2025 00:00;-;-;-;-;-;-;-;-;-;-;-;-;-;-;-;-;-
10.10.2025 00:00;10.10.2025 01:00;-;-;-;-;-;-;-;-;-;-;-;-;-;-;-;-;-
10.10.2025 01:00;10.10.2025 02:00;-;-;-;-;-;-;-;-;-;-;-;-;-;-;-;-;-
10.10.2025 02:00;10.10.2025 03:00;-;-;-;-;-;-;-;-;-;-;-;-;-;-;-;-;-
10.10.2025 03:00;10.10.2025 04:00;-;-;-;-;-;-;-;-;-;-;-;-;-;-;-;-;-
10.10.2025 04:00;10.10.2025 05:00;-;-;-;-;-;-;-;-;-;-;-;-;-;-;-;-;-
10.10.2025 05:00;10.10.2025 06:00;-;-;-;-;-;-;-;-;-;-;-;-;-;-;-;-;-
10.10.2025 06:00;10.10.2025 07:00;-;-;-;-;-;-;-;-;-;-;-;-;-;-;-;-;-
10.10.2025 07:00;10.10.2025 08:00;-;-;-;-;-;-;-;-;-;-;-;-;-;-;-;-;-
10.10.2025 08:00;10.10.2025 09:00;-;-;-;-;-;-;-;-;-;-;-;-;-;-;-;-;-
10.10.2025 09:00;10.10.2025 10:00;-;-;-;-;-;-;-;-;-;-;-;-;-;-;-;-;-
10.10.2025 10:00;10.10.2025 11:00;-;-;-;-;-;-;-;-;-;-;-;-;-;-;-;-;-
10.10.2025 11:00;10.10.2025 12:00;-;-;-;-;-;-;-;-;-;-;-;-;-;-;-;-;-
10.10.2025 12:00;10.10.2025 13:00;-;-;-;-;-;-;-;-;-;-;-;-;-;-;-;-;-
10.10.2025 13:00;10.10.2025 14:00;-;-;-;-;-;-;-;-;-;-;-;-;-;-;-;-;-
10.10.2025 14:00;10.10.2025 15:00;-;-;-;-;-;-;-;-;-;-;-;-;-;-;-;-;-
10.10.2025 15:00;10.10.2025 16:00;-;-;-;-;-;-;-;-;-;-;-;-;-;-;-;-;-
10.10.2025 16:00;10.10.2025 17:00;-;-;-;-;-;-;-;-;-;-;-;-;-;-;-;-;-
10.10.2025 17:00;10.10.2025 18:00;-;-;-;-;-;-;-;-;-;-;-;-;-;-;-;-;-
10.10.2025 18:00;10.10.2025 19:00;-;-;-;-;-;-;-;-;-;-;-;-;-;-;-;-;-
10.10.2025 19:00;10.10.2025 20:00;-;-;-;-;-;-;-;-;-;-;-;-;-;-;-;-;-
10.10.2025 20:00;10.10.2025 21:00;-;-;-;-;-;-;-;-;-;-;-;-;-;-;-;-;-
10.10.2025 21:00;10.10.2025 22:00;-;-;-;-;-;-;-;-;-;-;-;-;-;-;-;-;-
10.10.2025 22:00;10.10.2025 23:00;-;-;-;-;-;-;-;-;-;-;-;-;-;-;-;-;-
10.10.2025 23:00;11.10.2025 00:00;-;-;-;-;-;-;-;-;-;-;-;-;-;-;-;-;-
11.10.2025 00:00;11.10.2025 01:00;-;-;-;-;-;-;-;-;-;-;-;-;-;-;-;-;-
11.10.2025 01:00;11.10.2025 02:00;-;-;-;-;-;-;-;-;-;-;-;-;-;-;-;-;-
11.10.2025 02:00;11.10.2025 03:00;-;-;-;-;-;-;-;-;-;-;-;-;-;-;-;-;-
11.10.2025 03:00;11.10.2025 04:00;-;-;-;-;-;-;-;-;-;-;-;-;-;-;-;-;-
11.10.2025 04:00;11.10.2025 05:00;-;-;-;-;-;-;-;-;-;-;-;-;-;-;-;-;-
11.10.2025 05:00;11.10.2025 06:00;-;-;-;-;-;-;-;-;-;-;-;-;-;-;-;-;-
11.10.2025 06:00;11.10.2025 07:00;-;-;-;-;-;-;-;-;-;-;-;-;-;-;-;-;-
11.10.2025 07:00;11.10.2025 08:00;-;-;-;-;-;-;-;-;-;-;-;-;-;-;-;-;-
11.10.2025 08:00;11.10.2025 09:00;-;-;-;-;-;-;-;-;-;-;-;-;-;-;-;-;-
11.10.2025 09:00;11.10.2025 10:00;-;-;-;-;-;-;-;-;-;-;-;-;-;-;-;-;-
11.10.2025 10:00;11.10.2025 11:00;-;-;-;-;-;-;-;-;-;-;-;-;-;-;-;-;-
11.10.2025 11:00;11.10.2025 12:00;-;-;-;-;-;-;-;-;-;-;-;-;-;-;-;-;-
11.10.2025 12:00;11.10.2025 13:00;-;-;-;-;-;-;-;-;-;-;-;-;-;-;-;-;-
11.10.2025 13:00;11.10.2025 14:00;-;-;-;-;-;-;-;-;-;-;-;-;-;-;-;-;-
11.10.2025 14:00;11.10.2025 15:00;-;-;-;-;-;-;-;-;-;-;-;-;-;-;-;-;-
11.10.2025 15:00;11.10.2025 16:00;-;-;-;-;-;-;-;-;-;-;-;-;-;-;-;-;-
11.10.2025 16:00;11.10.2025 17:00;-;-;-;-;-;-;-;-;-;-;-;-;-;-;-;-;-
11.10.2025 17:00;11.10.2025 18:00;-;-;-;-;-;-;-;-;-;-;-;-;-;-;-;-;-
11.10.2025 18:00;11.10.2025 19:00;-;-;-;-;-;-;-;-;-;-;-;-;-;-;-;-;-
11.10.2025 19:00;11.10.2025 20:00;-;-;-;-;-;-;-;-;-;-;-;-;-;-;-;-;-
11.10.2025 20:00;11.10.2025 21:00;-;-;-;-;-;-;-;-;-;-;-;-;-;-;-;-;-
11.10.2025 21:00;11.10.2025 22:00;-;-;-;-;-;-;-;-;-;-;-;-;-;-;-;-;-
11.10.2025 22:00;11.10.2025 23:00;-;-;-;-;-;-;-;-;-;-;-;-;-;-;-;-;-
11.10.2025 23:00;12.10.2025 00:00;-;-;-;-;-;-;-;-;-;-;-;-;-;-;-;-;-
12.10.2025 00:00;12.10.2025 01:00;-;-;-;-;-;-;-;-;-;-;-;-;-;-;-;-;-
12.10.2025 01:00;12.10.2025 02:00;-;-;-;-;-;-;-;-;-;-;-;-;-;-;-;-;-
12.10.2025 02:00;12.10.2025 03:00;-;-;-;-;-;-;-;-;-;-;-;-;-;-;-;-;-
12.10.2025 03:00;12.10.2025 04:00;-;-;-;-;-;-;-;-;-;-;-;-;-;-;-;-;-
12.10.2025 04:00;12.10.2025 05:00;-;-;-;-;-;-;-;-;-;-;-;-;-;-;-;-;-
12.10.2025 05:00;12.10.2025 06:00;-;-;-;-;-;-;-;-;-;-;-;-;-;-;-;-;-
12.10.2025 06:00;12.10.2025 07:00;-;-;-;-;-;-;-;-;-;-;-;-;-;-;-;-;-
12.10.2025 07:00;12.10.2025 08:00;-;-;-;-;-;-;-;-;-;-;-;-;-;-;-;-;-
12.10.2025 08:00;12.10.2025 09:00;-;-;-;-;-;-;-;-;-;-;-;-;-;-;-;-;-
12.10.2025 09:00;12.10.2025 10:00;-;-;-;-;-;-;-;-;-;-;-;-;-;-;-;-;-
12.10.2025 10:00;12.10.2025 11:00;-;-;-;-;-;-;-;-;-;-;-;-;-;-;-;-;-
12.10.2025 11:00;12.10.2025 12:00;-;-;-;-;-;-;-;-;-;-;-;-;-;-;-;-;-
12.10.2025 12:00;12.10.2025 13:00;-;-;-;-;-;-;-;-;-;-;-;-;-;-;-;-;-
12.10.2025 13:00;12.10.2025 14:00;-;-;-;-;-;-;-;-;-;-;-;-;-;-;-;-;-
12.10.2025 14:00;12.10.2025 15:00;-;-;-;-;-;-;-;-;-;-;-;-;-;-;-;-;-
12.10.2025 15:00;12.10.2025 16:00;-;-;-;-;-;-;-;-;-;-;-;-;-;-;-;-;-
12.10.2025 16:00;12.10.2025 17:00;-;-;-;-;-;-;-;-;-;-;-;-;-;-;-;-;-
12.10.2025 17:00;12.10.2025 18:00;-;-;-;-;-;-;-;-;-;-;-;-;-;-;-;-;-
12.10.2025 18:00;12.10.2025 19:00;-;-;-;-;-;-;-;-;-;-;-;-;-;-;-;-;-
12.10.2025 19:00;12.10.2025 20:00;-;-;-;-;-;-;-;-;-;-;-;-;-;-;-;-;-
12.10.2025 20:00;12.10.2025 21:00;-;-;-;-;-;-;-;-;-;-;-;-;-;-;-;-;-
12.10.2025 21:00;12.10.2025 22:00;-;-;-;-;-;-;-;-;-;-;-;-;-;-;-;-;-
12.10.2025 22:00;12.10.2025 23:00;-;-;-;-;-;-;-;-;-;-;-;-;-;-;-;-;-
12.10.2025 23:00;13.10.2025 00:00;-;-;-;-;-;-;-;-;-;-;-;-;-;-;-;-;-
13.10.2025 00:00;13.10.2025 01:00;-;-;-;-;-;-;-;-;-;-;-;-;-;-;-;-;-
13.10.2025 01:00;13.10.2025 02:00;-;-;-;-;-;-;-;-;-;-;-;-;-;-;-;-;-
13.10.2025 02:00;13.10.2025 03:00;-;-;-;-;-;-;-;-;-;-;-;-;-;-;-;-;-
13.10.2025 03:00;13.10.2025 04:00;-;-;-;-;-;-;-;-;-;-;-;-;-;-;-;-;-
13.10.2025 04:00;13.10.2025 05:00;-;-;-;-;-;-;-;-;-;-;-;-;-;-;-;-;-
13.10.2025 05:00;13.10.2025 06:00;-;-;-;-;-;-;-;-;-;-;-;-;-;-;-;-;-
13.10.2025 06:00;13.10.2025 07:00;-;-;-;-;-;-;-;-;-;-;-;-;-;-;-;-;-
13.10.2025 07:00;13.10.2025 08:00;-;-;-;-;-;-;-;-;-;-;-;-;-;-;-;-;-
13.10.2025 08:00;13.10.2025 09:00;-;-;-;-;-;-;-;-;-;-;-;-;-;-;-;-;-
13.10.2025 09:00;13.10.2025 10:00;-;-;-;-;-;-;-;-;-;-;-;-;-;-;-;-;-
13.10.2025 10:00;13.10.2025 11:00;-;-;-;-;-;-;-;-;-;-;-;-;-;-;-;-;-
13.10.2025 11:00;13.10.2025 12:00;-;-;-;-;-;-;-;-;-;-;-;-;-;-;-;-;-
13.10.2025 12:00;13.10.2025 13:00;-;-;-;-;-;-;-;-;-;-;-;-;-;-;-;-;-
13.10.2025 13:00;13.10.2025 14:00;-;-;-;-;-;-;-;-;-;-;-;-;-;-;-;-;-
13.10.2025 14:00;13.10.2025 15:00;-;-;-;-;-;-;-;-;-;-;-;-;-;-;-;-;-
13.10.2025 15:00;13.10.2025 16:00;-;-;-;-;-;-;-;-;-;-;-;-;-;-;-;-;-
13.10.2025 16:00;13.10.2025 17:00;-;-;-;-;-;-;-;-;-;-;-;-;-;-;-;-;-
13.10.2025 17:00;13.10.2025 18:00;-;-;-;-;-;-;-;-;-;-;-;-;-;-;-;-;-
13.10.2025 18:00;13.10.2025 19:00;-;-;-;-;-;-;-;-;-;-;-;-;-;-;-;-;-
13.10.2025 19:00;13.10.2025 20:00;-;-;-;-;-;-;-;-;-;-;-;-;-;-;-;-;-
13.10.2025 20:00;13.10.2025 21:00;-;-;-;-;-;-;-;-;-;-;-;-;-;-;-;-;-
13.10.2025 21:00;13.10.2025 22:00;-;-;-;-;-;-;-;-;-;-;-;-;-;-;-;-;-
13.10.2025 22:00;13.10.2025 23:00;-;-;-;-;-;-;-;-;-;-;-;-;-;-;-;-;-
13.10.2025 23:00;14.10.2025 00:00;-;-;-;-;-;-;-;-;-;-;-;-;-;-;-;-;-
14.10.2025 00:00;14.10.2025 01:00;-;-;-;-;-;-;-;-;-;-;-;-;-;-;-;-;-
14.10.2025 01:00;14.10.2025 02:00;-;-;-;-;-;-;-;-;-;-;-;-;-;-;-;-;-
14.10.2025 02:00;14.10.2025 03:00;-;-;-;-;-;-;-;-;-;-;-;-;-;-;-;-;-
14.10.2025 03:00;14.10.2025 04:00;-;-;-;-;-;-;-;-;-;-;-;-;-;-;-;-;-
14.10.2025 04:00;14.10.2025 05:00;-;-;-;-;-;-;-;-;-;-;-;-;-;-;-;-;-
14.10.2025 05:00;14.10.2025 06:00;-;-;-;-;-;-;-;-;-;-;-;-;-;-;-;-;-
14.10.2025 06:00;14.10.2025 07:00;-;-;-;-;-;-;-;-;-;-;-;-;-;-;-;-;-
14.10.2025 07:00;14.10.2025 08:00;-;-;-;-;-;-;-;-;-;-;-;-;-;-;-;-;-
14.10.2025 08:00;14.10.2025 09:00;-;-;-;-;-;-;-;-;-;-;-;-;-;-;-;-;-
14.10.2025 09:00;14.10.2025 10:00;-;-;-;-;-;-;-;-;-;-;-;-;-;-;-;-;-
14.10.2025 10:00;14.10.2025 11:00;-;-;-;-;-;-;-;-;-;-;-;-;-;-;-;-;-
14.10.2025 11:00;14.10.2025 12:00;-;-;-;-;-;-;-;-;-;-;-;-;-;-;-;-;-
14.10.2025 12:00;14.10.2025 13:00;-;-;-;-;-;-;-;-;-;-;-;-;-;-;-;-;-
14.10.2025 13:00;14.10.2025 14:00;-;-;-;-;-;-;-;-;-;-;-;-;-;-;-;-;-
14.10.2025 14:00;14.10.2025 15:00;-;-;-;-;-;-;-;-;-;-;-;-;-;-;-;-;-
14.10.2025 15:00;14.10.2025 16:00;-;-;-;-;-;-;-;-;-;-;-;-;-;-;-;-;-
14.10.2025 16:00;14.10.2025 17:00;-;-;-;-;-;-;-;-;-;-;-;-;-;-;-;-;-
14.10.2025 17:00;14.10.2025 18:00;-;-;-;-;-;-;-;-;-;-;-;-;-;-;-;-;-
14.10.2025 18:00;14.10.2025 19:00;-;-;-;-;-;-;-;-;-;-;-;-;-;-;-;-;-
14.10.2025 19:00;14.10.2025 20:00;-;-;-;-;-;-;-;-;-;-;-;-;-;-;-;-;-
14.10.2025 20:00;14.10.2025 21:00;-;-;-;-;-;-;-;-;-;-;-;-;-;-;-;-;-
14.10.2025 21:00;14.10.2025 22:00;-;-;-;-;-;-;-;-;-;-;-;-;-;-;-;-;-
14.10.2025 22:00;14.10.2025 23:00;-;-;-;-;-;-;-;-;-;-;-;-;-;-;-;-;-
14.10.2025 23:00;15.10.2025 00:00;-;-;-;-;-;-;-;-;-;-;-;-;-;-;-;-;-
15.10.2025 00:00;15.10.2025 01:00;-;-;-;-;-;-;-;-;-;-;-;-;-;-;-;-;-
15.10.2025 01:00;15.10.2025 02:00;-;-;-;-;-;-;-;-;-;-;-;-;-;-;-;-;-
15.10.2025 02:00;15.10.2025 03:00;-;-;-;-;-;-;-;-;-;-;-;-;-;-;-;-;-
15.10.2025 03:00;15.10.2025 04:00;-;-;-;-;-;-;-;-;-;-;-;-;-;-;-;-;-
15.10.2025 04:00;15.10.2025 05:00;-;-;-;-;-;-;-;-;-;-;-;-;-;-;-;-;-
15.10.2025 05:00;15.10.2025 06:00;-;-;-;-;-;-;-;-;-;-;-;-;-;-;-;-;-
15.10.2025 06:00;15.10.2025 07:00;-;-;-;-;-;-;-;-;-;-;-;-;-;-;-;-;-
15.10.2025 07:00;15.10.2025 08:00;-;-;-;-;-;-;-;-;-;-;-;-;-;-;-;-;-
15.10.2025 08:00;15.10.2025 09:00;-;-;-;-;-;-;-;-;-;-;-;-;-;-;-;-;-
15.10.2025 09:00;15.10.2025 10:00;-;-;-;-;-;-;-;-;-;-;-;-;-;-;-;-;-
15.10.2025 10:00;15.10.2025 11:00;-;-;-;-;-;-;-;-;-;-;-;-;-;-;-;-;-
15.10.2025 11:00;15.10.2025 12:00;-;-;-;-;-;-;-;-;-;-;-;-;-;-;-;-;-
15.10.2025 12:00;15.10.2025 13:00;-;-;-;-;-;-;-;-;-;-;-;-;-;-;-;-;-
15.10.2025 13:00;15.10.2025 14:00;-;-;-;-;-;-;-;-;-;-;-;-;-;-;-;-;-
15.10.2025 14:00;15.10.2025 15:00;-;-;-;-;-;-;-;-;-;-;-;-;-;-;-;-;-
15.10.2025 15:00;15.10.2025 16:00;-;-;-;-;-;-;-;-;-;-;-;-;-;-;-;-;-
15.10.2025 16:00;15.10.2025 17:00;-;-;-;-;-;-;-;-;-;-;-;-;-;-;-;-;-
15.10.2025 17:00;15.10.2025 18:00;-;-;-;-;-;-;-;-;-;-;-;-;-;-;-;-;-
15.10.2025 18:00;15.10.2025 19:00;-;-;-;-;-;-;-;-;-;-;-;-;-;-;-;-;-
15.10.2025 19:00;15.10.2025 20:00;-;-;-;-;-;-;-;-;-;-;-;-;-;-;-;-;-
15.10.2025 20:00;15.10.2025 21:00;-;-;-;-;-;-;-;-;-;-;-;-;-;-;-;-;-
15.10.2025 21:00;15.10.2025 22:00;-;-;-;-;-;-;-;-;-;-;-;-;-;-;-;-;-
15.10.2025 22:00;15.10.2025 23:00;-;-;-;-;-;-;-;-;-;-;-;-;-;-;-;-;-
15.10.2025 23:00;16.10.2025 00:00;-;-;-;-;-;-;-;-;-;-;-;-;-;-;-;-;-
16.10.2025 00:00;16.10.2025 01:00;-;-;-;-;-;-;-;-;-;-;-;-;-;-;-;-;-
16.10.2025 01:00;16.10.2025 02:00;-;-;-;-;-;-;-;-;-;-;-;-;-;-;-;-;-
16.10.2025 02:00;16.10.2025 03:00;-;-;-;-;-;-;-;-;-;-;-;-;-;-;-;-;-
16.10.2025 03:00;16.10.2025 04:00;-;-;-;-;-;-;-;-;-;-;-;-;-;-;-;-;-
16.10.2025 04:00;16.10.2025 05:00;-;-;-;-;-;-;-;-;-;-;-;-;-;-;-;-;-
16.10.2025 05:00;16.10.2025 06:00;-;-;-;-;-;-;-;-;-;-;-;-;-;-;-;-;-
16.10.2025 06:00;16.10.2025 07:00;-;-;-;-;-;-;-;-;-;-;-;-;-;-;-;-;-
16.10.2025 07:00;16.10.2025 08:00;-;-;-;-;-;-;-;-;-;-;-;-;-;-;-;-;-
16.10.2025 08:00;16.10.2025 09:00;-;-;-;-;-;-;-;-;-;-;-;-;-;-;-;-;-
16.10.2025 09:00;16.10.2025 10:00;-;-;-;-;-;-;-;-;-;-;-;-;-;-;-;-;-
16.10.2025 10:00;16.10.2025 11:00;-;-;-;-;-;-;-;-;-;-;-;-;-;-;-;-;-
16.10.2025 11:00;16.10.2025 12:00;-;-;-;-;-;-;-;-;-;-;-;-;-;-;-;-;-
16.10.2025 12:00;16.10.2025 13:00;-;-;-;-;-;-;-;-;-;-;-;-;-;-;-;-;-
16.10.2025 13:00;16.10.2025 14:00;-;-;-;-;-;-;-;-;-;-;-;-;-;-;-;-;-
16.10.2025 14:00;16.10.2025 15:00;-;-;-;-;-;-;-;-;-;-;-;-;-;-;-;-;-
16.10.2025 15:00;16.10.2025 16:00;-;-;-;-;-;-;-;-;-;-;-;-;-;-;-;-;-
16.10.2025 16:00;16.10.2025 17:00;-;-;-;-;-;-;-;-;-;-;-;-;-;-;-;-;-
16.10.2025 17:00;16.10.2025 18:00;-;-;-;-;-;-;-;-;-;-;-;-;-;-;-;-;-
16.10.2025 18:00;16.10.2025 19:00;-;-;-;-;-;-;-;-;-;-;-;-;-;-;-;-;-
16.10.2025 19:00;16.10.2025 20:00;-;-;-;-;-;-;-;-;-;-;-;-;-;-;-;-;-
16.10.2025 20:00;16.10.2025 21:00;-;-;-;-;-;-;-;-;-;-;-;-;-;-;-;-;-
16.10.2025 21:00;16.10.2025 22:00;-;-;-;-;-;-;-;-;-;-;-;-;-;-;-;-;-
16.10.2025 22:00;16.10.2025 23:00;-;-;-;-;-;-;-;-;-;-;-;-;-;-;-;-;-
16.10.2025 23:00;17.10.2025 00:00;-;-;-;-;-;-;-;-;-;-;-;-;-;-;-;-;-
17.10.2025 00:00;17.10.2025 01:00;-;-;-;-;-;-;-;-;-;-;-;-;-;-;-;-;-
17.10.2025 01:00;17.10.2025 02:00;-;-;-;-;-;-;-;-;-;-;-;-;-;-;-;-;-
17.10.2025 02:00;17.10.2025 03:00;-;-;-;-;-;-;-;-;-;-;-;-;-;-;-;-;-
17.10.2025 03:00;17.10.2025 04:00;-;-;-;-;-;-;-;-;-;-;-;-;-;-;-;-;-
17.10.2025 04:00;17.10.2025 05:00;-;-;-;-;-;-;-;-;-;-;-;-;-;-;-;-;-
17.10.2025 05:00;17.10.2025 06:00;-;-;-;-;-;-;-;-;-;-;-;-;-;-;-;-;-
17.10.2025 06:00;17.10.2025 07:00;-;-;-;-;-;-;-;-;-;-;-;-;-;-;-;-;-
17.10.2025 07:00;17.10.2025 08:00;-;-;-;-;-;-;-;-;-;-;-;-;-;-;-;-;-
17.10.2025 08:00;17.10.2025 09:00;-;-;-;-;-;-;-;-;-;-;-;-;-;-;-;-;-
17.10.2025 09:00;17.10.2025 10:00;-;-;-;-;-;-;-;-;-;-;-;-;-;-;-;-;-
17.10.2025 10:00;17.10.2025 11:00;-;-;-;-;-;-;-;-;-;-;-;-;-;-;-;-;-
17.10.2025 11:00;17.10.2025 12:00;-;-;-;-;-;-;-;-;-;-;-;-;-;-;-;-;-
17.10.2025 12:00;17.10.2025 13:00;-;-;-;-;-;-;-;-;-;-;-;-;-;-;-;-;-
17.10.2025 13:00;17.10.2025 14:00;-;-;-;-;-;-;-;-;-;-;-;-;-;-;-;-;-
17.10.2025 14:00;17.10.2025 15:00;-;-;-;-;-;-;-;-;-;-;-;-;-;-;-;-;-
17.10.2025 15:00;17.10.2025 16:00;-;-;-;-;-;-;-;-;-;-;-;-;-;-;-;-;-
17.10.2025 16:00;17.10.2025 17:00;-;-;-;-;-;-;-;-;-;-;-;-;-;-;-;-;-
17.10.2025 17:00;17.10.2025 18:00;-;-;-;-;-;-;-;-;-;-;-;-;-;-;-;-;-
17.10.2025 18:00;17.10.2025 19:00;-;-;-;-;-;-;-;-;-;-;-;-;-;-;-;-;-
17.10.2025 19:00;17.10.2025 20:00;-;-;-;-;-;-;-;-;-;-;-;-;-;-;-;-;-
17.10.2025 20:00;17.10.2025 21:00;-;-;-;-;-;-;-;-;-;-;-;-;-;-;-;-;-
17.10.2025 21:00;17.10.2025 22:00;-;-;-;-;-;-;-;-;-;-;-;-;-;-;-;-;-
17.10.2025 22:00;17.10.2025 23:00;-;-;-;-;-;-;-;-;-;-;-;-;-;-;-;-;-
17.10.2025 23:00;18.10.2025 00:00;-;-;-;-;-;-;-;-;-;-;-;-;-;-;-;-;-
18.10.2025 00:00;18.10.2025 01:00;-;-;-;-;-;-;-;-;-;-;-;-;-;-;-;-;-
18.10.2025 01:00;18.10.2025 02:00;-;-;-;-;-;-;-;-;-;-;-;-;-;-;-;-;-
18.10.2025 02:00;18.10.2025 03:00;-;-;-;-;-;-;-;-;-;-;-;-;-;-;-;-;-
18.10.2025 03:00;18.10.2025 04:00;-;-;-;-;-;-;-;-;-;-;-;-;-;-;-;-;-
18.10.2025 04:00;18.10.2025 05:00;-;-;-;-;-;-;-;-;-;-;-;-;-;-;-;-;-
18.10.2025 05:00;18.10.2025 06:00;-;-;-;-;-;-;-;-;-;-;-;-;-;-;-;-;-
18.10.2025 06:00;18.10.2025 07:00;-;-;-;-;-;-;-;-;-;-;-;-;-;-;-;-;-
18.10.2025 07:00;18.10.2025 08:00;-;-;-;-;-;-;-;-;-;-;-;-;-;-;-;-;-
18.10.2025 08:00;18.10.2025 09:00;-;-;-;-;-;-;-;-;-;-;-;-;-;-;-;-;-
18.10.2025 09:00;18.10.2025 10:00;-;-;-;-;-;-;-;-;-;-;-;-;-;-;-;-;-
18.10.2025 10:00;18.10.2025 11:00;-;-;-;-;-;-;-;-;-;-;-;-;-;-;-;-;-
18.10.2025 11:00;18.10.2025 12:00;-;-;-;-;-;-;-;-;-;-;-;-;-;-;-;-;-
18.10.2025 12:00;18.10.2025 13:00;-;-;-;-;-;-;-;-;-;-;-;-;-;-;-;-;-
18.10.2025 13:00;18.10.2025 14:00;-;-;-;-;-;-;-;-;-;-;-;-;-;-;-;-;-
18.10.2025 14:00;18.10.2025 15:00;-;-;-;-;-;-;-;-;-;-;-;-;-;-;-;-;-
18.10.2025 15:00;18.10.2025 16:00;-;-;-;-;-;-;-;-;-;-;-;-;-;-;-;-;-
18.10.2025 16:00;18.10.2025 17:00;-;-;-;-;-;-;-;-;-;-;-;-;-;-;-;-;-
18.10.2025 17:00;18.10.2025 18:00;-;-;-;-;-;-;-;-;-;-;-;-;-;-;-;-;-
18.10.2025 18:00;18.10.2025 19:00;-;-;-;-;-;-;-;-;-;-;-;-;-;-;-;-;-
18.10.2025 19:00;18.10.2025 20:00;-;-;-;-;-;-;-;-;-;-;-;-;-;-;-;-;-
18.10.2025 20:00;18.10.2025 21:00;-;-;-;-;-;-;-;-;-;-;-;-;-;-;-;-;-
18.10.2025 21:00;18.10.2025 22:00;-;-;-;-;-;-;-;-;-;-;-;-;-;-;-;-;-
18.10.2025 22:00;18.10.2025 23:00;-;-;-;-;-;-;-;-;-;-;-;-;-;-;-;-;-
18.10.2025 23:00;19.10.2025 00:00;-;-;-;-;-;-;-;-;-;-;-;-;-;-;-;-;-
19.10.2025 00:00;19.10.2025 01:00;-;-;-;-;-;-;-;-;-;-;-;-;-;-;-;-;-
19.10.2025 01:00;19.10.2025 02:00;-;-;-;-;-;-;-;-;-;-;-;-;-;-;-;-;-
19.10.2025 02:00;19.10.2025 03:00;-;-;-;-;-;-;-;-;-;-;-;-;-;-;-;-;-
19.10.2025 03:00;19.10.2025 04:00;-;-;-;-;-;-;-;-;-;-;-;-;-;-;-;-;-
19.10.2025 04:00;19.10.2025 05:00;-;-;-;-;-;-;-;-;-;-;-;-;-;-;-;-;-
19.10.2025 05:00;19.10.2025 06:00;-;-;-;-;-;-;-;-;-;-;-;-;-;-;-;-;-
19.10.2025 06:00;19.10.2025 07:00;-;-;-;-;-;-;-;-;-;-;-;-;-;-;-;-;-
19.10.2025 07:00;19.10.2025 08:00;-;-;-;-;-;-;-;-;-;-;-;-;-;-;-;-;-
19.10.2025 08:00;19.10.2025 09:00;-;-;-;-;-;-;-;-;-;-;-;-;-;-;-;-;-
19.10.2025 09:00;19.10.2025 10:00;-;-;-;-;-;-;-;-;-;-;-;-;-;-;-;-;-
19.10.2025 10:00;19.10.2025 11:00;-;-;-;-;-;-;-;-;-;-;-;-;-;-;-;-;-
19.10.2025 11:00;19.10.2025 12:00;-;-;-;-;-;-;-;-;-;-;-;-;-;-;-;-;-
19.10.2025 12:00;19.10.2025 13:00;-;-;-;-;-;-;-;-;-;-;-;-;-;-;-;-;-
19.10.2025 13:00;19.10.2025 14:00;-;-;-;-;-;-;-;-;-;-;-;-;-;-;-;-;-
19.10.2025 14:00;19.10.2025 15:00;-;-;-;-;-;-;-;-;-;-;-;-;-;-;-;-;-
19.10.2025 15:00;19.10.2025 16:00;-;-;-;-;-;-;-;-;-;-;-;-;-;-;-;-;-
19.10.2025 16:00;19.10.2025 17:00;-;-;-;-;-;-;-;-;-;-;-;-;-;-;-;-;-
19.10.2025 17:00;19.10.2025 18:00;-;-;-;-;-;-;-;-;-;-;-;-;-;-;-;-;-
19.10.2025 18:00;19.10.2025 19:00;-;-;-;-;-;-;-;-;-;-;-;-;-;-;-;-;-
19.10.2025 19:00;19.10.2025 20:00;-;-;-;-;-;-;-;-;-;-;-;-;-;-;-;-;-
19.10.2025 20:00;19.10.2025 21:00;-;-;-;-;-;-;-;-;-;-;-;-;-;-;-;-;-
19.10.2025 21:00;19.10.2025 22:00;-;-;-;-;-;-;-;-;-;-;-;-;-;-;-;-;-
19.10.2025 22:00;19.10.2025 23:00;-;-;-;-;-;-;-;-;-;-;-;-;-;-;-;-;-
19.10.2025 23:00;20.10.2025 00:00;-;-;-;-;-;-;-;-;-;-;-;-;-;-;-;-;-
20.10.2025 00:00;20.10.2025 01:00;-;-;-;-;-;-;-;-;-;-;-;-;-;-;-;-;-
20.10.2025 01:00;20.10.2025 02:00;-;-;-;-;-;-;-;-;-;-;-;-;-;-;-;-;-
20.10.2025 02:00;20.10.2025 03:00;-;-;-;-;-;-;-;-;-;-;-;-;-;-;-;-;-
20.10.2025 03:00;20.10.2025 04:00;-;-;-;-;-;-;-;-;-;-;-;-;-;-;-;-;-
20.10.2025 04:00;20.10.2025 05:00;-;-;-;-;-;-;-;-;-;-;-;-;-;-;-;-;-
20.10.2025 05:00;20.10.2025 06:00;-;-;-;-;-;-;-;-;-;-;-;-;-;-;-;-;-
20.10.2025 06:00;20.10.2025 07:00;-;-;-;-;-;-;-;-;-;-;-;-;-;-;-;-;-
20.10.2025 07:00;20.10.2025 08:00;-;-;-;-;-;-;-;-;-;-;-;-;-;-;-;-;-
20.10.2025 08:00;20.10.2025 09:00;-;-;-;-;-;-;-;-;-;-;-;-;-;-;-;-;-
20.10.2025 09:00;20.10.2025 10:00;-;-;-;-;-;-;-;-;-;-;-;-;-;-;-;-;-
20.10.2025 10:00;20.10.2025 11:00;-;-;-;-;-;-;-;-;-;-;-;-;-;-;-;-;-
20.10.2025 11:00;20.10.2025 12:00;-;-;-;-;-;-;-;-;-;-;-;-;-;-;-;-;-
20.10.2025 12:00;20.10.2025 13:00;-;-;-;-;-;-;-;-;-;-;-;-;-;-;-;-;-
20.10.2025 13:00;20.10.2025 14:00;-;-;-;-;-;-;-;-;-;-;-;-;-;-;-;-;-
20.10.2025 14:00;20.10.2025 15:00;-;-;-;-;-;-;-;-;-;-;-;-;-;-;-;-;-
20.10.2025 15:00;20.10.2025 16:00;-;-;-;-;-;-;-;-;-;-;-;-;-;-;-;-;-
20.10.2025 16:00;20.10.2025 17:00;-;-;-;-;-;-;-;-;-;-;-;-;-;-;-;-;-
20.10.2025 17:00;20.10.2025 18:00;-;-;-;-;-;-;-;-;-;-;-;-;-;-;-;-;-
20.10.2025 18:00;20.10.2025 19:00;-;-;-;-;-;-;-;-;-;-;-;-;-;-;-;-;-
20.10.2025 19:00;20.10.2025 20:00;-;-;-;-;-;-;-;-;-;-;-;-;-;-;-;-;-
20.10.2025 20:00;20.10.2025 21:00;-;-;-;-;-;-;-;-;-;-;-;-;-;-;-;-;-
20.10.2025 21:00;20.10.2025 22:00;-;-;-;-;-;-;-;-;-;-;-;-;-;-;-;-;-
20.10.2025 22:00;20.10.2025 23:00;-;-;-;-;-;-;-;-;-;-;-;-;-;-;-;-;-
20.10.2025 23:00;21.10.2025 00:00;-;-;-;-;-;-;-;-;-;-;-;-;-;-;-;-;-
21.10.2025 00:00;21.10.2025 01:00;-;-;-;-;-;-;-;-;-;-;-;-;-;-;-;-;-
21.10.2025 01:00;21.10.2025 02:00;-;-;-;-;-;-;-;-;-;-;-;-;-;-;-;-;-
21.10.2025 02:00;21.10.2025 03:00;-;-;-;-;-;-;-;-;-;-;-;-;-;-;-;-;-
21.10.2025 03:00;21.10.2025 04:00;-;-;-;-;-;-;-;-;-;-;-;-;-;-;-;-;-
21.10.2025 04:00;21.10.2025 05:00;-;-;-;-;-;-;-;-;-;-;-;-;-;-;-;-;-
21.10.2025 05:00;21.10.2025 06:00;-;-;-;-;-;-;-;-;-;-;-;-;-;-;-;-;-
21.10.2025 06:00;21.10.2025 07:00;-;-;-;-;-;-;-;-;-;-;-;-;-;-;-;-;-
21.10.2025 07:00;21.10.2025 08:00;-;-;-;-;-;-;-;-;-;-;-;-;-;-;-;-;-
21.10.2025 08:00;21.10.2025 09:00;-;-;-;-;-;-;-;-;-;-;-;-;-;-;-;-;-
21.10.2025 09:00;21.10.2025 10:00;-;-;-;-;-;-;-;-;-;-;-;-;-;-;-;-;-
21.10.2025 10:00;21.10.2025 11:00;-;-;-;-;-;-;-;-;-;-;-;-;-;-;-;-;-
21.10.2025 11:00;21.10.2025 12:00;-;-;-;-;-;-;-;-;-;-;-;-;-;-;-;-;-
21.10.2025 12:00;21.10.2025 13:00;-;-;-;-;-;-;-;-;-;-;-;-;-;-;-;-;-
21.10.2025 13:00;21.10.2025 14:00;-;-;-;-;-;-;-;-;-;-;-;-;-;-;-;-;-
21.10.2025 14:00;21.10.2025 15:00;-;-;-;-;-;-;-;-;-;-;-;-;-;-;-;-;-
21.10.2025 15:00;21.10.2025 16:00;-;-;-;-;-;-;-;-;-;-;-;-;-;-;-;-;-
21.10.2025 16:00;21.10.2025 17:00;-;-;-;-;-;-;-;-;-;-;-;-;-;-;-;-;-
21.10.2025 17:00;21.10.2025 18:00;-;-;-;-;-;-;-;-;-;-;-;-;-;-;-;-;-
21.10.2025 18:00;21.10.2025 19:00;-;-;-;-;-;-;-;-;-;-;-;-;-;-;-;-;-
21.10.2025 19:00;21.10.2025 20:00;-;-;-;-;-;-;-;-;-;-;-;-;-;-;-;-;-
21.10.2025 20:00;21.10.2025 21:00;-;-;-;-;-;-;-;-;-;-;-;-;-;-;-;-;-
21.10.2025 21:00;21.10.2025 22:00;-;-;-;-;-;-;-;-;-;-;-;-;-;-;-;-;-
21.10.2025 22:00;21.10.2025 23:00;-;-;-;-;-;-;-;-;-;-;-;-;-;-;-;-;-
21.10.2025 23:00;22.10.2025 00:00;-;-;-;-;-;-;-;-;-;-;-;-;-;-;-;-;-
22.10.2025 00:00;22.10.2025 01:00;-;-;-;-;-;-;-;-;-;-;-;-;-;-;-;-;-
22.10.2025 01:00;22.10.2025 02:00;-;-;-;-;-;-;-;-;-;-;-;-;-;-;-;-;-
22.10.2025 02:00;22.10.2025 03:00;-;-;-;-;-;-;-;-;-;-;-;-;-;-;-;-;-
22.10.2025 03:00;22.10.2025 04:00;-;-;-;-;-;-;-;-;-;-;-;-;-;-;-;-;-
22.10.2025 04:00;22.10.2025 05:00;-;-;-;-;-;-;-;-;-;-;-;-;-;-;-;-;-
22.10.2025 05:00;22.10.2025 06:00;-;-;-;-;-;-;-;-;-;-;-;-;-;-;-;-;-
22.10.2025 06:00;22.10.2025 07:00;-;-;-;-;-;-;-;-;-;-;-;-;-;-;-;-;-
22.10.2025 07:00;22.10.2025 08:00;-;-;-;-;-;-;-;-;-;-;-;-;-;-;-;-;-
22.10.2025 08:00;22.10.2025 09:00;-;-;-;-;-;-;-;-;-;-;-;-;-;-;-;-;-
22.10.2025 09:00;22.10.2025 10:00;-;-;-;-;-;-;-;-;-;-;-;-;-;-;-;-;-
22.10.2025 10:00;22.10.2025 11:00;-;-;-;-;-;-;-;-;-;-;-;-;-;-;-;-;-
22.10.2025 11:00;22.10.2025 12:00;-;-;-;-;-;-;-;-;-;-;-;-;-;-;-;-;-
22.10.2025 12:00;22.10.2025 13:00;-;-;-;-;-;-;-;-;-;-;-;-;-;-;-;-;-
22.10.2025 13:00;22.10.2025 14:00;-;-;-;-;-;-;-;-;-;-;-;-;-;-;-;-;-
22.10.2025 14:00;22.10.2025 15:00;-;-;-;-;-;-;-;-;-;-;-;-;-;-;-;-;-
22.10.2025 15:00;22.10.2025 16:00;-;-;-;-;-;-;-;-;-;-;-;-;-;-;-;-;-
22.10.2025 16:00;22.10.2025 17:00;-;-;-;-;-;-;-;-;-;-;-;-;-;-;-;-;-
22.10.2025 17:00;22.10.2025 18:00;-;-;-;-;-;-;-;-;-;-;-;-;-;-;-;-;-
22.10.2025 18:00;22.10.2025 19:00;-;-;-;-;-;-;-;-;-;-;-;-;-;-;-;-;-
22.10.2025 19:00;22.10.2025 20:00;-;-;-;-;-;-;-;-;-;-;-;-;-;-;-;-;-
22.10.2025 20:00;22.10.2025 21:00;-;-;-;-;-;-;-;-;-;-;-;-;-;-;-;-;-
22.10.2025 21:00;22.10.2025 22:00;-;-;-;-;-;-;-;-;-;-;-;-;-;-;-;-;-
22.10.2025 22:00;22.10.2025 23:00;-;-;-;-;-;-;-;-;-;-;-;-;-;-;-;-;-
22.10.2025 23:00;23.10.2025 00:00;-;-;-;-;-;-;-;-;-;-;-;-;-;-;-;-;-
23.10.2025 00:00;23.10.2025 01:00;-;-;-;-;-;-;-;-;-;-;-;-;-;-;-;-;-
23.10.2025 01:00;23.10.2025 02:00;-;-;-;-;-;-;-;-;-;-;-;-;-;-;-;-;-
23.10.2025 02:00;23.10.2025 03:00;-;-;-;-;-;-;-;-;-;-;-;-;-;-;-;-;-
23.10.2025 03:00;23.10.2025 04:00;-;-;-;-;-;-;-;-;-;-;-;-;-;-;-;-;-
23.10.2025 04:00;23.10.2025 05:00;-;-;-;-;-;-;-;-;-;-;-;-;-;-;-;-;-
23.10.2025 05:00;23.10.2025 06:00;-;-;-;-;-;-;-;-;-;-;-;-;-;-;-;-;-
23.10.2025 06:00;23.10.2025 07:00;-;-;-;-;-;-;-;-;-;-;-;-;-;-;-;-;-
23.10.2025 07:00;23.10.2025 08:00;-;-;-;-;-;-;-;-;-;-;-;-;-;-;-;-;-
23.10.2025 08:00;23.10.2025 09:00;-;-;-;-;-;-;-;-;-;-;-;-;-;-;-;-;-
23.10.2025 09:00;23.10.2025 10:00;-;-;-;-;-;-;-;-;-;-;-;-;-;-;-;-;-
23.10.2025 10:00;23.10.2025 11:00;-;-;-;-;-;-;-;-;-;-;-;-;-;-;-;-;-
23.10.2025 11:00;23.10.2025 12:00;-;-;-;-;-;-;-;-;-;-;-;-;-;-;-;-;-
23.10.2025 12:00;23.10.2025 13:00;-;-;-;-;-;-;-;-;-;-;-;-;-;-;-;-;-
23.10.2025 13:00;23.10.2025 14:00;-;-;-;-;-;-;-;-;-;-;-;-;-;-;-;-;-
23.10.2025 14:00;23.10.2025 15:00;-;-;-;-;-;-;-;-;-;-;-;-;-;-;-;-;-
23.10.2025 15:00;23.10.2025 16:00;-;-;-;-;-;-;-;-;-;-;-;-;-;-;-;-;-
23.10.2025 16:00;23.10.2025 17:00;-;-;-;-;-;-;-;-;-;-;-;-;-;-;-;-;-
23.10.2025 17:00;23.10.2025 18:00;-;-;-;-;-;-;-;-;-;-;-;-;-;-;-;-;-
23.10.2025 18:00;23.10.2025 19:00;-;-;-;-;-;-;-;-;-;-;-;-;-;-;-;-;-
23.10.2025 19:00;23.10.2025 20:00;-;-;-;-;-;-;-;-;-;-;-;-;-;-;-;-;-
23.10.2025 20:00;23.10.2025 21:00;-;-;-;-;-;-;-;-;-;-;-;-;-;-;-;-;-
23.10.2025 21:00;23.10.2025 22:00;-;-;-;-;-;-;-;-;-;-;-;-;-;-;-;-;-
23.10.2025 22:00;23.10.2025 23:00;-;-;-;-;-;-;-;-;-;-;-;-;-;-;-;-;-
23.10.2025 23:00;24.10.2025 00:00;-;-;-;-;-;-;-;-;-;-;-;-;-;-;-;-;-
24.10.2025 00:00;24.10.2025 01:00;-;-;-;-;-;-;-;-;-;-;-;-;-;-;-;-;-
24.10.2025 01:00;24.10.2025 02:00;-;-;-;-;-;-;-;-;-;-;-;-;-;-;-;-;-
24.10.2025 02:00;24.10.2025 03:00;-;-;-;-;-;-;-;-;-;-;-;-;-;-;-;-;-
24.10.2025 03:00;24.10.2025 04:00;-;-;-;-;-;-;-;-;-;-;-;-;-;-;-;-;-
24.10.2025 04:00;24.10.2025 05:00;-;-;-;-;-;-;-;-;-;-;-;-;-;-;-;-;-
24.10.2025 05:00;24.10.2025 06:00;-;-;-;-;-;-;-;-;-;-;-;-;-;-;-;-;-
24.10.2025 06:00;24.10.2025 07:00;-;-;-;-;-;-;-;-;-;-;-;-;-;-;-;-;-
24.10.2025 07:00;24.10.2025 08:00;-;-;-;-;-;-;-;-;-;-;-;-;-;-;-;-;-
24.10.2025 08:00;24.10.2025 09:00;-;-;-;-;-;-;-;-;-;-;-;-;-;-;-;-;-
24.10.2025 09:00;24.10.2025 10:00;-;-;-;-;-;-;-;-;-;-;-;-;-;-;-;-;-
24.10.2025 10:00;24.10.2025 11:00;-;-;-;-;-;-;-;-;-;-;-;-;-;-;-;-;-
24.10.2025 11:00;24.10.2025 12:00;-;-;-;-;-;-;-;-;-;-;-;-;-;-;-;-;-
24.10.2025 12:00;24.10.2025 13:00;-;-;-;-;-;-;-;-;-;-;-;-;-;-;-;-;-
24.10.2025 13:00;24.10.2025 14:00;-;-;-;-;-;-;-;-;-;-;-;-;-;-;-;-;-
24.10.2025 14:00;24.10.2025 15:00;-;-;-;-;-;-;-;-;-;-;-;-;-;-;-;-;-
24.10.2025 15:00;24.10.2025 16:00;-;-;-;-;-;-;-;-;-;-;-;-;-;-;-;-;-
24.10.2025 16:00;24.10.2025 17:00;-;-;-;-;-;-;-;-;-;-;-;-;-;-;-;-;-
24.10.2025 17:00;24.10.2025 18:00;-;-;-;-;-;-;-;-;-;-;-;-;-;-;-;-;-
24.10.2025 18:00;24.10.2025 19:00;-;-;-;-;-;-;-;-;-;-;-;-;-;-;-;-;-
24.10.2025 19:00;24.10.2025 20:00;-;-;-;-;-;-;-;-;-;-;-;-;-;-;-;-;-
24.10.2025 20:00;24.10.2025 21:00;-;-;-;-;-;-;-;-;-;-;-;-;-;-;-;-;-
24.10.2025 21:00;24.10.2025 22:00;-;-;-;-;-;-;-;-;-;-;-;-;-;-;-;-;-
24.10.2025 22:00;24.10.2025 23:00;-;-;-;-;-;-;-;-;-;-;-;-;-;-;-;-;-
24.10.2025 23:00;25.10.2025 00:00;-;-;-;-;-;-;-;-;-;-;-;-;-;-;-;-;-
25.10.2025 00:00;25.10.2025 01:00;-;-;-;-;-;-;-;-;-;-;-;-;-;-;-;-;-
25.10.2025 01:00;25.10.2025 02:00;-;-;-;-;-;-;-;-;-;-;-;-;-;-;-;-;-
25.10.2025 02:00;25.10.2025 03:00;-;-;-;-;-;-;-;-;-;-;-;-;-;-;-;-;-
25.10.2025 03:00;25.10.2025 04:00;-;-;-;-;-;-;-;-;-;-;-;-;-;-;-;-;-
25.10.2025 04:00;25.10.2025 05:00;-;-;-;-;-;-;-;-;-;-;-;-;-;-;-;-;-
25.10.2025 05:00;25.10.2025 06:00;-;-;-;-;-;-;-;-;-;-;-;-;-;-;-;-;-
25.10.2025 06:00;25.10.2025 07:00;-;-;-;-;-;-;-;-;-;-;-;-;-;-;-;-;-
25.10.2025 07:00;25.10.2025 08:00;-;-;-;-;-;-;-;-;-;-;-;-;-;-;-;-;-
25.10.2025 08:00;25.10.2025 09:00;-;-;-;-;-;-;-;-;-;-;-;-;-;-;-;-;-
25.10.2025 09:00;25.10.2025 10:00;-;-;-;-;-;-;-;-;-;-;-;-;-;-;-;-;-
25.10.2025 10:00;25.10.2025 11:00;-;-;-;-;-;-;-;-;-;-;-;-;-;-;-;-;-
25.10.2025 11:00;25.10.2025 12:00;-;-;-;-;-;-;-;-;-;-;-;-;-;-;-;-;-
25.10.2025 12:00;25.10.2025 13:00;-;-;-;-;-;-;-;-;-;-;-;-;-;-;-;-;-
25.10.2025 13:00;25.10.2025 14:00;-;-;-;-;-;-;-;-;-;-;-;-;-;-;-;-;-
25.10.2025 14:00;25.10.2025 15:00;-;-;-;-;-;-;-;-;-;-;-;-;-;-;-;-;-
25.10.2025 15:00;25.10.2025 16:00;-;-;-;-;-;-;-;-;-;-;-;-;-;-;-;-;-
25.10.2025 16:00;25.10.2025 17:00;-;-;-;-;-;-;-;-;-;-;-;-;-;-;-;-;-
25.10.2025 17:00;25.10.2025 18:00;-;-;-;-;-;-;-;-;-;-;-;-;-;-;-;-;-
25.10.2025 18:00;25.10.2025 19:00;-;-;-;-;-;-;-;-;-;-;-;-;-;-;-;-;-
25.10.2025 19:00;25.10.2025 20:00;-;-;-;-;-;-;-;-;-;-;-;-;-;-;-;-;-
25.10.2025 20:00;25.10.2025 21:00;-;-;-;-;-;-;-;-;-;-;-;-;-;-;-;-;-
25.10.2025 21:00;25.10.2025 22:00;-;-;-;-;-;-;-;-;-;-;-;-;-;-;-;-;-
25.10.2025 22:00;25.10.2025 23:00;-;-;-;-;-;-;-;-;-;-;-;-;-;-;-;-;-
25.10.2025 23:00;26.10.2025 00:00;-;-;-;-;-;-;-;-;-;-;-;-;-;-;-;-;-
26.10.2025 00:00;26.10.2025 01:00;-;-;-;-;-;-;-;-;-;-;-;-;-;-;-;-;-
26.10.2025 01:00;26.10.2025 02:00;-;-;-;-;-;-;-;-;-;-;-;-;-;-;-;-;-
26.10.2025 02:00;26.10.2025 03:00;-;-;-;-;-;-;-;-;-;-;-;-;-;-;-;-;-
26.10.2025 02:00;26.10.2025 03:00;-;-;-;-;-;-;-;-;-;-;-;-;-;-;-;-;-
26.10.2025 03:00;26.10.2025 04:00;-;-;-;-;-;-;-;-;-;-;-;-;-;-;-;-;-
26.10.2025 04:00;26.10.2025 05:00;-;-;-;-;-;-;-;-;-;-;-;-;-;-;-;-;-
26.10.2025 05:00;26.10.2025 06:00;-;-;-;-;-;-;-;-;-;-;-;-;-;-;-;-;-
26.10.2025 06:00;26.10.2025 07:00;-;-;-;-;-;-;-;-;-;-;-;-;-;-;-;-;-
26.10.2025 07:00;26.10.2025 08:00;-;-;-;-;-;-;-;-;-;-;-;-;-;-;-;-;-
26.10.2025 08:00;26.10.2025 09:00;-;-;-;-;-;-;-;-;-;-;-;-;-;-;-;-;-
26.10.2025 09:00;26.10.2025 10:00;-;-;-;-;-;-;-;-;-;-;-;-;-;-;-;-;-
26.10.2025 10:00;26.10.2025 11:00;-;-;-;-;-;-;-;-;-;-;-;-;-;-;-;-;-
26.10.2025 11:00;26.10.2025 12:00;-;-;-;-;-;-;-;-;-;-;-;-;-;-;-;-;-
26.10.2025 12:00;26.10.2025 13:00;-;-;-;-;-;-;-;-;-;-;-;-;-;-;-;-;-
26.10.2025 13:00;26.10.2025 14:00;-;-;-;-;-;-;-;-;-;-;-;-;-;-;-;-;-
26.10.2025 14:00;26.10.2025 15:00;-;-;-;-;-;-;-;-;-;-;-;-;-;-;-;-;-
26.10.2025 15:00;26.10.2025 16:00;-;-;-;-;-;-;-;-;-;-;-;-;-;-;-;-;-
26.10.2025 16:00;26.10.2025 17:00;-;-;-;-;-;-;-;-;-;-;-;-;-;-;-;-;-
26.10.2025 17:00;26.10.2025 18:00;-;-;-;-;-;-;-;-;-;-;-;-;-;-;-;-;-
26.10.2025 18:00;26.10.2025 19:00;-;-;-;-;-;-;-;-;-;-;-;-;-;-;-;-;-
26.10.2025 19:00;26.10.2025 20:00;-;-;-;-;-;-;-;-;-;-;-;-;-;-;-;-;-
26.10.2025 20:00;26.10.2025 21:00;-;-;-;-;-;-;-;-;-;-;-;-;-;-;-;-;-
26.10.2025 21:00;26.10.2025 22:00;-;-;-;-;-;-;-;-;-;-;-;-;-;-;-;-;-
26.10.2025 22:00;26.10.2025 23:00;-;-;-;-;-;-;-;-;-;-;-;-;-;-;-;-;-
26.10.2025 23:00;27.10.2025 00:00;-;-;-;-;-;-;-;-;-;-;-;-;-;-;-;-;-
27.10.2025 00:00;27.10.2025 01:00;-;-;-;-;-;-;-;-;-;-;-;-;-;-;-;-;-
27.10.2025 01:00;27.10.2025 02:00;-;-;-;-;-;-;-;-;-;-;-;-;-;-;-;-;-
27.10.2025 02:00;27.10.2025 03:00;-;-;-;-;-;-;-;-;-;-;-;-;-;-;-;-;-
27.10.2025 03:00;27.10.2025 04:00;-;-;-;-;-;-;-;-;-;-;-;-;-;-;-;-;-
27.10.2025 04:00;27.10.2025 05:00;-;-;-;-;-;-;-;-;-;-;-;-;-;-;-;-;-
27.10.2025 05:00;27.10.2025 06:00;-;-;-;-;-;-;-;-;-;-;-;-;-;-;-;-;-
27.10.2025 06:00;27.10.2025 07:00;-;-;-;-;-;-;-;-;-;-;-;-;-;-;-;-;-
27.10.2025 07:00;27.10.2025 08:00;-;-;-;-;-;-;-;-;-;-;-;-;-;-;-;-;-
27.10.2025 08:00;27.10.2025 09:00;-;-;-;-;-;-;-;-;-;-;-;-;-;-;-;-;-
27.10.2025 09:00;27.10.2025 10:00;-;-;-;-;-;-;-;-;-;-;-;-;-;-;-;-;-
27.10.2025 10:00;27.10.2025 11:00;-;-;-;-;-;-;-;-;-;-;-;-;-;-;-;-;-
27.10.2025 11:00;27.10.2025 12:00;-;-;-;-;-;-;-;-;-;-;-;-;-;-;-;-;-
27.10.2025 12:00;27.10.2025 13:00;-;-;-;-;-;-;-;-;-;-;-;-;-;-;-;-;-
27.10.2025 13:00;27.10.2025 14:00;-;-;-;-;-;-;-;-;-;-;-;-;-;-;-;-;-
27.10.2025 14:00;27.10.2025 15:00;-;-;-;-;-;-;-;-;-;-;-;-;-;-;-;-;-
27.10.2025 15:00;27.10.2025 16:00;-;-;-;-;-;-;-;-;-;-;-;-;-;-;-;-;-
27.10.2025 16:00;27.10.2025 17:00;-;-;-;-;-;-;-;-;-;-;-;-;-;-;-;-;-
27.10.2025 17:00;27.10.2025 18:00;-;-;-;-;-;-;-;-;-;-;-;-;-;-;-;-;-
27.10.2025 18:00;27.10.2025 19:00;-;-;-;-;-;-;-;-;-;-;-;-;-;-;-;-;-
27.10.2025 19:00;27.10.2025 20:00;-;-;-;-;-;-;-;-;-;-;-;-;-;-;-;-;-
27.10.2025 20:00;27.10.2025 21:00;-;-;-;-;-;-;-;-;-;-;-;-;-;-;-;-;-
27.10.2025 21:00;27.10.2025 22:00;-;-;-;-;-;-;-;-;-;-;-;-;-;-;-;-;-
27.10.2025 22:00;27.10.2025 23:00;-;-;-;-;-;-;-;-;-;-;-;-;-;-;-;-;-
27.10.2025 23:00;28.10.2025 00:00;-;-;-;-;-;-;-;-;-;-;-;-;-;-;-;-;-
28.10.2025 00:00;28.10.2025 01:00;-;-;-;-;-;-;-;-;-;-;-;-;-;-;-;-;-
28.10.2025 01:00;28.10.2025 02:00;-;-;-;-;-;-;-;-;-;-;-;-;-;-;-;-;-
28.10.2025 02:00;28.10.2025 03:00;-;-;-;-;-;-;-;-;-;-;-;-;-;-;-;-;-
28.10.2025 03:00;28.10.2025 04:00;-;-;-;-;-;-;-;-;-;-;-;-;-;-;-;-;-
28.10.2025 04:00;28.10.2025 05:00;-;-;-;-;-;-;-;-;-;-;-;-;-;-;-;-;-
28.10.2025 05:00;28.10.2025 06:00;-;-;-;-;-;-;-;-;-;-;-;-;-;-;-;-;-
28.10.2025 06:00;28.10.2025 07:00;-;-;-;-;-;-;-;-;-;-;-;-;-;-;-;-;-
28.10.2025 07:00;28.10.2025 08:00;-;-;-;-;-;-;-;-;-;-;-;-;-;-;-;-;-
28.10.2025 08:00;28.10.2025 09:00;-;-;-;-;-;-;-;-;-;-;-;-;-;-;-;-;-
28.10.2025 09:00;28.10.2025 10:00;-;-;-;-;-;-;-;-;-;-;-;-;-;-;-;-;-
28.10.2025 10:00;28.10.2025 11:00;-;-;-;-;-;-;-;-;-;-;-;-;-;-;-;-;-
28.10.2025 11:00;28.10.2025 12:00;-;-;-;-;-;-;-;-;-;-;-;-;-;-;-;-;-
28.10.2025 12:00;28.10.2025 13:00;-;-;-;-;-;-;-;-;-;-;-;-;-;-;-;-;-
28.10.2025 13:00;28.10.2025 14:00;-;-;-;-;-;-;-;-;-;-;-;-;-;-;-;-;-
28.10.2025 14:00;28.10.2025 15:00;-;-;-;-;-;-;-;-;-;-;-;-;-;-;-;-;-
28.10.2025 15:00;28.10.2025 16:00;-;-;-;-;-;-;-;-;-;-;-;-;-;-;-;-;-
28.10.2025 16:00;28.10.2025 17:00;-;-;-;-;-;-;-;-;-;-;-;-;-;-;-;-;-
28.10.2025 17:00;28.10.2025 18:00;-;-;-;-;-;-;-;-;-;-;-;-;-;-;-;-;-
28.10.2025 18:00;28.10.2025 19:00;-;-;-;-;-;-;-;-;-;-;-;-;-;-;-;-;-
28.10.2025 19:00;28.10.2025 20:00;-;-;-;-;-;-;-;-;-;-;-;-;-;-;-;-;-
28.10.2025 20:00;28.10.2025 21:00;-;-;-;-;-;-;-;-;-;-;-;-;-;-;-;-;-
28.10.2025 21:00;28.10.2025 22:00;-;-;-;-;-;-;-;-;-;-;-;-;-;-;-;-;-
28.10.2025 22:00;28.10.2025 23:00;-;-;-;-;-;-;-;-;-;-;-;-;-;-;-;-;-
28.10.2025 23:00;29.10.2025 00:00;-;-;-;-;-;-;-;-;-;-;-;-;-;-;-;-;-
29.10.2025 00:00;29.10.2025 01:00;-;-;-;-;-;-;-;-;-;-;-;-;-;-;-;-;-
29.10.2025 01:00;29.10.2025 02:00;-;-;-;-;-;-;-;-;-;-;-;-;-;-;-;-;-
29.10.2025 02:00;29.10.2025 03:00;-;-;-;-;-;-;-;-;-;-;-;-;-;-;-;-;-
29.10.2025 03:00;29.10.2025 04:00;-;-;-;-;-;-;-;-;-;-;-;-;-;-;-;-;-
29.10.2025 04:00;29.10.2025 05:00;-;-;-;-;-;-;-;-;-;-;-;-;-;-;-;-;-
29.10.2025 05:00;29.10.2025 06:00;-;-;-;-;-;-;-;-;-;-;-;-;-;-;-;-;-
29.10.2025 06:00;29.10.2025 07:00;-;-;-;-;-;-;-;-;-;-;-;-;-;-;-;-;-
29.10.2025 07:00;29.10.2025 08:00;-;-;-;-;-;-;-;-;-;-;-;-;-;-;-;-;-
29.10.2025 08:00;29.10.2025 09:00;-;-;-;-;-;-;-;-;-;-;-;-;-;-;-;-;-
29.10.2025 09:00;29.10.2025 10:00;-;-;-;-;-;-;-;-;-;-;-;-;-;-;-;-;-
29.10.2025 10:00;29.10.2025 11:00;-;-;-;-;-;-;-;-;-;-;-;-;-;-;-;-;-
29.10.2025 11:00;29.10.2025 12:00;-;-;-;-;-;-;-;-;-;-;-;-;-;-;-;-;-
29.10.2025 12:00;29.10.2025 13:00;-;-;-;-;-;-;-;-;-;-;-;-;-;-;-;-;-
29.10.2025 13:00;29.10.2025 14:00;-;-;-;-;-;-;-;-;-;-;-;-;-;-;-;-;-
29.10.2025 14:00;29.10.2025 15:00;-;-;-;-;-;-;-;-;-;-;-;-;-;-;-;-;-
29.10.2025 15:00;29.10.2025 16:00;-;-;-;-;-;-;-;-;-;-;-;-;-;-;-;-;-
29.10.2025 16:00;29.10.2025 17:00;-;-;-;-;-;-;-;-;-;-;-;-;-;-;-;-;-
29.10.2025 17:00;29.10.2025 18:00;-;-;-;-;-;-;-;-;-;-;-;-;-;-;-;-;-
29.10.2025 18:00;29.10.2025 19:00;-;-;-;-;-;-;-;-;-;-;-;-;-;-;-;-;-
29.10.2025 19:00;29.10.2025 20:00;-;-;-;-;-;-;-;-;-;-;-;-;-;-;-;-;-
29.10.2025 20:00;29.10.2025 21:00;-;-;-;-;-;-;-;-;-;-;-;-;-;-;-;-;-
29.10.2025 21:00;29.10.2025 22:00;-;-;-;-;-;-;-;-;-;-;-;-;-;-;-;-;-
29.10.2025 22:00;29.10.2025 23:00;-;-;-;-;-;-;-;-;-;-;-;-;-;-;-;-;-
29.10.2025 23:00;30.10.2025 00:00;-;-;-;-;-;-;-;-;-;-;-;-;-;-;-;-;-
30.10.2025 00:00;30.10.2025 01:00;-;-;-;-;-;-;-;-;-;-;-;-;-;-;-;-;-
30.10.2025 01:00;30.10.2025 02:00;-;-;-;-;-;-;-;-;-;-;-;-;-;-;-;-;-
30.10.2025 02:00;30.10.2025 03:00;-;-;-;-;-;-;-;-;-;-;-;-;-;-;-;-;-
30.10.2025 03:00;30.10.2025 04:00;-;-;-;-;-;-;-;-;-;-;-;-;-;-;-;-;-
30.10.2025 04:00;30.10.2025 05:00;-;-;-;-;-;-;-;-;-;-;-;-;-;-;-;-;-
30.10.2025 05:00;30.10.2025 06:00;-;-;-;-;-;-;-;-;-;-;-;-;-;-;-;-;-
30.10.2025 06:00;30.10.2025 07:00;-;-;-;-;-;-;-;-;-;-;-;-;-;-;-;-;-
30.10.2025 07:00;30.10.2025 08:00;-;-;-;-;-;-;-;-;-;-;-;-;-;-;-;-;-
30.10.2025 08:00;30.10.2025 09:00;-;-;-;-;-;-;-;-;-;-;-;-;-;-;-;-;-
30.10.2025 09:00;30.10.2025 10:00;-;-;-;-;-;-;-;-;-;-;-;-;-;-;-;-;-
30.10.2025 10:00;30.10.2025 11:00;-;-;-;-;-;-;-;-;-;-;-;-;-;-;-;-;-
30.10.2025 11:00;30.10.2025 12:00;-;-;-;-;-;-;-;-;-;-;-;-;-;-;-;-;-
30.10.2025 12:00;30.10.2025 13:00;-;-;-;-;-;-;-;-;-;-;-;-;-;-;-;-;-
30.10.2025 13:00;30.10.2025 14:00;-;-;-;-;-;-;-;-;-;-;-;-;-;-;-;-;-
30.10.2025 14:00;30.10.2025 15:00;-;-;-;-;-;-;-;-;-;-;-;-;-;-;-;-;-
30.10.2025 15:00;30.10.2025 16:00;-;-;-;-;-;-;-;-;-;-;-;-;-;-;-;-;-
30.10.2025 16:00;30.10.2025 17:00;-;-;-;-;-;-;-;-;-;-;-;-;-;-;-;-;-
30.10.2025 17:00;30.10.2025 18:00;-;-;-;-;-;-;-;-;-;-;-;-;-;-;-;-;-
30.10.2025 18:00;30.10.2025 19:00;-;-;-;-;-;-;-;-;-;-;-;-;-;-;-;-;-
30.10.2025 19:00;30.10.2025 20:00;-;-;-;-;-;-;-;-;-;-;-;-;-;-;-;-;-
30.10.2025 20:00;30.10.2025 21:00;-;-;-;-;-;-;-;-;-;-;-;-;-;-;-;-;-
30.10.2025 21:00;30.10.2025 22:00;-;-;-;-;-;-;-;-;-;-;-;-;-;-;-;-;-
30.10.2025 22:00;30.10.2025 23:00;-;-;-;-;-;-;-;-;-;-;-;-;-;-;-;-;-
30.10.2025 23:00;31.10.2025 00:00;-;-;-;-;-;-;-;-;-;-;-;-;-;-;-;-;-
31.10.2025 00:00;31.10.2025 01:00;-;-;-;-;-;-;-;-;-;-;-;-;-;-;-;-;-
31.10.2025 01:00;31.10.2025 02:00;-;-;-;-;-;-;-;-;-;-;-;-;-;-;-;-;-
31.10.2025 02:00;31.10.2025 03:00;-;-;-;-;-;-;-;-;-;-;-;-;-;-;-;-;-
31.10.2025 03:00;31.10.2025 04:00;-;-;-;-;-;-;-;-;-;-;-;-;-;-;-;-;-
31.10.2025 04:00;31.10.2025 05:00;-;-;-;-;-;-;-;-;-;-;-;-;-;-;-;-;-
31.10.2025 05:00;31.10.2025 06:00;-;-;-;-;-;-;-;-;-;-;-;-;-;-;-;-;-
31.10.2025 06:00;31.10.2025 07:00;-;-;-;-;-;-;-;-;-;-;-;-;-;-;-;-;-
31.10.2025 07:00;31.10.2025 08:00;-;-;-;-;-;-;-;-;-;-;-;-;-;-;-;-;-
31.10.2025 08:00;31.10.2025 09:00;-;-;-;-;-;-;-;-;-;-;-;-;-;-;-;-;-
31.10.2025 09:00;31.10.2025 10:00;-;-;-;-;-;-;-;-;-;-;-;-;-;-;-;-;-
31.10.2025 10:00;31.10.2025 11:00;-;-;-;-;-;-;-;-;-;-;-;-;-;-;-;-;-
31.10.2025 11:00;31.10.2025 12:00;-;-;-;-;-;-;-;-;-;-;-;-;-;-;-;-;-
31.10.2025 12:00;31.10.2025 13:00;-;-;-;-;-;-;-;-;-;-;-;-;-;-;-;-;-
31.10.2025 13:00;31.10.2025 14:00;-;-;-;-;-;-;-;-;-;-;-;-;-;-;-;-;-
31.10.2025 14:00;31.10.2025 15:00;-;-;-;-;-;-;-;-;-;-;-;-;-;-;-;-;-
31.10.2025 15:00;31.10.2025 16:00;-;-;-;-;-;-;-;-;-;-;-;-;-;-;-;-;-
31.10.2025 16:00;31.10.2025 17:00;-;-;-;-;-;-;-;-;-;-;-;-;-;-;-;-;-
31.10.2025 17:00;31.10.2025 18:00;-;-;-;-;-;-;-;-;-;-;-;-;-;-;-;-;-
31.10.2025 18:00;31.10.2025 19:00;-;-;-;-;-;-;-;-;-;-;-;-;-;-;-;-;-
31.10.2025 19:00;31.10.2025 20:00;-;-;-;-;-;-;-;-;-;-;-;-;-;-;-;-;-
31.10.2025 20:00;31.10.2025 21:00;-;-;-;-;-;-;-;-;-;-;-;-;-;-;-;-;-
31.10.2025 21:00;31.10.2025 22:00;-;-;-;-;-;-;-;-;-;-;-;-;-;-;-;-;-
31.10.2025 22:00;31.10.2025 23:00;-;-;-;-;-;-;-;-;-;-;-;-;-;-;-;-;-
31.10.2025 23:00;01.11.2025 00:00;-;-;-;-;-;-;-;-;-;-;-;-;-;-;-;-;-
01.11.2025 00:00;01.11.2025 01:00;-;-;-;-;-;-;-;-;-;-;-;-;-;-;-;-;-
01.11.2025 01:00;01.11.2025 02:00;-;-;-;-;-;-;-;-;-;-;-;-;-;-;-;-;-
01.11.2025 02:00;01.11.2025 03:00;-;-;-;-;-;-;-;-;-;-;-;-;-;-;-;-;-
01.11.2025 03:00;01.11.2025 04:00;-;-;-;-;-;-;-;-;-;-;-;-;-;-;-;-;-
01.11.2025 04:00;01.11.2025 05:00;-;-;-;-;-;-;-;-;-;-;-;-;-;-;-;-;-
01.11.2025 05:00;01.11.2025 06:00;-;-;-;-;-;-;-;-;-;-;-;-;-;-;-;-;-
01.11.2025 06:00;01.11.2025 07:00;-;-;-;-;-;-;-;-;-;-;-;-;-;-;-;-;-
01.11.2025 07:00;01.11.2025 08:00;-;-;-;-;-;-;-;-;-;-;-;-;-;-;-;-;-
01.11.2025 08:00;01.11.2025 09:00;-;-;-;-;-;-;-;-;-;-;-;-;-;-;-;-;-
01.11.2025 09:00;01.11.2025 10:00;-;-;-;-;-;-;-;-;-;-;-;-;-;-;-;-;-
01.11.2025 10:00;01.11.2025 11:00;-;-;-;-;-;-;-;-;-;-;-;-;-;-;-;-;-
01.11.2025 11:00;01.11.2025 12:00;-;-;-;-;-;-;-;-;-;-;-;-;-;-;-;-;-
01.11.2025 12:00;01.11.2025 13:00;-;-;-;-;-;-;-;-;-;-;-;-;-;-;-;-;-
01.11.2025 13:00;01.11.2025 14:00;-;-;-;-;-;-;-;-;-;-;-;-;-;-;-;-;-
01.11.2025 14:00;01.11.2025 15:00;-;-;-;-;-;-;-;-;-;-;-;-;-;-;-;-;-
01.11.2025 15:00;01.11.2025 16:00;-;-;-;-;-;-;-;-;-;-;-;-;-;-;-;-;-
01.11.2025 16:00;01.11.2025 17:00;-;-;-;-;-;-;-;-;-;-;-;-;-;-;-;-;-
01.11.2025 17:00;01.11.2025 18:00;-;-;-;-;-;-;-;-;-;-;-;-;-;-;-;-;-
01.11.2025 18:00;01.11.2025 19:00;-;-;-;-;-;-;-;-;-;-;-;-;-;-;-;-;-
01.11.2025 19:00;01.11.2025 20:00;-;-;-;-;-;-;-;-;-;-;-;-;-;-;-;-;-
01.11.2025 20:00;01.11.2025 21:00;-;-;-;-;-;-;-;-;-;-;-;-;-;-;-;-;-
01.11.2025 21:00;01.11.2025 22:00;-;-;-;-;-;-;-;-;-;-;-;-;-;-;-;-;-
01.11.2025 22:00;01.11.2025 23:00;-;-;-;-;-;-;-;-;-;-;-;-;-;-;-;-;-
01.11.2025 23:00;02.11.2025 00:00;-;-;-;-;-;-;-;-;-;-;-;-;-;-;-;-;-
02.11.2025 00:00;02.11.2025 01:00;-;-;-;-;-;-;-;-;-;-;-;-;-;-;-;-;-
02.11.2025 01:00;02.11.2025 02:00;-;-;-;-;-;-;-;-;-;-;-;-;-;-;-;-;-
02.11.2025 02:00;02.11.2025 03:00;-;-;-;-;-;-;-;-;-;-;-;-;-;-;-;-;-
02.11.2025 03:00;02.11.2025 04:00;-;-;-;-;-;-;-;-;-;-;-;-;-;-;-;-;-
02.11.2025 04:00;02.11.2025 05:00;-;-;-;-;-;-;-;-;-;-;-;-;-;-;-;-;-
02.11.2025 05:00;02.11.2025 06:00;-;-;-;-;-;-;-;-;-;-;-;-;-;-;-;-;-
02.11.2025 06:00;02.11.2025 07:00;-;-;-;-;-;-;-;-;-;-;-;-;-;-;-;-;-
02.11.2025 07:00;02.11.2025 08:00;-;-;-;-;-;-;-;-;-;-;-;-;-;-;-;-;-
02.11.2025 08:00;02.11.2025 09:00;-;-;-;-;-;-;-;-;-;-;-;-;-;-;-;-;-
02.11.2025 09:00;02.11.2025 10:00;-;-;-;-;-;-;-;-;-;-;-;-;-;-;-;-;-
02.11.2025 10:00;02.11.2025 11:00;-;-;-;-;-;-;-;-;-;-;-;-;-;-;-;-;-
02.11.2025 11:00;02.11.2025 12:00;-;-;-;-;-;-;-;-;-;-;-;-;-;-;-;-;-
02.11.2025 12:00;02.11.2025 13:00;-;-;-;-;-;-;-;-;-;-;-;-;-;-;-;-;-
02.11.2025 13:00;02.11.2025 14:00;-;-;-;-;-;-;-;-;-;-;-;-;-;-;-;-;-
02.11.2025 14:00;02.11.2025 15:00;-;-;-;-;-;-;-;-;-;-;-;-;-;-;-;-;-
02.11.2025 15:00;02.11.2025 16:00;-;-;-;-;-;-;-;-;-;-;-;-;-;-;-;-;-
02.11.2025 16:00;02.11.2025 17:00;-;-;-;-;-;-;-;-;-;-;-;-;-;-;-;-;-
02.11.2025 17:00;02.11.2025 18:00;-;-;-;-;-;-;-;-;-;-;-;-;-;-;-;-;-
02.11.2025 18:00;02.11.2025 19:00;-;-;-;-;-;-;-;-;-;-;-;-;-;-;-;-;-
02.11.2025 19:00;02.11.2025 20:00;-;-;-;-;-;-;-;-;-;-;-;-;-;-;-;-;-
02.11.2025 20:00;02.11.2025 21:00;-;-;-;-;-;-;-;-;-;-;-;-;-;-;-;-;-
02.11.2025 21:00;02.11.2025 22:00;-;-;-;-;-;-;-;-;-;-;-;-;-;-;-;-;-
02.11.2025 22:00;02.11.2025 23:00;-;-;-;-;-;-;-;-;-;-;-;-;-;-;-;-;-
02.11.2025 23:00;03.11.2025 00:00;-;-;-;-;-;-;-;-;-;-;-;-;-;-;-;-;-
03.11.2025 00:00;03.11.2025 01:00;-;-;-;-;-;-;-;-;-;-;-;-;-;-;-;-;-
03.11.2025 01:00;03.11.2025 02:00;-;-;-;-;-;-;-;-;-;-;-;-;-;-;-;-;-
03.11.2025 02:00;03.11.2025 03:00;-;-;-;-;-;-;-;-;-;-;-;-;-;-;-;-;-
03.11.2025 03:00;03.11.2025 04:00;-;-;-;-;-;-;-;-;-;-;-;-;-;-;-;-;-
03.11.2025 04:00;03.11.2025 05:00;-;-;-;-;-;-;-;-;-;-;-;-;-;-;-;-;-
03.11.2025 05:00;03.11.2025 06:00;-;-;-;-;-;-;-;-;-;-;-;-;-;-;-;-;-
03.11.2025 06:00;03.11.2025 07:00;-;-;-;-;-;-;-;-;-;-;-;-;-;-;-;-;-
03.11.2025 07:00;03.11.2025 08:00;-;-;-;-;-;-;-;-;-;-;-;-;-;-;-;-;-
03.11.2025 08:00;03.11.2025 09:00;-;-;-;-;-;-;-;-;-;-;-;-;-;-;-;-;-
03.11.2025 09:00;03.11.2025 10:00;-;-;-;-;-;-;-;-;-;-;-;-;-;-;-;-;-
03.11.2025 10:00;03.11.2025 11:00;-;-;-;-;-;-;-;-;-;-;-;-;-;-;-;-;-
03.11.2025 11:00;03.11.2025 12:00;-;-;-;-;-;-;-;-;-;-;-;-;-;-;-;-;-
03.11.2025 12:00;03.11.2025 13:00;-;-;-;-;-;-;-;-;-;-;-;-;-;-;-;-;-
03.11.2025 13:00;03.11.2025 14:00;-;-;-;-;-;-;-;-;-;-;-;-;-;-;-;-;-
03.11.2025 14:00;03.11.2025 15:00;-;-;-;-;-;-;-;-;-;-;-;-;-;-;-;-;-
03.11.2025 15:00;03.11.2025 16:00;-;-;-;-;-;-;-;-;-;-;-;-;-;-;-;-;-
03.11.2025 16:00;03.11.2025 17:00;-;-;-;-;-;-;-;-;-;-;-;-;-;-;-;-;-
03.11.2025 17:00;03.11.2025 18:00;-;-;-;-;-;-;-;-;-;-;-;-;-;-;-;-;-
03.11.2025 18:00;03.11.2025 19:00;-;-;-;-;-;-;-;-;-;-;-;-;-;-;-;-;-
03.11.2025 19:00;03.11.2025 20:00;-;-;-;-;-;-;-;-;-;-;-;-;-;-;-;-;-
03.11.2025 20:00;03.11.2025 21:00;-;-;-;-;-;-;-;-;-;-;-;-;-;-;-;-;-
03.11.2025 21:00;03.11.2025 22:00;-;-;-;-;-;-;-;-;-;-;-;-;-;-;-;-;-
03.11.2025 22:00;03.11.2025 23:00;-;-;-;-;-;-;-;-;-;-;-;-;-;-;-;-;-
03.11.2025 23:00;04.11.2025 00:00;-;-;-;-;-;-;-;-;-;-;-;-;-;-;-;-;-
04.11.2025 00:00;04.11.2025 01:00;-;-;-;-;-;-;-;-;-;-;-;-;-;-;-;-;-
04.11.2025 01:00;04.11.2025 02:00;-;-;-;-;-;-;-;-;-;-;-;-;-;-;-;-;-
04.11.2025 02:00;04.11.2025 03:00;-;-;-;-;-;-;-;-;-;-;-;-;-;-;-;-;-
04.11.2025 03:00;04.11.2025 04:00;-;-;-;-;-;-;-;-;-;-;-;-;-;-;-;-;-
04.11.2025 04:00;04.11.2025 05:00;-;-;-;-;-;-;-;-;-;-;-;-;-;-;-;-;-
04.11.2025 05:00;04.11.2025 06:00;-;-;-;-;-;-;-;-;-;-;-;-;-;-;-;-;-
04.11.2025 06:00;04.11.2025 07:00;-;-;-;-;-;-;-;-;-;-;-;-;-;-;-;-;-
04.11.2025 07:00;04.11.2025 08:00;-;-;-;-;-;-;-;-;-;-;-;-;-;-;-;-;-
04.11.2025 08:00;04.11.2025 09:00;-;-;-;-;-;-;-;-;-;-;-;-;-;-;-;-;-
04.11.2025 09:00;04.11.2025 10:00;-;-;-;-;-;-;-;-;-;-;-;-;-;-;-;-;-
04.11.2025 10:00;04.11.2025 11:00;-;-;-;-;-;-;-;-;-;-;-;-;-;-;-;-;-
04.11.2025 11:00;04.11.2025 12:00;-;-;-;-;-;-;-;-;-;-;-;-;-;-;-;-;-
04.11.2025 12:00;04.11.2025 13:00;-;-;-;-;-;-;-;-;-;-;-;-;-;-;-;-;-
04.11.2025 13:00;04.11.2025 14:00;-;-;-;-;-;-;-;-;-;-;-;-;-;-;-;-;-
04.11.2025 14:00;04.11.2025 15:00;-;-;-;-;-;-;-;-;-;-;-;-;-;-;-;-;-
04.11.2025 15:00;04.11.2025 16:00;-;-;-;-;-;-;-;-;-;-;-;-;-;-;-;-;-
04.11.2025 16:00;04.11.2025 17:00;-;-;-;-;-;-;-;-;-;-;-;-;-;-;-;-;-
04.11.2025 17:00;04.11.2025 18:00;-;-;-;-;-;-;-;-;-;-;-;-;-;-;-;-;-
04.11.2025 18:00;04.11.2025 19:00;-;-;-;-;-;-;-;-;-;-;-;-;-;-;-;-;-
04.11.2025 19:00;04.11.2025 20:00;-;-;-;-;-;-;-;-;-;-;-;-;-;-;-;-;-
04.11.2025 20:00;04.11.2025 21:00;-;-;-;-;-;-;-;-;-;-;-;-;-;-;-;-;-
04.11.2025 21:00;04.11.2025 22:00;-;-;-;-;-;-;-;-;-;-;-;-;-;-;-;-;-
04.11.2025 22:00;04.11.2025 23:00;-;-;-;-;-;-;-;-;-;-;-;-;-;-;-;-;-
04.11.2025 23:00;05.11.2025 00:00;-;-;-;-;-;-;-;-;-;-;-;-;-;-;-;-;-
05.11.2025 00:00;05.11.2025 01:00;-;-;-;-;-;-;-;-;-;-;-;-;-;-;-;-;-
05.11.2025 01:00;05.11.2025 02:00;-;-;-;-;-;-;-;-;-;-;-;-;-;-;-;-;-
05.11.2025 02:00;05.11.2025 03:00;-;-;-;-;-;-;-;-;-;-;-;-;-;-;-;-;-
05.11.2025 03:00;05.11.2025 04:00;-;-;-;-;-;-;-;-;-;-;-;-;-;-;-;-;-
05.11.2025 04:00;05.11.2025 05:00;-;-;-;-;-;-;-;-;-;-;-;-;-;-;-;-;-
05.11.2025 05:00;05.11.2025 06:00;-;-;-;-;-;-;-;-;-;-;-;-;-;-;-;-;-
05.11.2025 06:00;05.11.2025 07:00;-;-;-;-;-;-;-;-;-;-;-;-;-;-;-;-;-
05.11.2025 07:00;05.11.2025 08:00;-;-;-;-;-;-;-;-;-;-;-;-;-;-;-;-;-
05.11.2025 08:00;05.11.2025 09:00;-;-;-;-;-;-;-;-;-;-;-;-;-;-;-;-;-
05.11.2025 09:00;05.11.2025 10:00;-;-;-;-;-;-;-;-;-;-;-;-;-;-;-;-;-
05.11.2025 10:00;05.11.2025 11:00;-;-;-;-;-;-;-;-;-;-;-;-;-;-;-;-;-
05.11.2025 11:00;05.11.2025 12:00;-;-;-;-;-;-;-;-;-;-;-;-;-;-;-;-;-
05.11.2025 12:00;05.11.2025 13:00;-;-;-;-;-;-;-;-;-;-;-;-;-;-;-;-;-
05.11.2025 13:00;05.11.2025 14:00;-;-;-;-;-;-;-;-;-;-;-;-;-;-;-;-;-
05.11.2025 14:00;05.11.2025 15:00;-;-;-;-;-;-;-;-;-;-;-;-;-;-;-;-;-
05.11.2025 15:00;05.11.2025 16:00;-;-;-;-;-;-;-;-;-;-;-;-;-;-;-;-;-
05.11.2025 16:00;05.11.2025 17:00;-;-;-;-;-;-;-;-;-;-;-;-;-;-;-;-;-
05.11.2025 17:00;05.11.2025 18:00;-;-;-;-;-;-;-;-;-;-;-;-;-;-;-;-;-
05.11.2025 18:00;05.11.2025 19:00;-;-;-;-;-;-;-;-;-;-;-;-;-;-;-;-;-
05.11.2025 19:00;05.11.2025 20:00;-;-;-;-;-;-;-;-;-;-;-;-;-;-;-;-;-
05.11.2025 20:00;05.11.2025 21:00;-;-;-;-;-;-;-;-;-;-;-;-;-;-;-;-;-
05.11.2025 21:00;05.11.2025 22:00;-;-;-;-;-;-;-;-;-;-;-;-;-;-;-;-;-
05.11.2025 22:00;05.11.2025 23:00;-;-;-;-;-;-;-;-;-;-;-;-;-;-;-;-;-
05.11.2025 23:00;06.11.2025 00:00;-;-;-;-;-;-;-;-;-;-;-;-;-;-;-;-;-
06.11.2025 00:00;06.11.2025 01:00;-;-;-;-;-;-;-;-;-;-;-;-;-;-;-;-;-
06.11.2025 01:00;06.11.2025 02:00;-;-;-;-;-;-;-;-;-;-;-;-;-;-;-;-;-
06.11.2025 02:00;06.11.2025 03:00;-;-;-;-;-;-;-;-;-;-;-;-;-;-;-;-;-
06.11.2025 03:00;06.11.2025 04:00;-;-;-;-;-;-;-;-;-;-;-;-;-;-;-;-;-
06.11.2025 04:00;06.11.2025 05:00;-;-;-;-;-;-;-;-;-;-;-;-;-;-;-;-;-
06.11.2025 05:00;06.11.2025 06:00;-;-;-;-;-;-;-;-;-;-;-;-;-;-;-;-;-
06.11.2025 06:00;06.11.2025 07:00;-;-;-;-;-;-;-;-;-;-;-;-;-;-;-;-;-
06.11.2025 07:00;06.11.2025 08:00;-;-;-;-;-;-;-;-;-;-;-;-;-;-;-;-;-
06.11.2025 08:00;06.11.2025 09:00;-;-;-;-;-;-;-;-;-;-;-;-;-;-;-;-;-
06.11.2025 09:00;06.11.2025 10:00;-;-;-;-;-;-;-;-;-;-;-;-;-;-;-;-;-
06.11.2025 10:00;06.11.2025 11:00;-;-;-;-;-;-;-;-;-;-;-;-;-;-;-;-;-
06.11.2025 11:00;06.11.2025 12:00;-;-;-;-;-;-;-;-;-;-;-;-;-;-;-;-;-
06.11.2025 12:00;06.11.2025 13:00;-;-;-;-;-;-;-;-;-;-;-;-;-;-;-;-;-
06.11.2025 13:00;06.11.2025 14:00;-;-;-;-;-;-;-;-;-;-;-;-;-;-;-;-;-
06.11.2025 14:00;06.11.2025 15:00;-;-;-;-;-;-;-;-;-;-;-;-;-;-;-;-;-
06.11.2025 15:00;06.11.2025 16:00;-;-;-;-;-;-;-;-;-;-;-;-;-;-;-;-;-
06.11.2025 16:00;06.11.2025 17:00;-;-;-;-;-;-;-;-;-;-;-;-;-;-;-;-;-
06.11.2025 17:00;06.11.2025 18:00;-;-;-;-;-;-;-;-;-;-;-;-;-;-;-;-;-
06.11.2025 18:00;06.11.2025 19:00;-;-;-;-;-;-;-;-;-;-;-;-;-;-;-;-;-
06.11.2025 19:00;06.11.2025 20:00;-;-;-;-;-;-;-;-;-;-;-;-;-;-;-;-;-
06.11.2025 20:00;06.11.2025 21:00;-;-;-;-;-;-;-;-;-;-;-;-;-;-;-;-;-
06.11.2025 21:00;06.11.2025 22:00;-;-;-;-;-;-;-;-;-;-;-;-;-;-;-;-;-
06.11.2025 22:00;06.11.2025 23:00;-;-;-;-;-;-;-;-;-;-;-;-;-;-;-;-;-
06.11.2025 23:00;07.11.2025 00:00;-;-;-;-;-;-;-;-;-;-;-;-;-;-;-;-;-
07.11.2025 00:00;07.11.2025 01:00;-;-;-;-;-;-;-;-;-;-;-;-;-;-;-;-;-
07.11.2025 01:00;07.11.2025 02:00;-;-;-;-;-;-;-;-;-;-;-;-;-;-;-;-;-
07.11.2025 02:00;07.11.2025 03:00;-;-;-;-;-;-;-;-;-;-;-;-;-;-;-;-;-
07.11.2025 03:00;07.11.2025 04:00;-;-;-;-;-;-;-;-;-;-;-;-;-;-;-;-;-
07.11.2025 04:00;07.11.2025 05:00;-;-;-;-;-;-;-;-;-;-;-;-;-;-;-;-;-
07.11.2025 05:00;07.11.2025 06:00;-;-;-;-;-;-;-;-;-;-;-;-;-;-;-;-;-
07.11.2025 06:00;07.11.2025 07:00;-;-;-;-;-;-;-;-;-;-;-;-;-;-;-;-;-
07.11.2025 07:00;07.11.2025 08:00;-;-;-;-;-;-;-;-;-;-;-;-;-;-;-;-;-
07.11.2025 08:00;07.11.2025 09:00;-;-;-;-;-;-;-;-;-;-;-;-;-;-;-;-;-
07.11.2025 09:00;07.11.2025 10:00;-;-;-;-;-;-;-;-;-;-;-;-;-;-;-;-;-
07.11.2025 10:00;07.11.2025 11:00;-;-;-;-;-;-;-;-;-;-;-;-;-;-;-;-;-
07.11.2025 11:00;07.11.2025 12:00;-;-;-;-;-;-;-;-;-;-;-;-;-;-;-;-;-
07.11.2025 12:00;07.11.2025 13:00;-;-;-;-;-;-;-;-;-;-;-;-;-;-;-;-;-
07.11.2025 13:00;07.11.2025 14:00;-;-;-;-;-;-;-;-;-;-;-;-;-;-;-;-;-
07.11.2025 14:00;07.11.2025 15:00;-;-;-;-;-;-;-;-;-;-;-;-;-;-;-;-;-
07.11.2025 15:00;07.11.2025 16:00;-;-;-;-;-;-;-;-;-;-;-;-;-;-;-;-;-
07.11.2025 16:00;07.11.2025 17:00;-;-;-;-;-;-;-;-;-;-;-;-;-;-;-;-;-
07.11.2025 17:00;07.11.2025 18:00;-;-;-;-;-;-;-;-;-;-;-;-;-;-;-;-;-
07.11.2025 18:00;07.11.2025 19:00;-;-;-;-;-;-;-;-;-;-;-;-;-;-;-;-;-
07.11.2025 19:00;07.11.2025 20:00;-;-;-;-;-;-;-;-;-;-;-;-;-;-;-;-;-
07.11.2025 20:00;07.11.2025 21:00;-;-;-;-;-;-;-;-;-;-;-;-;-;-;-;-;-
07.11.2025 21:00;07.11.2025 22:00;-;-;-;-;-;-;-;-;-;-;-;-;-;-;-;-;-
07.11.2025 22:00;07.11.2025 23:00;-;-;-;-;-;-;-;-;-;-;-;-;-;-;-;-;-
07.11.2025 23:00;08.11.2025 00:00;-;-;-;-;-;-;-;-;-;-;-;-;-;-;-;-;-
08.11.2025 00:00;08.11.2025 01:00;-;-;-;-;-;-;-;-;-;-;-;-;-;-;-;-;-
08.11.2025 01:00;08.11.2025 02:00;-;-;-;-;-;-;-;-;-;-;-;-;-;-;-;-;-
08.11.2025 02:00;08.11.2025 03:00;-;-;-;-;-;-;-;-;-;-;-;-;-;-;-;-;-
08.11.2025 03:00;08.11.2025 04:00;-;-;-;-;-;-;-;-;-;-;-;-;-;-;-;-;-
08.11.2025 04:00;08.11.2025 05:00;-;-;-;-;-;-;-;-;-;-;-;-;-;-;-;-;-
08.11.2025 05:00;08.11.2025 06:00;-;-;-;-;-;-;-;-;-;-;-;-;-;-;-;-;-
08.11.2025 06:00;08.11.2025 07:00;-;-;-;-;-;-;-;-;-;-;-;-;-;-;-;-;-
08.11.2025 07:00;08.11.2025 08:00;-;-;-;-;-;-;-;-;-;-;-;-;-;-;-;-;-
08.11.2025 08:00;08.11.2025 09:00;-;-;-;-;-;-;-;-;-;-;-;-;-;-;-;-;-
08.11.2025 09:00;08.11.2025 10:00;-;-;-;-;-;-;-;-;-;-;-;-;-;-;-;-;-
08.11.2025 10:00;08.11.2025 11:00;-;-;-;-;-;-;-;-;-;-;-;-;-;-;-;-;-
08.11.2025 11:00;08.11.2025 12:00;-;-;-;-;-;-;-;-;-;-;-;-;-;-;-;-;-
08.11.2025 12:00;08.11.2025 13:00;-;-;-;-;-;-;-;-;-;-;-;-;-;-;-;-;-
08.11.2025 13:00;08.11.2025 14:00;-;-;-;-;-;-;-;-;-;-;-;-;-;-;-;-;-
08.11.2025 14:00;08.11.2025 15:00;-;-;-;-;-;-;-;-;-;-;-;-;-;-;-;-;-
08.11.2025 15:00;08.11.2025 16:00;-;-;-;-;-;-;-;-;-;-;-;-;-;-;-;-;-
08.11.2025 16:00;08.11.2025 17:00;-;-;-;-;-;-;-;-;-;-;-;-;-;-;-;-;-
08.11.2025 17:00;08.11.2025 18:00;-;-;-;-;-;-;-;-;-;-;-;-;-;-;-;-;-
08.11.2025 18:00;08.11.2025 19:00;-;-;-;-;-;-;-;-;-;-;-;-;-;-;-;-;-
08.11.2025 19:00;08.11.2025 20:00;-;-;-;-;-;-;-;-;-;-;-;-;-;-;-;-;-
08.11.2025 20:00;08.11.2025 21:00;-;-;-;-;-;-;-;-;-;-;-;-;-;-;-;-;-
08.11.2025 21:00;08.11.2025 22:00;-;-;-;-;-;-;-;-;-;-;-;-;-;-;-;-;-
08.11.2025 22:00;08.11.2025 23:00;-;-;-;-;-;-;-;-;-;-;-;-;-;-;-;-;-
08.11.2025 23:00;09.11.2025 00:00;-;-;-;-;-;-;-;-;-;-;-;-;-;-;-;-;-
09.11.2025 00:00;09.11.2025 01:00;-;-;-;-;-;-;-;-;-;-;-;-;-;-;-;-;-
09.11.2025 01:00;09.11.2025 02:00;-;-;-;-;-;-;-;-;-;-;-;-;-;-;-;-;-
09.11.2025 02:00;09.11.2025 03:00;-;-;-;-;-;-;-;-;-;-;-;-;-;-;-;-;-
09.11.2025 03:00;09.11.2025 04:00;-;-;-;-;-;-;-;-;-;-;-;-;-;-;-;-;-
09.11.2025 04:00;09.11.2025 05:00;-;-;-;-;-;-;-;-;-;-;-;-;-;-;-;-;-
09.11.2025 05:00;09.11.2025 06:00;-;-;-;-;-;-;-;-;-;-;-;-;-;-;-;-;-
09.11.2025 06:00;09.11.2025 07:00;-;-;-;-;-;-;-;-;-;-;-;-;-;-;-;-;-
09.11.2025 07:00;09.11.2025 08:00;-;-;-;-;-;-;-;-;-;-;-;-;-;-;-;-;-
09.11.2025 08:00;09.11.2025 09:00;-;-;-;-;-;-;-;-;-;-;-;-;-;-;-;-;-
09.11.2025 09:00;09.11.2025 10:00;-;-;-;-;-;-;-;-;-;-;-;-;-;-;-;-;-
09.11.2025 10:00;09.11.2025 11:00;-;-;-;-;-;-;-;-;-;-;-;-;-;-;-;-;-
09.11.2025 11:00;09.11.2025 12:00;-;-;-;-;-;-;-;-;-;-;-;-;-;-;-;-;-
09.11.2025 12:00;09.11.2025 13:00;-;-;-;-;-;-;-;-;-;-;-;-;-;-;-;-;-
09.11.2025 13:00;09.11.2025 14:00;-;-;-;-;-;-;-;-;-;-;-;-;-;-;-;-;-
09.11.2025 14:00;09.11.2025 15:00;-;-;-;-;-;-;-;-;-;-;-;-;-;-;-;-;-
09.11.2025 15:00;09.11.2025 16:00;-;-;-;-;-;-;-;-;-;-;-;-;-;-;-;-;-
09.11.2025 16:00;09.11.2025 17:00;-;-;-;-;-;-;-;-;-;-;-;-;-;-;-;-;-
09.11.2025 17:00;09.11.2025 18:00;-;-;-;-;-;-;-;-;-;-;-;-;-;-;-;-;-
09.11.2025 18:00;09.11.2025 19:00;-;-;-;-;-;-;-;-;-;-;-;-;-;-;-;-;-
09.11.2025 19:00;09.11.2025 20:00;-;-;-;-;-;-;-;-;-;-;-;-;-;-;-;-;-
09.11.2025 20:00;09.11.2025 21:00;-;-;-;-;-;-;-;-;-;-;-;-;-;-;-;-;-
09.11.2025 21:00;09.11.2025 22:00;-;-;-;-;-;-;-;-;-;-;-;-;-;-;-;-;-
09.11.2025 22:00;09.11.2025 23:00;-;-;-;-;-;-;-;-;-;-;-;-;-;-;-;-;-
09.11.2025 23:00;10.11.2025 00:00;-;-;-;-;-;-;-;-;-;-;-;-;-;-;-;-;-
10.11.2025 00:00;10.11.2025 01:00;-;-;-;-;-;-;-;-;-;-;-;-;-;-;-;-;-
10.11.2025 01:00;10.11.2025 02:00;-;-;-;-;-;-;-;-;-;-;-;-;-;-;-;-;-
10.11.2025 02:00;10.11.2025 03:00;-;-;-;-;-;-;-;-;-;-;-;-;-;-;-;-;-
10.11.2025 03:00;10.11.2025 04:00;-;-;-;-;-;-;-;-;-;-;-;-;-;-;-;-;-
10.11.2025 04:00;10.11.2025 05:00;-;-;-;-;-;-;-;-;-;-;-;-;-;-;-;-;-
10.11.2025 05:00;10.11.2025 06:00;-;-;-;-;-;-;-;-;-;-;-;-;-;-;-;-;-
10.11.2025 06:00;10.11.2025 07:00;-;-;-;-;-;-;-;-;-;-;-;-;-;-;-;-;-
10.11.2025 07:00;10.11.2025 08:00;-;-;-;-;-;-;-;-;-;-;-;-;-;-;-;-;-
10.11.2025 08:00;10.11.2025 09:00;-;-;-;-;-;-;-;-;-;-;-;-;-;-;-;-;-
10.11.2025 09:00;10.11.2025 10:00;-;-;-;-;-;-;-;-;-;-;-;-;-;-;-;-;-
10.11.2025 10:00;10.11.2025 11:00;-;-;-;-;-;-;-;-;-;-;-;-;-;-;-;-;-
10.11.2025 11:00;10.11.2025 12:00;-;-;-;-;-;-;-;-;-;-;-;-;-;-;-;-;-
10.11.2025 12:00;10.11.2025 13:00;-;-;-;-;-;-;-;-;-;-;-;-;-;-;-;-;-
10.11.2025 13:00;10.11.2025 14:00;-;-;-;-;-;-;-;-;-;-;-;-;-;-;-;-;-
10.11.2025 14:00;10.11.2025 15:00;-;-;-;-;-;-;-;-;-;-;-;-;-;-;-;-;-
10.11.2025 15:00;10.11.2025 16:00;-;-;-;-;-;-;-;-;-;-;-;-;-;-;-;-;-
10.11.2025 16:00;10.11.2025 17:00;-;-;-;-;-;-;-;-;-;-;-;-;-;-;-;-;-
10.11.2025 17:00;10.11.2025 18:00;-;-;-;-;-;-;-;-;-;-;-;-;-;-;-;-;-
10.11.2025 18:00;10.11.2025 19:00;-;-;-;-;-;-;-;-;-;-;-;-;-;-;-;-;-
10.11.2025 19:00;10.11.2025 20:00;-;-;-;-;-;-;-;-;-;-;-;-;-;-;-;-;-
10.11.2025 20:00;10.11.2025 21:00;-;-;-;-;-;-;-;-;-;-;-;-;-;-;-;-;-
10.11.2025 21:00;10.11.2025 22:00;-;-;-;-;-;-;-;-;-;-;-;-;-;-;-;-;-
10.11.2025 22:00;10.11.2025 23:00;-;-;-;-;-;-;-;-;-;-;-;-;-;-;-;-;-
10.11.2025 23:00;11.11.2025 00:00;-;-;-;-;-;-;-;-;-;-;-;-;-;-;-;-;-
11.11.2025 00:00;11.11.2025 01:00;-;-;-;-;-;-;-;-;-;-;-;-;-;-;-;-;-
11.11.2025 01:00;11.11.2025 02:00;-;-;-;-;-;-;-;-;-;-;-;-;-;-;-;-;-
11.11.2025 02:00;11.11.2025 03:00;-;-;-;-;-;-;-;-;-;-;-;-;-;-;-;-;-
11.11.2025 03:00;11.11.2025 04:00;-;-;-;-;-;-;-;-;-;-;-;-;-;-;-;-;-
11.11.2025 04:00;11.11.2025 05:00;-;-;-;-;-;-;-;-;-;-;-;-;-;-;-;-;-
11.11.2025 05:00;11.11.2025 06:00;-;-;-;-;-;-;-;-;-;-;-;-;-;-;-;-;-
11.11.2025 06:00;11.11.2025 07:00;-;-;-;-;-;-;-;-;-;-;-;-;-;-;-;-;-
11.11.2025 07:00;11.11.2025 08:00;-;-;-;-;-;-;-;-;-;-;-;-;-;-;-;-;-
11.11.2025 08:00;11.11.2025 09:00;-;-;-;-;-;-;-;-;-;-;-;-;-;-;-;-;-
11.11.2025 09:00;11.11.2025 10:00;-;-;-;-;-;-;-;-;-;-;-;-;-;-;-;-;-
11.11.2025 10:00;11.11.2025 11:00;-;-;-;-;-;-;-;-;-;-;-;-;-;-;-;-;-
11.11.2025 11:00;11.11.2025 12:00;-;-;-;-;-;-;-;-;-;-;-;-;-;-;-;-;-
11.11.2025 12:00;11.11.2025 13:00;-;-;-;-;-;-;-;-;-;-;-;-;-;-;-;-;-
11.11.2025 13:00;11.11.2025 14:00;-;-;-;-;-;-;-;-;-;-;-;-;-;-;-;-;-
11.11.2025 14:00;11.11.2025 15:00;-;-;-;-;-;-;-;-;-;-;-;-;-;-;-;-;-
11.11.2025 15:00;11.11.2025 16:00;-;-;-;-;-;-;-;-;-;-;-;-;-;-;-;-;-
11.11.2025 16:00;11.11.2025 17:00;-;-;-;-;-;-;-;-;-;-;-;-;-;-;-;-;-
11.11.2025 17:00;11.11.2025 18:00;-;-;-;-;-;-;-;-;-;-;-;-;-;-;-;-;-
11.11.2025 18:00;11.11.2025 19:00;-;-;-;-;-;-;-;-;-;-;-;-;-;-;-;-;-
11.11.2025 19:00;11.11.2025 20:00;-;-;-;-;-;-;-;-;-;-;-;-;-;-;-;-;-
11.11.2025 20:00;11.11.2025 21:00;-;-;-;-;-;-;-;-;-;-;-;-;-;-;-;-;-
11.11.2025 21:00;11.11.2025 22:00;-;-;-;-;-;-;-;-;-;-;-;-;-;-;-;-;-
11.11.2025 22:00;11.11.2025 23:00;-;-;-;-;-;-;-;-;-;-;-;-;-;-;-;-;-
11.11.2025 23:00;12.11.2025 00:00;-;-;-;-;-;-;-;-;-;-;-;-;-;-;-;-;-
12.11.2025 00:00;12.11.2025 01:00;-;-;-;-;-;-;-;-;-;-;-;-;-;-;-;-;-
12.11.2025 01:00;12.11.2025 02:00;-;-;-;-;-;-;-;-;-;-;-;-;-;-;-;-;-
12.11.2025 02:00;12.11.2025 03:00;-;-;-;-;-;-;-;-;-;-;-;-;-;-;-;-;-
12.11.2025 03:00;12.11.2025 04:00;-;-;-;-;-;-;-;-;-;-;-;-;-;-;-;-;-
12.11.2025 04:00;12.11.2025 05:00;-;-;-;-;-;-;-;-;-;-;-;-;-;-;-;-;-
12.11.2025 05:00;12.11.2025 06:00;-;-;-;-;-;-;-;-;-;-;-;-;-;-;-;-;-
12.11.2025 06:00;12.11.2025 07:00;-;-;-;-;-;-;-;-;-;-;-;-;-;-;-;-;-
12.11.2025 07:00;12.11.2025 08:00;-;-;-;-;-;-;-;-;-;-;-;-;-;-;-;-;-
12.11.2025 08:00;12.11.2025 09:00;-;-;-;-;-;-;-;-;-;-;-;-;-;-;-;-;-
12.11.2025 09:00;12.11.2025 10:00;-;-;-;-;-;-;-;-;-;-;-;-;-;-;-;-;-
12.11.2025 10:00;12.11.2025 11:00;-;-;-;-;-;-;-;-;-;-;-;-;-;-;-;-;-
12.11.2025 11:00;12.11.2025 12:00;-;-;-;-;-;-;-;-;-;-;-;-;-;-;-;-;-
12.11.2025 12:00;12.11.2025 13:00;-;-;-;-;-;-;-;-;-;-;-;-;-;-;-;-;-
12.11.2025 13:00;12.11.2025 14:00;-;-;-;-;-;-;-;-;-;-;-;-;-;-;-;-;-
12.11.2025 14:00;12.11.2025 15:00;-;-;-;-;-;-;-;-;-;-;-;-;-;-;-;-;-
12.11.2025 15:00;12.11.2025 16:00;-;-;-;-;-;-;-;-;-;-;-;-;-;-;-;-;-
12.11.2025 16:00;12.11.2025 17:00;-;-;-;-;-;-;-;-;-;-;-;-;-;-;-;-;-
12.11.2025 17:00;12.11.2025 18:00;-;-;-;-;-;-;-;-;-;-;-;-;-;-;-;-;-
12.11.2025 18:00;12.11.2025 19:00;-;-;-;-;-;-;-;-;-;-;-;-;-;-;-;-;-
12.11.2025 19:00;12.11.2025 20:00;-;-;-;-;-;-;-;-;-;-;-;-;-;-;-;-;-
12.11.2025 20:00;12.11.2025 21:00;-;-;-;-;-;-;-;-;-;-;-;-;-;-;-;-;-
12.11.2025 21:00;12.11.2025 22:00;-;-;-;-;-;-;-;-;-;-;-;-;-;-;-;-;-
12.11.2025 22:00;12.11.2025 23:00;-;-;-;-;-;-;-;-;-;-;-;-;-;-;-;-;-
12.11.2025 23:00;13.11.2025 00:00;-;-;-;-;-;-;-;-;-;-;-;-;-;-;-;-;-
13.11.2025 00:00;13.11.2025 01:00;-;-;-;-;-;-;-;-;-;-;-;-;-;-;-;-;-
13.11.2025 01:00;13.11.2025 02:00;-;-;-;-;-;-;-;-;-;-;-;-;-;-;-;-;-
13.11.2025 02:00;13.11.2025 03:00;-;-;-;-;-;-;-;-;-;-;-;-;-;-;-;-;-
13.11.2025 03:00;13.11.2025 04:00;-;-;-;-;-;-;-;-;-;-;-;-;-;-;-;-;-
13.11.2025 04:00;13.11.2025 05:00;-;-;-;-;-;-;-;-;-;-;-;-;-;-;-;-;-
13.11.2025 05:00;13.11.2025 06:00;-;-;-;-;-;-;-;-;-;-;-;-;-;-;-;-;-
13.11.2025 06:00;13.11.2025 07:00;-;-;-;-;-;-;-;-;-;-;-;-;-;-;-;-;-
13.11.2025 07:00;13.11.2025 08:00;-;-;-;-;-;-;-;-;-;-;-;-;-;-;-;-;-
13.11.2025 08:00;13.11.2025 09:00;-;-;-;-;-;-;-;-;-;-;-;-;-;-;-;-;-
13.11.2025 09:00;13.11.2025 10:00;-;-;-;-;-;-;-;-;-;-;-;-;-;-;-;-;-
13.11.2025 10:00;13.11.2025 11:00;-;-;-;-;-;-;-;-;-;-;-;-;-;-;-;-;-
13.11.2025 11:00;13.11.2025 12:00;-;-;-;-;-;-;-;-;-;-;-;-;-;-;-;-;-
13.11.2025 12:00;13.11.2025 13:00;-;-;-;-;-;-;-;-;-;-;-;-;-;-;-;-;-
13.11.2025 13:00;13.11.2025 14:00;-;-;-;-;-;-;-;-;-;-;-;-;-;-;-;-;-
13.11.2025 14:00;13.11.2025 15:00;-;-;-;-;-;-;-;-;-;-;-;-;-;-;-;-;-
13.11.2025 15:00;13.11.2025 16:00;-;-;-;-;-;-;-;-;-;-;-;-;-;-;-;-;-
13.11.2025 16:00;13.11.2025 17:00;-;-;-;-;-;-;-;-;-;-;-;-;-;-;-;-;-
13.11.2025 17:00;13.11.2025 18:00;-;-;-;-;-;-;-;-;-;-;-;-;-;-;-;-;-
13.11.2025 18:00;13.11.2025 19:00;-;-;-;-;-;-;-;-;-;-;-;-;-;-;-;-;-
13.11.2025 19:00;13.11.2025 20:00;-;-;-;-;-;-;-;-;-;-;-;-;-;-;-;-;-
13.11.2025 20:00;13.11.2025 21:00;-;-;-;-;-;-;-;-;-;-;-;-;-;-;-;-;-
13.11.2025 21:00;13.11.2025 22:00;-;-;-;-;-;-;-;-;-;-;-;-;-;-;-;-;-
13.11.2025 22:00;13.11.2025 23:00;-;-;-;-;-;-;-;-;-;-;-;-;-;-;-;-;-
13.11.2025 23:00;14.11.2025 00:00;-;-;-;-;-;-;-;-;-;-;-;-;-;-;-;-;-
14.11.2025 00:00;14.11.2025 01:00;-;-;-;-;-;-;-;-;-;-;-;-;-;-;-;-;-
14.11.2025 01:00;14.11.2025 02:00;-;-;-;-;-;-;-;-;-;-;-;-;-;-;-;-;-
14.11.2025 02:00;14.11.2025 03:00;-;-;-;-;-;-;-;-;-;-;-;-;-;-;-;-;-
14.11.2025 03:00;14.11.2025 04:00;-;-;-;-;-;-;-;-;-;-;-;-;-;-;-;-;-
14.11.2025 04:00;14.11.2025 05:00;-;-;-;-;-;-;-;-;-;-;-;-;-;-;-;-;-
14.11.2025 05:00;14.11.2025 06:00;-;-;-;-;-;-;-;-;-;-;-;-;-;-;-;-;-
14.11.2025 06:00;14.11.2025 07:00;-;-;-;-;-;-;-;-;-;-;-;-;-;-;-;-;-
14.11.2025 07:00;14.11.2025 08:00;-;-;-;-;-;-;-;-;-;-;-;-;-;-;-;-;-
14.11.2025 08:00;14.11.2025 09:00;-;-;-;-;-;-;-;-;-;-;-;-;-;-;-;-;-
14.11.2025 09:00;14.11.2025 10:00;-;-;-;-;-;-;-;-;-;-;-;-;-;-;-;-;-
14.11.2025 10:00;14.11.2025 11:00;-;-;-;-;-;-;-;-;-;-;-;-;-;-;-;-;-
14.11.2025 11:00;14.11.2025 12:00;-;-;-;-;-;-;-;-;-;-;-;-;-;-;-;-;-
14.11.2025 12:00;14.11.2025 13:00;-;-;-;-;-;-;-;-;-;-;-;-;-;-;-;-;-
14.11.2025 13:00;14.11.2025 14:00;-;-;-;-;-;-;-;-;-;-;-;-;-;-;-;-;-
14.11.2025 14:00;14.11.2025 15:00;-;-;-;-;-;-;-;-;-;-;-;-;-;-;-;-;-
14.11.2025 15:00;14.11.2025 16:00;-;-;-;-;-;-;-;-;-;-;-;-;-;-;-;-;-
14.11.2025 16:00;14.11.2025 17:00;-;-;-;-;-;-;-;-;-;-;-;-;-;-;-;-;-
14.11.2025 17:00;14.11.2025 18:00;-;-;-;-;-;-;-;-;-;-;-;-;-;-;-;-;-
14.11.2025 18:00;14.11.2025 19:00;-;-;-;-;-;-;-;-;-;-;-;-;-;-;-;-;-
14.11.2025 19:00;14.11.2025 20:00;-;-;-;-;-;-;-;-;-;-;-;-;-;-;-;-;-
14.11.2025 20:00;14.11.2025 21:00;-;-;-;-;-;-;-;-;-;-;-;-;-;-;-;-;-
14.11.2025 21:00;14.11.2025 22:00;-;-;-;-;-;-;-;-;-;-;-;-;-;-;-;-;-
14.11.2025 22:00;14.11.2025 23:00;-;-;-;-;-;-;-;-;-;-;-;-;-;-;-;-;-
14.11.2025 23:00;15.11.2025 00:00;-;-;-;-;-;-;-;-;-;-;-;-;-;-;-;-;-
15.11.2025 00:00;15.11.2025 01:00;-;-;-;-;-;-;-;-;-;-;-;-;-;-;-;-;-
15.11.2025 01:00;15.11.2025 02:00;-;-;-;-;-;-;-;-;-;-;-;-;-;-;-;-;-
15.11.2025 02:00;15.11.2025 03:00;-;-;-;-;-;-;-;-;-;-;-;-;-;-;-;-;-
15.11.2025 03:00;15.11.2025 04:00;-;-;-;-;-;-;-;-;-;-;-;-;-;-;-;-;-
15.11.2025 04:00;15.11.2025 05:00;-;-;-;-;-;-;-;-;-;-;-;-;-;-;-;-;-
15.11.2025 05:00;15.11.2025 06:00;-;-;-;-;-;-;-;-;-;-;-;-;-;-;-;-;-
15.11.2025 06:00;15.11.2025 07:00;-;-;-;-;-;-;-;-;-;-;-;-;-;-;-;-;-
15.11.2025 07:00;15.11.2025 08:00;-;-;-;-;-;-;-;-;-;-;-;-;-;-;-;-;-
15.11.2025 08:00;15.11.2025 09:00;-;-;-;-;-;-;-;-;-;-;-;-;-;-;-;-;-
15.11.2025 09:00;15.11.2025 10:00;-;-;-;-;-;-;-;-;-;-;-;-;-;-;-;-;-
15.11.2025 10:00;15.11.2025 11:00;-;-;-;-;-;-;-;-;-;-;-;-;-;-;-;-;-
15.11.2025 11:00;15.11.2025 12:00;-;-;-;-;-;-;-;-;-;-;-;-;-;-;-;-;-
15.11.2025 12:00;15.11.2025 13:00;-;-;-;-;-;-;-;-;-;-;-;-;-;-;-;-;-
15.11.2025 13:00;15.11.2025 14:00;-;-;-;-;-;-;-;-;-;-;-;-;-;-;-;-;-
15.11.2025 14:00;15.11.2025 15:00;-;-;-;-;-;-;-;-;-;-;-;-;-;-;-;-;-
15.11.2025 15:00;15.11.2025 16:00;-;-;-;-;-;-;-;-;-;-;-;-;-;-;-;-;-
15.11.2025 16:00;15.11.2025 17:00;-;-;-;-;-;-;-;-;-;-;-;-;-;-;-;-;-
15.11.2025 17:00;15.11.2025 18:00;-;-;-;-;-;-;-;-;-;-;-;-;-;-;-;-;-
15.11.2025 18:00;15.11.2025 19:00;-;-;-;-;-;-;-;-;-;-;-;-;-;-;-;-;-
15.11.2025 19:00;15.11.2025 20:00;-;-;-;-;-;-;-;-;-;-;-;-;-;-;-;-;-
15.11.2025 20:00;15.11.2025 21:00;-;-;-;-;-;-;-;-;-;-;-;-;-;-;-;-;-
15.11.2025 21:00;15.11.2025 22:00;-;-;-;-;-;-;-;-;-;-;-;-;-;-;-;-;-
15.11.2025 22:00;15.11.2025 23:00;-;-;-;-;-;-;-;-;-;-;-;-;-;-;-;-;-
15.11.2025 23:00;16.11.2025 00:00;-;-;-;-;-;-;-;-;-;-;-;-;-;-;-;-;-
16.11.2025 00:00;16.11.2025 01:00;-;-;-;-;-;-;-;-;-;-;-;-;-;-;-;-;-
16.11.2025 01:00;16.11.2025 02:00;-;-;-;-;-;-;-;-;-;-;-;-;-;-;-;-;-
16.11.2025 02:00;16.11.2025 03:00;-;-;-;-;-;-;-;-;-;-;-;-;-;-;-;-;-
16.11.2025 03:00;16.11.2025 04:00;-;-;-;-;-;-;-;-;-;-;-;-;-;-;-;-;-
16.11.2025 04:00;16.11.2025 05:00;-;-;-;-;-;-;-;-;-;-;-;-;-;-;-;-;-
16.11.2025 05:00;16.11.2025 06:00;-;-;-;-;-;-;-;-;-;-;-;-;-;-;-;-;-
16.11.2025 06:00;16.11.2025 07:00;-;-;-;-;-;-;-;-;-;-;-;-;-;-;-;-;-
16.11.2025 07:00;16.11.2025 08:00;-;-;-;-;-;-;-;-;-;-;-;-;-;-;-;-;-
16.11.2025 08:00;16.11.2025 09:00;-;-;-;-;-;-;-;-;-;-;-;-;-;-;-;-;-
16.11.2025 09:00;16.11.2025 10:00;-;-;-;-;-;-;-;-;-;-;-;-;-;-;-;-;-
16.11.2025 10:00;16.11.2025 11:00;-;-;-;-;-;-;-;-;-;-;-;-;-;-;-;-;-
16.11.2025 11:00;16.11.2025 12:00;-;-;-;-;-;-;-;-;-;-;-;-;-;-;-;-;-
16.11.2025 12:00;16.11.2025 13:00;-;-;-;-;-;-;-;-;-;-;-;-;-;-;-;-;-
16.11.2025 13:00;16.11.2025 14:00;-;-;-;-;-;-;-;-;-;-;-;-;-;-;-;-;-
16.11.2025 14:00;16.11.2025 15:00;-;-;-;-;-;-;-;-;-;-;-;-;-;-;-;-;-
16.11.2025 15:00;16.11.2025 16:00;-;-;-;-;-;-;-;-;-;-;-;-;-;-;-;-;-
16.11.2025 16:00;16.11.2025 17:00;-;-;-;-;-;-;-;-;-;-;-;-;-;-;-;-;-
16.11.2025 17:00;16.11.2025 18:00;-;-;-;-;-;-;-;-;-;-;-;-;-;-;-;-;-
16.11.2025 18:00;16.11.2025 19:00;-;-;-;-;-;-;-;-;-;-;-;-;-;-;-;-;-
16.11.2025 19:00;16.11.2025 20:00;-;-;-;-;-;-;-;-;-;-;-;-;-;-;-;-;-
16.11.2025 20:00;16.11.2025 21:00;-;-;-;-;-;-;-;-;-;-;-;-;-;-;-;-;-
16.11.2025 21:00;16.11.2025 22:00;-;-;-;-;-;-;-;-;-;-;-;-;-;-;-;-;-
16.11.2025 22:00;16.11.2025 23:00;-;-;-;-;-;-;-;-;-;-;-;-;-;-;-;-;-
16.11.2025 23:00;17.11.2025 00:00;-;-;-;-;-;-;-;-;-;-;-;-;-;-;-;-;-
17.11.2025 00:00;17.11.2025 01:00;-;-;-;-;-;-;-;-;-;-;-;-;-;-;-;-;-
17.11.2025 01:00;17.11.2025 02:00;-;-;-;-;-;-;-;-;-;-;-;-;-;-;-;-;-
17.11.2025 02:00;17.11.2025 03:00;-;-;-;-;-;-;-;-;-;-;-;-;-;-;-;-;-
17.11.2025 03:00;17.11.2025 04:00;-;-;-;-;-;-;-;-;-;-;-;-;-;-;-;-;-
17.11.2025 04:00;17.11.2025 05:00;-;-;-;-;-;-;-;-;-;-;-;-;-;-;-;-;-
17.11.2025 05:00;17.11.2025 06:00;-;-;-;-;-;-;-;-;-;-;-;-;-;-;-;-;-
17.11.2025 06:00;17.11.2025 07:00;-;-;-;-;-;-;-;-;-;-;-;-;-;-;-;-;-
17.11.2025 07:00;17.11.2025 08:00;-;-;-;-;-;-;-;-;-;-;-;-;-;-;-;-;-
17.11.2025 08:00;17.11.2025 09:00;-;-;-;-;-;-;-;-;-;-;-;-;-;-;-;-;-
17.11.2025 09:00;17.11.2025 10:00;-;-;-;-;-;-;-;-;-;-;-;-;-;-;-;-;-
17.11.2025 10:00;17.11.2025 11:00;-;-;-;-;-;-;-;-;-;-;-;-;-;-;-;-;-
17.11.2025 11:00;17.11.2025 12:00;-;-;-;-;-;-;-;-;-;-;-;-;-;-;-;-;-
17.11.2025 12:00;17.11.2025 13:00;-;-;-;-;-;-;-;-;-;-;-;-;-;-;-;-;-
17.11.2025 13:00;17.11.2025 14:00;-;-;-;-;-;-;-;-;-;-;-;-;-;-;-;-;-
17.11.2025 14:00;17.11.2025 15:00;-;-;-;-;-;-;-;-;-;-;-;-;-;-;-;-;-
17.11.2025 15:00;17.11.2025 16:00;-;-;-;-;-;-;-;-;-;-;-;-;-;-;-;-;-
17.11.2025 16:00;17.11.2025 17:00;-;-;-;-;-;-;-;-;-;-;-;-;-;-;-;-;-
17.11.2025 17:00;17.11.2025 18:00;-;-;-;-;-;-;-;-;-;-;-;-;-;-;-;-;-
17.11.2025 18:00;17.11.2025 19:00;-;-;-;-;-;-;-;-;-;-;-;-;-;-;-;-;-
17.11.2025 19:00;17.11.2025 20:00;-;-;-;-;-;-;-;-;-;-;-;-;-;-;-;-;-
17.11.2025 20:00;17.11.2025 21:00;-;-;-;-;-;-;-;-;-;-;-;-;-;-;-;-;-
17.11.2025 21:00;17.11.2025 22:00;-;-;-;-;-;-;-;-;-;-;-;-;-;-;-;-;-
17.11.2025 22:00;17.11.2025 23:00;-;-;-;-;-;-;-;-;-;-;-;-;-;-;-;-;-
17.11.2025 23:00;18.11.2025 00:00;-;-;-;-;-;-;-;-;-;-;-;-;-;-;-;-;-
18.11.2025 00:00;18.11.2025 01:00;-;-;-;-;-;-;-;-;-;-;-;-;-;-;-;-;-
18.11.2025 01:00;18.11.2025 02:00;-;-;-;-;-;-;-;-;-;-;-;-;-;-;-;-;-
18.11.2025 02:00;18.11.2025 03:00;-;-;-;-;-;-;-;-;-;-;-;-;-;-;-;-;-
18.11.2025 03:00;18.11.2025 04:00;-;-;-;-;-;-;-;-;-;-;-;-;-;-;-;-;-
18.11.2025 04:00;18.11.2025 05:00;-;-;-;-;-;-;-;-;-;-;-;-;-;-;-;-;-
18.11.2025 05:00;18.11.2025 06:00;-;-;-;-;-;-;-;-;-;-;-;-;-;-;-;-;-
18.11.2025 06:00;18.11.2025 07:00;-;-;-;-;-;-;-;-;-;-;-;-;-;-;-;-;-
18.11.2025 07:00;18.11.2025 08:00;-;-;-;-;-;-;-;-;-;-;-;-;-;-;-;-;-
18.11.2025 08:00;18.11.2025 09:00;-;-;-;-;-;-;-;-;-;-;-;-;-;-;-;-;-
18.11.2025 09:00;18.11.2025 10:00;-;-;-;-;-;-;-;-;-;-;-;-;-;-;-;-;-
18.11.2025 10:00;18.11.2025 11:00;-;-;-;-;-;-;-;-;-;-;-;-;-;-;-;-;-
18.11.2025 11:00;18.11.2025 12:00;-;-;-;-;-;-;-;-;-;-;-;-;-;-;-;-;-
18.11.2025 12:00;18.11.2025 13:00;-;-;-;-;-;-;-;-;-;-;-;-;-;-;-;-;-
18.11.2025 13:00;18.11.2025 14:00;-;-;-;-;-;-;-;-;-;-;-;-;-;-;-;-;-
18.11.2025 14:00;18.11.2025 15:00;-;-;-;-;-;-;-;-;-;-;-;-;-;-;-;-;-
18.11.2025 15:00;18.11.2025 16:00;-;-;-;-;-;-;-;-;-;-;-;-;-;-;-;-;-
18.11.2025 16:00;18.11.2025 17:00;-;-;-;-;-;-;-;-;-;-;-;-;-;-;-;-;-
18.11.2025 17:00;18.11.2025 18:00;-;-;-;-;-;-;-;-;-;-;-;-;-;-;-;-;-
18.11.2025 18:00;18.11.2025 19:00;-;-;-;-;-;-;-;-;-;-;-;-;-;-;-;-;-
18.11.2025 19:00;18.11.2025 20:00;-;-;-;-;-;-;-;-;-;-;-;-;-;-;-;-;-
18.11.2025 20:00;18.11.2025 21:00;-;-;-;-;-;-;-;-;-;-;-;-;-;-;-;-;-
18.11.2025 21:00;18.11.2025 22:00;-;-;-;-;-;-;-;-;-;-;-;-;-;-;-;-;-
18.11.2025 22:00;18.11.2025 23:00;-;-;-;-;-;-;-;-;-;-;-;-;-;-;-;-;-
18.11.2025 23:00;19.11.2025 00:00;-;-;-;-;-;-;-;-;-;-;-;-;-;-;-;-;-
19.11.2025 00:00;19.11.2025 01:00;-;-;-;-;-;-;-;-;-;-;-;-;-;-;-;-;-
19.11.2025 01:00;19.11.2025 02:00;-;-;-;-;-;-;-;-;-;-;-;-;-;-;-;-;-
19.11.2025 02:00;19.11.2025 03:00;-;-;-;-;-;-;-;-;-;-;-;-;-;-;-;-;-
19.11.2025 03:00;19.11.2025 04:00;-;-;-;-;-;-;-;-;-;-;-;-;-;-;-;-;-
19.11.2025 04:00;19.11.2025 05:00;-;-;-;-;-;-;-;-;-;-;-;-;-;-;-;-;-
19.11.2025 05:00;19.11.2025 06:00;-;-;-;-;-;-;-;-;-;-;-;-;-;-;-;-;-
19.11.2025 06:00;19.11.2025 07:00;-;-;-;-;-;-;-;-;-;-;-;-;-;-;-;-;-
19.11.2025 07:00;19.11.2025 08:00;-;-;-;-;-;-;-;-;-;-;-;-;-;-;-;-;-
19.11.2025 08:00;19.11.2025 09:00;-;-;-;-;-;-;-;-;-;-;-;-;-;-;-;-;-
19.11.2025 09:00;19.11.2025 10:00;-;-;-;-;-;-;-;-;-;-;-;-;-;-;-;-;-
19.11.2025 10:00;19.11.2025 11:00;-;-;-;-;-;-;-;-;-;-;-;-;-;-;-;-;-
19.11.2025 11:00;19.11.2025 12:00;-;-;-;-;-;-;-;-;-;-;-;-;-;-;-;-;-
19.11.2025 12:00;19.11.2025 13:00;-;-;-;-;-;-;-;-;-;-;-;-;-;-;-;-;-
19.11.2025 13:00;19.11.2025 14:00;-;-;-;-;-;-;-;-;-;-;-;-;-;-;-;-;-
19.11.2025 14:00;19.11.2025 15:00;-;-;-;-;-;-;-;-;-;-;-;-;-;-;-;-;-
19.11.2025 15:00;19.11.2025 16:00;-;-;-;-;-;-;-;-;-;-;-;-;-;-;-;-;-
19.11.2025 16:00;19.11.2025 17:00;-;-;-;-;-;-;-;-;-;-;-;-;-;-;-;-;-
19.11.2025 17:00;19.11.2025 18:00;-;-;-;-;-;-;-;-;-;-;-;-;-;-;-;-;-
19.11.2025 18:00;19.11.2025 19:00;-;-;-;-;-;-;-;-;-;-;-;-;-;-;-;-;-
19.11.2025 19:00;19.11.2025 20:00;-;-;-;-;-;-;-;-;-;-;-;-;-;-;-;-;-
19.11.2025 20:00;19.11.2025 21:00;-;-;-;-;-;-;-;-;-;-;-;-;-;-;-;-;-
19.11.2025 21:00;19.11.2025 22:00;-;-;-;-;-;-;-;-;-;-;-;-;-;-;-;-;-
19.11.2025 22:00;19.11.2025 23:00;-;-;-;-;-;-;-;-;-;-;-;-;-;-;-;-;-
19.11.2025 23:00;20.11.2025 00:00;-;-;-;-;-;-;-;-;-;-;-;-;-;-;-;-;-
20.11.2025 00:00;20.11.2025 01:00;-;-;-;-;-;-;-;-;-;-;-;-;-;-;-;-;-
20.11.2025 01:00;20.11.2025 02:00;-;-;-;-;-;-;-;-;-;-;-;-;-;-;-;-;-
20.11.2025 02:00;20.11.2025 03:00;-;-;-;-;-;-;-;-;-;-;-;-;-;-;-;-;-
20.11.2025 03:00;20.11.2025 04:00;-;-;-;-;-;-;-;-;-;-;-;-;-;-;-;-;-
20.11.2025 04:00;20.11.2025 05:00;-;-;-;-;-;-;-;-;-;-;-;-;-;-;-;-;-
20.11.2025 05:00;20.11.2025 06:00;-;-;-;-;-;-;-;-;-;-;-;-;-;-;-;-;-
20.11.2025 06:00;20.11.2025 07:00;-;-;-;-;-;-;-;-;-;-;-;-;-;-;-;-;-
20.11.2025 07:00;20.11.2025 08:00;-;-;-;-;-;-;-;-;-;-;-;-;-;-;-;-;-
20.11.2025 08:00;20.11.2025 09:00;-;-;-;-;-;-;-;-;-;-;-;-;-;-;-;-;-
20.11.2025 09:00;20.11.2025 10:00;-;-;-;-;-;-;-;-;-;-;-;-;-;-;-;-;-
20.11.2025 10:00;20.11.2025 11:00;-;-;-;-;-;-;-;-;-;-;-;-;-;-;-;-;-
20.11.2025 11:00;20.11.2025 12:00;-;-;-;-;-;-;-;-;-;-;-;-;-;-;-;-;-
20.11.2025 12:00;20.11.2025 13:00;-;-;-;-;-;-;-;-;-;-;-;-;-;-;-;-;-
20.11.2025 13:00;20.11.2025 14:00;-;-;-;-;-;-;-;-;-;-;-;-;-;-;-;-;-
20.11.2025 14:00;20.11.2025 15:00;-;-;-;-;-;-;-;-;-;-;-;-;-;-;-;-;-
20.11.2025 15:00;20.11.2025 16:00;-;-;-;-;-;-;-;-;-;-;-;-;-;-;-;-;-
20.11.2025 16:00;20.11.2025 17:00;-;-;-;-;-;-;-;-;-;-;-;-;-;-;-;-;-
20.11.2025 17:00;20.11.2025 18:00;-;-;-;-;-;-;-;-;-;-;-;-;-;-;-;-;-
20.11.2025 18:00;20.11.2025 19:00;-;-;-;-;-;-;-;-;-;-;-;-;-;-;-;-;-
20.11.2025 19:00;20.11.2025 20:00;-;-;-;-;-;-;-;-;-;-;-;-;-;-;-;-;-
20.11.2025 20:00;20.11.2025 21:00;-;-;-;-;-;-;-;-;-;-;-;-;-;-;-;-;-
20.11.2025 21:00;20.11.2025 22:00;-;-;-;-;-;-;-;-;-;-;-;-;-;-;-;-;-
20.11.2025 22:00;20.11.2025 23:00;-;-;-;-;-;-;-;-;-;-;-;-;-;-;-;-;-
20.11.2025 23:00;21.11.2025 00:00;-;-;-;-;-;-;-;-;-;-;-;-;-;-;-;-;-
21.11.2025 00:00;21.11.2025 01:00;-;-;-;-;-;-;-;-;-;-;-;-;-;-;-;-;-
21.11.2025 01:00;21.11.2025 02:00;-;-;-;-;-;-;-;-;-;-;-;-;-;-;-;-;-
21.11.2025 02:00;21.11.2025 03:00;-;-;-;-;-;-;-;-;-;-;-;-;-;-;-;-;-
21.11.2025 03:00;21.11.2025 04:00;-;-;-;-;-;-;-;-;-;-;-;-;-;-;-;-;-
21.11.2025 04:00;21.11.2025 05:00;-;-;-;-;-;-;-;-;-;-;-;-;-;-;-;-;-
21.11.2025 05:00;21.11.2025 06:00;-;-;-;-;-;-;-;-;-;-;-;-;-;-;-;-;-
21.11.2025 06:00;21.11.2025 07:00;-;-;-;-;-;-;-;-;-;-;-;-;-;-;-;-;-
21.11.2025 07:00;21.11.2025 08:00;-;-;-;-;-;-;-;-;-;-;-;-;-;-;-;-;-
21.11.2025 08:00;21.11.2025 09:00;-;-;-;-;-;-;-;-;-;-;-;-;-;-;-;-;-
21.11.2025 09:00;21.11.2025 10:00;-;-;-;-;-;-;-;-;-;-;-;-;-;-;-;-;-
21.11.2025 10:00;21.11.2025 11:00;-;-;-;-;-;-;-;-;-;-;-;-;-;-;-;-;-
21.11.2025 11:00;21.11.2025 12:00;-;-;-;-;-;-;-;-;-;-;-;-;-;-;-;-;-
21.11.2025 12:00;21.11.2025 13:00;-;-;-;-;-;-;-;-;-;-;-;-;-;-;-;-;-
21.11.2025 13:00;21.11.2025 14:00;-;-;-;-;-;-;-;-;-;-;-;-;-;-;-;-;-
21.11.2025 14:00;21.11.2025 15:00;-;-;-;-;-;-;-;-;-;-;-;-;-;-;-;-;-
21.11.2025 15:00;21.11.2025 16:00;-;-;-;-;-;-;-;-;-;-;-;-;-;-;-;-;-
21.11.2025 16:00;21.11.2025 17:00;-;-;-;-;-;-;-;-;-;-;-;-;-;-;-;-;-
21.11.2025 17:00;21.11.2025 18:00;-;-;-;-;-;-;-;-;-;-;-;-;-;-;-;-;-
21.11.2025 18:00;21.11.2025 19:00;-;-;-;-;-;-;-;-;-;-;-;-;-;-;-;-;-
21.11.2025 19:00;21.11.2025 20:00;-;-;-;-;-;-;-;-;-;-;-;-;-;-;-;-;-
21.11.2025 20:00;21.11.2025 21:00;-;-;-;-;-;-;-;-;-;-;-;-;-;-;-;-;-
21.11.2025 21:00;21.11.2025 22:00;-;-;-;-;-;-;-;-;-;-;-;-;-;-;-;-;-
21.11.2025 22:00;21.11.2025 23:00;-;-;-;-;-;-;-;-;-;-;-;-;-;-;-;-;-
21.11.2025 23:00;22.11.2025 00:00;-;-;-;-;-;-;-;-;-;-;-;-;-;-;-;-;-
22.11.2025 00:00;22.11.2025 01:00;-;-;-;-;-;-;-;-;-;-;-;-;-;-;-;-;-
22.11.2025 01:00;22.11.2025 02:00;-;-;-;-;-;-;-;-;-;-;-;-;-;-;-;-;-
22.11.2025 02:00;22.11.2025 03:00;-;-;-;-;-;-;-;-;-;-;-;-;-;-;-;-;-
22.11.2025 03:00;22.11.2025 04:00;-;-;-;-;-;-;-;-;-;-;-;-;-;-;-;-;-
22.11.2025 04:00;22.11.2025 05:00;-;-;-;-;-;-;-;-;-;-;-;-;-;-;-;-;-
22.11.2025 05:00;22.11.2025 06:00;-;-;-;-;-;-;-;-;-;-;-;-;-;-;-;-;-
22.11.2025 06:00;22.11.2025 07:00;-;-;-;-;-;-;-;-;-;-;-;-;-;-;-;-;-
22.11.2025 07:00;22.11.2025 08:00;-;-;-;-;-;-;-;-;-;-;-;-;-;-;-;-;-
22.11.2025 08:00;22.11.2025 09:00;-;-;-;-;-;-;-;-;-;-;-;-;-;-;-;-;-
22.11.2025 09:00;22.11.2025 10:00;-;-;-;-;-;-;-;-;-;-;-;-;-;-;-;-;-
22.11.2025 10:00;22.11.2025 11:00;-;-;-;-;-;-;-;-;-;-;-;-;-;-;-;-;-
22.11.2025 11:00;22.11.2025 12:00;-;-;-;-;-;-;-;-;-;-;-;-;-;-;-;-;-
22.11.2025 12:00;22.11.2025 13:00;-;-;-;-;-;-;-;-;-;-;-;-;-;-;-;-;-
22.11.2025 13:00;22.11.2025 14:00;-;-;-;-;-;-;-;-;-;-;-;-;-;-;-;-;-
22.11.2025 14:00;22.11.2025 15:00;-;-;-;-;-;-;-;-;-;-;-;-;-;-;-;-;-
22.11.2025 15:00;22.11.2025 16:00;-;-;-;-;-;-;-;-;-;-;-;-;-;-;-;-;-
22.11.2025 16:00;22.11.2025 17:00;-;-;-;-;-;-;-;-;-;-;-;-;-;-;-;-;-
22.11.2025 17:00;22.11.2025 18:00;-;-;-;-;-;-;-;-;-;-;-;-;-;-;-;-;-
22.11.2025 18:00;22.11.2025 19:00;-;-;-;-;-;-;-;-;-;-;-;-;-;-;-;-;-
22.11.2025 19:00;22.11.2025 20:00;-;-;-;-;-;-;-;-;-;-;-;-;-;-;-;-;-
22.11.2025 20:00;22.11.2025 21:00;-;-;-;-;-;-;-;-;-;-;-;-;-;-;-;-;-
22.11.2025 21:00;22.11.2025 22:00;-;-;-;-;-;-;-;-;-;-;-;-;-;-;-;-;-
22.11.2025 22:00;22.11.2025 23:00;-;-;-;-;-;-;-;-;-;-;-;-;-;-;-;-;-
22.11.2025 23:00;23.11.2025 00:00;-;-;-;-;-;-;-;-;-;-;-;-;-;-;-;-;-
23.11.2025 00:00;23.11.2025 01:00;-;-;-;-;-;-;-;-;-;-;-;-;-;-;-;-;-
23.11.2025 01:00;23.11.2025 02:00;-;-;-;-;-;-;-;-;-;-;-;-;-;-;-;-;-
23.11.2025 02:00;23.11.2025 03:00;-;-;-;-;-;-;-;-;-;-;-;-;-;-;-;-;-
23.11.2025 03:00;23.11.2025 04:00;-;-;-;-;-;-;-;-;-;-;-;-;-;-;-;-;-
23.11.2025 04:00;23.11.2025 05:00;-;-;-;-;-;-;-;-;-;-;-;-;-;-;-;-;-
23.11.2025 05:00;23.11.2025 06:00;-;-;-;-;-;-;-;-;-;-;-;-;-;-;-;-;-
23.11.2025 06:00;23.11.2025 07:00;-;-;-;-;-;-;-;-;-;-;-;-;-;-;-;-;-
23.11.2025 07:00;23.11.2025 08:00;-;-;-;-;-;-;-;-;-;-;-;-;-;-;-;-;-
23.11.2025 08:00;23.11.2025 09:00;-;-;-;-;-;-;-;-;-;-;-;-;-;-;-;-;-
23.11.2025 09:00;23.11.2025 10:00;-;-;-;-;-;-;-;-;-;-;-;-;-;-;-;-;-
23.11.2025 10:00;23.11.2025 11:00;-;-;-;-;-;-;-;-;-;-;-;-;-;-;-;-;-
23.11.2025 11:00;23.11.2025 12:00;-;-;-;-;-;-;-;-;-;-;-;-;-;-;-;-;-
23.11.2025 12:00;23.11.2025 13:00;-;-;-;-;-;-;-;-;-;-;-;-;-;-;-;-;-
23.11.2025 13:00;23.11.2025 14:00;-;-;-;-;-;-;-;-;-;-;-;-;-;-;-;-;-
23.11.2025 14:00;23.11.2025 15:00;-;-;-;-;-;-;-;-;-;-;-;-;-;-;-;-;-
23.11.2025 15:00;23.11.2025 16:00;-;-;-;-;-;-;-;-;-;-;-;-;-;-;-;-;-
23.11.2025 16:00;23.11.2025 17:00;-;-;-;-;-;-;-;-;-;-;-;-;-;-;-;-;-
23.11.2025 17:00;23.11.2025 18:00;-;-;-;-;-;-;-;-;-;-;-;-;-;-;-;-;-
23.11.2025 18:00;23.11.2025 19:00;-;-;-;-;-;-;-;-;-;-;-;-;-;-;-;-;-
23.11.2025 19:00;23.11.2025 20:00;-;-;-;-;-;-;-;-;-;-;-;-;-;-;-;-;-
23.11.2025 20:00;23.11.2025 21:00;-;-;-;-;-;-;-;-;-;-;-;-;-;-;-;-;-
23.11.2025 21:00;23.11.2025 22:00;-;-;-;-;-;-;-;-;-;-;-;-;-;-;-;-;-
23.11.2025 22:00;23.11.2025 23:00;-;-;-;-;-;-;-;-;-;-;-;-;-;-;-;-;-
23.11.2025 23:00;24.11.2025 00:00;-;-;-;-;-;-;-;-;-;-;-;-;-;-;-;-;-
24.11.2025 00:00;24.11.2025 01:00;-;-;-;-;-;-;-;-;-;-;-;-;-;-;-;-;-
24.11.2025 01:00;24.11.2025 02:00;-;-;-;-;-;-;-;-;-;-;-;-;-;-;-;-;-
24.11.2025 02:00;24.11.2025 03:00;-;-;-;-;-;-;-;-;-;-;-;-;-;-;-;-;-
24.11.2025 03:00;24.11.2025 04:00;-;-;-;-;-;-;-;-;-;-;-;-;-;-;-;-;-
24.11.2025 04:00;24.11.2025 05:00;-;-;-;-;-;-;-;-;-;-;-;-;-;-;-;-;-
24.11.2025 05:00;24.11.2025 06:00;-;-;-;-;-;-;-;-;-;-;-;-;-;-;-;-;-
24.11.2025 06:00;24.11.2025 07:00;-;-;-;-;-;-;-;-;-;-;-;-;-;-;-;-;-
24.11.2025 07:00;24.11.2025 08:00;-;-;-;-;-;-;-;-;-;-;-;-;-;-;-;-;-
24.11.2025 08:00;24.11.2025 09:00;-;-;-;-;-;-;-;-;-;-;-;-;-;-;-;-;-
24.11.2025 09:00;24.11.2025 10:00;-;-;-;-;-;-;-;-;-;-;-;-;-;-;-;-;-
24.11.2025 10:00;24.11.2025 11:00;-;-;-;-;-;-;-;-;-;-;-;-;-;-;-;-;-
24.11.2025 11:00;24.11.2025 12:00;-;-;-;-;-;-;-;-;-;-;-;-;-;-;-;-;-
24.11.2025 12:00;24.11.2025 13:00;-;-;-;-;-;-;-;-;-;-;-;-;-;-;-;-;-
24.11.2025 13:00;24.11.2025 14:00;-;-;-;-;-;-;-;-;-;-;-;-;-;-;-;-;-
24.11.2025 14:00;24.11.2025 15:00;-;-;-;-;-;-;-;-;-;-;-;-;-;-;-;-;-
24.11.2025 15:00;24.11.2025 16:00;-;-;-;-;-;-;-;-;-;-;-;-;-;-;-;-;-
24.11.2025 16:00;24.11.2025 17:00;-;-;-;-;-;-;-;-;-;-;-;-;-;-;-;-;-
24.11.2025 17:00;24.11.2025 18:00;-;-;-;-;-;-;-;-;-;-;-;-;-;-;-;-;-
24.11.2025 18:00;24.11.2025 19:00;-;-;-;-;-;-;-;-;-;-;-;-;-;-;-;-;-
24.11.2025 19:00;24.11.2025 20:00;-;-;-;-;-;-;-;-;-;-;-;-;-;-;-;-;-
24.11.2025 20:00;24.11.2025 21:00;-;-;-;-;-;-;-;-;-;-;-;-;-;-;-;-;-
24.11.2025 21:00;24.11.2025 22:00;-;-;-;-;-;-;-;-;-;-;-;-;-;-;-;-;-
24.11.2025 22:00;24.11.2025 23:00;-;-;-;-;-;-;-;-;-;-;-;-;-;-;-;-;-
24.11.2025 23:00;25.11.2025 00:00;-;-;-;-;-;-;-;-;-;-;-;-;-;-;-;-;-
25.11.2025 00:00;25.11.2025 01:00;-;-;-;-;-;-;-;-;-;-;-;-;-;-;-;-;-
25.11.2025 01:00;25.11.2025 02:00;-;-;-;-;-;-;-;-;-;-;-;-;-;-;-;-;-
25.11.2025 02:00;25.11.2025 03:00;-;-;-;-;-;-;-;-;-;-;-;-;-;-;-;-;-
25.11.2025 03:00;25.11.2025 04:00;-;-;-;-;-;-;-;-;-;-;-;-;-;-;-;-;-
25.11.2025 04:00;25.11.2025 05:00;-;-;-;-;-;-;-;-;-;-;-;-;-;-;-;-;-
25.11.2025 05:00;25.11.2025 06:00;-;-;-;-;-;-;-;-;-;-;-;-;-;-;-;-;-
25.11.2025 06:00;25.11.2025 07:00;-;-;-;-;-;-;-;-;-;-;-;-;-;-;-;-;-
25.11.2025 07:00;25.11.2025 08:00;-;-;-;-;-;-;-;-;-;-;-;-;-;-;-;-;-
25.11.2025 08:00;25.11.2025 09:00;-;-;-;-;-;-;-;-;-;-;-;-;-;-;-;-;-
25.11.2025 09:00;25.11.2025 10:00;-;-;-;-;-;-;-;-;-;-;-;-;-;-;-;-;-
25.11.2025 10:00;25.11.2025 11:00;-;-;-;-;-;-;-;-;-;-;-;-;-;-;-;-;-
25.11.2025 11:00;25.11.2025 12:00;-;-;-;-;-;-;-;-;-;-;-;-;-;-;-;-;-
25.11.2025 12:00;25.11.2025 13:00;-;-;-;-;-;-;-;-;-;-;-;-;-;-;-;-;-
25.11.2025 13:00;25.11.2025 14:00;-;-;-;-;-;-;-;-;-;-;-;-;-;-;-;-;-
25.11.2025 14:00;25.11.2025 15:00;-;-;-;-;-;-;-;-;-;-;-;-;-;-;-;-;-
25.11.2025 15:00;25.11.2025 16:00;-;-;-;-;-;-;-;-;-;-;-;-;-;-;-;-;-
25.11.2025 16:00;25.11.2025 17:00;-;-;-;-;-;-;-;-;-;-;-;-;-;-;-;-;-
25.11.2025 17:00;25.11.2025 18:00;-;-;-;-;-;-;-;-;-;-;-;-;-;-;-;-;-
25.11.2025 18:00;25.11.2025 19:00;-;-;-;-;-;-;-;-;-;-;-;-;-;-;-;-;-
25.11.2025 19:00;25.11.2025 20:00;-;-;-;-;-;-;-;-;-;-;-;-;-;-;-;-;-
25.11.2025 20:00;25.11.2025 21:00;-;-;-;-;-;-;-;-;-;-;-;-;-;-;-;-;-
25.11.2025 21:00;25.11.2025 22:00;-;-;-;-;-;-;-;-;-;-;-;-;-;-;-;-;-
25.11.2025 22:00;25.11.2025 23:00;-;-;-;-;-;-;-;-;-;-;-;-;-;-;-;-;-
25.11.2025 23:00;26.11.2025 00:00;-;-;-;-;-;-;-;-;-;-;-;-;-;-;-;-;-
26.11.2025 00:00;26.11.2025 01:00;-;-;-;-;-;-;-;-;-;-;-;-;-;-;-;-;-
26.11.2025 01:00;26.11.2025 02:00;-;-;-;-;-;-;-;-;-;-;-;-;-;-;-;-;-
26.11.2025 02:00;26.11.2025 03:00;-;-;-;-;-;-;-;-;-;-;-;-;-;-;-;-;-
26.11.2025 03:00;26.11.2025 04:00;-;-;-;-;-;-;-;-;-;-;-;-;-;-;-;-;-
26.11.2025 04:00;26.11.2025 05:00;-;-;-;-;-;-;-;-;-;-;-;-;-;-;-;-;-
26.11.2025 05:00;26.11.2025 06:00;-;-;-;-;-;-;-;-;-;-;-;-;-;-;-;-;-
26.11.2025 06:00;26.11.2025 07:00;-;-;-;-;-;-;-;-;-;-;-;-;-;-;-;-;-
26.11.2025 07:00;26.11.2025 08:00;-;-;-;-;-;-;-;-;-;-;-;-;-;-;-;-;-
26.11.2025 08:00;26.11.2025 09:00;-;-;-;-;-;-;-;-;-;-;-;-;-;-;-;-;-
26.11.2025 09:00;26.11.2025 10:00;-;-;-;-;-;-;-;-;-;-;-;-;-;-;-;-;-
26.11.2025 10:00;26.11.2025 11:00;-;-;-;-;-;-;-;-;-;-;-;-;-;-;-;-;-
26.11.2025 11:00;26.11.2025 12:00;-;-;-;-;-;-;-;-;-;-;-;-;-;-;-;-;-
26.11.2025 12:00;26.11.2025 13:00;-;-;-;-;-;-;-;-;-;-;-;-;-;-;-;-;-
26.11.2025 13:00;26.11.2025 14:00;-;-;-;-;-;-;-;-;-;-;-;-;-;-;-;-;-
26.11.2025 14:00;26.11.2025 15:00;-;-;-;-;-;-;-;-;-;-;-;-;-;-;-;-;-
26.11.2025 15:00;26.11.2025 16:00;-;-;-;-;-;-;-;-;-;-;-;-;-;-;-;-;-
26.11.2025 16:00;26.11.2025 17:00;-;-;-;-;-;-;-;-;-;-;-;-;-;-;-;-;-
26.11.2025 17:00;26.11.2025 18:00;-;-;-;-;-;-;-;-;-;-;-;-;-;-;-;-;-
26.11.2025 18:00;26.11.2025 19:00;-;-;-;-;-;-;-;-;-;-;-;-;-;-;-;-;-
26.11.2025 19:00;26.11.2025 20:00;-;-;-;-;-;-;-;-;-;-;-;-;-;-;-;-;-
26.11.2025 20:00;26.11.2025 21:00;-;-;-;-;-;-;-;-;-;-;-;-;-;-;-;-;-
26.11.2025 21:00;26.11.2025 22:00;-;-;-;-;-;-;-;-;-;-;-;-;-;-;-;-;-
26.11.2025 22:00;26.11.2025 23:00;-;-;-;-;-;-;-;-;-;-;-;-;-;-;-;-;-
26.11.2025 23:00;27.11.2025 00:00;-;-;-;-;-;-;-;-;-;-;-;-;-;-;-;-;-
27.11.2025 00:00;27.11.2025 01:00;-;-;-;-;-;-;-;-;-;-;-;-;-;-;-;-;-
27.11.2025 01:00;27.11.2025 02:00;-;-;-;-;-;-;-;-;-;-;-;-;-;-;-;-;-
27.11.2025 02:00;27.11.2025 03:00;-;-;-;-;-;-;-;-;-;-;-;-;-;-;-;-;-
27.11.2025 03:00;27.11.2025 04:00;-;-;-;-;-;-;-;-;-;-;-;-;-;-;-;-;-
27.11.2025 04:00;27.11.2025 05:00;-;-;-;-;-;-;-;-;-;-;-;-;-;-;-;-;-
27.11.2025 05:00;27.11.2025 06:00;-;-;-;-;-;-;-;-;-;-;-;-;-;-;-;-;-
27.11.2025 06:00;27.11.2025 07:00;-;-;-;-;-;-;-;-;-;-;-;-;-;-;-;-;-
27.11.2025 07:00;27.11.2025 08:00;-;-;-;-;-;-;-;-;-;-;-;-;-;-;-;-;-
27.11.2025 08:00;27.11.2025 09:00;-;-;-;-;-;-;-;-;-;-;-;-;-;-;-;-;-
27.11.2025 09:00;27.11.2025 10:00;-;-;-;-;-;-;-;-;-;-;-;-;-;-;-;-;-
27.11.2025 10:00;27.11.2025 11:00;-;-;-;-;-;-;-;-;-;-;-;-;-;-;-;-;-
27.11.2025 11:00;27.11.2025 12:00;-;-;-;-;-;-;-;-;-;-;-;-;-;-;-;-;-
27.11.2025 12:00;27.11.2025 13:00;-;-;-;-;-;-;-;-;-;-;-;-;-;-;-;-;-
27.11.2025 13:00;27.11.2025 14:00;-;-;-;-;-;-;-;-;-;-;-;-;-;-;-;-;-
27.11.2025 14:00;27.11.2025 15:00;-;-;-;-;-;-;-;-;-;-;-;-;-;-;-;-;-
27.11.2025 15:00;27.11.2025 16:00;-;-;-;-;-;-;-;-;-;-;-;-;-;-;-;-;-
27.11.2025 16:00;27.11.2025 17:00;-;-;-;-;-;-;-;-;-;-;-;-;-;-;-;-;-
27.11.2025 17:00;27.11.2025 18:00;-;-;-;-;-;-;-;-;-;-;-;-;-;-;-;-;-
27.11.2025 18:00;27.11.2025 19:00;-;-;-;-;-;-;-;-;-;-;-;-;-;-;-;-;-
27.11.2025 19:00;27.11.2025 20:00;-;-;-;-;-;-;-;-;-;-;-;-;-;-;-;-;-
27.11.2025 20:00;27.11.2025 21:00;-;-;-;-;-;-;-;-;-;-;-;-;-;-;-;-;-
27.11.2025 21:00;27.11.2025 22:00;-;-;-;-;-;-;-;-;-;-;-;-;-;-;-;-;-
27.11.2025 22:00;27.11.2025 23:00;-;-;-;-;-;-;-;-;-;-;-;-;-;-;-;-;-
27.11.2025 23:00;28.11.2025 00:00;-;-;-;-;-;-;-;-;-;-;-;-;-;-;-;-;-
28.11.2025 00:00;28.11.2025 01:00;-;-;-;-;-;-;-;-;-;-;-;-;-;-;-;-;-
28.11.2025 01:00;28.11.2025 02:00;-;-;-;-;-;-;-;-;-;-;-;-;-;-;-;-;-
28.11.2025 02:00;28.11.2025 03:00;-;-;-;-;-;-;-;-;-;-;-;-;-;-;-;-;-
28.11.2025 03:00;28.11.2025 04:00;-;-;-;-;-;-;-;-;-;-;-;-;-;-;-;-;-
28.11.2025 04:00;28.11.2025 05:00;-;-;-;-;-;-;-;-;-;-;-;-;-;-;-;-;-
28.11.2025 05:00;28.11.2025 06:00;-;-;-;-;-;-;-;-;-;-;-;-;-;-;-;-;-
28.11.2025 06:00;28.11.2025 07:00;-;-;-;-;-;-;-;-;-;-;-;-;-;-;-;-;-
28.11.2025 07:00;28.11.2025 08:00;-;-;-;-;-;-;-;-;-;-;-;-;-;-;-;-;-
28.11.2025 08:00;28.11.2025 09:00;-;-;-;-;-;-;-;-;-;-;-;-;-;-;-;-;-
28.11.2025 09:00;28.11.2025 10:00;-;-;-;-;-;-;-;-;-;-;-;-;-;-;-;-;-
28.11.2025 10:00;28.11.2025 11:00;-;-;-;-;-;-;-;-;-;-;-;-;-;-;-;-;-
28.11.2025 11:00;28.11.2025 12:00;-;-;-;-;-;-;-;-;-;-;-;-;-;-;-;-;-
28.11.2025 12:00;28.11.2025 13:00;-;-;-;-;-;-;-;-;-;-;-;-;-;-;-;-;-
28.11.2025 13:00;28.11.2025 14:00;-;-;-;-;-;-;-;-;-;-;-;-;-;-;-;-;-
28.11.2025 14:00;28.11.2025 15:00;-;-;-;-;-;-;-;-;-;-;-;-;-;-;-;-;-
28.11.2025 15:00;28.11.2025 16:00;-;-;-;-;-;-;-;-;-;-;-;-;-;-;-;-;-
28.11.2025 16:00;28.11.2025 17:00;-;-;-;-;-;-;-;-;-;-;-;-;-;-;-;-;-
28.11.2025 17:00;28.11.2025 18:00;-;-;-;-;-;-;-;-;-;-;-;-;-;-;-;-;-
28.11.2025 18:00;28.11.2025 19:00;-;-;-;-;-;-;-;-;-;-;-;-;-;-;-;-;-
28.11.2025 19:00;28.11.2025 20:00;-;-;-;-;-;-;-;-;-;-;-;-;-;-;-;-;-
28.11.2025 20:00;28.11.2025 21:00;-;-;-;-;-;-;-;-;-;-;-;-;-;-;-;-;-
28.11.2025 21:00;28.11.2025 22:00;-;-;-;-;-;-;-;-;-;-;-;-;-;-;-;-;-
28.11.2025 22:00;28.11.2025 23:00;-;-;-;-;-;-;-;-;-;-;-;-;-;-;-;-;-
28.11.2025 23:00;29.11.2025 00:00;-;-;-;-;-;-;-;-;-;-;-;-;-;-;-;-;-
29.11.2025 00:00;29.11.2025 01:00;-;-;-;-;-;-;-;-;-;-;-;-;-;-;-;-;-
29.11.2025 01:00;29.11.2025 02:00;-;-;-;-;-;-;-;-;-;-;-;-;-;-;-;-;-
29.11.2025 02:00;29.11.2025 03:00;-;-;-;-;-;-;-;-;-;-;-;-;-;-;-;-;-
29.11.2025 03:00;29.11.2025 04:00;-;-;-;-;-;-;-;-;-;-;-;-;-;-;-;-;-
29.11.2025 04:00;29.11.2025 05:00;-;-;-;-;-;-;-;-;-;-;-;-;-;-;-;-;-
29.11.2025 05:00;29.11.2025 06:00;-;-;-;-;-;-;-;-;-;-;-;-;-;-;-;-;-
29.11.2025 06:00;29.11.2025 07:00;-;-;-;-;-;-;-;-;-;-;-;-;-;-;-;-;-
29.11.2025 07:00;29.11.2025 08:00;-;-;-;-;-;-;-;-;-;-;-;-;-;-;-;-;-
29.11.2025 08:00;29.11.2025 09:00;-;-;-;-;-;-;-;-;-;-;-;-;-;-;-;-;-
29.11.2025 09:00;29.11.2025 10:00;-;-;-;-;-;-;-;-;-;-;-;-;-;-;-;-;-
29.11.2025 10:00;29.11.2025 11:00;-;-;-;-;-;-;-;-;-;-;-;-;-;-;-;-;-
29.11.2025 11:00;29.11.2025 12:00;-;-;-;-;-;-;-;-;-;-;-;-;-;-;-;-;-
29.11.2025 12:00;29.11.2025 13:00;-;-;-;-;-;-;-;-;-;-;-;-;-;-;-;-;-
29.11.2025 13:00;29.11.2025 14:00;-;-;-;-;-;-;-;-;-;-;-;-;-;-;-;-;-
29.11.2025 14:00;29.11.2025 15:00;-;-;-;-;-;-;-;-;-;-;-;-;-;-;-;-;-
29.11.2025 15:00;29.11.2025 16:00;-;-;-;-;-;-;-;-;-;-;-;-;-;-;-;-;-
29.11.2025 16:00;29.11.2025 17:00;-;-;-;-;-;-;-;-;-;-;-;-;-;-;-;-;-
29.11.2025 17:00;29.11.2025 18:00;-;-;-;-;-;-;-;-;-;-;-;-;-;-;-;-;-
29.11.2025 18:00;29.11.2025 19:00;-;-;-;-;-;-;-;-;-;-;-;-;-;-;-;-;-
29.11.2025 19:00;29.11.2025 20:00;-;-;-;-;-;-;-;-;-;-;-;-;-;-;-;-;-
29.11.2025 20:00;29.11.2025 21:00;-;-;-;-;-;-;-;-;-;-;-;-;-;-;-;-;-
29.11.2025 21:00;29.11.2025 22:00;-;-;-;-;-;-;-;-;-;-;-;-;-;-;-;-;-
29.11.2025 22:00;29.11.2025 23:00;-;-;-;-;-;-;-;-;-;-;-;-;-;-;-;-;-
29.11.2025 23:00;30.11.2025 00:00;-;-;-;-;-;-;-;-;-;-;-;-;-;-;-;-;-
30.11.2025 00:00;30.11.2025 01:00;-;-;-;-;-;-;-;-;-;-;-;-;-;-;-;-;-
30.11.2025 01:00;30.11.2025 02:00;-;-;-;-;-;-;-;-;-;-;-;-;-;-;-;-;-
30.11.2025 02:00;30.11.2025 03:00;-;-;-;-;-;-;-;-;-;-;-;-;-;-;-;-;-
30.11.2025 03:00;30.11.2025 04:00;-;-;-;-;-;-;-;-;-;-;-;-;-;-;-;-;-
30.11.2025 04:00;30.11.2025 05:00;-;-;-;-;-;-;-;-;-;-;-;-;-;-;-;-;-
30.11.2025 05:00;30.11.2025 06:00;-;-;-;-;-;-;-;-;-;-;-;-;-;-;-;-;-
30.11.2025 06:00;30.11.2025 07:00;-;-;-;-;-;-;-;-;-;-;-;-;-;-;-;-;-
30.11.2025 07:00;30.11.2025 08:00;-;-;-;-;-;-;-;-;-;-;-;-;-;-;-;-;-
30.11.2025 08:00;30.11.2025 09:00;-;-;-;-;-;-;-;-;-;-;-;-;-;-;-;-;-
30.11.2025 09:00;30.11.2025 10:00;-;-;-;-;-;-;-;-;-;-;-;-;-;-;-;-;-
30.11.2025 10:00;30.11.2025 11:00;-;-;-;-;-;-;-;-;-;-;-;-;-;-;-;-;-
30.11.2025 11:00;30.11.2025 12:00;-;-;-;-;-;-;-;-;-;-;-;-;-;-;-;-;-
30.11.2025 12:00;30.11.2025 13:00;-;-;-;-;-;-;-;-;-;-;-;-;-;-;-;-;-
30.11.2025 13:00;30.11.2025 14:00;-;-;-;-;-;-;-;-;-;-;-;-;-;-;-;-;-
30.11.2025 14:00;30.11.2025 15:00;-;-;-;-;-;-;-;-;-;-;-;-;-;-;-;-;-
30.11.2025 15:00;30.11.2025 16:00;-;-;-;-;-;-;-;-;-;-;-;-;-;-;-;-;-
30.11.2025 16:00;30.11.2025 17:00;-;-;-;-;-;-;-;-;-;-;-;-;-;-;-;-;-
30.11.2025 17:00;30.11.2025 18:00;-;-;-;-;-;-;-;-;-;-;-;-;-;-;-;-;-
30.11.2025 18:00;30.11.2025 19:00;-;-;-;-;-;-;-;-;-;-;-;-;-;-;-;-;-
30.11.2025 19:00;30.11.2025 20:00;-;-;-;-;-;-;-;-;-;-;-;-;-;-;-;-;-
30.11.2025 20:00;30.11.2025 21:00;-;-;-;-;-;-;-;-;-;-;-;-;-;-;-;-;-
30.11.2025 21:00;30.11.2025 22:00;-;-;-;-;-;-;-;-;-;-;-;-;-;-;-;-;-
30.11.2025 22:00;30.11.2025 23:00;-;-;-;-;-;-;-;-;-;-;-;-;-;-;-;-;-
30.11.2025 23:00;01.12.2025 00:00;-;-;-;-;-;-;-;-;-;-;-;-;-;-;-;-;-
01.12.2025 00:00;01.12.2025 01:00;-;-;-;-;-;-;-;-;-;-;-;-;-;-;-;-;-
01.12.2025 01:00;01.12.2025 02:00;-;-;-;-;-;-;-;-;-;-;-;-;-;-;-;-;-
01.12.2025 02:00;01.12.2025 03:00;-;-;-;-;-;-;-;-;-;-;-;-;-;-;-;-;-
01.12.2025 03:00;01.12.2025 04:00;-;-;-;-;-;-;-;-;-;-;-;-;-;-;-;-;-
01.12.2025 04:00;01.12.2025 05:00;-;-;-;-;-;-;-;-;-;-;-;-;-;-;-;-;-
01.12.2025 05:00;01.12.2025 06:00;-;-;-;-;-;-;-;-;-;-;-;-;-;-;-;-;-
01.12.2025 06:00;01.12.2025 07:00;-;-;-;-;-;-;-;-;-;-;-;-;-;-;-;-;-
01.12.2025 07:00;01.12.2025 08:00;-;-;-;-;-;-;-;-;-;-;-;-;-;-;-;-;-
01.12.2025 08:00;01.12.2025 09:00;-;-;-;-;-;-;-;-;-;-;-;-;-;-;-;-;-
01.12.2025 09:00;01.12.2025 10:00;-;-;-;-;-;-;-;-;-;-;-;-;-;-;-;-;-
01.12.2025 10:00;01.12.2025 11:00;-;-;-;-;-;-;-;-;-;-;-;-;-;-;-;-;-
01.12.2025 11:00;01.12.2025 12:00;-;-;-;-;-;-;-;-;-;-;-;-;-;-;-;-;-
01.12.2025 12:00;01.12.2025 13:00;-;-;-;-;-;-;-;-;-;-;-;-;-;-;-;-;-
01.12.2025 13:00;01.12.2025 14:00;-;-;-;-;-;-;-;-;-;-;-;-;-;-;-;-;-
01.12.2025 14:00;01.12.2025 15:00;-;-;-;-;-;-;-;-;-;-;-;-;-;-;-;-;-
01.12.2025 15:00;01.12.2025 16:00;-;-;-;-;-;-;-;-;-;-;-;-;-;-;-;-;-
01.12.2025 16:00;01.12.2025 17:00;-;-;-;-;-;-;-;-;-;-;-;-;-;-;-;-;-
01.12.2025 17:00;01.12.2025 18:00;-;-;-;-;-;-;-;-;-;-;-;-;-;-;-;-;-
01.12.2025 18:00;01.12.2025 19:00;-;-;-;-;-;-;-;-;-;-;-;-;-;-;-;-;-
01.12.2025 19:00;01.12.2025 20:00;-;-;-;-;-;-;-;-;-;-;-;-;-;-;-;-;-
01.12.2025 20:00;01.12.2025 21:00;-;-;-;-;-;-;-;-;-;-;-;-;-;-;-;-;-
01.12.2025 21:00;01.12.2025 22:00;-;-;-;-;-;-;-;-;-;-;-;-;-;-;-;-;-
01.12.2025 22:00;01.12.2025 23:00;-;-;-;-;-;-;-;-;-;-;-;-;-;-;-;-;-
01.12.2025 23:00;02.12.2025 00:00;-;-;-;-;-;-;-;-;-;-;-;-;-;-;-;-;-
02.12.2025 00:00;02.12.2025 01:00;-;-;-;-;-;-;-;-;-;-;-;-;-;-;-;-;-
02.12.2025 01:00;02.12.2025 02:00;-;-;-;-;-;-;-;-;-;-;-;-;-;-;-;-;-
02.12.2025 02:00;02.12.2025 03:00;-;-;-;-;-;-;-;-;-;-;-;-;-;-;-;-;-
02.12.2025 03:00;02.12.2025 04:00;-;-;-;-;-;-;-;-;-;-;-;-;-;-;-;-;-
02.12.2025 04:00;02.12.2025 05:00;-;-;-;-;-;-;-;-;-;-;-;-;-;-;-;-;-
02.12.2025 05:00;02.12.2025 06:00;-;-;-;-;-;-;-;-;-;-;-;-;-;-;-;-;-
02.12.2025 06:00;02.12.2025 07:00;-;-;-;-;-;-;-;-;-;-;-;-;-;-;-;-;-
02.12.2025 07:00;02.12.2025 08:00;-;-;-;-;-;-;-;-;-;-;-;-;-;-;-;-;-
02.12.2025 08:00;02.12.2025 09:00;-;-;-;-;-;-;-;-;-;-;-;-;-;-;-;-;-
02.12.2025 09:00;02.12.2025 10:00;-;-;-;-;-;-;-;-;-;-;-;-;-;-;-;-;-
02.12.2025 10:00;02.12.2025 11:00;-;-;-;-;-;-;-;-;-;-;-;-;-;-;-;-;-
02.12.2025 11:00;02.12.2025 12:00;-;-;-;-;-;-;-;-;-;-;-;-;-;-;-;-;-
02.12.2025 12:00;02.12.2025 13:00;-;-;-;-;-;-;-;-;-;-;-;-;-;-;-;-;-
02.12.2025 13:00;02.12.2025 14:00;-;-;-;-;-;-;-;-;-;-;-;-;-;-;-;-;-
02.12.2025 14:00;02.12.2025 15:00;-;-;-;-;-;-;-;-;-;-;-;-;-;-;-;-;-
02.12.2025 15:00;02.12.2025 16:00;-;-;-;-;-;-;-;-;-;-;-;-;-;-;-;-;-
02.12.2025 16:00;02.12.2025 17:00;-;-;-;-;-;-;-;-;-;-;-;-;-;-;-;-;-
02.12.2025 17:00;02.12.2025 18:00;-;-;-;-;-;-;-;-;-;-;-;-;-;-;-;-;-
02.12.2025 18:00;02.12.2025 19:00;-;-;-;-;-;-;-;-;-;-;-;-;-;-;-;-;-
02.12.2025 19:00;02.12.2025 20:00;-;-;-;-;-;-;-;-;-;-;-;-;-;-;-;-;-
02.12.2025 20:00;02.12.2025 21:00;-;-;-;-;-;-;-;-;-;-;-;-;-;-;-;-;-
02.12.2025 21:00;02.12.2025 22:00;-;-;-;-;-;-;-;-;-;-;-;-;-;-;-;-;-
02.12.2025 22:00;02.12.2025 23:00;-;-;-;-;-;-;-;-;-;-;-;-;-;-;-;-;-
02.12.2025 23:00;03.12.2025 00:00;-;-;-;-;-;-;-;-;-;-;-;-;-;-;-;-;-
03.12.2025 00:00;03.12.2025 01:00;-;-;-;-;-;-;-;-;-;-;-;-;-;-;-;-;-
03.12.2025 01:00;03.12.2025 02:00;-;-;-;-;-;-;-;-;-;-;-;-;-;-;-;-;-
03.12.2025 02:00;03.12.2025 03:00;-;-;-;-;-;-;-;-;-;-;-;-;-;-;-;-;-
03.12.2025 03:00;03.12.2025 04:00;-;-;-;-;-;-;-;-;-;-;-;-;-;-;-;-;-
03.12.2025 04:00;03.12.2025 05:00;-;-;-;-;-;-;-;-;-;-;-;-;-;-;-;-;-
03.12.2025 05:00;03.12.2025 06:00;-;-;-;-;-;-;-;-;-;-;-;-;-;-;-;-;-
03.12.2025 06:00;03.12.2025 07:00;-;-;-;-;-;-;-;-;-;-;-;-;-;-;-;-;-
03.12.2025 07:00;03.12.2025 08:00;-;-;-;-;-;-;-;-;-;-;-;-;-;-;-;-;-
03.12.2025 08:00;03.12.2025 09:00;-;-;-;-;-;-;-;-;-;-;-;-;-;-;-;-;-
03.12.2025 09:00;03.12.2025 10:00;-;-;-;-;-;-;-;-;-;-;-;-;-;-;-;-;-
03.12.2025 10:00;03.12.2025 11:00;-;-;-;-;-;-;-;-;-;-;-;-;-;-;-;-;-
03.12.2025 11:00;03.12.2025 12:00;-;-;-;-;-;-;-;-;-;-;-;-;-;-;-;-;-
03.12.2025 12:00;03.12.2025 13:00;-;-;-;-;-;-;-;-;-;-;-;-;-;-;-;-;-
03.12.2025 13:00;03.12.2025 14:00;-;-;-;-;-;-;-;-;-;-;-;-;-;-;-;-;-
03.12.2025 14:00;03.12.2025 15:00;-;-;-;-;-;-;-;-;-;-;-;-;-;-;-;-;-
03.12.2025 15:00;03.12.2025 16:00;-;-;-;-;-;-;-;-;-;-;-;-;-;-;-;-;-
03.12.2025 16:00;03.12.2025 17:00;-;-;-;-;-;-;-;-;-;-;-;-;-;-;-;-;-
03.12.2025 17:00;03.12.2025 18:00;-;-;-;-;-;-;-;-;-;-;-;-;-;-;-;-;-
03.12.2025 18:00;03.12.2025 19:00;-;-;-;-;-;-;-;-;-;-;-;-;-;-;-;-;-
03.12.2025 19:00;03.12.2025 20:00;-;-;-;-;-;-;-;-;-;-;-;-;-;-;-;-;-
03.12.2025 20:00;03.12.2025 21:00;-;-;-;-;-;-;-;-;-;-;-;-;-;-;-;-;-
03.12.2025 21:00;03.12.2025 22:00;-;-;-;-;-;-;-;-;-;-;-;-;-;-;-;-;-
03.12.2025 22:00;03.12.2025 23:00;-;-;-;-;-;-;-;-;-;-;-;-;-;-;-;-;-
03.12.2025 23:00;04.12.2025 00:00;-;-;-;-;-;-;-;-;-;-;-;-;-;-;-;-;-
04.12.2025 00:00;04.12.2025 01:00;-;-;-;-;-;-;-;-;-;-;-;-;-;-;-;-;-
04.12.2025 01:00;04.12.2025 02:00;-;-;-;-;-;-;-;-;-;-;-;-;-;-;-;-;-
04.12.2025 02:00;04.12.2025 03:00;-;-;-;-;-;-;-;-;-;-;-;-;-;-;-;-;-
04.12.2025 03:00;04.12.2025 04:00;-;-;-;-;-;-;-;-;-;-;-;-;-;-;-;-;-
04.12.2025 04:00;04.12.2025 05:00;-;-;-;-;-;-;-;-;-;-;-;-;-;-;-;-;-
04.12.2025 05:00;04.12.2025 06:00;-;-;-;-;-;-;-;-;-;-;-;-;-;-;-;-;-
04.12.2025 06:00;04.12.2025 07:00;-;-;-;-;-;-;-;-;-;-;-;-;-;-;-;-;-
04.12.2025 07:00;04.12.2025 08:00;-;-;-;-;-;-;-;-;-;-;-;-;-;-;-;-;-
04.12.2025 08:00;04.12.2025 09:00;-;-;-;-;-;-;-;-;-;-;-;-;-;-;-;-;-
04.12.2025 09:00;04.12.2025 10:00;-;-;-;-;-;-;-;-;-;-;-;-;-;-;-;-;-
04.12.2025 10:00;04.12.2025 11:00;-;-;-;-;-;-;-;-;-;-;-;-;-;-;-;-;-
04.12.2025 11:00;04.12.2025 12:00;-;-;-;-;-;-;-;-;-;-;-;-;-;-;-;-;-
04.12.2025 12:00;04.12.2025 13:00;-;-;-;-;-;-;-;-;-;-;-;-;-;-;-;-;-
04.12.2025 13:00;04.12.2025 14:00;-;-;-;-;-;-;-;-;-;-;-;-;-;-;-;-;-
04.12.2025 14:00;04.12.2025 15:00;-;-;-;-;-;-;-;-;-;-;-;-;-;-;-;-;-
04.12.2025 15:00;04.12.2025 16:00;-;-;-;-;-;-;-;-;-;-;-;-;-;-;-;-;-
04.12.2025 16:00;04.12.2025 17:00;-;-;-;-;-;-;-;-;-;-;-;-;-;-;-;-;-
04.12.2025 17:00;04.12.2025 18:00;-;-;-;-;-;-;-;-;-;-;-;-;-;-;-;-;-
04.12.2025 18:00;04.12.2025 19:00;-;-;-;-;-;-;-;-;-;-;-;-;-;-;-;-;-
04.12.2025 19:00;04.12.2025 20:00;-;-;-;-;-;-;-;-;-;-;-;-;-;-;-;-;-
04.12.2025 20:00;04.12.2025 21:00;-;-;-;-;-;-;-;-;-;-;-;-;-;-;-;-;-
04.12.2025 21:00;04.12.2025 22:00;-;-;-;-;-;-;-;-;-;-;-;-;-;-;-;-;-
04.12.2025 22:00;04.12.2025 23:00;-;-;-;-;-;-;-;-;-;-;-;-;-;-;-;-;-
04.12.2025 23:00;05.12.2025 00:00;-;-;-;-;-;-;-;-;-;-;-;-;-;-;-;-;-
05.12.2025 00:00;05.12.2025 01:00;-;-;-;-;-;-;-;-;-;-;-;-;-;-;-;-;-
05.12.2025 01:00;05.12.2025 02:00;-;-;-;-;-;-;-;-;-;-;-;-;-;-;-;-;-
05.12.2025 02:00;05.12.2025 03:00;-;-;-;-;-;-;-;-;-;-;-;-;-;-;-;-;-
05.12.2025 03:00;05.12.2025 04:00;-;-;-;-;-;-;-;-;-;-;-;-;-;-;-;-;-
05.12.2025 04:00;05.12.2025 05:00;-;-;-;-;-;-;-;-;-;-;-;-;-;-;-;-;-
05.12.2025 05:00;05.12.2025 06:00;-;-;-;-;-;-;-;-;-;-;-;-;-;-;-;-;-
05.12.2025 06:00;05.12.2025 07:00;-;-;-;-;-;-;-;-;-;-;-;-;-;-;-;-;-
05.12.2025 07:00;05.12.2025 08:00;-;-;-;-;-;-;-;-;-;-;-;-;-;-;-;-;-
05.12.2025 08:00;05.12.2025 09:00;-;-;-;-;-;-;-;-;-;-;-;-;-;-;-;-;-
05.12.2025 09:00;05.12.2025 10:00;-;-;-;-;-;-;-;-;-;-;-;-;-;-;-;-;-
05.12.2025 10:00;05.12.2025 11:00;-;-;-;-;-;-;-;-;-;-;-;-;-;-;-;-;-
05.12.2025 11:00;05.12.2025 12:00;-;-;-;-;-;-;-;-;-;-;-;-;-;-;-;-;-
05.12.2025 12:00;05.12.2025 13:00;-;-;-;-;-;-;-;-;-;-;-;-;-;-;-;-;-
05.12.2025 13:00;05.12.2025 14:00;-;-;-;-;-;-;-;-;-;-;-;-;-;-;-;-;-
05.12.2025 14:00;05.12.2025 15:00;-;-;-;-;-;-;-;-;-;-;-;-;-;-;-;-;-
05.12.2025 15:00;05.12.2025 16:00;-;-;-;-;-;-;-;-;-;-;-;-;-;-;-;-;-
05.12.2025 16:00;05.12.2025 17:00;-;-;-;-;-;-;-;-;-;-;-;-;-;-;-;-;-
05.12.2025 17:00;05.12.2025 18:00;-;-;-;-;-;-;-;-;-;-;-;-;-;-;-;-;-
05.12.2025 18:00;05.12.2025 19:00;-;-;-;-;-;-;-;-;-;-;-;-;-;-;-;-;-
05.12.2025 19:00;05.12.2025 20:00;-;-;-;-;-;-;-;-;-;-;-;-;-;-;-;-;-
05.12.2025 20:00;05.12.2025 21:00;-;-;-;-;-;-;-;-;-;-;-;-;-;-;-;-;-
05.12.2025 21:00;05.12.2025 22:00;-;-;-;-;-;-;-;-;-;-;-;-;-;-;-;-;-
05.12.2025 22:00;05.12.2025 23:00;-;-;-;-;-;-;-;-;-;-;-;-;-;-;-;-;-
05.12.2025 23:00;06.12.2025 00:00;-;-;-;-;-;-;-;-;-;-;-;-;-;-;-;-;-
06.12.2025 00:00;06.12.2025 01:00;-;-;-;-;-;-;-;-;-;-;-;-;-;-;-;-;-
06.12.2025 01:00;06.12.2025 02:00;-;-;-;-;-;-;-;-;-;-;-;-;-;-;-;-;-
06.12.2025 02:00;06.12.2025 03:00;-;-;-;-;-;-;-;-;-;-;-;-;-;-;-;-;-
06.12.2025 03:00;06.12.2025 04:00;-;-;-;-;-;-;-;-;-;-;-;-;-;-;-;-;-
06.12.2025 04:00;06.12.2025 05:00;-;-;-;-;-;-;-;-;-;-;-;-;-;-;-;-;-
06.12.2025 05:00;06.12.2025 06:00;-;-;-;-;-;-;-;-;-;-;-;-;-;-;-;-;-
06.12.2025 06:00;06.12.2025 07:00;-;-;-;-;-;-;-;-;-;-;-;-;-;-;-;-;-
06.12.2025 07:00;06.12.2025 08:00;-;-;-;-;-;-;-;-;-;-;-;-;-;-;-;-;-
06.12.2025 08:00;06.12.2025 09:00;-;-;-;-;-;-;-;-;-;-;-;-;-;-;-;-;-
06.12.2025 09:00;06.12.2025 10:00;-;-;-;-;-;-;-;-;-;-;-;-;-;-;-;-;-
06.12.2025 10:00;06.12.2025 11:00;-;-;-;-;-;-;-;-;-;-;-;-;-;-;-;-;-
06.12.2025 11:00;06.12.2025 12:00;-;-;-;-;-;-;-;-;-;-;-;-;-;-;-;-;-
06.12.2025 12:00;06.12.2025 13:00;-;-;-;-;-;-;-;-;-;-;-;-;-;-;-;-;-
06.12.2025 13:00;06.12.2025 14:00;-;-;-;-;-;-;-;-;-;-;-;-;-;-;-;-;-
06.12.2025 14:00;06.12.2025 15:00;-;-;-;-;-;-;-;-;-;-;-;-;-;-;-;-;-
06.12.2025 15:00;06.12.2025 16:00;-;-;-;-;-;-;-;-;-;-;-;-;-;-;-;-;-
06.12.2025 16:00;06.12.2025 17:00;-;-;-;-;-;-;-;-;-;-;-;-;-;-;-;-;-
06.12.2025 17:00;06.12.2025 18:00;-;-;-;-;-;-;-;-;-;-;-;-;-;-;-;-;-
06.12.2025 18:00;06.12.2025 19:00;-;-;-;-;-;-;-;-;-;-;-;-;-;-;-;-;-
06.12.2025 19:00;06.12.2025 20:00;-;-;-;-;-;-;-;-;-;-;-;-;-;-;-;-;-
06.12.2025 20:00;06.12.2025 21:00;-;-;-;-;-;-;-;-;-;-;-;-;-;-;-;-;-
06.12.2025 21:00;06.12.2025 22:00;-;-;-;-;-;-;-;-;-;-;-;-;-;-;-;-;-
06.12.2025 22:00;06.12.2025 23:00;-;-;-;-;-;-;-;-;-;-;-;-;-;-;-;-;-
06.12.2025 23:00;07.12.2025 00:00;-;-;-;-;-;-;-;-;-;-;-;-;-;-;-;-;-
07.12.2025 00:00;07.12.2025 01:00;-;-;-;-;-;-;-;-;-;-;-;-;-;-;-;-;-
07.12.2025 01:00;07.12.2025 02:00;-;-;-;-;-;-;-;-;-;-;-;-;-;-;-;-;-
07.12.2025 02:00;07.12.2025 03:00;-;-;-;-;-;-;-;-;-;-;-;-;-;-;-;-;-
07.12.2025 03:00;07.12.2025 04:00;-;-;-;-;-;-;-;-;-;-;-;-;-;-;-;-;-
07.12.2025 04:00;07.12.2025 05:00;-;-;-;-;-;-;-;-;-;-;-;-;-;-;-;-;-
07.12.2025 05:00;07.12.2025 06:00;-;-;-;-;-;-;-;-;-;-;-;-;-;-;-;-;-
07.12.2025 06:00;07.12.2025 07:00;-;-;-;-;-;-;-;-;-;-;-;-;-;-;-;-;-
07.12.2025 07:00;07.12.2025 08:00;-;-;-;-;-;-;-;-;-;-;-;-;-;-;-;-;-
07.12.2025 08:00;07.12.2025 09:00;-;-;-;-;-;-;-;-;-;-;-;-;-;-;-;-;-
07.12.2025 09:00;07.12.2025 10:00;-;-;-;-;-;-;-;-;-;-;-;-;-;-;-;-;-
07.12.2025 10:00;07.12.2025 11:00;-;-;-;-;-;-;-;-;-;-;-;-;-;-;-;-;-
07.12.2025 11:00;07.12.2025 12:00;-;-;-;-;-;-;-;-;-;-;-;-;-;-;-;-;-
07.12.2025 12:00;07.12.2025 13:00;-;-;-;-;-;-;-;-;-;-;-;-;-;-;-;-;-
07.12.2025 13:00;07.12.2025 14:00;-;-;-;-;-;-;-;-;-;-;-;-;-;-;-;-;-
07.12.2025 14:00;07.12.2025 15:00;-;-;-;-;-;-;-;-;-;-;-;-;-;-;-;-;-
07.12.2025 15:00;07.12.2025 16:00;-;-;-;-;-;-;-;-;-;-;-;-;-;-;-;-;-
07.12.2025 16:00;07.12.2025 17:00;-;-;-;-;-;-;-;-;-;-;-;-;-;-;-;-;-
07.12.2025 17:00;07.12.2025 18:00;-;-;-;-;-;-;-;-;-;-;-;-;-;-;-;-;-
07.12.2025 18:00;07.12.2025 19:00;-;-;-;-;-;-;-;-;-;-;-;-;-;-;-;-;-
07.12.2025 19:00;07.12.2025 20:00;-;-;-;-;-;-;-;-;-;-;-;-;-;-;-;-;-
07.12.2025 20:00;07.12.2025 21:00;-;-;-;-;-;-;-;-;-;-;-;-;-;-;-;-;-
07.12.2025 21:00;07.12.2025 22:00;-;-;-;-;-;-;-;-;-;-;-;-;-;-;-;-;-
07.12.2025 22:00;07.12.2025 23:00;-;-;-;-;-;-;-;-;-;-;-;-;-;-;-;-;-
07.12.2025 23:00;08.12.2025 00:00;-;-;-;-;-;-;-;-;-;-;-;-;-;-;-;-;-
08.12.2025 00:00;08.12.2025 01:00;-;-;-;-;-;-;-;-;-;-;-;-;-;-;-;-;-
08.12.2025 01:00;08.12.2025 02:00;-;-;-;-;-;-;-;-;-;-;-;-;-;-;-;-;-
08.12.2025 02:00;08.12.2025 03:00;-;-;-;-;-;-;-;-;-;-;-;-;-;-;-;-;-
08.12.2025 03:00;08.12.2025 04:00;-;-;-;-;-;-;-;-;-;-;-;-;-;-;-;-;-
08.12.2025 04:00;08.12.2025 05:00;-;-;-;-;-;-;-;-;-;-;-;-;-;-;-;-;-
08.12.2025 05:00;08.12.2025 06:00;-;-;-;-;-;-;-;-;-;-;-;-;-;-;-;-;-
08.12.2025 06:00;08.12.2025 07:00;-;-;-;-;-;-;-;-;-;-;-;-;-;-;-;-;-
08.12.2025 07:00;08.12.2025 08:00;-;-;-;-;-;-;-;-;-;-;-;-;-;-;-;-;-
08.12.2025 08:00;08.12.2025 09:00;-;-;-;-;-;-;-;-;-;-;-;-;-;-;-;-;-
08.12.2025 09:00;08.12.2025 10:00;-;-;-;-;-;-;-;-;-;-;-;-;-;-;-;-;-
08.12.2025 10:00;08.12.2025 11:00;-;-;-;-;-;-;-;-;-;-;-;-;-;-;-;-;-
08.12.2025 11:00;08.12.2025 12:00;-;-;-;-;-;-;-;-;-;-;-;-;-;-;-;-;-
08.12.2025 12:00;08.12.2025 13:00;-;-;-;-;-;-;-;-;-;-;-;-;-;-;-;-;-
08.12.2025 13:00;08.12.2025 14:00;-;-;-;-;-;-;-;-;-;-;-;-;-;-;-;-;-
08.12.2025 14:00;08.12.2025 15:00;-;-;-;-;-;-;-;-;-;-;-;-;-;-;-;-;-
08.12.2025 15:00;08.12.2025 16:00;-;-;-;-;-;-;-;-;-;-;-;-;-;-;-;-;-
08.12.2025 16:00;08.12.2025 17:00;-;-;-;-;-;-;-;-;-;-;-;-;-;-;-;-;-
08.12.2025 17:00;08.12.2025 18:00;-;-;-;-;-;-;-;-;-;-;-;-;-;-;-;-;-
08.12.2025 18:00;08.12.2025 19:00;-;-;-;-;-;-;-;-;-;-;-;-;-;-;-;-;-
08.12.2025 19:00;08.12.2025 20:00;-;-;-;-;-;-;-;-;-;-;-;-;-;-;-;-;-
08.12.2025 20:00;08.12.2025 21:00;-;-;-;-;-;-;-;-;-;-;-;-;-;-;-;-;-
08.12.2025 21:00;08.12.2025 22:00;-;-;-;-;-;-;-;-;-;-;-;-;-;-;-;-;-
08.12.2025 22:00;08.12.2025 23:00;-;-;-;-;-;-;-;-;-;-;-;-;-;-;-;-;-
08.12.2025 23:00;09.12.2025 00:00;-;-;-;-;-;-;-;-;-;-;-;-;-;-;-;-;-
09.12.2025 00:00;09.12.2025 01:00;-;-;-;-;-;-;-;-;-;-;-;-;-;-;-;-;-
09.12.2025 01:00;09.12.2025 02:00;-;-;-;-;-;-;-;-;-;-;-;-;-;-;-;-;-
09.12.2025 02:00;09.12.2025 03:00;-;-;-;-;-;-;-;-;-;-;-;-;-;-;-;-;-
09.12.2025 03:00;09.12.2025 04:00;-;-;-;-;-;-;-;-;-;-;-;-;-;-;-;-;-
09.12.2025 04:00;09.12.2025 05:00;-;-;-;-;-;-;-;-;-;-;-;-;-;-;-;-;-
09.12.2025 05:00;09.12.2025 06:00;-;-;-;-;-;-;-;-;-;-;-;-;-;-;-;-;-
09.12.2025 06:00;09.12.2025 07:00;-;-;-;-;-;-;-;-;-;-;-;-;-;-;-;-;-
09.12.2025 07:00;09.12.2025 08:00;-;-;-;-;-;-;-;-;-;-;-;-;-;-;-;-;-
09.12.2025 08:00;09.12.2025 09:00;-;-;-;-;-;-;-;-;-;-;-;-;-;-;-;-;-
09.12.2025 09:00;09.12.2025 10:00;-;-;-;-;-;-;-;-;-;-;-;-;-;-;-;-;-
09.12.2025 10:00;09.12.2025 11:00;-;-;-;-;-;-;-;-;-;-;-;-;-;-;-;-;-
09.12.2025 11:00;09.12.2025 12:00;-;-;-;-;-;-;-;-;-;-;-;-;-;-;-;-;-
09.12.2025 12:00;09.12.2025 13:00;-;-;-;-;-;-;-;-;-;-;-;-;-;-;-;-;-
09.12.2025 13:00;09.12.2025 14:00;-;-;-;-;-;-;-;-;-;-;-;-;-;-;-;-;-
09.12.2025 14:00;09.12.2025 15:00;-;-;-;-;-;-;-;-;-;-;-;-;-;-;-;-;-
09.12.2025 15:00;09.12.2025 16:00;-;-;-;-;-;-;-;-;-;-;-;-;-;-;-;-;-
09.12.2025 16:00;09.12.2025 17:00;-;-;-;-;-;-;-;-;-;-;-;-;-;-;-;-;-
09.12.2025 17:00;09.12.2025 18:00;-;-;-;-;-;-;-;-;-;-;-;-;-;-;-;-;-
09.12.2025 18:00;09.12.2025 19:00;-;-;-;-;-;-;-;-;-;-;-;-;-;-;-;-;-
09.12.2025 19:00;09.12.2025 20:00;-;-;-;-;-;-;-;-;-;-;-;-;-;-;-;-;-
09.12.2025 20:00;09.12.2025 21:00;-;-;-;-;-;-;-;-;-;-;-;-;-;-;-;-;-
09.12.2025 21:00;09.12.2025 22:00;-;-;-;-;-;-;-;-;-;-;-;-;-;-;-;-;-
09.12.2025 22:00;09.12.2025 23:00;-;-;-;-;-;-;-;-;-;-;-;-;-;-;-;-;-
09.12.2025 23:00;10.12.2025 00:00;-;-;-;-;-;-;-;-;-;-;-;-;-;-;-;-;-
10.12.2025 00:00;10.12.2025 01:00;-;-;-;-;-;-;-;-;-;-;-;-;-;-;-;-;-
10.12.2025 01:00;10.12.2025 02:00;-;-;-;-;-;-;-;-;-;-;-;-;-;-;-;-;-
10.12.2025 02:00;10.12.2025 03:00;-;-;-;-;-;-;-;-;-;-;-;-;-;-;-;-;-
10.12.2025 03:00;10.12.2025 04:00;-;-;-;-;-;-;-;-;-;-;-;-;-;-;-;-;-
10.12.2025 04:00;10.12.2025 05:00;-;-;-;-;-;-;-;-;-;-;-;-;-;-;-;-;-
10.12.2025 05:00;10.12.2025 06:00;-;-;-;-;-;-;-;-;-;-;-;-;-;-;-;-;-
10.12.2025 06:00;10.12.2025 07:00;-;-;-;-;-;-;-;-;-;-;-;-;-;-;-;-;-
10.12.2025 07:00;10.12.2025 08:00;-;-;-;-;-;-;-;-;-;-;-;-;-;-;-;-;-
10.12.2025 08:00;10.12.2025 09:00;-;-;-;-;-;-;-;-;-;-;-;-;-;-;-;-;-
10.12.2025 09:00;10.12.2025 10:00;-;-;-;-;-;-;-;-;-;-;-;-;-;-;-;-;-
10.12.2025 10:00;10.12.2025 11:00;-;-;-;-;-;-;-;-;-;-;-;-;-;-;-;-;-
10.12.2025 11:00;10.12.2025 12:00;-;-;-;-;-;-;-;-;-;-;-;-;-;-;-;-;-
10.12.2025 12:00;10.12.2025 13:00;-;-;-;-;-;-;-;-;-;-;-;-;-;-;-;-;-
10.12.2025 13:00;10.12.2025 14:00;-;-;-;-;-;-;-;-;-;-;-;-;-;-;-;-;-
10.12.2025 14:00;10.12.2025 15:00;-;-;-;-;-;-;-;-;-;-;-;-;-;-;-;-;-
10.12.2025 15:00;10.12.2025 16:00;-;-;-;-;-;-;-;-;-;-;-;-;-;-;-;-;-
10.12.2025 16:00;10.12.2025 17:00;-;-;-;-;-;-;-;-;-;-;-;-;-;-;-;-;-
10.12.2025 17:00;10.12.2025 18:00;-;-;-;-;-;-;-;-;-;-;-;-;-;-;-;-;-
10.12.2025 18:00;10.12.2025 19:00;-;-;-;-;-;-;-;-;-;-;-;-;-;-;-;-;-
10.12.2025 19:00;10.12.2025 20:00;-;-;-;-;-;-;-;-;-;-;-;-;-;-;-;-;-
10.12.2025 20:00;10.12.2025 21:00;-;-;-;-;-;-;-;-;-;-;-;-;-;-;-;-;-
10.12.2025 21:00;10.12.2025 22:00;-;-;-;-;-;-;-;-;-;-;-;-;-;-;-;-;-
10.12.2025 22:00;10.12.2025 23:00;-;-;-;-;-;-;-;-;-;-;-;-;-;-;-;-;-
10.12.2025 23:00;11.12.2025 00:00;-;-;-;-;-;-;-;-;-;-;-;-;-;-;-;-;-
11.12.2025 00:00;11.12.2025 01:00;-;-;-;-;-;-;-;-;-;-;-;-;-;-;-;-;-
11.12.2025 01:00;11.12.2025 02:00;-;-;-;-;-;-;-;-;-;-;-;-;-;-;-;-;-
11.12.2025 02:00;11.12.2025 03:00;-;-;-;-;-;-;-;-;-;-;-;-;-;-;-;-;-
11.12.2025 03:00;11.12.2025 04:00;-;-;-;-;-;-;-;-;-;-;-;-;-;-;-;-;-
11.12.2025 04:00;11.12.2025 05:00;-;-;-;-;-;-;-;-;-;-;-;-;-;-;-;-;-
11.12.2025 05:00;11.12.2025 06:00;-;-;-;-;-;-;-;-;-;-;-;-;-;-;-;-;-
11.12.2025 06:00;11.12.2025 07:00;-;-;-;-;-;-;-;-;-;-;-;-;-;-;-;-;-
11.12.2025 07:00;11.12.2025 08:00;-;-;-;-;-;-;-;-;-;-;-;-;-;-;-;-;-
11.12.2025 08:00;11.12.2025 09:00;-;-;-;-;-;-;-;-;-;-;-;-;-;-;-;-;-
11.12.2025 09:00;11.12.2025 10:00;-;-;-;-;-;-;-;-;-;-;-;-;-;-;-;-;-
11.12.2025 10:00;11.12.2025 11:00;-;-;-;-;-;-;-;-;-;-;-;-;-;-;-;-;-
11.12.2025 11:00;11.12.2025 12:00;-;-;-;-;-;-;-;-;-;-;-;-;-;-;-;-;-
11.12.2025 12:00;11.12.2025 13:00;-;-;-;-;-;-;-;-;-;-;-;-;-;-;-;-;-
11.12.2025 13:00;11.12.2025 14:00;-;-;-;-;-;-;-;-;-;-;-;-;-;-;-;-;-
11.12.2025 14:00;11.12.2025 15:00;-;-;-;-;-;-;-;-;-;-;-;-;-;-;-;-;-
11.12.2025 15:00;11.12.2025 16:00;-;-;-;-;-;-;-;-;-;-;-;-;-;-;-;-;-
11.12.2025 16:00;11.12.2025 17:00;-;-;-;-;-;-;-;-;-;-;-;-;-;-;-;-;-
11.12.2025 17:00;11.12.2025 18:00;-;-;-;-;-;-;-;-;-;-;-;-;-;-;-;-;-
11.12.2025 18:00;11.12.2025 19:00;-;-;-;-;-;-;-;-;-;-;-;-;-;-;-;-;-
11.12.2025 19:00;11.12.2025 20:00;-;-;-;-;-;-;-;-;-;-;-;-;-;-;-;-;-
11.12.2025 20:00;11.12.2025 21:00;-;-;-;-;-;-;-;-;-;-;-;-;-;-;-;-;-
11.12.2025 21:00;11.12.2025 22:00;-;-;-;-;-;-;-;-;-;-;-;-;-;-;-;-;-
11.12.2025 22:00;11.12.2025 23:00;-;-;-;-;-;-;-;-;-;-;-;-;-;-;-;-;-
11.12.2025 23:00;12.12.2025 00:00;-;-;-;-;-;-;-;-;-;-;-;-;-;-;-;-;-
12.12.2025 00:00;12.12.2025 01:00;-;-;-;-;-;-;-;-;-;-;-;-;-;-;-;-;-
12.12.2025 01:00;12.12.2025 02:00;-;-;-;-;-;-;-;-;-;-;-;-;-;-;-;-;-
12.12.2025 02:00;12.12.2025 03:00;-;-;-;-;-;-;-;-;-;-;-;-;-;-;-;-;-
12.12.2025 03:00;12.12.2025 04:00;-;-;-;-;-;-;-;-;-;-;-;-;-;-;-;-;-
12.12.2025 04:00;12.12.2025 05:00;-;-;-;-;-;-;-;-;-;-;-;-;-;-;-;-;-
12.12.2025 05:00;12.12.2025 06:00;-;-;-;-;-;-;-;-;-;-;-;-;-;-;-;-;-
12.12.2025 06:00;12.12.2025 07:00;-;-;-;-;-;-;-;-;-;-;-;-;-;-;-;-;-
12.12.2025 07:00;12.12.2025 08:00;-;-;-;-;-;-;-;-;-;-;-;-;-;-;-;-;-
12.12.2025 08:00;12.12.2025 09:00;-;-;-;-;-;-;-;-;-;-;-;-;-;-;-;-;-
12.12.2025 09:00;12.12.2025 10:00;-;-;-;-;-;-;-;-;-;-;-;-;-;-;-;-;-
12.12.2025 10:00;12.12.2025 11:00;-;-;-;-;-;-;-;-;-;-;-;-;-;-;-;-;-
12.12.2025 11:00;12.12.2025 12:00;-;-;-;-;-;-;-;-;-;-;-;-;-;-;-;-;-
12.12.2025 12:00;12.12.2025 13:00;-;-;-;-;-;-;-;-;-;-;-;-;-;-;-;-;-
12.12.2025 13:00;12.12.2025 14:00;-;-;-;-;-;-;-;-;-;-;-;-;-;-;-;-;-
12.12.2025 14:00;12.12.2025 15:00;-;-;-;-;-;-;-;-;-;-;-;-;-;-;-;-;-
12.12.2025 15:00;12.12.2025 16:00;-;-;-;-;-;-;-;-;-;-;-;-;-;-;-;-;-
12.12.2025 16:00;12.12.2025 17:00;-;-;-;-;-;-;-;-;-;-;-;-;-;-;-;-;-
12.12.2025 17:00;12.12.2025 18:00;-;-;-;-;-;-;-;-;-;-;-;-;-;-;-;-;-
12.12.2025 18:00;12.12.2025 19:00;-;-;-;-;-;-;-;-;-;-;-;-;-;-;-;-;-
12.12.2025 19:00;12.12.2025 20:00;-;-;-;-;-;-;-;-;-;-;-;-;-;-;-;-;-
12.12.2025 20:00;12.12.2025 21:00;-;-;-;-;-;-;-;-;-;-;-;-;-;-;-;-;-
12.12.2025 21:00;12.12.2025 22:00;-;-;-;-;-;-;-;-;-;-;-;-;-;-;-;-;-
12.12.2025 22:00;12.12.2025 23:00;-;-;-;-;-;-;-;-;-;-;-;-;-;-;-;-;-
12.12.2025 23:00;13.12.2025 00:00;-;-;-;-;-;-;-;-;-;-;-;-;-;-;-;-;-
13.12.2025 00:00;13.12.2025 01:00;-;-;-;-;-;-;-;-;-;-;-;-;-;-;-;-;-
13.12.2025 01:00;13.12.2025 02:00;-;-;-;-;-;-;-;-;-;-;-;-;-;-;-;-;-
13.12.2025 02:00;13.12.2025 03:00;-;-;-;-;-;-;-;-;-;-;-;-;-;-;-;-;-
13.12.2025 03:00;13.12.2025 04:00;-;-;-;-;-;-;-;-;-;-;-;-;-;-;-;-;-
13.12.2025 04:00;13.12.2025 05:00;-;-;-;-;-;-;-;-;-;-;-;-;-;-;-;-;-
13.12.2025 05:00;13.12.2025 06:00;-;-;-;-;-;-;-;-;-;-;-;-;-;-;-;-;-
13.12.2025 06:00;13.12.2025 07:00;-;-;-;-;-;-;-;-;-;-;-;-;-;-;-;-;-
13.12.2025 07:00;13.12.2025 08:00;-;-;-;-;-;-;-;-;-;-;-;-;-;-;-;-;-
13.12.2025 08:00;13.12.2025 09:00;-;-;-;-;-;-;-;-;-;-;-;-;-;-;-;-;-
13.12.2025 09:00;13.12.2025 10:00;-;-;-;-;-;-;-;-;-;-;-;-;-;-;-;-;-
13.12.2025 10:00;13.12.2025 11:00;-;-;-;-;-;-;-;-;-;-;-;-;-;-;-;-;-
13.12.2025 11:00;13.12.2025 12:00;-;-;-;-;-;-;-;-;-;-;-;-;-;-;-;-;-
13.12.2025 12:00;13.12.2025 13:00;-;-;-;-;-;-;-;-;-;-;-;-;-;-;-;-;-
13.12.2025 13:00;13.12.2025 14:00;-;-;-;-;-;-;-;-;-;-;-;-;-;-;-;-;-
13.12.2025 14:00;13.12.2025 15:00;-;-;-;-;-;-;-;-;-;-;-;-;-;-;-;-;-
13.12.2025 15:00;13.12.2025 16:00;-;-;-;-;-;-;-;-;-;-;-;-;-;-;-;-;-
13.12.2025 16:00;13.12.2025 17:00;-;-;-;-;-;-;-;-;-;-;-;-;-;-;-;-;-
13.12.2025 17:00;13.12.2025 18:00;-;-;-;-;-;-;-;-;-;-;-;-;-;-;-;-;-
13.12.2025 18:00;13.12.2025 19:00;-;-;-;-;-;-;-;-;-;-;-;-;-;-;-;-;-
13.12.2025 19:00;13.12.2025 20:00;-;-;-;-;-;-;-;-;-;-;-;-;-;-;-;-;-
13.12.2025 20:00;13.12.2025 21:00;-;-;-;-;-;-;-;-;-;-;-;-;-;-;-;-;-
13.12.2025 21:00;13.12.2025 22:00;-;-;-;-;-;-;-;-;-;-;-;-;-;-;-;-;-
13.12.2025 22:00;13.12.2025 23:00;-;-;-;-;-;-;-;-;-;-;-;-;-;-;-;-;-
13.12.2025 23:00;14.12.2025 00:00;-;-;-;-;-;-;-;-;-;-;-;-;-;-;-;-;-
14.12.2025 00:00;14.12.2025 01:00;-;-;-;-;-;-;-;-;-;-;-;-;-;-;-;-;-
14.12.2025 01:00;14.12.2025 02:00;-;-;-;-;-;-;-;-;-;-;-;-;-;-;-;-;-
14.12.2025 02:00;14.12.2025 03:00;-;-;-;-;-;-;-;-;-;-;-;-;-;-;-;-;-
14.12.2025 03:00;14.12.2025 04:00;-;-;-;-;-;-;-;-;-;-;-;-;-;-;-;-;-
14.12.2025 04:00;14.12.2025 05:00;-;-;-;-;-;-;-;-;-;-;-;-;-;-;-;-;-
14.12.2025 05:00;14.12.2025 06:00;-;-;-;-;-;-;-;-;-;-;-;-;-;-;-;-;-
14.12.2025 06:00;14.12.2025 07:00;-;-;-;-;-;-;-;-;-;-;-;-;-;-;-;-;-
14.12.2025 07:00;14.12.2025 08:00;-;-;-;-;-;-;-;-;-;-;-;-;-;-;-;-;-
14.12.2025 08:00;14.12.2025 09:00;-;-;-;-;-;-;-;-;-;-;-;-;-;-;-;-;-
14.12.2025 09:00;14.12.2025 10:00;-;-;-;-;-;-;-;-;-;-;-;-;-;-;-;-;-
14.12.2025 10:00;14.12.2025 11:00;-;-;-;-;-;-;-;-;-;-;-;-;-;-;-;-;-
14.12.2025 11:00;14.12.2025 12:00;-;-;-;-;-;-;-;-;-;-;-;-;-;-;-;-;-
14.12.2025 12:00;14.12.2025 13:00;-;-;-;-;-;-;-;-;-;-;-;-;-;-;-;-;-
14.12.2025 13:00;14.12.2025 14:00;-;-;-;-;-;-;-;-;-;-;-;-;-;-;-;-;-
14.12.2025 14:00;14.12.2025 15:00;-;-;-;-;-;-;-;-;-;-;-;-;-;-;-;-;-
14.12.2025 15:00;14.12.2025 16:00;-;-;-;-;-;-;-;-;-;-;-;-;-;-;-;-;-
14.12.2025 16:00;14.12.2025 17:00;-;-;-;-;-;-;-;-;-;-;-;-;-;-;-;-;-
14.12.2025 17:00;14.12.2025 18:00;-;-;-;-;-;-;-;-;-;-;-;-;-;-;-;-;-
14.12.2025 18:00;14.12.2025 19:00;-;-;-;-;-;-;-;-;-;-;-;-;-;-;-;-;-
14.12.2025 19:00;14.12.2025 20:00;-;-;-;-;-;-;-;-;-;-;-;-;-;-;-;-;-
14.12.2025 20:00;14.12.2025 21:00;-;-;-;-;-;-;-;-;-;-;-;-;-;-;-;-;-
14.12.2025 21:00;14.12.2025 22:00;-;-;-;-;-;-;-;-;-;-;-;-;-;-;-;-;-
14.12.2025 22:00;14.12.2025 23:00;-;-;-;-;-;-;-;-;-;-;-;-;-;-;-;-;-
14.12.2025 23:00;15.12.2025 00:00;-;-;-;-;-;-;-;-;-;-;-;-;-;-;-;-;-
15.12.2025 00:00;15.12.2025 01:00;-;-;-;-;-;-;-;-;-;-;-;-;-;-;-;-;-
15.12.2025 01:00;15.12.2025 02:00;-;-;-;-;-;-;-;-;-;-;-;-;-;-;-;-;-
15.12.2025 02:00;15.12.2025 03:00;-;-;-;-;-;-;-;-;-;-;-;-;-;-;-;-;-
15.12.2025 03:00;15.12.2025 04:00;-;-;-;-;-;-;-;-;-;-;-;-;-;-;-;-;-
15.12.2025 04:00;15.12.2025 05:00;-;-;-;-;-;-;-;-;-;-;-;-;-;-;-;-;-
15.12.2025 05:00;15.12.2025 06:00;-;-;-;-;-;-;-;-;-;-;-;-;-;-;-;-;-
15.12.2025 06:00;15.12.2025 07:00;-;-;-;-;-;-;-;-;-;-;-;-;-;-;-;-;-
15.12.2025 07:00;15.12.2025 08:00;-;-;-;-;-;-;-;-;-;-;-;-;-;-;-;-;-
15.12.2025 08:00;15.12.2025 09:00;-;-;-;-;-;-;-;-;-;-;-;-;-;-;-;-;-
15.12.2025 09:00;15.12.2025 10:00;-;-;-;-;-;-;-;-;-;-;-;-;-;-;-;-;-
15.12.2025 10:00;15.12.2025 11:00;-;-;-;-;-;-;-;-;-;-;-;-;-;-;-;-;-
15.12.2025 11:00;15.12.2025 12:00;-;-;-;-;-;-;-;-;-;-;-;-;-;-;-;-;-
15.12.2025 12:00;15.12.2025 13:00;-;-;-;-;-;-;-;-;-;-;-;-;-;-;-;-;-
15.12.2025 13:00;15.12.2025 14:00;-;-;-;-;-;-;-;-;-;-;-;-;-;-;-;-;-
15.12.2025 14:00;15.12.2025 15:00;-;-;-;-;-;-;-;-;-;-;-;-;-;-;-;-;-
15.12.2025 15:00;15.12.2025 16:00;-;-;-;-;-;-;-;-;-;-;-;-;-;-;-;-;-
15.12.2025 16:00;15.12.2025 17:00;-;-;-;-;-;-;-;-;-;-;-;-;-;-;-;-;-
15.12.2025 17:00;15.12.2025 18:00;-;-;-;-;-;-;-;-;-;-;-;-;-;-;-;-;-
15.12.2025 18:00;15.12.2025 19:00;-;-;-;-;-;-;-;-;-;-;-;-;-;-;-;-;-
15.12.2025 19:00;15.12.2025 20:00;-;-;-;-;-;-;-;-;-;-;-;-;-;-;-;-;-
15.12.2025 20:00;15.12.2025 21:00;-;-;-;-;-;-;-;-;-;-;-;-;-;-;-;-;-
15.12.2025 21:00;15.12.2025 22:00;-;-;-;-;-;-;-;-;-;-;-;-;-;-;-;-;-
15.12.2025 22:00;15.12.2025 23:00;-;-;-;-;-;-;-;-;-;-;-;-;-;-;-;-;-
15.12.2025 23:00;16.12.2025 00:00;-;-;-;-;-;-;-;-;-;-;-;-;-;-;-;-;-
16.12.2025 00:00;16.12.2025 01:00;-;-;-;-;-;-;-;-;-;-;-;-;-;-;-;-;-
16.12.2025 01:00;16.12.2025 02:00;-;-;-;-;-;-;-;-;-;-;-;-;-;-;-;-;-
16.12.2025 02:00;16.12.2025 03:00;-;-;-;-;-;-;-;-;-;-;-;-;-;-;-;-;-
16.12.2025 03:00;16.12.2025 04:00;-;-;-;-;-;-;-;-;-;-;-;-;-;-;-;-;-
16.12.2025 04:00;16.12.2025 05:00;-;-;-;-;-;-;-;-;-;-;-;-;-;-;-;-;-
16.12.2025 05:00;16.12.2025 06:00;-;-;-;-;-;-;-;-;-;-;-;-;-;-;-;-;-
16.12.2025 06:00;16.12.2025 07:00;-;-;-;-;-;-;-;-;-;-;-;-;-;-;-;-;-
16.12.2025 07:00;16.12.2025 08:00;-;-;-;-;-;-;-;-;-;-;-;-;-;-;-;-;-
16.12.2025 08:00;16.12.2025 09:00;-;-;-;-;-;-;-;-;-;-;-;-;-;-;-;-;-
16.12.2025 09:00;16.12.2025 10:00;-;-;-;-;-;-;-;-;-;-;-;-;-;-;-;-;-
16.12.2025 10:00;16.12.2025 11:00;-;-;-;-;-;-;-;-;-;-;-;-;-;-;-;-;-
16.12.2025 11:00;16.12.2025 12:00;-;-;-;-;-;-;-;-;-;-;-;-;-;-;-;-;-
16.12.2025 12:00;16.12.2025 13:00;-;-;-;-;-;-;-;-;-;-;-;-;-;-;-;-;-
16.12.2025 13:00;16.12.2025 14:00;-;-;-;-;-;-;-;-;-;-;-;-;-;-;-;-;-
16.12.2025 14:00;16.12.2025 15:00;-;-;-;-;-;-;-;-;-;-;-;-;-;-;-;-;-
16.12.2025 15:00;16.12.2025 16:00;-;-;-;-;-;-;-;-;-;-;-;-;-;-;-;-;-
16.12.2025 16:00;16.12.2025 17:00;-;-;-;-;-;-;-;-;-;-;-;-;-;-;-;-;-
16.12.2025 17:00;16.12.2025 18:00;-;-;-;-;-;-;-;-;-;-;-;-;-;-;-;-;-
16.12.2025 18:00;16.12.2025 19:00;-;-;-;-;-;-;-;-;-;-;-;-;-;-;-;-;-
16.12.2025 19:00;16.12.2025 20:00;-;-;-;-;-;-;-;-;-;-;-;-;-;-;-;-;-
16.12.2025 20:00;16.12.2025 21:00;-;-;-;-;-;-;-;-;-;-;-;-;-;-;-;-;-
16.12.2025 21:00;16.12.2025 22:00;-;-;-;-;-;-;-;-;-;-;-;-;-;-;-;-;-
16.12.2025 22:00;16.12.2025 23:00;-;-;-;-;-;-;-;-;-;-;-;-;-;-;-;-;-
16.12.2025 23:00;17.12.2025 00:00;-;-;-;-;-;-;-;-;-;-;-;-;-;-;-;-;-
17.12.2025 00:00;17.12.2025 01:00;-;-;-;-;-;-;-;-;-;-;-;-;-;-;-;-;-
17.12.2025 01:00;17.12.2025 02:00;-;-;-;-;-;-;-;-;-;-;-;-;-;-;-;-;-
17.12.2025 02:00;17.12.2025 03:00;-;-;-;-;-;-;-;-;-;-;-;-;-;-;-;-;-
17.12.2025 03:00;17.12.2025 04:00;-;-;-;-;-;-;-;-;-;-;-;-;-;-;-;-;-
17.12.2025 04:00;17.12.2025 05:00;-;-;-;-;-;-;-;-;-;-;-;-;-;-;-;-;-
17.12.2025 05:00;17.12.2025 06:00;-;-;-;-;-;-;-;-;-;-;-;-;-;-;-;-;-
17.12.2025 06:00;17.12.2025 07:00;-;-;-;-;-;-;-;-;-;-;-;-;-;-;-;-;-
17.12.2025 07:00;17.12.2025 08:00;-;-;-;-;-;-;-;-;-;-;-;-;-;-;-;-;-
17.12.2025 08:00;17.12.2025 09:00;-;-;-;-;-;-;-;-;-;-;-;-;-;-;-;-;-
17.12.2025 09:00;17.12.2025 10:00;-;-;-;-;-;-;-;-;-;-;-;-;-;-;-;-;-
17.12.2025 10:00;17.12.2025 11:00;-;-;-;-;-;-;-;-;-;-;-;-;-;-;-;-;-
17.12.2025 11:00;17.12.2025 12:00;-;-;-;-;-;-;-;-;-;-;-;-;-;-;-;-;-
17.12.2025 12:00;17.12.2025 13:00;-;-;-;-;-;-;-;-;-;-;-;-;-;-;-;-;-
17.12.2025 13:00;17.12.2025 14:00;-;-;-;-;-;-;-;-;-;-;-;-;-;-;-;-;-
17.12.2025 14:00;17.12.2025 15:00;-;-;-;-;-;-;-;-;-;-;-;-;-;-;-;-;-
17.12.2025 15:00;17.12.2025 16:00;-;-;-;-;-;-;-;-;-;-;-;-;-;-;-;-;-
17.12.2025 16:00;17.12.2025 17:00;-;-;-;-;-;-;-;-;-;-;-;-;-;-;-;-;-
17.12.2025 17:00;17.12.2025 18:00;-;-;-;-;-;-;-;-;-;-;-;-;-;-;-;-;-
17.12.2025 18:00;17.12.2025 19:00;-;-;-;-;-;-;-;-;-;-;-;-;-;-;-;-;-
17.12.2025 19:00;17.12.2025 20:00;-;-;-;-;-;-;-;-;-;-;-;-;-;-;-;-;-
17.12.2025 20:00;17.12.2025 21:00;-;-;-;-;-;-;-;-;-;-;-;-;-;-;-;-;-
17.12.2025 21:00;17.12.2025 22:00;-;-;-;-;-;-;-;-;-;-;-;-;-;-;-;-;-
17.12.2025 22:00;17.12.2025 23:00;-;-;-;-;-;-;-;-;-;-;-;-;-;-;-;-;-
17.12.2025 23:00;18.12.2025 00:00;-;-;-;-;-;-;-;-;-;-;-;-;-;-;-;-;-
18.12.2025 00:00;18.12.2025 01:00;-;-;-;-;-;-;-;-;-;-;-;-;-;-;-;-;-
18.12.2025 01:00;18.12.2025 02:00;-;-;-;-;-;-;-;-;-;-;-;-;-;-;-;-;-
18.12.2025 02:00;18.12.2025 03:00;-;-;-;-;-;-;-;-;-;-;-;-;-;-;-;-;-
18.12.2025 03:00;18.12.2025 04:00;-;-;-;-;-;-;-;-;-;-;-;-;-;-;-;-;-
18.12.2025 04:00;18.12.2025 05:00;-;-;-;-;-;-;-;-;-;-;-;-;-;-;-;-;-
18.12.2025 05:00;18.12.2025 06:00;-;-;-;-;-;-;-;-;-;-;-;-;-;-;-;-;-
18.12.2025 06:00;18.12.2025 07:00;-;-;-;-;-;-;-;-;-;-;-;-;-;-;-;-;-
18.12.2025 07:00;18.12.2025 08:00;-;-;-;-;-;-;-;-;-;-;-;-;-;-;-;-;-
18.12.2025 08:00;18.12.2025 09:00;-;-;-;-;-;-;-;-;-;-;-;-;-;-;-;-;-
18.12.2025 09:00;18.12.2025 10:00;-;-;-;-;-;-;-;-;-;-;-;-;-;-;-;-;-
18.12.2025 10:00;18.12.2025 11:00;-;-;-;-;-;-;-;-;-;-;-;-;-;-;-;-;-
18.12.2025 11:00;18.12.2025 12:00;-;-;-;-;-;-;-;-;-;-;-;-;-;-;-;-;-
18.12.2025 12:00;18.12.2025 13:00;-;-;-;-;-;-;-;-;-;-;-;-;-;-;-;-;-
18.12.2025 13:00;18.12.2025 14:00;-;-;-;-;-;-;-;-;-;-;-;-;-;-;-;-;-
18.12.2025 14:00;18.12.2025 15:00;-;-;-;-;-;-;-;-;-;-;-;-;-;-;-;-;-
18.12.2025 15:00;18.12.2025 16:00;-;-;-;-;-;-;-;-;-;-;-;-;-;-;-;-;-
18.12.2025 16:00;18.12.2025 17:00;-;-;-;-;-;-;-;-;-;-;-;-;-;-;-;-;-
18.12.2025 17:00;18.12.2025 18:00;-;-;-;-;-;-;-;-;-;-;-;-;-;-;-;-;-
18.12.2025 18:00;18.12.2025 19:00;-;-;-;-;-;-;-;-;-;-;-;-;-;-;-;-;-
18.12.2025 19:00;18.12.2025 20:00;-;-;-;-;-;-;-;-;-;-;-;-;-;-;-;-;-
18.12.2025 20:00;18.12.2025 21:00;-;-;-;-;-;-;-;-;-;-;-;-;-;-;-;-;-
18.12.2025 21:00;18.12.2025 22:00;-;-;-;-;-;-;-;-;-;-;-;-;-;-;-;-;-
18.12.2025 22:00;18.12.2025 23:00;-;-;-;-;-;-;-;-;-;-;-;-;-;-;-;-;-
18.12.2025 23:00;19.12.2025 00:00;-;-;-;-;-;-;-;-;-;-;-;-;-;-;-;-;-
19.12.2025 00:00;19.12.2025 01:00;-;-;-;-;-;-;-;-;-;-;-;-;-;-;-;-;-
19.12.2025 01:00;19.12.2025 02:00;-;-;-;-;-;-;-;-;-;-;-;-;-;-;-;-;-
19.12.2025 02:00;19.12.2025 03:00;-;-;-;-;-;-;-;-;-;-;-;-;-;-;-;-;-
19.12.2025 03:00;19.12.2025 04:00;-;-;-;-;-;-;-;-;-;-;-;-;-;-;-;-;-
19.12.2025 04:00;19.12.2025 05:00;-;-;-;-;-;-;-;-;-;-;-;-;-;-;-;-;-
19.12.2025 05:00;19.12.2025 06:00;-;-;-;-;-;-;-;-;-;-;-;-;-;-;-;-;-
19.12.2025 06:00;19.12.2025 07:00;-;-;-;-;-;-;-;-;-;-;-;-;-;-;-;-;-
19.12.2025 07:00;19.12.2025 08:00;-;-;-;-;-;-;-;-;-;-;-;-;-;-;-;-;-
19.12.2025 08:00;19.12.2025 09:00;-;-;-;-;-;-;-;-;-;-;-;-;-;-;-;-;-
19.12.2025 09:00;19.12.2025 10:00;-;-;-;-;-;-;-;-;-;-;-;-;-;-;-;-;-
19.12.2025 10:00;19.12.2025 11:00;-;-;-;-;-;-;-;-;-;-;-;-;-;-;-;-;-
19.12.2025 11:00;19.12.2025 12:00;-;-;-;-;-;-;-;-;-;-;-;-;-;-;-;-;-
19.12.2025 12:00;19.12.2025 13:00;-;-;-;-;-;-;-;-;-;-;-;-;-;-;-;-;-
19.12.2025 13:00;19.12.2025 14:00;-;-;-;-;-;-;-;-;-;-;-;-;-;-;-;-;-
19.12.2025 14:00;19.12.2025 15:00;-;-;-;-;-;-;-;-;-;-;-;-;-;-;-;-;-
19.12.2025 15:00;19.12.2025 16:00;-;-;-;-;-;-;-;-;-;-;-;-;-;-;-;-;-
19.12.2025 16:00;19.12.2025 17:00;-;-;-;-;-;-;-;-;-;-;-;-;-;-;-;-;-
19.12.2025 17:00;19.12.2025 18:00;-;-;-;-;-;-;-;-;-;-;-;-;-;-;-;-;-
19.12.2025 18:00;19.12.2025 19:00;-;-;-;-;-;-;-;-;-;-;-;-;-;-;-;-;-
19.12.2025 19:00;19.12.2025 20:00;-;-;-;-;-;-;-;-;-;-;-;-;-;-;-;-;-
19.12.2025 20:00;19.12.2025 21:00;-;-;-;-;-;-;-;-;-;-;-;-;-;-;-;-;-
19.12.2025 21:00;19.12.2025 22:00;-;-;-;-;-;-;-;-;-;-;-;-;-;-;-;-;-
19.12.2025 22:00;19.12.2025 23:00;-;-;-;-;-;-;-;-;-;-;-;-;-;-;-;-;-
19.12.2025 23:00;20.12.2025 00:00;-;-;-;-;-;-;-;-;-;-;-;-;-;-;-;-;-
20.12.2025 00:00;20.12.2025 01:00;-;-;-;-;-;-;-;-;-;-;-;-;-;-;-;-;-
20.12.2025 01:00;20.12.2025 02:00;-;-;-;-;-;-;-;-;-;-;-;-;-;-;-;-;-
20.12.2025 02:00;20.12.2025 03:00;-;-;-;-;-;-;-;-;-;-;-;-;-;-;-;-;-
20.12.2025 03:00;20.12.2025 04:00;-;-;-;-;-;-;-;-;-;-;-;-;-;-;-;-;-
20.12.2025 04:00;20.12.2025 05:00;-;-;-;-;-;-;-;-;-;-;-;-;-;-;-;-;-
20.12.2025 05:00;20.12.2025 06:00;-;-;-;-;-;-;-;-;-;-;-;-;-;-;-;-;-
20.12.2025 06:00;20.12.2025 07:00;-;-;-;-;-;-;-;-;-;-;-;-;-;-;-;-;-
20.12.2025 07:00;20.12.2025 08:00;-;-;-;-;-;-;-;-;-;-;-;-;-;-;-;-;-
20.12.2025 08:00;20.12.2025 09:00;-;-;-;-;-;-;-;-;-;-;-;-;-;-;-;-;-
20.12.2025 09:00;20.12.2025 10:00;-;-;-;-;-;-;-;-;-;-;-;-;-;-;-;-;-
20.12.2025 10:00;20.12.2025 11:00;-;-;-;-;-;-;-;-;-;-;-;-;-;-;-;-;-
20.12.2025 11:00;20.12.2025 12:00;-;-;-;-;-;-;-;-;-;-;-;-;-;-;-;-;-
20.12.2025 12:00;20.12.2025 13:00;-;-;-;-;-;-;-;-;-;-;-;-;-;-;-;-;-
20.12.2025 13:00;20.12.2025 14:00;-;-;-;-;-;-;-;-;-;-;-;-;-;-;-;-;-
20.12.2025 14:00;20.12.2025 15:00;-;-;-;-;-;-;-;-;-;-;-;-;-;-;-;-;-
20.12.2025 15:00;20.12.2025 16:00;-;-;-;-;-;-;-;-;-;-;-;-;-;-;-;-;-
20.12.2025 16:00;20.12.2025 17:00;-;-;-;-;-;-;-;-;-;-;-;-;-;-;-;-;-
20.12.2025 17:00;20.12.2025 18:00;-;-;-;-;-;-;-;-;-;-;-;-;-;-;-;-;-
20.12.2025 18:00;20.12.2025 19:00;-;-;-;-;-;-;-;-;-;-;-;-;-;-;-;-;-
20.12.2025 19:00;20.12.2025 20:00;-;-;-;-;-;-;-;-;-;-;-;-;-;-;-;-;-
20.12.2025 20:00;20.12.2025 21:00;-;-;-;-;-;-;-;-;-;-;-;-;-;-;-;-;-
20.12.2025 21:00;20.12.2025 22:00;-;-;-;-;-;-;-;-;-;-;-;-;-;-;-;-;-
20.12.2025 22:00;20.12.2025 23:00;-;-;-;-;-;-;-;-;-;-;-;-;-;-;-;-;-
20.12.2025 23:00;21.12.2025 00:00;-;-;-;-;-;-;-;-;-;-;-;-;-;-;-;-;-
21.12.2025 00:00;21.12.2025 01:00;-;-;-;-;-;-;-;-;-;-;-;-;-;-;-;-;-
21.12.2025 01:00;21.12.2025 02:00;-;-;-;-;-;-;-;-;-;-;-;-;-;-;-;-;-
21.12.2025 02:00;21.12.2025 03:00;-;-;-;-;-;-;-;-;-;-;-;-;-;-;-;-;-
21.12.2025 03:00;21.12.2025 04:00;-;-;-;-;-;-;-;-;-;-;-;-;-;-;-;-;-
21.12.2025 04:00;21.12.2025 05:00;-;-;-;-;-;-;-;-;-;-;-;-;-;-;-;-;-
21.12.2025 05:00;21.12.2025 06:00;-;-;-;-;-;-;-;-;-;-;-;-;-;-;-;-;-
21.12.2025 06:00;21.12.2025 07:00;-;-;-;-;-;-;-;-;-;-;-;-;-;-;-;-;-
21.12.2025 07:00;21.12.2025 08:00;-;-;-;-;-;-;-;-;-;-;-;-;-;-;-;-;-
21.12.2025 08:00;21.12.2025 09:00;-;-;-;-;-;-;-;-;-;-;-;-;-;-;-;-;-
21.12.2025 09:00;21.12.2025 10:00;-;-;-;-;-;-;-;-;-;-;-;-;-;-;-;-;-
21.12.2025 10:00;21.12.2025 11:00;-;-;-;-;-;-;-;-;-;-;-;-;-;-;-;-;-
21.12.2025 11:00;21.12.2025 12:00;-;-;-;-;-;-;-;-;-;-;-;-;-;-;-;-;-
21.12.2025 12:00;21.12.2025 13:00;-;-;-;-;-;-;-;-;-;-;-;-;-;-;-;-;-
21.12.2025 13:00;21.12.2025 14:00;-;-;-;-;-;-;-;-;-;-;-;-;-;-;-;-;-
21.12.2025 14:00;21.12.2025 15:00;-;-;-;-;-;-;-;-;-;-;-;-;-;-;-;-;-
21.12.2025 15:00;21.12.2025 16:00;-;-;-;-;-;-;-;-;-;-;-;-;-;-;-;-;-
21.12.2025 16:00;21.12.2025 17:00;-;-;-;-;-;-;-;-;-;-;-;-;-;-;-;-;-
21.12.2025 17:00;21.12.2025 18:00;-;-;-;-;-;-;-;-;-;-;-;-;-;-;-;-;-
21.12.2025 18:00;21.12.2025 19:00;-;-;-;-;-;-;-;-;-;-;-;-;-;-;-;-;-
21.12.2025 19:00;21.12.2025 20:00;-;-;-;-;-;-;-;-;-;-;-;-;-;-;-;-;-
21.12.2025 20:00;21.12.2025 21:00;-;-;-;-;-;-;-;-;-;-;-;-;-;-;-;-;-
21.12.2025 21:00;21.12.2025 22:00;-;-;-;-;-;-;-;-;-;-;-;-;-;-;-;-;-
21.12.2025 22:00;21.12.2025 23:00;-;-;-;-;-;-;-;-;-;-;-;-;-;-;-;-;-
21.12.2025 23:00;22.12.2025 00:00;-;-;-;-;-;-;-;-;-;-;-;-;-;-;-;-;-
22.12.2025 00:00;22.12.2025 01:00;-;-;-;-;-;-;-;-;-;-;-;-;-;-;-;-;-
22.12.2025 01:00;22.12.2025 02:00;-;-;-;-;-;-;-;-;-;-;-;-;-;-;-;-;-
22.12.2025 02:00;22.12.2025 03:00;-;-;-;-;-;-;-;-;-;-;-;-;-;-;-;-;-
22.12.2025 03:00;22.12.2025 04:00;-;-;-;-;-;-;-;-;-;-;-;-;-;-;-;-;-
22.12.2025 04:00;22.12.2025 05:00;-;-;-;-;-;-;-;-;-;-;-;-;-;-;-;-;-
22.12.2025 05:00;22.12.2025 06:00;-;-;-;-;-;-;-;-;-;-;-;-;-;-;-;-;-
22.12.2025 06:00;22.12.2025 07:00;-;-;-;-;-;-;-;-;-;-;-;-;-;-;-;-;-
22.12.2025 07:00;22.12.2025 08:00;-;-;-;-;-;-;-;-;-;-;-;-;-;-;-;-;-
22.12.2025 08:00;22.12.2025 09:00;-;-;-;-;-;-;-;-;-;-;-;-;-;-;-;-;-
22.12.2025 09:00;22.12.2025 10:00;-;-;-;-;-;-;-;-;-;-;-;-;-;-;-;-;-
22.12.2025 10:00;22.12.2025 11:00;-;-;-;-;-;-;-;-;-;-;-;-;-;-;-;-;-
22.12.2025 11:00;22.12.2025 12:00;-;-;-;-;-;-;-;-;-;-;-;-;-;-;-;-;-
22.12.2025 12:00;22.12.2025 13:00;-;-;-;-;-;-;-;-;-;-;-;-;-;-;-;-;-
22.12.2025 13:00;22.12.2025 14:00;-;-;-;-;-;-;-;-;-;-;-;-;-;-;-;-;-
22.12.2025 14:00;22.12.2025 15:00;-;-;-;-;-;-;-;-;-;-;-;-;-;-;-;-;-
22.12.2025 15:00;22.12.2025 16:00;-;-;-;-;-;-;-;-;-;-;-;-;-;-;-;-;-
22.12.2025 16:00;22.12.2025 17:00;-;-;-;-;-;-;-;-;-;-;-;-;-;-;-;-;-
22.12.2025 17:00;22.12.2025 18:00;-;-;-;-;-;-;-;-;-;-;-;-;-;-;-;-;-
22.12.2025 18:00;22.12.2025 19:00;-;-;-;-;-;-;-;-;-;-;-;-;-;-;-;-;-
22.12.2025 19:00;22.12.2025 20:00;-;-;-;-;-;-;-;-;-;-;-;-;-;-;-;-;-
22.12.2025 20:00;22.12.2025 21:00;-;-;-;-;-;-;-;-;-;-;-;-;-;-;-;-;-
22.12.2025 21:00;22.12.2025 22:00;-;-;-;-;-;-;-;-;-;-;-;-;-;-;-;-;-
22.12.2025 22:00;22.12.2025 23:00;-;-;-;-;-;-;-;-;-;-;-;-;-;-;-;-;-
22.12.2025 23:00;23.12.2025 00:00;-;-;-;-;-;-;-;-;-;-;-;-;-;-;-;-;-
23.12.2025 00:00;23.12.2025 01:00;-;-;-;-;-;-;-;-;-;-;-;-;-;-;-;-;-
23.12.2025 01:00;23.12.2025 02:00;-;-;-;-;-;-;-;-;-;-;-;-;-;-;-;-;-
23.12.2025 02:00;23.12.2025 03:00;-;-;-;-;-;-;-;-;-;-;-;-;-;-;-;-;-
23.12.2025 03:00;23.12.2025 04:00;-;-;-;-;-;-;-;-;-;-;-;-;-;-;-;-;-
23.12.2025 04:00;23.12.2025 05:00;-;-;-;-;-;-;-;-;-;-;-;-;-;-;-;-;-
23.12.2025 05:00;23.12.2025 06:00;-;-;-;-;-;-;-;-;-;-;-;-;-;-;-;-;-
23.12.2025 06:00;23.12.2025 07:00;-;-;-;-;-;-;-;-;-;-;-;-;-;-;-;-;-
23.12.2025 07:00;23.12.2025 08:00;-;-;-;-;-;-;-;-;-;-;-;-;-;-;-;-;-
23.12.2025 08:00;23.12.2025 09:00;-;-;-;-;-;-;-;-;-;-;-;-;-;-;-;-;-
23.12.2025 09:00;23.12.2025 10:00;-;-;-;-;-;-;-;-;-;-;-;-;-;-;-;-;-
23.12.2025 10:00;23.12.2025 11:00;-;-;-;-;-;-;-;-;-;-;-;-;-;-;-;-;-
23.12.2025 11:00;23.12.2025 12:00;-;-;-;-;-;-;-;-;-;-;-;-;-;-;-;-;-
23.12.2025 12:00;23.12.2025 13:00;-;-;-;-;-;-;-;-;-;-;-;-;-;-;-;-;-
23.12.2025 13:00;23.12.2025 14:00;-;-;-;-;-;-;-;-;-;-;-;-;-;-;-;-;-
23.12.2025 14:00;23.12.2025 15:00;-;-;-;-;-;-;-;-;-;-;-;-;-;-;-;-;-
23.12.2025 15:00;23.12.2025 16:00;-;-;-;-;-;-;-;-;-;-;-;-;-;-;-;-;-
23.12.2025 16:00;23.12.2025 17:00;-;-;-;-;-;-;-;-;-;-;-;-;-;-;-;-;-
23.12.2025 17:00;23.12.2025 18:00;-;-;-;-;-;-;-;-;-;-;-;-;-;-;-;-;-
23.12.2025 18:00;23.12.2025 19:00;-;-;-;-;-;-;-;-;-;-;-;-;-;-;-;-;-
23.12.2025 19:00;23.12.2025 20:00;-;-;-;-;-;-;-;-;-;-;-;-;-;-;-;-;-
23.12.2025 20:00;23.12.2025 21:00;-;-;-;-;-;-;-;-;-;-;-;-;-;-;-;-;-
23.12.2025 21:00;23.12.2025 22:00;-;-;-;-;-;-;-;-;-;-;-;-;-;-;-;-;-
23.12.2025 22:00;23.12.2025 23:00;-;-;-;-;-;-;-;-;-;-;-;-;-;-;-;-;-
23.12.2025 23:00;24.12.2025 00:00;-;-;-;-;-;-;-;-;-;-;-;-;-;-;-;-;-
24.12.2025 00:00;24.12.2025 01:00;-;-;-;-;-;-;-;-;-;-;-;-;-;-;-;-;-
24.12.2025 01:00;24.12.2025 02:00;-;-;-;-;-;-;-;-;-;-;-;-;-;-;-;-;-
24.12.2025 02:00;24.12.2025 03:00;-;-;-;-;-;-;-;-;-;-;-;-;-;-;-;-;-
24.12.2025 03:00;24.12.2025 04:00;-;-;-;-;-;-;-;-;-;-;-;-;-;-;-;-;-
24.12.2025 04:00;24.12.2025 05:00;-;-;-;-;-;-;-;-;-;-;-;-;-;-;-;-;-
24.12.2025 05:00;24.12.2025 06:00;-;-;-;-;-;-;-;-;-;-;-;-;-;-;-;-;-
24.12.2025 06:00;24.12.2025 07:00;-;-;-;-;-;-;-;-;-;-;-;-;-;-;-;-;-
24.12.2025 07:00;24.12.2025 08:00;-;-;-;-;-;-;-;-;-;-;-;-;-;-;-;-;-
24.12.2025 08:00;24.12.2025 09:00;-;-;-;-;-;-;-;-;-;-;-;-;-;-;-;-;-
24.12.2025 09:00;24.12.2025 10:00;-;-;-;-;-;-;-;-;-;-;-;-;-;-;-;-;-
24.12.2025 10:00;24.12.2025 11:00;-;-;-;-;-;-;-;-;-;-;-;-;-;-;-;-;-
24.12.2025 11:00;24.12.2025 12:00;-;-;-;-;-;-;-;-;-;-;-;-;-;-;-;-;-
24.12.2025 12:00;24.12.2025 13:00;-;-;-;-;-;-;-;-;-;-;-;-;-;-;-;-;-
24.12.2025 13:00;24.12.2025 14:00;-;-;-;-;-;-;-;-;-;-;-;-;-;-;-;-;-
24.12.2025 14:00;24.12.2025 15:00;-;-;-;-;-;-;-;-;-;-;-;-;-;-;-;-;-
24.12.2025 15:00;24.12.2025 16:00;-;-;-;-;-;-;-;-;-;-;-;-;-;-;-;-;-
24.12.2025 16:00;24.12.2025 17:00;-;-;-;-;-;-;-;-;-;-;-;-;-;-;-;-;-
24.12.2025 17:00;24.12.2025 18:00;-;-;-;-;-;-;-;-;-;-;-;-;-;-;-;-;-
24.12.2025 18:00;24.12.2025 19:00;-;-;-;-;-;-;-;-;-;-;-;-;-;-;-;-;-
24.12.2025 19:00;24.12.2025 20:00;-;-;-;-;-;-;-;-;-;-;-;-;-;-;-;-;-
24.12.2025 20:00;24.12.2025 21:00;-;-;-;-;-;-;-;-;-;-;-;-;-;-;-;-;-
24.12.2025 21:00;24.12.2025 22:00;-;-;-;-;-;-;-;-;-;-;-;-;-;-;-;-;-
24.12.2025 22:00;24.12.2025 23:00;-;-;-;-;-;-;-;-;-;-;-;-;-;-;-;-;-
24.12.2025 23:00;25.12.2025 00:00;-;-;-;-;-;-;-;-;-;-;-;-;-;-;-;-;-
25.12.2025 00:00;25.12.2025 01:00;-;-;-;-;-;-;-;-;-;-;-;-;-;-;-;-;-
25.12.2025 01:00;25.12.2025 02:00;-;-;-;-;-;-;-;-;-;-;-;-;-;-;-;-;-
25.12.2025 02:00;25.12.2025 03:00;-;-;-;-;-;-;-;-;-;-;-;-;-;-;-;-;-
25.12.2025 03:00;25.12.2025 04:00;-;-;-;-;-;-;-;-;-;-;-;-;-;-;-;-;-
25.12.2025 04:00;25.12.2025 05:00;-;-;-;-;-;-;-;-;-;-;-;-;-;-;-;-;-
25.12.2025 05:00;25.12.2025 06:00;-;-;-;-;-;-;-;-;-;-;-;-;-;-;-;-;-
25.12.2025 06:00;25.12.2025 07:00;-;-;-;-;-;-;-;-;-;-;-;-;-;-;-;-;-
25.12.2025 07:00;25.12.2025 08:00;-;-;-;-;-;-;-;-;-;-;-;-;-;-;-;-;-
25.12.2025 08:00;25.12.2025 09:00;-;-;-;-;-;-;-;-;-;-;-;-;-;-;-;-;-
25.12.2025 09:00;25.12.2025 10:00;-;-;-;-;-;-;-;-;-;-;-;-;-;-;-;-;-
25.12.2025 10:00;25.12.2025 11:00;-;-;-;-;-;-;-;-;-;-;-;-;-;-;-;-;-
25.12.2025 11:00;25.12.2025 12:00;-;-;-;-;-;-;-;-;-;-;-;-;-;-;-;-;-
25.12.2025 12:00;25.12.2025 13:00;-;-;-;-;-;-;-;-;-;-;-;-;-;-;-;-;-
25.12.2025 13:00;25.12.2025 14:00;-;-;-;-;-;-;-;-;-;-;-;-;-;-;-;-;-
25.12.2025 14:00;25.12.2025 15:00;-;-;-;-;-;-;-;-;-;-;-;-;-;-;-;-;-
25.12.2025 15:00;25.12.2025 16:00;-;-;-;-;-;-;-;-;-;-;-;-;-;-;-;-;-
25.12.2025 16:00;25.12.2025 17:00;-;-;-;-;-;-;-;-;-;-;-;-;-;-;-;-;-
25.12.2025 17:00;25.12.2025 18:00;-;-;-;-;-;-;-;-;-;-;-;-;-;-;-;-;-
25.12.2025 18:00;25.12.2025 19:00;-;-;-;-;-;-;-;-;-;-;-;-;-;-;-;-;-
25.12.2025 19:00;25.12.2025 20:00;-;-;-;-;-;-;-;-;-;-;-;-;-;-;-;-;-
25.12.2025 20:00;25.12.2025 21:00;-;-;-;-;-;-;-;-;-;-;-;-;-;-;-;-;-
25.12.2025 21:00;25.12.2025 22:00;-;-;-;-;-;-;-;-;-;-;-;-;-;-;-;-;-
25.12.2025 22:00;25.12.2025 23:00;-;-;-;-;-;-;-;-;-;-;-;-;-;-;-;-;-
25.12.2025 23:00;26.12.2025 00:00;-;-;-;-;-;-;-;-;-;-;-;-;-;-;-;-;-
26.12.2025 00:00;26.12.2025 01:00;-;-;-;-;-;-;-;-;-;-;-;-;-;-;-;-;-
26.12.2025 01:00;26.12.2025 02:00;-;-;-;-;-;-;-;-;-;-;-;-;-;-;-;-;-
26.12.2025 02:00;26.12.2025 03:00;-;-;-;-;-;-;-;-;-;-;-;-;-;-;-;-;-
26.12.2025 03:00;26.12.2025 04:00;-;-;-;-;-;-;-;-;-;-;-;-;-;-;-;-;-
26.12.2025 04:00;26.12.2025 05:00;-;-;-;-;-;-;-;-;-;-;-;-;-;-;-;-;-
26.12.2025 05:00;26.12.2025 06:00;-;-;-;-;-;-;-;-;-;-;-;-;-;-;-;-;-
26.12.2025 06:00;26.12.2025 07:00;-;-;-;-;-;-;-;-;-;-;-;-;-;-;-;-;-
26.12.2025 07:00;26.12.2025 08:00;-;-;-;-;-;-;-;-;-;-;-;-;-;-;-;-;-
26.12.2025 08:00;26.12.2025 09:00;-;-;-;-;-;-;-;-;-;-;-;-;-;-;-;-;-
26.12.2025 09:00;26.12.2025 10:00;-;-;-;-;-;-;-;-;-;-;-;-;-;-;-;-;-
26.12.2025 10:00;26.12.2025 11:00;-;-;-;-;-;-;-;-;-;-;-;-;-;-;-;-;-
26.12.2025 11:00;26.12.2025 12:00;-;-;-;-;-;-;-;-;-;-;-;-;-;-;-;-;-
26.12.2025 12:00;26.12.2025 13:00;-;-;-;-;-;-;-;-;-;-;-;-;-;-;-;-;-
26.12.2025 13:00;26.12.2025 14:00;-;-;-;-;-;-;-;-;-;-;-;-;-;-;-;-;-
26.12.2025 14:00;26.12.2025 15:00;-;-;-;-;-;-;-;-;-;-;-;-;-;-;-;-;-
26.12.2025 15:00;26.12.2025 16:00;-;-;-;-;-;-;-;-;-;-;-;-;-;-;-;-;-
26.12.2025 16:00;26.12.2025 17:00;-;-;-;-;-;-;-;-;-;-;-;-;-;-;-;-;-
26.12.2025 17:00;26.12.2025 18:00;-;-;-;-;-;-;-;-;-;-;-;-;-;-;-;-;-
26.12.2025 18:00;26.12.2025 19:00;-;-;-;-;-;-;-;-;-;-;-;-;-;-;-;-;-
26.12.2025 19:00;26.12.2025 20:00;-;-;-;-;-;-;-;-;-;-;-;-;-;-;-;-;-
26.12.2025 20:00;26.12.2025 21:00;-;-;-;-;-;-;-;-;-;-;-;-;-;-;-;-;-
26.12.2025 21:00;26.12.2025 22:00;-;-;-;-;-;-;-;-;-;-;-;-;-;-;-;-;-
26.12.2025 22:00;26.12.2025 23:00;-;-;-;-;-;-;-;-;-;-;-;-;-;-;-;-;-
26.12.2025 23:00;27.12.2025 00:00;-;-;-;-;-;-;-;-;-;-;-;-;-;-;-;-;-
27.12.2025 00:00;27.12.2025 01:00;-;-;-;-;-;-;-;-;-;-;-;-;-;-;-;-;-
27.12.2025 01:00;27.12.2025 02:00;-;-;-;-;-;-;-;-;-;-;-;-;-;-;-;-;-
27.12.2025 02:00;27.12.2025 03:00;-;-;-;-;-;-;-;-;-;-;-;-;-;-;-;-;-
27.12.2025 03:00;27.12.2025 04:00;-;-;-;-;-;-;-;-;-;-;-;-;-;-;-;-;-
27.12.2025 04:00;27.12.2025 05:00;-;-;-;-;-;-;-;-;-;-;-;-;-;-;-;-;-
27.12.2025 05:00;27.12.2025 06:00;-;-;-;-;-;-;-;-;-;-;-;-;-;-;-;-;-
27.12.2025 06:00;27.12.2025 07:00;-;-;-;-;-;-;-;-;-;-;-;-;-;-;-;-;-
27.12.2025 07:00;27.12.2025 08:00;-;-;-;-;-;-;-;-;-;-;-;-;-;-;-;-;-
27.12.2025 08:00;27.12.2025 09:00;-;-;-;-;-;-;-;-;-;-;-;-;-;-;-;-;-
27.12.2025 09:00;27.12.2025 10:00;-;-;-;-;-;-;-;-;-;-;-;-;-;-;-;-;-
27.12.2025 10:00;27.12.2025 11:00;-;-;-;-;-;-;-;-;-;-;-;-;-;-;-;-;-
27.12.2025 11:00;27.12.2025 12:00;-;-;-;-;-;-;-;-;-;-;-;-;-;-;-;-;-
27.12.2025 12:00;27.12.2025 13:00;-;-;-;-;-;-;-;-;-;-;-;-;-;-;-;-;-
27.12.2025 13:00;27.12.2025 14:00;-;-;-;-;-;-;-;-;-;-;-;-;-;-;-;-;-
27.12.2025 14:00;27.12.2025 15:00;-;-;-;-;-;-;-;-;-;-;-;-;-;-;-;-;-
27.12.2025 15:00;27.12.2025 16:00;-;-;-;-;-;-;-;-;-;-;-;-;-;-;-;-;-
27.12.2025 16:00;27.12.2025 17:00;-;-;-;-;-;-;-;-;-;-;-;-;-;-;-;-;-
27.12.2025 17:00;27.12.2025 18:00;-;-;-;-;-;-;-;-;-;-;-;-;-;-;-;-;-
27.12.2025 18:00;27.12.2025 19:00;-;-;-;-;-;-;-;-;-;-;-;-;-;-;-;-;-
27.12.2025 19:00;27.12.2025 20:00;-;-;-;-;-;-;-;-;-;-;-;-;-;-;-;-;-
27.12.2025 20:00;27.12.2025 21:00;-;-;-;-;-;-;-;-;-;-;-;-;-;-;-;-;-
27.12.2025 21:00;27.12.2025 22:00;-;-;-;-;-;-;-;-;-;-;-;-;-;-;-;-;-
27.12.2025 22:00;27.12.2025 23:00;-;-;-;-;-;-;-;-;-;-;-;-;-;-;-;-;-
27.12.2025 23:00;28.12.2025 00:00;-;-;-;-;-;-;-;-;-;-;-;-;-;-;-;-;-
28.12.2025 00:00;28.12.2025 01:00;-;-;-;-;-;-;-;-;-;-;-;-;-;-;-;-;-
28.12.2025 01:00;28.12.2025 02:00;-;-;-;-;-;-;-;-;-;-;-;-;-;-;-;-;-
28.12.2025 02:00;28.12.2025 03:00;-;-;-;-;-;-;-;-;-;-;-;-;-;-;-;-;-
28.12.2025 03:00;28.12.2025 04:00;-;-;-;-;-;-;-;-;-;-;-;-;-;-;-;-;-
28.12.2025 04:00;28.12.2025 05:00;-;-;-;-;-;-;-;-;-;-;-;-;-;-;-;-;-
28.12.2025 05:00;28.12.2025 06:00;-;-;-;-;-;-;-;-;-;-;-;-;-;-;-;-;-
28.12.2025 06:00;28.12.2025 07:00;-;-;-;-;-;-;-;-;-;-;-;-;-;-;-;-;-
28.12.2025 07:00;28.12.2025 08:00;-;-;-;-;-;-;-;-;-;-;-;-;-;-;-;-;-
28.12.2025 08:00;28.12.2025 09:00;-;-;-;-;-;-;-;-;-;-;-;-;-;-;-;-;-
28.12.2025 09:00;28.12.2025 10:00;-;-;-;-;-;-;-;-;-;-;-;-;-;-;-;-;-
28.12.2025 10:00;28.12.2025 11:00;-;-;-;-;-;-;-;-;-;-;-;-;-;-;-;-;-
28.12.2025 11:00;28.12.2025 12:00;-;-;-;-;-;-;-;-;-;-;-;-;-;-;-;-;-
28.12.2025 12:00;28.12.2025 13:00;-;-;-;-;-;-;-;-;-;-;-;-;-;-;-;-;-
28.12.2025 13:00;28.12.2025 14:00;-;-;-;-;-;-;-;-;-;-;-;-;-;-;-;-;-
28.12.2025 14:00;28.12.2025 15:00;-;-;-;-;-;-;-;-;-;-;-;-;-;-;-;-;-
28.12.2025 15:00;28.12.2025 16:00;-;-;-;-;-;-;-;-;-;-;-;-;-;-;-;-;-
28.12.2025 16:00;28.12.2025 17:00;-;-;-;-;-;-;-;-;-;-;-;-;-;-;-;-;-
28.12.2025 17:00;28.12.2025 18:00;-;-;-;-;-;-;-;-;-;-;-;-;-;-;-;-;-
28.12.2025 18:00;28.12.2025 19:00;-;-;-;-;-;-;-;-;-;-;-;-;-;-;-;-;-
28.12.2025 19:00;28.12.2025 20:00;-;-;-;-;-;-;-;-;-;-;-;-;-;-;-;-;-
28.12.2025 20:00;28.12.2025 21:00;-;-;-;-;-;-;-;-;-;-;-;-;-;-;-;-;-
28.12.2025 21:00;28.12.2025 22:00;-;-;-;-;-;-;-;-;-;-;-;-;-;-;-;-;-
28.12.2025 22:00;28.12.2025 23:00;-;-;-;-;-;-;-;-;-;-;-;-;-;-;-;-;-
28.12.2025 23:00;29.12.2025 00:00;-;-;-;-;-;-;-;-;-;-;-;-;-;-;-;-;-
29.12.2025 00:00;29.12.2025 01:00;-;-;-;-;-;-;-;-;-;-;-;-;-;-;-;-;-
29.12.2025 01:00;29.12.2025 02:00;-;-;-;-;-;-;-;-;-;-;-;-;-;-;-;-;-
29.12.2025 02:00;29.12.2025 03:00;-;-;-;-;-;-;-;-;-;-;-;-;-;-;-;-;-
29.12.2025 03:00;29.12.2025 04:00;-;-;-;-;-;-;-;-;-;-;-;-;-;-;-;-;-
29.12.2025 04:00;29.12.2025 05:00;-;-;-;-;-;-;-;-;-;-;-;-;-;-;-;-;-
29.12.2025 05:00;29.12.2025 06:00;-;-;-;-;-;-;-;-;-;-;-;-;-;-;-;-;-
29.12.2025 06:00;29.12.2025 07:00;-;-;-;-;-;-;-;-;-;-;-;-;-;-;-;-;-
29.12.2025 07:00;29.12.2025 08:00;-;-;-;-;-;-;-;-;-;-;-;-;-;-;-;-;-
29.12.2025 08:00;29.12.2025 09:00;-;-;-;-;-;-;-;-;-;-;-;-;-;-;-;-;-
29.12.2025 09:00;29.12.2025 10:00;-;-;-;-;-;-;-;-;-;-;-;-;-;-;-;-;-
29.12.2025 10:00;29.12.2025 11:00;-;-;-;-;-;-;-;-;-;-;-;-;-;-;-;-;-
29.12.2025 11:00;29.12.2025 12:00;-;-;-;-;-;-;-;-;-;-;-;-;-;-;-;-;-
29.12.2025 12:00;29.12.2025 13:00;-;-;-;-;-;-;-;-;-;-;-;-;-;-;-;-;-
29.12.2025 13:00;29.12.2025 14:00;-;-;-;-;-;-;-;-;-;-;-;-;-;-;-;-;-
29.12.2025 14:00;29.12.2025 15:00;-;-;-;-;-;-;-;-;-;-;-;-;-;-;-;-;-
29.12.2025 15:00;29.12.2025 16:00;-;-;-;-;-;-;-;-;-;-;-;-;-;-;-;-;-
29.12.2025 16:00;29.12.2025 17:00;-;-;-;-;-;-;-;-;-;-;-;-;-;-;-;-;-
29.12.2025 17:00;29.12.2025 18:00;-;-;-;-;-;-;-;-;-;-;-;-;-;-;-;-;-
29.12.2025 18:00;29.12.2025 19:00;-;-;-;-;-;-;-;-;-;-;-;-;-;-;-;-;-
29.12.2025 19:00;29.12.2025 20:00;-;-;-;-;-;-;-;-;-;-;-;-;-;-;-;-;-
29.12.2025 20:00;29.12.2025 21:00;-;-;-;-;-;-;-;-;-;-;-;-;-;-;-;-;-
29.12.2025 21:00;29.12.2025 22:00;-;-;-;-;-;-;-;-;-;-;-;-;-;-;-;-;-
29.12.2025 22:00;29.12.2025 23:00;-;-;-;-;-;-;-;-;-;-;-;-;-;-;-;-;-
29.12.2025 23:00;30.12.2025 00:00;-;-;-;-;-;-;-;-;-;-;-;-;-;-;-;-;-
30.12.2025 00:00;30.12.2025 01:00;-;-;-;-;-;-;-;-;-;-;-;-;-;-;-;-;-
30.12.2025 01:00;30.12.2025 02:00;-;-;-;-;-;-;-;-;-;-;-;-;-;-;-;-;-
30.12.2025 02:00;30.12.2025 03:00;-;-;-;-;-;-;-;-;-;-;-;-;-;-;-;-;-
30.12.2025 03:00;30.12.2025 04:00;-;-;-;-;-;-;-;-;-;-;-;-;-;-;-;-;-
30.12.2025 04:00;30.12.2025 05:00;-;-;-;-;-;-;-;-;-;-;-;-;-;-;-;-;-
30.12.2025 05:00;30.12.2025 06:00;-;-;-;-;-;-;-;-;-;-;-;-;-;-;-;-;-
30.12.2025 06:00;30.12.2025 07:00;-;-;-;-;-;-;-;-;-;-;-;-;-;-;-;-;-
30.12.2025 07:00;30.12.2025 08:00;-;-;-;-;-;-;-;-;-;-;-;-;-;-;-;-;-
30.12.2025 08:00;30.12.2025 09:00;-;-;-;-;-;-;-;-;-;-;-;-;-;-;-;-;-
30.12.2025 09:00;30.12.2025 10:00;-;-;-;-;-;-;-;-;-;-;-;-;-;-;-;-;-
30.12.2025 10:00;30.12.2025 11:00;-;-;-;-;-;-;-;-;-;-;-;-;-;-;-;-;-
30.12.2025 11:00;30.12.2025 12:00;-;-;-;-;-;-;-;-;-;-;-;-;-;-;-;-;-
30.12.2025 12:00;30.12.2025 13:00;-;-;-;-;-;-;-;-;-;-;-;-;-;-;-;-;-
30.12.2025 13:00;30.12.2025 14:00;-;-;-;-;-;-;-;-;-;-;-;-;-;-;-;-;-
30.12.2025 14:00;30.12.2025 15:00;-;-;-;-;-;-;-;-;-;-;-;-;-;-;-;-;-
30.12.2025 15:00;30.12.2025 16:00;-;-;-;-;-;-;-;-;-;-;-;-;-;-;-;-;-
30.12.2025 16:00;30.12.2025 17:00;-;-;-;-;-;-;-;-;-;-;-;-;-;-;-;-;-
30.12.2025 17:00;30.12.2025 18:00;-;-;-;-;-;-;-;-;-;-;-;-;-;-;-;-;-
30.12.2025 18:00;30.12.2025 19:00;-;-;-;-;-;-;-;-;-;-;-;-;-;-;-;-;-
30.12.2025 19:00;30.12.2025 20:00;-;-;-;-;-;-;-;-;-;-;-;-;-;-;-;-;-
30.12.2025 20:00;30.12.2025 21:00;-;-;-;-;-;-;-;-;-;-;-;-;-;-;-;-;-
30.12.2025 21:00;30.12.2025 22:00;-;-;-;-;-;-;-;-;-;-;-;-;-;-;-;-;-
30.12.2025 22:00;30.12.2025 23:00;-;-;-;-;-;-;-;-;-;-;-;-;-;-;-;-;-
30.12.2025 23:00;31.12.2025 00:00;-;-;-;-;-;-;-;-;-;-;-;-;-;-;-;-;-
31.12.2025 00:00;31.12.2025 01:00;-;-;-;-;-;-;-;-;-;-;-;-;-;-;-;-;-
31.12.2025 01:00;31.12.2025 02:00;-;-;-;-;-;-;-;-;-;-;-;-;-;-;-;-;-
31.12.2025 02:00;31.12.2025 03:00;-;-;-;-;-;-;-;-;-;-;-;-;-;-;-;-;-
31.12.2025 03:00;31.12.2025 04:00;-;-;-;-;-;-;-;-;-;-;-;-;-;-;-;-;-
31.12.2025 04:00;31.12.2025 05:00;-;-;-;-;-;-;-;-;-;-;-;-;-;-;-;-;-
31.12.2025 05:00;31.12.2025 06:00;-;-;-;-;-;-;-;-;-;-;-;-;-;-;-;-;-
31.12.2025 06:00;31.12.2025 07:00;-;-;-;-;-;-;-;-;-;-;-;-;-;-;-;-;-
31.12.2025 07:00;31.12.2025 08:00;-;-;-;-;-;-;-;-;-;-;-;-;-;-;-;-;-
31.12.2025 08:00;31.12.2025 09:00;-;-;-;-;-;-;-;-;-;-;-;-;-;-;-;-;-
31.12.2025 09:00;31.12.2025 10:00;-;-;-;-;-;-;-;-;-;-;-;-;-;-;-;-;-
31.12.2025 10:00;31.12.2025 11:00;-;-;-;-;-;-;-;-;-;-;-;-;-;-;-;-;-
31.12.2025 11:00;31.12.2025 12:00;-;-;-;-;-;-;-;-;-;-;-;-;-;-;-;-;-
31.12.2025 12:00;31.12.2025 13:00;-;-;-;-;-;-;-;-;-;-;-;-;-;-;-;-;-
31.12.2025 13:00;31.12.2025 14:00;-;-;-;-;-;-;-;-;-;-;-;-;-;-;-;-;-
31.12.2025 14:00;31.12.2025 15:00;-;-;-;-;-;-;-;-;-;-;-;-;-;-;-;-;-
31.12.2025 15:00;31.12.2025 16:00;-;-;-;-;-;-;-;-;-;-;-;-;-;-;-;-;-
31.12.2025 16:00;31.12.2025 17:00;-;-;-;-;-;-;-;-;-;-;-;-;-;-;-;-;-
31.12.2025 17:00;31.12.2025 18:00;-;-;-;-;-;-;-;-;-;-;-;-;-;-;-;-;-
31.12.2025 18:00;31.12.2025 19:00;-;-;-;-;-;-;-;-;-;-;-;-;-;-;-;-;-
31.12.2025 19:00;31.12.2025 20:00;-;-;-;-;-;-;-;-;-;-;-;-;-;-;-;-;-
31.12.2025 20:00;31.12.2025 21:00;-;-;-;-;-;-;-;-;-;-;-;-;-;-;-;-;-
31.12.2025 21:00;31.12.2025 22:00;-;-;-;-;-;-;-;-;-;-;-;-;-;-;-;-;-
31.12.2025 22:00;31.12.2025 23:00;-;-;-;-;-;-;-;-;-;-;-;-;-;-;-;-;-
31.12.2025 23:00;01.01.2026 00:00;-;-;-;-;-;-;-;-;-;-;-;-;-;-;-;-;-
