entity_id,state,last_changed
number.heat_pump_temperatur,31.0,2025-09-28T06:40:03.552Z
number.heat_pump_temperatur,unavailable,2025-09-28T07:53:56.413Z
number.heat_pump_temperatur,31.0,2025-09-28T07:57:23.050Z
number.heat_pump_temperatur,unavailable,2025-09-28T12:21:03.881Z
number.smarte_steckdose_tp01_ausschalten_in,unavailable,2025-09-21T05:34:50.712Z
number.smarte_steckdose_tp01_ausschalten_in,120,2025-09-21T05:37:16.071Z
number.smarte_steckdose_tp01_ausschalten_in,unavailable,2025-09-21T14:16:04.718Z
number.smarte_steckdose_tp01_ausschalten_in,120,2025-09-21T14:16:44.081Z
number.smarte_steckdose_tp01_ausschalten_in,unavailable,2025-09-21T19:34:49.770Z
number.smarte_steckdose_tp01_ausschalten_in,120,2025-09-21T19:36:53.149Z
number.smarte_steckdose_tp01_ausschalten_in,unavailable,2025-09-22T14:04:13.716Z
number.smarte_steckdose_tp01_ausschalten_in,120,2025-09-22T14:04:19.819Z
number.smarte_steckdose_tp01_ausschalten_in,unavailable,2025-09-22T14:05:07.592Z
number.smarte_steckdose_tp01_ausschalten_in,120,2025-09-22T14:05:29.874Z
number.smarte_steckdose_tp01_ausschalten_in,unavailable,2025-09-22T14:06:32.716Z
number.smarte_steckdose_tp01_ausschalten_in,120,2025-09-22T14:06:52.190Z
number.smarte_steckdose_tp01_ausschalten_in,unavailable,2025-09-22T15:23:06.923Z
number.smarte_steckdose_tp01_ausschalten_in,120,2025-09-22T15:23:12.089Z
number.smarte_steckdose_tp01_ausschalten_in,unavailable,2025-09-22T17:46:23.712Z
number.smarte_steckdose_tp01_ausschalten_in,120,2025-09-22T17:46:53.748Z
number.smarte_steckdose_tp01_ausschalten_in,unavailable,2025-09-23T14:34:58.714Z
number.smarte_steckdose_tp01_ausschalten_in,120,2025-09-23T14:37:19.091Z
number.smarte_steckdose_tp01_ausschalten_in,unavailable,2025-09-25T12:08:08.713Z
number.smarte_steckdose_tp01_ausschalten_in,120,2025-09-25T12:08:55.906Z
number.smarte_steckdose_tp01_ausschalten_in,unavailable,2025-09-28T09:33:53.904Z
number.smarte_steckdose_tp01_ausschalten_in,120,2025-09-28T09:34:03.644Z
number.smarte_steckdose_tp01_ausschalten_in,unavailable,2025-09-28T13:32:54.230Z
sensor.smarte_steckdose_tp01_signalpegel,1.8761535511809169,2025-05-10T10:00:00.000Z
sensor.smarte_steckdose_tp01_signalpegel,1.952808625,2025-05-10T11:00:00.000Z
sensor.smarte_steckdose_tp01_signalpegel,1.6409015761111112,2025-05-10T12:00:00.000Z
sensor.smarte_steckdose_tp01_signalpegel,1.9811613394444445,2025-05-10T13:00:00.000Z
sensor.smarte_steckdose_tp01_signalpegel,2,2025-05-10T14:00:00.000Z
sensor.smarte_steckdose_tp01_signalpegel,1.5365503872222224,2025-05-10T15:00:00.000Z
sensor.smarte_steckdose_tp01_signalpegel,1.004160673611111,2025-05-10T16:00:00.000Z
sensor.smarte_steckdose_tp01_signalpegel,1,2025-05-10T17:00:00.000Z
sensor.smarte_steckdose_tp01_signalpegel,1.0055568002777777,2025-05-10T18:00:00.000Z
sensor.smarte_steckdose_tp01_signalpegel,1.0736385744444445,2025-05-10T19:00:00.000Z
sensor.smarte_steckdose_tp01_signalpegel,1.0161713063888889,2025-05-10T20:00:00.000Z
sensor.smarte_steckdose_tp01_signalpegel,1.7611766066666668,2025-05-10T21:00:00.000Z
sensor.smarte_steckdose_tp01_signalpegel,1.9310864433333332,2025-05-10T22:00:00.000Z
sensor.smarte_steckdose_tp01_signalpegel,1.9440500299999999,2025-05-10T23:00:00.000Z
sensor.smarte_steckdose_tp01_signalpegel,1.9833306502777779,2025-05-11T00:00:00.000Z
sensor.smarte_steckdose_tp01_signalpegel,2,2025-05-11T01:00:00.000Z
sensor.smarte_steckdose_tp01_signalpegel,2,2025-05-11T02:00:00.000Z
sensor.smarte_steckdose_tp01_signalpegel,1.9986184102777778,2025-05-11T06:00:00.000Z
sensor.smarte_steckdose_tp01_signalpegel,1.8389052958333334,2025-05-11T07:00:00.000Z
sensor.smarte_steckdose_tp01_signalpegel,1.4563935824999998,2025-05-11T08:00:00.000Z
sensor.smarte_steckdose_tp01_signalpegel,1.6898329919444446,2025-05-11T09:00:00.000Z
sensor.smarte_steckdose_tp01_signalpegel,1.7819514152777778,2025-05-11T10:00:00.000Z
sensor.smarte_steckdose_tp01_signalpegel,2,2025-05-11T11:00:00.000Z
sensor.smarte_steckdose_tp01_signalpegel,2,2025-05-11T12:00:00.000Z
sensor.smarte_steckdose_tp01_signalpegel,1.99307386,2025-05-11T19:00:00.000Z
sensor.smarte_steckdose_tp01_signalpegel,2,2025-05-11T20:00:00.000Z
sensor.smarte_steckdose_tp01_signalpegel,2,2025-05-11T21:00:00.000Z
sensor.smarte_steckdose_tp01_signalpegel,1.995836218888889,2025-05-12T05:00:00.000Z
sensor.smarte_steckdose_tp01_signalpegel,1.9972265933333333,2025-05-12T06:00:00.000Z
sensor.smarte_steckdose_tp01_signalpegel,2,2025-05-12T07:00:00.000Z
sensor.smarte_steckdose_tp01_signalpegel,2,2025-05-12T08:00:00.000Z
sensor.smarte_steckdose_tp01_signalpegel,1.9902992491666665,2025-05-12T09:00:00.000Z
sensor.smarte_steckdose_tp01_signalpegel,1.9263959294444444,2025-05-12T10:00:00.000Z
sensor.smarte_steckdose_tp01_signalpegel,2,2025-05-12T11:00:00.000Z
sensor.smarte_steckdose_tp01_signalpegel,1.8218706891666667,2025-05-12T12:00:00.000Z
sensor.smarte_steckdose_tp01_signalpegel,1.9972552783333333,2025-05-12T13:00:00.000Z
sensor.smarte_steckdose_tp01_signalpegel,1.9916583702777777,2025-05-12T14:00:00.000Z
sensor.smarte_steckdose_tp01_signalpegel,2,2025-05-12T15:00:00.000Z
sensor.smarte_steckdose_tp01_signalpegel,2,2025-05-12T16:00:00.000Z
sensor.smarte_steckdose_tp01_signalpegel,1.9944105877777778,2025-05-12T17:00:00.000Z
sensor.smarte_steckdose_tp01_signalpegel,2,2025-05-12T18:00:00.000Z
sensor.smarte_steckdose_tp01_signalpegel,2,2025-05-12T19:00:00.000Z
sensor.smarte_steckdose_tp01_signalpegel,1.9958364050000001,2025-05-13T05:00:00.000Z
sensor.smarte_steckdose_tp01_signalpegel,2,2025-05-13T06:00:00.000Z
sensor.smarte_steckdose_tp01_signalpegel,2,2025-05-13T07:00:00.000Z
sensor.smarte_steckdose_tp01_signalpegel,1.9889343958333334,2025-05-13T15:00:00.000Z
sensor.smarte_steckdose_tp01_signalpegel,2,2025-05-13T16:00:00.000Z
sensor.smarte_steckdose_tp01_signalpegel,1.9958411955555555,2025-05-13T17:00:00.000Z
sensor.smarte_steckdose_tp01_signalpegel,2,2025-05-13T18:00:00.000Z
sensor.smarte_steckdose_tp01_signalpegel,2,2025-05-13T19:00:00.000Z
sensor.smarte_steckdose_tp01_signalpegel,1.997228796111111,2025-05-14T05:00:00.000Z
sensor.smarte_steckdose_tp01_signalpegel,2,2025-05-14T06:00:00.000Z
sensor.smarte_steckdose_tp01_signalpegel,2,2025-05-14T07:00:00.000Z
sensor.smarte_steckdose_tp01_signalpegel,1.9958401566666666,2025-05-14T18:00:00.000Z
sensor.smarte_steckdose_tp01_signalpegel,2,2025-05-14T19:00:00.000Z
sensor.smarte_steckdose_tp01_signalpegel,2,2025-05-14T20:00:00.000Z
sensor.smarte_steckdose_tp01_signalpegel,1.9847398955555555,2025-05-15T15:00:00.000Z
sensor.smarte_steckdose_tp01_signalpegel,2,2025-05-15T16:00:00.000Z
sensor.smarte_steckdose_tp01_signalpegel,2,2025-05-15T17:00:00.000Z
sensor.smarte_steckdose_tp01_signalpegel,1.988784913888889,2025-05-17T12:00:00.000Z
sensor.smarte_steckdose_tp01_signalpegel,2,2025-05-17T13:00:00.000Z
sensor.smarte_steckdose_tp01_signalpegel,2,2025-05-17T14:00:00.000Z
sensor.smarte_steckdose_tp01_signalpegel,1.714240426111111,2025-05-17T20:00:00.000Z
sensor.smarte_steckdose_tp01_signalpegel,1.9575448558333333,2025-05-17T21:00:00.000Z
sensor.smarte_steckdose_tp01_signalpegel,2,2025-05-17T22:00:00.000Z
sensor.smarte_steckdose_tp01_signalpegel,2,2025-05-17T23:00:00.000Z
sensor.smarte_steckdose_tp01_signalpegel,1.9972372763888888,2025-05-18T06:00:00.000Z
sensor.smarte_steckdose_tp01_signalpegel,2,2025-05-18T07:00:00.000Z
sensor.smarte_steckdose_tp01_signalpegel,2,2025-05-18T08:00:00.000Z
sensor.smarte_steckdose_tp01_signalpegel,1.9472025116666665,2025-05-18T14:00:00.000Z
sensor.smarte_steckdose_tp01_signalpegel,1.9708934613888889,2025-05-18T15:00:00.000Z
sensor.smarte_steckdose_tp01_signalpegel,2,2025-05-18T16:00:00.000Z
sensor.smarte_steckdose_tp01_signalpegel,2,2025-05-18T17:00:00.000Z
sensor.smarte_steckdose_tp01_signalpegel,1.9805468952777776,2025-05-19T14:00:00.000Z
sensor.smarte_steckdose_tp01_signalpegel,1.9499945088888888,2025-05-19T15:00:00.000Z
sensor.smarte_steckdose_tp01_signalpegel,1.6611111525,2025-05-19T16:00:00.000Z
sensor.smarte_steckdose_tp01_signalpegel,1.9387802469444446,2025-05-19T17:00:00.000Z
sensor.smarte_steckdose_tp01_signalpegel,1.9986131624999999,2025-05-19T18:00:00.000Z
sensor.smarte_steckdose_tp01_signalpegel,2,2025-05-19T19:00:00.000Z
sensor.smarte_steckdose_tp01_signalpegel,2,2025-05-19T20:00:00.000Z
sensor.smarte_steckdose_tp01_signalpegel,1.9472398850000001,2025-05-20T10:00:00.000Z
sensor.smarte_steckdose_tp01_signalpegel,1.9986105919444446,2025-05-20T11:00:00.000Z
sensor.smarte_steckdose_tp01_signalpegel,2,2025-05-20T12:00:00.000Z
sensor.smarte_steckdose_tp01_signalpegel,2,2025-05-20T13:00:00.000Z
sensor.smarte_steckdose_tp01_signalpegel,1.9903018202777778,2025-05-20T14:00:00.000Z
sensor.smarte_steckdose_tp01_signalpegel,1.9680572077777778,2025-05-20T15:00:00.000Z
sensor.smarte_steckdose_tp01_signalpegel,2,2025-05-20T16:00:00.000Z
sensor.smarte_steckdose_tp01_signalpegel,2,2025-05-20T17:00:00.000Z
sensor.smarte_steckdose_tp01_signalpegel,1.9986087705555555,2025-05-21T07:00:00.000Z
sensor.smarte_steckdose_tp01_signalpegel,2,2025-05-21T08:00:00.000Z
sensor.smarte_steckdose_tp01_signalpegel,2,2025-05-21T09:00:00.000Z
sensor.smarte_steckdose_tp01_signalpegel,1.9986107238888888,2025-05-23T07:00:00.000Z
sensor.smarte_steckdose_tp01_signalpegel,1.9944587575000001,2025-05-23T08:00:00.000Z
sensor.smarte_steckdose_tp01_signalpegel,2,2025-05-23T09:00:00.000Z
sensor.smarte_steckdose_tp01_signalpegel,2,2025-05-23T10:00:00.000Z
sensor.smarte_steckdose_tp01_signalpegel,1.9750003769444444,2025-05-23T14:00:00.000Z
sensor.smarte_steckdose_tp01_signalpegel,1.997224509722222,2025-05-23T15:00:00.000Z
sensor.smarte_steckdose_tp01_signalpegel,1.9611885105555558,2025-05-23T16:00:00.000Z
sensor.smarte_steckdose_tp01_signalpegel,2,2025-05-23T17:00:00.000Z
sensor.smarte_steckdose_tp01_signalpegel,2,2025-05-23T18:00:00.000Z
sensor.smarte_steckdose_tp01_signalpegel,1.995836126388889,2025-05-24T07:00:00.000Z
sensor.smarte_steckdose_tp01_signalpegel,1.987491798888889,2025-05-24T08:00:00.000Z
sensor.smarte_steckdose_tp01_signalpegel,1.9916172919444444,2025-05-24T09:00:00.000Z
sensor.smarte_steckdose_tp01_signalpegel,1.9986240480555555,2025-05-24T10:00:00.000Z
sensor.smarte_steckdose_tp01_signalpegel,1.979156585,2025-05-24T11:00:00.000Z
sensor.smarte_steckdose_tp01_signalpegel,2,2025-05-24T12:00:00.000Z
sensor.smarte_steckdose_tp01_signalpegel,2,2025-05-24T13:00:00.000Z
sensor.smarte_steckdose_tp01_signalpegel,1.9944483230555556,2025-05-24T15:00:00.000Z
sensor.smarte_steckdose_tp01_signalpegel,2,2025-05-24T16:00:00.000Z
sensor.smarte_steckdose_tp01_signalpegel,2,2025-05-24T17:00:00.000Z
sensor.smarte_steckdose_tp01_signalpegel,1.2961378225,2025-05-25T19:00:00.000Z
sensor.smarte_steckdose_tp01_signalpegel,1,2025-05-25T20:00:00.000Z
sensor.smarte_steckdose_tp01_signalpegel,1.7374129663888889,2025-05-25T21:00:00.000Z
sensor.smarte_steckdose_tp01_signalpegel,1.7182903619444445,2025-05-25T22:00:00.000Z
sensor.smarte_steckdose_tp01_signalpegel,1.8667268352777777,2025-05-25T23:00:00.000Z
sensor.smarte_steckdose_tp01_signalpegel,2,2025-05-26T00:00:00.000Z
sensor.smarte_steckdose_tp01_signalpegel,1.9986115680555556,2025-05-26T01:00:00.000Z
sensor.smarte_steckdose_tp01_signalpegel,2,2025-05-26T02:00:00.000Z
sensor.smarte_steckdose_tp01_signalpegel,2,2025-05-26T03:00:00.000Z
sensor.smarte_steckdose_tp01_signalpegel,1.9833373280555555,2025-05-26T06:00:00.000Z
sensor.smarte_steckdose_tp01_signalpegel,1.9140462569444443,2025-05-26T07:00:00.000Z
sensor.smarte_steckdose_tp01_signalpegel,1.9535836163888887,2025-05-26T08:00:00.000Z
sensor.smarte_steckdose_tp01_signalpegel,1.3713634355555555,2025-05-26T09:00:00.000Z
sensor.smarte_steckdose_tp01_signalpegel,1.03889415,2025-05-26T10:00:00.000Z
sensor.smarte_steckdose_tp01_signalpegel,1.5572319644444443,2025-05-26T11:00:00.000Z
sensor.smarte_steckdose_tp01_signalpegel,1.17524893,2025-05-26T12:00:00.000Z
sensor.smarte_steckdose_tp01_signalpegel,1.972219847222222,2025-05-26T13:00:00.000Z
sensor.smarte_steckdose_tp01_signalpegel,1.2844505375,2025-05-26T14:00:00.000Z
sensor.smarte_steckdose_tp01_signalpegel,1.5800585744444444,2025-05-26T15:00:00.000Z
sensor.smarte_steckdose_tp01_signalpegel,1.3610520305555556,2025-05-26T16:00:00.000Z
sensor.smarte_steckdose_tp01_signalpegel,1.9097510891666667,2025-05-26T17:00:00.000Z
sensor.smarte_steckdose_tp01_signalpegel,1.123851281388889,2025-05-26T18:00:00.000Z
sensor.smarte_steckdose_tp01_signalpegel,1.014454976111111,2025-05-26T19:00:00.000Z
sensor.smarte_steckdose_tp01_signalpegel,1.1991549338888887,2025-05-26T20:00:00.000Z
sensor.smarte_steckdose_tp01_signalpegel,1.9958360869444445,2025-05-26T21:00:00.000Z
sensor.smarte_steckdose_tp01_signalpegel,1.8777908366666667,2025-05-26T22:00:00.000Z
sensor.smarte_steckdose_tp01_signalpegel,1.9986116744444444,2025-05-26T23:00:00.000Z
sensor.smarte_steckdose_tp01_signalpegel,1.9986114194444446,2025-05-27T00:00:00.000Z
sensor.smarte_steckdose_tp01_signalpegel,2,2025-05-27T01:00:00.000Z
sensor.smarte_steckdose_tp01_signalpegel,1.9986082152777778,2025-05-27T02:00:00.000Z
sensor.smarte_steckdose_tp01_signalpegel,1.9119629802777778,2025-05-27T03:00:00.000Z
sensor.smarte_steckdose_tp01_signalpegel,1.4027782625,2025-05-27T04:00:00.000Z
sensor.smarte_steckdose_tp01_signalpegel,1.105556288888889,2025-05-27T05:00:00.000Z
sensor.smarte_steckdose_tp01_signalpegel,1.4544046972222222,2025-05-27T06:00:00.000Z
sensor.smarte_steckdose_tp01_signalpegel,1.9194463675,2025-05-27T07:00:00.000Z
sensor.smarte_steckdose_tp01_signalpegel,1.9916669994444443,2025-05-27T08:00:00.000Z
sensor.smarte_steckdose_tp01_signalpegel,1.6791668258333334,2025-05-27T09:00:00.000Z
sensor.smarte_steckdose_tp01_signalpegel,1.3506107916666668,2025-05-27T10:00:00.000Z
sensor.smarte_steckdose_tp01_signalpegel,1.2722631711111112,2025-05-27T11:00:00.000Z
sensor.smarte_steckdose_tp01_signalpegel,1.735232050277778,2025-05-27T12:00:00.000Z
sensor.smarte_steckdose_tp01_signalpegel,1.877788512222222,2025-05-27T13:00:00.000Z
sensor.smarte_steckdose_tp01_signalpegel,1.7680436216666668,2025-05-27T14:00:00.000Z
sensor.smarte_steckdose_tp01_signalpegel,1.880396061111111,2025-05-27T15:00:00.000Z
sensor.smarte_steckdose_tp01_signalpegel,1.819384924722222,2025-05-27T16:00:00.000Z
sensor.smarte_steckdose_tp01_signalpegel,1.9705174622222223,2025-05-27T17:00:00.000Z
sensor.smarte_steckdose_tp01_signalpegel,1.5581645983333334,2025-05-27T18:00:00.000Z
sensor.smarte_steckdose_tp01_signalpegel,1.8927672305555554,2025-05-27T19:00:00.000Z
sensor.smarte_steckdose_tp01_signalpegel,1.969423751111111,2025-05-27T20:00:00.000Z
sensor.smarte_steckdose_tp01_signalpegel,1.8266818255555555,2025-05-27T21:00:00.000Z
sensor.smarte_steckdose_tp01_signalpegel,1.994444866388889,2025-05-27T22:00:00.000Z
sensor.smarte_steckdose_tp01_signalpegel,2,2025-05-27T23:00:00.000Z
sensor.smarte_steckdose_tp01_signalpegel,2,2025-05-28T00:00:00.000Z
sensor.smarte_steckdose_tp01_signalpegel,1.9986112036111112,2025-05-28T06:00:00.000Z
sensor.smarte_steckdose_tp01_signalpegel,1.9736063355555558,2025-05-28T07:00:00.000Z
sensor.smarte_steckdose_tp01_signalpegel,2,2025-05-28T08:00:00.000Z
sensor.smarte_steckdose_tp01_signalpegel,1.993047447777778,2025-05-28T09:00:00.000Z
sensor.smarte_steckdose_tp01_signalpegel,2,2025-05-28T10:00:00.000Z
sensor.smarte_steckdose_tp01_signalpegel,1.9763796672222222,2025-05-28T11:00:00.000Z
sensor.smarte_steckdose_tp01_signalpegel,2,2025-05-28T12:00:00.000Z
sensor.smarte_steckdose_tp01_signalpegel,1.9944461102777777,2025-05-28T13:00:00.000Z
sensor.smarte_steckdose_tp01_signalpegel,2,2025-05-28T14:00:00.000Z
sensor.smarte_steckdose_tp01_signalpegel,2,2025-05-28T15:00:00.000Z
sensor.smarte_steckdose_tp01_signalpegel,1.8917212877777778,2025-05-28T17:00:00.000Z
sensor.smarte_steckdose_tp01_signalpegel,1.994456345,2025-05-28T18:00:00.000Z
sensor.smarte_steckdose_tp01_signalpegel,1.2424784924999999,2025-05-28T19:00:00.000Z
sensor.smarte_steckdose_tp01_signalpegel,1.4519335713888888,2025-05-28T20:00:00.000Z
sensor.smarte_steckdose_tp01_signalpegel,1.7611342105555556,2025-05-28T21:00:00.000Z
sensor.smarte_steckdose_tp01_signalpegel,1.988884331388889,2025-05-28T22:00:00.000Z
sensor.smarte_steckdose_tp01_signalpegel,1.9986120477777778,2025-05-28T23:00:00.000Z
sensor.smarte_steckdose_tp01_signalpegel,1.9902877949999997,2025-05-29T00:00:00.000Z
sensor.smarte_steckdose_tp01_signalpegel,1.9972193116666668,2025-05-29T01:00:00.000Z
sensor.smarte_steckdose_tp01_signalpegel,2,2025-05-29T02:00:00.000Z
sensor.smarte_steckdose_tp01_signalpegel,2,2025-05-29T03:00:00.000Z
sensor.smarte_steckdose_tp01_signalpegel,1.8930520272222224,2025-05-29T05:00:00.000Z
sensor.smarte_steckdose_tp01_signalpegel,1.9694485266666666,2025-05-29T06:00:00.000Z
sensor.smarte_steckdose_tp01_signalpegel,1.862512228611111,2025-05-29T07:00:00.000Z
sensor.smarte_steckdose_tp01_signalpegel,1.8822808627777778,2025-05-29T08:00:00.000Z
sensor.smarte_steckdose_tp01_signalpegel,1.8791670352777778,2025-05-29T09:00:00.000Z
sensor.smarte_steckdose_tp01_signalpegel,1.8552293933333333,2025-05-29T10:00:00.000Z
sensor.smarte_steckdose_tp01_signalpegel,1.6618012475,2025-05-29T11:00:00.000Z
sensor.smarte_steckdose_tp01_signalpegel,1.7688161030555556,2025-05-29T12:00:00.000Z
sensor.smarte_steckdose_tp01_signalpegel,1.0519486697222222,2025-05-29T13:00:00.000Z
sensor.smarte_steckdose_tp01_signalpegel,1.0125363983333333,2025-05-29T14:00:00.000Z
sensor.smarte_steckdose_tp01_signalpegel,1.0791954652777778,2025-05-29T15:00:00.000Z
sensor.smarte_steckdose_tp01_signalpegel,1.2375130952777778,2025-05-29T16:00:00.000Z
sensor.smarte_steckdose_tp01_signalpegel,1.0041713766666667,2025-05-29T17:00:00.000Z
sensor.smarte_steckdose_tp01_signalpegel,1,2025-05-29T18:00:00.000Z
sensor.smarte_steckdose_tp01_signalpegel,1.0083372527777776,2025-05-29T19:00:00.000Z
sensor.smarte_steckdose_tp01_signalpegel,1.1443692252777777,2025-05-29T20:00:00.000Z
sensor.smarte_steckdose_tp01_signalpegel,1.1767701555555556,2025-05-29T21:00:00.000Z
sensor.smarte_steckdose_tp01_signalpegel,1.5116003508333333,2025-05-29T22:00:00.000Z
sensor.smarte_steckdose_tp01_signalpegel,1.763647146388889,2025-05-29T23:00:00.000Z
sensor.smarte_steckdose_tp01_signalpegel,1.9205018652777779,2025-05-30T00:00:00.000Z
sensor.smarte_steckdose_tp01_signalpegel,1.8763923327777778,2025-05-30T01:00:00.000Z
sensor.smarte_steckdose_tp01_signalpegel,1.9152886319444444,2025-05-30T02:00:00.000Z
sensor.smarte_steckdose_tp01_signalpegel,1.8622551252777777,2025-05-30T03:00:00.000Z
sensor.smarte_steckdose_tp01_signalpegel,1.6889069044444442,2025-05-30T04:00:00.000Z
sensor.smarte_steckdose_tp01_signalpegel,1.1944500825,2025-05-30T05:00:00.000Z
sensor.smarte_steckdose_tp01_signalpegel,1.0013882519444444,2025-05-30T06:00:00.000Z
sensor.smarte_steckdose_tp01_signalpegel,1.0097227430555555,2025-05-30T07:00:00.000Z
sensor.smarte_steckdose_tp01_signalpegel,1.3630354819444443,2025-05-30T08:00:00.000Z
sensor.smarte_steckdose_tp01_signalpegel,1.0222262894444445,2025-05-30T09:00:00.000Z
sensor.smarte_steckdose_tp01_signalpegel,1.067026571111111,2025-05-30T10:00:00.000Z
sensor.smarte_steckdose_tp01_signalpegel,1.2666940694444444,2025-05-30T11:00:00.000Z
sensor.smarte_steckdose_tp01_signalpegel,1.259993188611111,2025-05-30T12:00:00.000Z
sensor.smarte_steckdose_tp01_signalpegel,1.6404787158333332,2025-05-30T13:00:00.000Z
sensor.smarte_steckdose_tp01_signalpegel,1.0026767747222223,2025-05-30T14:00:00.000Z
sensor.smarte_steckdose_tp01_signalpegel,1,2025-05-30T15:00:00.000Z
sensor.smarte_steckdose_tp01_signalpegel,1.0013806130555556,2025-05-30T16:00:00.000Z
sensor.smarte_steckdose_tp01_signalpegel,1,2025-05-30T17:00:00.000Z
sensor.smarte_steckdose_tp01_signalpegel,1,2025-05-30T18:00:00.000Z
sensor.smarte_steckdose_tp01_signalpegel,1.0833260933333333,2025-05-30T21:00:00.000Z
sensor.smarte_steckdose_tp01_signalpegel,1,2025-05-30T22:00:00.000Z
sensor.smarte_steckdose_tp01_signalpegel,1,2025-05-30T23:00:00.000Z
sensor.smarte_steckdose_tp01_signalpegel,1.0055501394444446,2025-05-31T04:00:00.000Z
sensor.smarte_steckdose_tp01_signalpegel,1,2025-05-31T05:00:00.000Z
sensor.smarte_steckdose_tp01_signalpegel,1.0999130005555555,2025-05-31T06:00:00.000Z
sensor.smarte_steckdose_tp01_signalpegel,1.899124421388889,2025-05-31T07:00:00.000Z
sensor.smarte_steckdose_tp01_signalpegel,1.9958330386111112,2025-05-31T08:00:00.000Z
sensor.smarte_steckdose_tp01_signalpegel,2,2025-05-31T09:00:00.000Z
sensor.smarte_steckdose_tp01_signalpegel,2,2025-05-31T10:00:00.000Z
sensor.smarte_steckdose_tp01_signalpegel,1.468421014722222,2025-05-31T14:00:00.000Z
sensor.smarte_steckdose_tp01_signalpegel,1.077782682222222,2025-05-31T15:00:00.000Z
sensor.smarte_steckdose_tp01_signalpegel,1.4463873058333334,2025-05-31T16:00:00.000Z
sensor.smarte_steckdose_tp01_signalpegel,1.9972219716666668,2025-05-31T17:00:00.000Z
sensor.smarte_steckdose_tp01_signalpegel,1.9430671552777776,2025-05-31T18:00:00.000Z
sensor.smarte_steckdose_tp01_signalpegel,1.7117831880555556,2025-05-31T19:00:00.000Z
sensor.smarte_steckdose_tp01_signalpegel,1.2136608369444444,2025-05-31T20:00:00.000Z
sensor.smarte_steckdose_tp01_signalpegel,1,2025-05-31T21:00:00.000Z
sensor.smarte_steckdose_tp01_signalpegel,1,2025-05-31T22:00:00.000Z
sensor.smarte_steckdose_tp01_signalpegel,1.0188522169444445,2025-06-01T04:00:00.000Z
sensor.smarte_steckdose_tp01_signalpegel,1.9333476058333332,2025-06-01T05:00:00.000Z
sensor.smarte_steckdose_tp01_signalpegel,1.8180161955555556,2025-06-01T06:00:00.000Z
sensor.smarte_steckdose_tp01_signalpegel,1.8014057344444445,2025-06-01T07:00:00.000Z
sensor.smarte_steckdose_tp01_signalpegel,1.8000163402777778,2025-06-01T08:00:00.000Z
sensor.smarte_steckdose_tp01_signalpegel,1.987610856111111,2025-06-01T09:00:00.000Z
sensor.smarte_steckdose_tp01_signalpegel,1.9736057444444446,2025-06-01T10:00:00.000Z
sensor.smarte_steckdose_tp01_signalpegel,1.8180919380555556,2025-06-01T11:00:00.000Z
sensor.smarte_steckdose_tp01_signalpegel,1.8320255063888888,2025-06-01T12:00:00.000Z
sensor.smarte_steckdose_tp01_signalpegel,1.9626086683333333,2025-06-01T13:00:00.000Z
sensor.smarte_steckdose_tp01_signalpegel,1.99583424,2025-06-01T14:00:00.000Z
sensor.smarte_steckdose_tp01_signalpegel,2,2025-06-01T15:00:00.000Z
sensor.smarte_steckdose_tp01_signalpegel,2,2025-06-01T16:00:00.000Z
sensor.smarte_steckdose_tp01_signalpegel,1.994443977222222,2025-06-01T18:00:00.000Z
sensor.smarte_steckdose_tp01_signalpegel,2,2025-06-01T19:00:00.000Z
sensor.smarte_steckdose_tp01_signalpegel,1.9889126247222222,2025-06-01T20:00:00.000Z
sensor.smarte_steckdose_tp01_signalpegel,2,2025-06-01T21:00:00.000Z
sensor.smarte_steckdose_tp01_signalpegel,2,2025-06-01T22:00:00.000Z
sensor.smarte_steckdose_tp01_signalpegel,1.637502873611111,2025-06-03T08:00:00.000Z
sensor.smarte_steckdose_tp01_signalpegel,1.9930590547222222,2025-06-03T09:00:00.000Z
sensor.smarte_steckdose_tp01_signalpegel,2,2025-06-03T10:00:00.000Z
sensor.smarte_steckdose_tp01_signalpegel,1.997229929722222,2025-06-03T11:00:00.000Z
sensor.smarte_steckdose_tp01_signalpegel,2,2025-06-03T12:00:00.000Z
sensor.smarte_steckdose_tp01_signalpegel,2,2025-06-03T13:00:00.000Z
sensor.smarte_steckdose_tp01_signalpegel,1.9986127724999998,2025-06-03T19:00:00.000Z
sensor.smarte_steckdose_tp01_signalpegel,2,2025-06-03T20:00:00.000Z
sensor.smarte_steckdose_tp01_signalpegel,2,2025-06-03T21:00:00.000Z
sensor.smarte_steckdose_tp01_signalpegel,1.9861209625,2025-06-04T00:00:00.000Z
sensor.smarte_steckdose_tp01_signalpegel,1.9958350166666667,2025-06-04T01:00:00.000Z
sensor.smarte_steckdose_tp01_signalpegel,2,2025-06-04T02:00:00.000Z
sensor.smarte_steckdose_tp01_signalpegel,1.9986089188888887,2025-06-04T03:00:00.000Z
sensor.smarte_steckdose_tp01_signalpegel,1.9986107897222223,2025-06-04T04:00:00.000Z
sensor.smarte_steckdose_tp01_signalpegel,2,2025-06-04T05:00:00.000Z
sensor.smarte_steckdose_tp01_signalpegel,2,2025-06-04T06:00:00.000Z
sensor.smarte_steckdose_tp01_signalpegel,1.9843968322222223,2025-06-04T22:00:00.000Z
sensor.smarte_steckdose_tp01_signalpegel,1.9833358997222224,2025-06-04T23:00:00.000Z
sensor.smarte_steckdose_tp01_signalpegel,1.9888752625,2025-06-05T00:00:00.000Z
sensor.smarte_steckdose_tp01_signalpegel,2,2025-06-05T01:00:00.000Z
sensor.smarte_steckdose_tp01_signalpegel,1.9986112733333332,2025-06-05T02:00:00.000Z
sensor.smarte_steckdose_tp01_signalpegel,2,2025-06-05T03:00:00.000Z
sensor.smarte_steckdose_tp01_signalpegel,1.998608466388889,2025-06-05T04:00:00.000Z
sensor.smarte_steckdose_tp01_signalpegel,2,2025-06-05T05:00:00.000Z
sensor.smarte_steckdose_tp01_signalpegel,2,2025-06-05T06:00:00.000Z
sensor.smarte_steckdose_tp01_signalpegel,1.7978102052777778,2025-06-05T11:00:00.000Z
sensor.smarte_steckdose_tp01_signalpegel,1.8952359519444444,2025-06-05T12:00:00.000Z
sensor.smarte_steckdose_tp01_signalpegel,1.9944434697222222,2025-06-05T13:00:00.000Z
sensor.smarte_steckdose_tp01_signalpegel,1.988397213611111,2025-06-05T14:00:00.000Z
sensor.smarte_steckdose_tp01_signalpegel,2,2025-06-05T15:00:00.000Z
sensor.smarte_steckdose_tp01_signalpegel,1.9944490869444442,2025-06-05T16:00:00.000Z
sensor.smarte_steckdose_tp01_signalpegel,1.9514191600000002,2025-06-05T17:00:00.000Z
sensor.smarte_steckdose_tp01_signalpegel,1.9987117069444444,2025-06-05T18:00:00.000Z
sensor.smarte_steckdose_tp01_signalpegel,2,2025-06-05T19:00:00.000Z
sensor.smarte_steckdose_tp01_signalpegel,2,2025-06-05T20:00:00.000Z
sensor.smarte_steckdose_tp01_signalpegel,1.9861076958333335,2025-06-05T21:00:00.000Z
sensor.smarte_steckdose_tp01_signalpegel,1.9249667041666667,2025-06-05T22:00:00.000Z
sensor.smarte_steckdose_tp01_signalpegel,1.7969763522222222,2025-06-05T23:00:00.000Z
sensor.smarte_steckdose_tp01_signalpegel,1.4642512222222221,2025-06-06T00:00:00.000Z
sensor.smarte_steckdose_tp01_signalpegel,1.8715513824999999,2025-06-06T01:00:00.000Z
sensor.smarte_steckdose_tp01_signalpegel,1.9958324302777777,2025-06-06T02:00:00.000Z
sensor.smarte_steckdose_tp01_signalpegel,2,2025-06-06T03:00:00.000Z
sensor.smarte_steckdose_tp01_signalpegel,1.9986104730555556,2025-06-06T04:00:00.000Z
sensor.smarte_steckdose_tp01_signalpegel,1.9813969194444443,2025-06-06T05:00:00.000Z
sensor.smarte_steckdose_tp01_signalpegel,1.979685031388889,2025-06-06T06:00:00.000Z
sensor.smarte_steckdose_tp01_signalpegel,2,2025-06-06T07:00:00.000Z
sensor.smarte_steckdose_tp01_signalpegel,2,2025-06-06T08:00:00.000Z
sensor.smarte_steckdose_tp01_signalpegel,1.9653201216666665,2025-06-06T11:00:00.000Z
sensor.smarte_steckdose_tp01_signalpegel,1.9514180791666667,2025-06-06T12:00:00.000Z
sensor.smarte_steckdose_tp01_signalpegel,2,2025-06-06T13:00:00.000Z
sensor.smarte_steckdose_tp01_signalpegel,1.9916699733333332,2025-06-06T14:00:00.000Z
sensor.smarte_steckdose_tp01_signalpegel,1.9916533,2025-06-06T15:00:00.000Z
sensor.smarte_steckdose_tp01_signalpegel,2,2025-06-06T16:00:00.000Z
sensor.smarte_steckdose_tp01_signalpegel,2,2025-06-06T17:00:00.000Z
sensor.smarte_steckdose_tp01_signalpegel,1.8444528944444443,2025-06-07T09:00:00.000Z
sensor.smarte_steckdose_tp01_signalpegel,1.9611237408333333,2025-06-07T10:00:00.000Z
sensor.smarte_steckdose_tp01_signalpegel,1.979178176111111,2025-06-07T11:00:00.000Z
sensor.smarte_steckdose_tp01_signalpegel,1.8817039819444445,2025-06-07T12:00:00.000Z
sensor.smarte_steckdose_tp01_signalpegel,1.9557974977777777,2025-06-07T13:00:00.000Z
sensor.smarte_steckdose_tp01_signalpegel,1.9875058347222223,2025-06-07T14:00:00.000Z
sensor.smarte_steckdose_tp01_signalpegel,1.9694547875000001,2025-06-07T15:00:00.000Z
sensor.smarte_steckdose_tp01_signalpegel,1.9445056625,2025-06-07T16:00:00.000Z
sensor.smarte_steckdose_tp01_signalpegel,2,2025-06-07T17:00:00.000Z
sensor.smarte_steckdose_tp01_signalpegel,2,2025-06-07T18:00:00.000Z
sensor.smarte_steckdose_tp01_signalpegel,1.984861231388889,2025-06-08T13:00:00.000Z
sensor.smarte_steckdose_tp01_signalpegel,1.9747080855555554,2025-06-08T14:00:00.000Z
sensor.smarte_steckdose_tp01_signalpegel,1.936215616388889,2025-06-08T15:00:00.000Z
sensor.smarte_steckdose_tp01_signalpegel,1.768293098888889,2025-06-08T16:00:00.000Z
sensor.smarte_steckdose_tp01_signalpegel,1.4049971766666667,2025-06-08T17:00:00.000Z
sensor.smarte_steckdose_tp01_signalpegel,1.900041721388889,2025-06-08T18:00:00.000Z
sensor.smarte_steckdose_tp01_signalpegel,1.5911649080555554,2025-06-08T19:00:00.000Z
sensor.smarte_steckdose_tp01_signalpegel,1.7225573972222221,2025-06-08T20:00:00.000Z
sensor.smarte_steckdose_tp01_signalpegel,1.9638873177777778,2025-06-08T21:00:00.000Z
sensor.smarte_steckdose_tp01_signalpegel,2,2025-06-08T22:00:00.000Z
sensor.smarte_steckdose_tp01_signalpegel,2,2025-06-08T23:00:00.000Z
sensor.smarte_steckdose_tp01_signalpegel,1.906115932222222,2025-06-09T07:00:00.000Z
sensor.smarte_steckdose_tp01_signalpegel,1.6514522911111111,2025-06-09T08:00:00.000Z
sensor.smarte_steckdose_tp01_signalpegel,2,2025-06-09T09:00:00.000Z
sensor.smarte_steckdose_tp01_signalpegel,1.987225348611111,2025-06-09T10:00:00.000Z
sensor.smarte_steckdose_tp01_signalpegel,1.988915611388889,2025-06-09T11:00:00.000Z
sensor.smarte_steckdose_tp01_signalpegel,1.8603329252777778,2025-06-09T12:00:00.000Z
sensor.smarte_steckdose_tp01_signalpegel,1.8869108080555554,2025-06-09T13:00:00.000Z
sensor.smarte_steckdose_tp01_signalpegel,1.8819704622222222,2025-06-09T14:00:00.000Z
sensor.smarte_steckdose_tp01_signalpegel,1.9680591541666665,2025-06-09T15:00:00.000Z
sensor.smarte_steckdose_tp01_signalpegel,1.9042190650000002,2025-06-09T16:00:00.000Z
sensor.smarte_steckdose_tp01_signalpegel,1.9027892063888887,2025-06-09T17:00:00.000Z
sensor.smarte_steckdose_tp01_signalpegel,1.8181687619444444,2025-06-09T18:00:00.000Z
sensor.smarte_steckdose_tp01_signalpegel,1.20355068,2025-06-09T19:00:00.000Z
sensor.smarte_steckdose_tp01_signalpegel,1.493273906111111,2025-06-09T20:00:00.000Z
sensor.smarte_steckdose_tp01_signalpegel,1.4203205427777776,2025-06-09T21:00:00.000Z
sensor.smarte_steckdose_tp01_signalpegel,1.5599490294444445,2025-06-09T22:00:00.000Z
sensor.smarte_steckdose_tp01_signalpegel,1.2208496047222221,2025-06-09T23:00:00.000Z
sensor.smarte_steckdose_tp01_signalpegel,1.00555689,2025-06-10T00:00:00.000Z
sensor.smarte_steckdose_tp01_signalpegel,1.4224988583333333,2025-06-10T01:00:00.000Z
sensor.smarte_steckdose_tp01_signalpegel,1.339415167777778,2025-06-10T02:00:00.000Z
sensor.smarte_steckdose_tp01_signalpegel,1.3730787391666668,2025-06-10T03:00:00.000Z
sensor.smarte_steckdose_tp01_signalpegel,1.1750080666666667,2025-06-10T04:00:00.000Z
sensor.smarte_steckdose_tp01_signalpegel,1.1319539405555556,2025-06-10T05:00:00.000Z
sensor.smarte_steckdose_tp01_signalpegel,1.6113814316666666,2025-06-10T06:00:00.000Z
sensor.smarte_steckdose_tp01_signalpegel,1.5546827005555555,2025-06-10T07:00:00.000Z
sensor.smarte_steckdose_tp01_signalpegel,1.8422235352777776,2025-06-10T08:00:00.000Z
sensor.smarte_steckdose_tp01_signalpegel,1.5613933252777779,2025-06-10T09:00:00.000Z
sensor.smarte_steckdose_tp01_signalpegel,1.9611242202777779,2025-06-10T10:00:00.000Z
sensor.smarte_steckdose_tp01_signalpegel,1.3929988975,2025-06-10T11:00:00.000Z
sensor.smarte_steckdose_tp01_signalpegel,1.9738933080555556,2025-06-10T12:00:00.000Z
sensor.smarte_steckdose_tp01_signalpegel,2,2025-06-10T13:00:00.000Z
sensor.smarte_steckdose_tp01_signalpegel,2,2025-06-10T14:00:00.000Z
sensor.smarte_steckdose_tp01_signalpegel,1.8907472927777775,2025-06-14T12:00:00.000Z
sensor.smarte_steckdose_tp01_signalpegel,1.9805558636111111,2025-06-14T13:00:00.000Z
sensor.smarte_steckdose_tp01_signalpegel,1.7597580644444444,2025-06-14T14:00:00.000Z
sensor.smarte_steckdose_tp01_signalpegel,1.6767074466666667,2025-06-14T15:00:00.000Z
sensor.smarte_steckdose_tp01_signalpegel,1.0013886847222222,2025-06-14T16:00:00.000Z
sensor.smarte_steckdose_tp01_signalpegel,1,2025-06-14T17:00:00.000Z
sensor.smarte_steckdose_tp01_signalpegel,1,2025-06-14T18:00:00.000Z
sensor.smarte_steckdose_tp01_signalpegel,1.022219776388889,2025-06-14T21:00:00.000Z
sensor.smarte_steckdose_tp01_signalpegel,1.0319581591666667,2025-06-14T22:00:00.000Z
sensor.smarte_steckdose_tp01_signalpegel,1,2025-06-14T23:00:00.000Z
sensor.smarte_steckdose_tp01_signalpegel,1,2025-06-15T00:00:00.000Z
sensor.smarte_steckdose_tp01_signalpegel,1.0394247936111112,2025-06-15T12:00:00.000Z
sensor.smarte_steckdose_tp01_signalpegel,1.9552765808333332,2025-06-15T13:00:00.000Z
sensor.smarte_steckdose_tp01_signalpegel,1.1387365405555554,2025-06-15T14:00:00.000Z
sensor.smarte_steckdose_tp01_signalpegel,1,2025-06-15T15:00:00.000Z
sensor.smarte_steckdose_tp01_signalpegel,1,2025-06-15T16:00:00.000Z
sensor.smarte_steckdose_tp01_signalpegel,1.0097219758333333,2025-06-15T17:00:00.000Z
sensor.smarte_steckdose_tp01_signalpegel,1,2025-06-15T18:00:00.000Z
sensor.smarte_steckdose_tp01_signalpegel,1,2025-06-15T19:00:00.000Z
sensor.smarte_steckdose_tp01_signalpegel,1.0013905433333334,2025-06-15T21:00:00.000Z
sensor.smarte_steckdose_tp01_signalpegel,1,2025-06-15T22:00:00.000Z
sensor.smarte_steckdose_tp01_signalpegel,1,2025-06-15T23:00:00.000Z
sensor.smarte_steckdose_tp01_signalpegel,1.2083445744444445,2025-06-16T05:00:00.000Z
sensor.smarte_steckdose_tp01_signalpegel,1.3061209472222222,2025-06-16T06:00:00.000Z
sensor.smarte_steckdose_tp01_signalpegel,1.465362918888889,2025-06-16T07:00:00.000Z
sensor.smarte_steckdose_tp01_signalpegel,1.1930047663888887,2025-06-16T08:00:00.000Z
sensor.smarte_steckdose_tp01_signalpegel,1.1194491702777778,2025-06-16T09:00:00.000Z
sensor.smarte_steckdose_tp01_signalpegel,1,2025-06-16T10:00:00.000Z
sensor.smarte_steckdose_tp01_signalpegel,1.130558366388889,2025-06-16T11:00:00.000Z
sensor.smarte_steckdose_tp01_signalpegel,1.1804838,2025-06-16T12:00:00.000Z
sensor.smarte_steckdose_tp01_signalpegel,1.6433239347222222,2025-06-16T13:00:00.000Z
sensor.smarte_steckdose_tp01_signalpegel,1.1667157958333334,2025-06-16T14:00:00.000Z
sensor.smarte_steckdose_tp01_signalpegel,1.1736225777777778,2025-06-16T15:00:00.000Z
sensor.smarte_steckdose_tp01_signalpegel,1.0166917588888889,2025-06-16T16:00:00.000Z
sensor.smarte_steckdose_tp01_signalpegel,1.2027782633333333,2025-06-16T17:00:00.000Z
sensor.smarte_steckdose_tp01_signalpegel,1.2184307480555556,2025-06-16T18:00:00.000Z
sensor.smarte_steckdose_tp01_signalpegel,1.5410164802777777,2025-06-16T19:00:00.000Z
sensor.smarte_steckdose_tp01_signalpegel,1.0915962030555557,2025-06-16T20:00:00.000Z
sensor.smarte_steckdose_tp01_signalpegel,1.8239468019444445,2025-06-16T21:00:00.000Z
sensor.smarte_steckdose_tp01_signalpegel,1.1000085555555554,2025-06-16T22:00:00.000Z
sensor.smarte_steckdose_tp01_signalpegel,1.0013885627777779,2025-06-16T23:00:00.000Z
sensor.smarte_steckdose_tp01_signalpegel,1,2025-06-17T00:00:00.000Z
sensor.smarte_steckdose_tp01_signalpegel,1.0027765905555557,2025-06-17T01:00:00.000Z
sensor.smarte_steckdose_tp01_signalpegel,1.0055574080555556,2025-06-17T02:00:00.000Z
sensor.smarte_steckdose_tp01_signalpegel,1,2025-06-17T03:00:00.000Z
sensor.smarte_steckdose_tp01_signalpegel,1,2025-06-17T04:00:00.000Z
sensor.smarte_steckdose_tp01_signalpegel,1.0027760127777778,2025-06-17T05:00:00.000Z
sensor.smarte_steckdose_tp01_signalpegel,1,2025-06-17T06:00:00.000Z
sensor.smarte_steckdose_tp01_signalpegel,1.0013872275,2025-06-17T07:00:00.000Z
sensor.smarte_steckdose_tp01_signalpegel,1,2025-06-17T08:00:00.000Z
sensor.smarte_steckdose_tp01_signalpegel,1,2025-06-17T09:00:00.000Z
sensor.smarte_steckdose_tp01_signalpegel,1.0111072477777778,2025-06-17T10:00:00.000Z
sensor.smarte_steckdose_tp01_signalpegel,1.0027767097222222,2025-06-17T11:00:00.000Z
sensor.smarte_steckdose_tp01_signalpegel,1.0041654922222223,2025-06-17T12:00:00.000Z
sensor.smarte_steckdose_tp01_signalpegel,1.0069467738888889,2025-06-17T13:00:00.000Z
sensor.smarte_steckdose_tp01_signalpegel,1,2025-06-17T14:00:00.000Z
sensor.smarte_steckdose_tp01_signalpegel,1.0013852922222222,2025-06-17T15:00:00.000Z
sensor.smarte_steckdose_tp01_signalpegel,1.0680839272222222,2025-06-17T16:00:00.000Z
sensor.smarte_steckdose_tp01_signalpegel,1.0653151858333334,2025-06-17T17:00:00.000Z
sensor.smarte_steckdose_tp01_signalpegel,1.0152823330555556,2025-06-17T18:00:00.000Z
sensor.smarte_steckdose_tp01_signalpegel,1.0013898502777778,2025-06-17T19:00:00.000Z
sensor.smarte_steckdose_tp01_signalpegel,1.2986027869444443,2025-06-17T20:00:00.000Z
sensor.smarte_steckdose_tp01_signalpegel,1.2430814438888889,2025-06-17T21:00:00.000Z
sensor.smarte_steckdose_tp01_signalpegel,1.1444479477777778,2025-06-17T22:00:00.000Z
sensor.smarte_steckdose_tp01_signalpegel,1.0291665019444445,2025-06-17T23:00:00.000Z
sensor.smarte_steckdose_tp01_signalpegel,1.0375061452777778,2025-06-18T00:00:00.000Z
sensor.smarte_steckdose_tp01_signalpegel,1,2025-06-18T01:00:00.000Z
sensor.smarte_steckdose_tp01_signalpegel,1,2025-06-18T02:00:00.000Z
sensor.smarte_steckdose_tp01_signalpegel,1.018032941111111,2025-06-18T06:00:00.000Z
sensor.smarte_steckdose_tp01_signalpegel,1.928037502222222,2025-06-18T07:00:00.000Z
sensor.smarte_steckdose_tp01_signalpegel,2,2025-06-18T08:00:00.000Z
sensor.smarte_steckdose_tp01_signalpegel,1.9414328947222224,2025-06-18T09:00:00.000Z
sensor.smarte_steckdose_tp01_signalpegel,2,2025-06-18T10:00:00.000Z
sensor.smarte_steckdose_tp01_signalpegel,2,2025-06-18T11:00:00.000Z
sensor.smarte_steckdose_tp01_signalpegel,1.9694577952777779,2025-06-18T13:00:00.000Z
sensor.smarte_steckdose_tp01_signalpegel,1.0655986030555555,2025-06-18T14:00:00.000Z
sensor.smarte_steckdose_tp01_signalpegel,1.8805385805555555,2025-06-18T15:00:00.000Z
sensor.smarte_steckdose_tp01_signalpegel,2,2025-06-18T16:00:00.000Z
sensor.smarte_steckdose_tp01_signalpegel,1.9888965675,2025-06-18T17:00:00.000Z
sensor.smarte_steckdose_tp01_signalpegel,1.6639061480555555,2025-06-18T18:00:00.000Z
sensor.smarte_steckdose_tp01_signalpegel,2,2025-06-18T19:00:00.000Z
sensor.smarte_steckdose_tp01_signalpegel,2,2025-06-18T20:00:00.000Z
sensor.smarte_steckdose_tp01_signalpegel,1.4414287477777779,2025-06-19T07:00:00.000Z
sensor.smarte_steckdose_tp01_signalpegel,1,2025-06-19T08:00:00.000Z
sensor.smarte_steckdose_tp01_signalpegel,1.3802756247222223,2025-06-19T09:00:00.000Z
sensor.smarte_steckdose_tp01_signalpegel,1.9930582130555556,2025-06-19T10:00:00.000Z
sensor.smarte_steckdose_tp01_signalpegel,2,2025-06-19T11:00:00.000Z
sensor.smarte_steckdose_tp01_signalpegel,2,2025-06-19T12:00:00.000Z
sensor.smarte_steckdose_tp01_signalpegel,1.6920287386111108,2025-06-19T16:00:00.000Z
sensor.smarte_steckdose_tp01_signalpegel,1.8593387702777777,2025-06-19T17:00:00.000Z
sensor.smarte_steckdose_tp01_signalpegel,1.897224848611111,2025-06-19T18:00:00.000Z
sensor.smarte_steckdose_tp01_signalpegel,1.9986141383333333,2025-06-19T19:00:00.000Z
sensor.smarte_steckdose_tp01_signalpegel,1.9972206616666668,2025-06-19T20:00:00.000Z
sensor.smarte_steckdose_tp01_signalpegel,2,2025-06-19T21:00:00.000Z
sensor.smarte_steckdose_tp01_signalpegel,1.976384818611111,2025-06-19T22:00:00.000Z
sensor.smarte_steckdose_tp01_signalpegel,1.9597232,2025-06-19T23:00:00.000Z
sensor.smarte_steckdose_tp01_signalpegel,2,2025-06-20T00:00:00.000Z
sensor.smarte_steckdose_tp01_signalpegel,2,2025-06-20T01:00:00.000Z
sensor.smarte_steckdose_tp01_signalpegel,1.9986110866666669,2025-06-20T02:00:00.000Z
sensor.smarte_steckdose_tp01_signalpegel,1.9763974483333333,2025-06-20T03:00:00.000Z
sensor.smarte_steckdose_tp01_signalpegel,1.7555643286111111,2025-06-20T04:00:00.000Z
sensor.smarte_steckdose_tp01_signalpegel,1.7819345702777778,2025-06-20T05:00:00.000Z
sensor.smarte_steckdose_tp01_signalpegel,1.5346794205555554,2025-06-20T06:00:00.000Z
sensor.smarte_steckdose_tp01_signalpegel,1.1958485094444444,2025-06-20T07:00:00.000Z
sensor.smarte_steckdose_tp01_signalpegel,1.742784147777778,2025-06-20T08:00:00.000Z
sensor.smarte_steckdose_tp01_signalpegel,1.7664581294444446,2025-06-20T09:00:00.000Z
sensor.smarte_steckdose_tp01_signalpegel,1.9778254669444444,2025-06-20T10:00:00.000Z
sensor.smarte_steckdose_tp01_signalpegel,1.7530325852777777,2025-06-20T11:00:00.000Z
sensor.smarte_steckdose_tp01_signalpegel,1.9069519547222222,2025-06-20T12:00:00.000Z
sensor.smarte_steckdose_tp01_signalpegel,1.8222196327777775,2025-06-20T13:00:00.000Z
sensor.smarte_steckdose_tp01_signalpegel,1.9944443102777776,2025-06-20T14:00:00.000Z
sensor.smarte_steckdose_tp01_signalpegel,1.8500045894444446,2025-06-20T15:00:00.000Z
sensor.smarte_steckdose_tp01_signalpegel,1.903881262222222,2025-06-20T16:00:00.000Z
sensor.smarte_steckdose_tp01_signalpegel,1.9986033447222222,2025-06-20T17:00:00.000Z
sensor.smarte_steckdose_tp01_signalpegel,1.963893691388889,2025-06-20T18:00:00.000Z
sensor.smarte_steckdose_tp01_signalpegel,1.9805831119444444,2025-06-20T19:00:00.000Z
sensor.smarte_steckdose_tp01_signalpegel,2,2025-06-20T20:00:00.000Z
sensor.smarte_steckdose_tp01_signalpegel,1.991652306388889,2025-06-20T21:00:00.000Z
sensor.smarte_steckdose_tp01_signalpegel,2,2025-06-20T22:00:00.000Z
sensor.smarte_steckdose_tp01_signalpegel,2,2025-06-20T23:00:00.000Z
sensor.smarte_steckdose_tp01_signalpegel,1.953082625277778,2025-06-21T08:00:00.000Z
sensor.smarte_steckdose_tp01_signalpegel,1.9094228991666666,2025-06-21T09:00:00.000Z
sensor.smarte_steckdose_tp01_signalpegel,2,2025-06-21T10:00:00.000Z
sensor.smarte_steckdose_tp01_signalpegel,1.9555538527777776,2025-06-21T11:00:00.000Z
sensor.smarte_steckdose_tp01_signalpegel,1.9139846216666667,2025-06-21T12:00:00.000Z
sensor.smarte_steckdose_tp01_signalpegel,1.9694441497222221,2025-06-21T13:00:00.000Z
sensor.smarte_steckdose_tp01_signalpegel,1.9986171230555556,2025-06-21T14:00:00.000Z
sensor.smarte_steckdose_tp01_signalpegel,1.3430588605555556,2025-06-21T15:00:00.000Z
sensor.smarte_steckdose_tp01_signalpegel,1.9152488966666665,2025-06-21T16:00:00.000Z
sensor.smarte_steckdose_tp01_signalpegel,1.9943094391666667,2025-06-21T17:00:00.000Z
sensor.smarte_steckdose_tp01_signalpegel,1.9986062472222221,2025-06-21T18:00:00.000Z
sensor.smarte_steckdose_tp01_signalpegel,1.9986176169444445,2025-06-21T19:00:00.000Z
sensor.smarte_steckdose_tp01_signalpegel,2,2025-06-21T20:00:00.000Z
sensor.smarte_steckdose_tp01_signalpegel,2,2025-06-21T21:00:00.000Z
sensor.smarte_steckdose_tp01_signalpegel,1.9902784627777779,2025-06-22T08:00:00.000Z
sensor.smarte_steckdose_tp01_signalpegel,2,2025-06-22T09:00:00.000Z
sensor.smarte_steckdose_tp01_signalpegel,1.8805996102777778,2025-06-22T10:00:00.000Z
sensor.smarte_steckdose_tp01_signalpegel,1.8055363111111111,2025-06-22T11:00:00.000Z
sensor.smarte_steckdose_tp01_signalpegel,1.778384521666667,2025-06-22T12:00:00.000Z
sensor.smarte_steckdose_tp01_signalpegel,1.2710957855555556,2025-06-22T13:00:00.000Z
sensor.smarte_steckdose_tp01_signalpegel,1.9671748069444446,2025-06-22T14:00:00.000Z
sensor.smarte_steckdose_tp01_signalpegel,2,2025-06-22T15:00:00.000Z
sensor.smarte_steckdose_tp01_signalpegel,2,2025-06-22T16:00:00.000Z
sensor.smarte_steckdose_tp01_signalpegel,1.9902760711111112,2025-06-22T17:00:00.000Z
sensor.smarte_steckdose_tp01_signalpegel,1.9153018824999999,2025-06-22T18:00:00.000Z
sensor.smarte_steckdose_tp01_signalpegel,2,2025-06-22T19:00:00.000Z
sensor.smarte_steckdose_tp01_signalpegel,2,2025-06-22T20:00:00.000Z
sensor.smarte_steckdose_tp01_signalpegel,1.9263928183333334,2025-06-22T23:00:00.000Z
sensor.smarte_steckdose_tp01_signalpegel,1.1180570394444445,2025-06-23T00:00:00.000Z
sensor.smarte_steckdose_tp01_signalpegel,1.2028146675,2025-06-23T01:00:00.000Z
sensor.smarte_steckdose_tp01_signalpegel,1,2025-06-23T02:00:00.000Z
sensor.smarte_steckdose_tp01_signalpegel,1.0583311069444445,2025-06-23T03:00:00.000Z
sensor.smarte_steckdose_tp01_signalpegel,1.1055594016666668,2025-06-23T04:00:00.000Z
sensor.smarte_steckdose_tp01_signalpegel,1.4745699202777776,2025-06-23T05:00:00.000Z
sensor.smarte_steckdose_tp01_signalpegel,1.9986082630555557,2025-06-23T06:00:00.000Z
sensor.smarte_steckdose_tp01_signalpegel,2,2025-06-23T07:00:00.000Z
sensor.smarte_steckdose_tp01_signalpegel,2,2025-06-23T08:00:00.000Z
sensor.smarte_steckdose_tp01_signalpegel,1.6258370802777777,2025-06-23T19:00:00.000Z
sensor.smarte_steckdose_tp01_signalpegel,1.3722095138888888,2025-06-23T20:00:00.000Z
sensor.smarte_steckdose_tp01_signalpegel,1,2025-06-23T21:00:00.000Z
sensor.smarte_steckdose_tp01_signalpegel,1,2025-06-23T22:00:00.000Z
sensor.smarte_steckdose_tp01_signalpegel,1.4155503508333334,2025-06-23T23:00:00.000Z
sensor.smarte_steckdose_tp01_signalpegel,2,2025-06-24T00:00:00.000Z
sensor.smarte_steckdose_tp01_signalpegel,2,2025-06-24T01:00:00.000Z
sensor.smarte_steckdose_tp01_signalpegel,1.9958385708333333,2025-06-24T17:00:00.000Z
sensor.smarte_steckdose_tp01_signalpegel,2,2025-06-24T18:00:00.000Z
sensor.smarte_steckdose_tp01_signalpegel,1.8472385922222223,2025-06-24T19:00:00.000Z
sensor.smarte_steckdose_tp01_signalpegel,1.9680551744444443,2025-06-24T20:00:00.000Z
sensor.smarte_steckdose_tp01_signalpegel,2,2025-06-24T21:00:00.000Z
sensor.smarte_steckdose_tp01_signalpegel,1.9986235516666666,2025-06-24T22:00:00.000Z
sensor.smarte_steckdose_tp01_signalpegel,2,2025-06-24T23:00:00.000Z
sensor.smarte_steckdose_tp01_signalpegel,2,2025-06-25T00:00:00.000Z
sensor.smarte_steckdose_tp01_signalpegel,1.647788843611111,2025-06-25T05:00:00.000Z
sensor.smarte_steckdose_tp01_signalpegel,1.8563861366666667,2025-06-25T06:00:00.000Z
sensor.smarte_steckdose_tp01_signalpegel,1.9986116674999999,2025-06-25T07:00:00.000Z
sensor.smarte_steckdose_tp01_signalpegel,2,2025-06-25T08:00:00.000Z
sensor.smarte_steckdose_tp01_signalpegel,2,2025-06-25T09:00:00.000Z
sensor.smarte_steckdose_tp01_signalpegel,1.9958412841666666,2025-06-25T15:00:00.000Z
sensor.smarte_steckdose_tp01_signalpegel,2,2025-06-25T16:00:00.000Z
sensor.smarte_steckdose_tp01_signalpegel,1.9710878447222224,2025-06-25T17:00:00.000Z
sensor.smarte_steckdose_tp01_signalpegel,2,2025-06-25T18:00:00.000Z
sensor.smarte_steckdose_tp01_signalpegel,1.9930560522222223,2025-06-25T19:00:00.000Z
sensor.smarte_steckdose_tp01_signalpegel,1.7585665344444443,2025-06-25T20:00:00.000Z
sensor.smarte_steckdose_tp01_signalpegel,1.9094365991666666,2025-06-25T21:00:00.000Z
sensor.smarte_steckdose_tp01_signalpegel,1.732235533611111,2025-06-25T22:00:00.000Z
sensor.smarte_steckdose_tp01_signalpegel,1.227493815,2025-06-25T23:00:00.000Z
sensor.smarte_steckdose_tp01_signalpegel,1.5864152958333333,2025-06-26T00:00:00.000Z
sensor.smarte_steckdose_tp01_signalpegel,1.0552711527777778,2025-06-26T01:00:00.000Z
sensor.smarte_steckdose_tp01_signalpegel,1.0891713883333334,2025-06-26T02:00:00.000Z
sensor.smarte_steckdose_tp01_signalpegel,1,2025-06-26T03:00:00.000Z
sensor.smarte_steckdose_tp01_signalpegel,1.0235915966666667,2025-06-26T04:00:00.000Z
sensor.smarte_steckdose_tp01_signalpegel,1.1458344783333334,2025-06-26T05:00:00.000Z
sensor.smarte_steckdose_tp01_signalpegel,1.7455454444444445,2025-06-26T06:00:00.000Z
sensor.smarte_steckdose_tp01_signalpegel,2,2025-06-26T07:00:00.000Z
sensor.smarte_steckdose_tp01_signalpegel,2,2025-06-26T08:00:00.000Z
sensor.smarte_steckdose_tp01_signalpegel,1.997222726388889,2025-06-26T15:00:00.000Z
sensor.smarte_steckdose_tp01_signalpegel,1.265303816388889,2025-06-26T16:00:00.000Z
sensor.smarte_steckdose_tp01_signalpegel,2,2025-06-26T17:00:00.000Z
sensor.smarte_steckdose_tp01_signalpegel,2,2025-06-26T18:00:00.000Z
sensor.smarte_steckdose_tp01_signalpegel,1.9986107677777778,2025-06-26T20:00:00.000Z
sensor.smarte_steckdose_tp01_signalpegel,2,2025-06-26T21:00:00.000Z
sensor.smarte_steckdose_tp01_signalpegel,1.9416681091666668,2025-06-26T22:00:00.000Z
sensor.smarte_steckdose_tp01_signalpegel,2,2025-06-26T23:00:00.000Z
sensor.smarte_steckdose_tp01_signalpegel,2,2025-06-27T00:00:00.000Z
sensor.smarte_steckdose_tp01_signalpegel,1.9805364049999998,2025-06-27T10:00:00.000Z
sensor.smarte_steckdose_tp01_signalpegel,2,2025-06-27T11:00:00.000Z
sensor.smarte_steckdose_tp01_signalpegel,1.9838506919444445,2025-06-27T12:00:00.000Z
sensor.smarte_steckdose_tp01_signalpegel,2,2025-06-27T13:00:00.000Z
sensor.smarte_steckdose_tp01_signalpegel,2,2025-06-27T14:00:00.000Z
sensor.smarte_steckdose_tp01_signalpegel,1.9986161475,2025-06-28T08:00:00.000Z
sensor.smarte_steckdose_tp01_signalpegel,2,2025-06-28T09:00:00.000Z
sensor.smarte_steckdose_tp01_signalpegel,2,2025-06-28T10:00:00.000Z
sensor.smarte_steckdose_tp01_signalpegel,1.9986111216666667,2025-06-28T14:00:00.000Z
sensor.smarte_steckdose_tp01_signalpegel,1.9861247041666665,2025-06-28T15:00:00.000Z
sensor.smarte_steckdose_tp01_signalpegel,2,2025-06-28T16:00:00.000Z
sensor.smarte_steckdose_tp01_signalpegel,2,2025-06-28T17:00:00.000Z
sensor.smarte_steckdose_tp01_signalpegel,1.441078815,2025-06-29T20:00:00.000Z
sensor.smarte_steckdose_tp01_signalpegel,1.107187516388889,2025-06-29T21:00:00.000Z
sensor.smarte_steckdose_tp01_signalpegel,1.0956880908333333,2025-06-29T22:00:00.000Z
sensor.smarte_steckdose_tp01_signalpegel,1.5249901491666666,2025-06-29T23:00:00.000Z
sensor.smarte_steckdose_tp01_signalpegel,1.4972653166666667,2025-06-30T00:00:00.000Z
sensor.smarte_steckdose_tp01_signalpegel,1.6452641383333333,2025-06-30T01:00:00.000Z
sensor.smarte_steckdose_tp01_signalpegel,1.348630165,2025-06-30T02:00:00.000Z
sensor.smarte_steckdose_tp01_signalpegel,1.6097411719444443,2025-06-30T03:00:00.000Z
sensor.smarte_steckdose_tp01_signalpegel,1.9472385527777778,2025-06-30T04:00:00.000Z
sensor.smarte_steckdose_tp01_signalpegel,1.9402886313888887,2025-06-30T05:00:00.000Z
sensor.smarte_steckdose_tp01_signalpegel,2,2025-06-30T06:00:00.000Z
sensor.smarte_steckdose_tp01_signalpegel,2,2025-06-30T07:00:00.000Z
sensor.smarte_steckdose_tp01_signalpegel,1.9777792763888888,2025-06-30T15:00:00.000Z
sensor.smarte_steckdose_tp01_signalpegel,1.9030589180555555,2025-06-30T16:00:00.000Z
sensor.smarte_steckdose_tp01_signalpegel,1.0097388258333333,2025-06-30T17:00:00.000Z
sensor.smarte_steckdose_tp01_signalpegel,1.009722316111111,2025-06-30T18:00:00.000Z
sensor.smarte_steckdose_tp01_signalpegel,1,2025-06-30T19:00:00.000Z
sensor.smarte_steckdose_tp01_signalpegel,1,2025-06-30T20:00:00.000Z
sensor.smarte_steckdose_tp01_signalpegel,1.320274085,2025-06-30T21:00:00.000Z
sensor.smarte_steckdose_tp01_signalpegel,2,2025-06-30T22:00:00.000Z
sensor.smarte_steckdose_tp01_signalpegel,2,2025-06-30T23:00:00.000Z
sensor.smarte_steckdose_tp01_signalpegel,1.988889983888889,2025-07-01T01:00:00.000Z
sensor.smarte_steckdose_tp01_signalpegel,2,2025-07-01T02:00:00.000Z
sensor.smarte_steckdose_tp01_signalpegel,2,2025-07-01T03:00:00.000Z
sensor.smarte_steckdose_tp01_signalpegel,1.997220198888889,2025-07-01T04:00:00.000Z
sensor.smarte_steckdose_tp01_signalpegel,1.9110924202777777,2025-07-01T05:00:00.000Z
sensor.smarte_steckdose_tp01_signalpegel,2,2025-07-01T06:00:00.000Z
sensor.smarte_steckdose_tp01_signalpegel,2,2025-07-01T07:00:00.000Z
sensor.smarte_steckdose_tp01_signalpegel,1.9889198702777777,2025-07-01T15:00:00.000Z
sensor.smarte_steckdose_tp01_signalpegel,1.9819424244444444,2025-07-01T16:00:00.000Z
sensor.smarte_steckdose_tp01_signalpegel,2,2025-07-01T17:00:00.000Z
sensor.smarte_steckdose_tp01_signalpegel,2,2025-07-01T18:00:00.000Z
sensor.smarte_steckdose_tp01_signalpegel,1.998611973888889,2025-07-02T06:00:00.000Z
sensor.smarte_steckdose_tp01_signalpegel,2,2025-07-02T07:00:00.000Z
sensor.smarte_steckdose_tp01_signalpegel,2,2025-07-02T08:00:00.000Z
sensor.smarte_steckdose_tp01_signalpegel,1.9833110616666667,2025-07-02T20:00:00.000Z
sensor.smarte_steckdose_tp01_signalpegel,1.9986168205555555,2025-07-02T21:00:00.000Z
sensor.smarte_steckdose_tp01_signalpegel,2,2025-07-02T22:00:00.000Z
sensor.smarte_steckdose_tp01_signalpegel,2,2025-07-02T23:00:00.000Z
sensor.smarte_steckdose_tp01_signalpegel,1.9944560116666665,2025-07-03T06:00:00.000Z
sensor.smarte_steckdose_tp01_signalpegel,2,2025-07-03T07:00:00.000Z
sensor.smarte_steckdose_tp01_signalpegel,1.9861122727777778,2025-07-03T08:00:00.000Z
sensor.smarte_steckdose_tp01_signalpegel,2,2025-07-03T09:00:00.000Z
sensor.smarte_steckdose_tp01_signalpegel,2,2025-07-03T10:00:00.000Z
sensor.smarte_steckdose_tp01_signalpegel,1.9960233280555555,2025-07-03T14:00:00.000Z
sensor.smarte_steckdose_tp01_signalpegel,1.9611228855555556,2025-07-03T15:00:00.000Z
sensor.smarte_steckdose_tp01_signalpegel,1.8523858319444446,2025-07-03T16:00:00.000Z
sensor.smarte_steckdose_tp01_signalpegel,1.7818824280555556,2025-07-03T17:00:00.000Z
sensor.smarte_steckdose_tp01_signalpegel,1.7597724683333336,2025-07-03T18:00:00.000Z
sensor.smarte_steckdose_tp01_signalpegel,1.9986158272222223,2025-07-03T19:00:00.000Z
sensor.smarte_steckdose_tp01_signalpegel,2,2025-07-03T20:00:00.000Z
sensor.smarte_steckdose_tp01_signalpegel,1.295819167777778,2025-07-03T21:00:00.000Z
sensor.smarte_steckdose_tp01_signalpegel,1.148624348888889,2025-07-03T22:00:00.000Z
sensor.smarte_steckdose_tp01_signalpegel,1.0541654427777778,2025-07-03T23:00:00.000Z
sensor.smarte_steckdose_tp01_signalpegel,1.011111258611111,2025-07-04T00:00:00.000Z
sensor.smarte_steckdose_tp01_signalpegel,1.0583364036111111,2025-07-04T01:00:00.000Z
sensor.smarte_steckdose_tp01_signalpegel,1.0194451844444445,2025-07-04T02:00:00.000Z
sensor.smarte_steckdose_tp01_signalpegel,1.7180561769444445,2025-07-04T03:00:00.000Z
sensor.smarte_steckdose_tp01_signalpegel,1.8555509522222222,2025-07-04T04:00:00.000Z
sensor.smarte_steckdose_tp01_signalpegel,1.4319419472222223,2025-07-04T05:00:00.000Z
sensor.smarte_steckdose_tp01_signalpegel,2,2025-07-04T06:00:00.000Z
sensor.smarte_steckdose_tp01_signalpegel,1.9972163105555556,2025-07-04T07:00:00.000Z
sensor.smarte_steckdose_tp01_signalpegel,2,2025-07-04T08:00:00.000Z
sensor.smarte_steckdose_tp01_signalpegel,2,2025-07-04T09:00:00.000Z
sensor.smarte_steckdose_tp01_signalpegel,1.9944428144444446,2025-07-05T06:00:00.000Z
sensor.smarte_steckdose_tp01_signalpegel,2,2025-07-05T07:00:00.000Z
sensor.smarte_steckdose_tp01_signalpegel,2,2025-07-05T08:00:00.000Z
sensor.smarte_steckdose_tp01_signalpegel,1.8459046269444446,2025-07-06T08:00:00.000Z
sensor.smarte_steckdose_tp01_signalpegel,1.873628355277778,2025-07-06T09:00:00.000Z
sensor.smarte_steckdose_tp01_signalpegel,1.8751452105555557,2025-07-06T10:00:00.000Z
sensor.smarte_steckdose_tp01_signalpegel,2,2025-07-06T11:00:00.000Z
sensor.smarte_steckdose_tp01_signalpegel,2,2025-07-06T12:00:00.000Z
sensor.smarte_steckdose_tp01_signalpegel,1.9721712041666668,2025-07-06T15:00:00.000Z
sensor.smarte_steckdose_tp01_signalpegel,1.9833396975,2025-07-06T16:00:00.000Z
sensor.smarte_steckdose_tp01_signalpegel,1.2024693344444446,2025-07-06T17:00:00.000Z
sensor.smarte_steckdose_tp01_signalpegel,1.293672118611111,2025-07-06T18:00:00.000Z
sensor.smarte_steckdose_tp01_signalpegel,1.8563838833333335,2025-07-06T19:00:00.000Z
sensor.smarte_steckdose_tp01_signalpegel,1.9102622511111111,2025-07-06T20:00:00.000Z
sensor.smarte_steckdose_tp01_signalpegel,1.8703115477777779,2025-07-06T21:00:00.000Z
sensor.smarte_steckdose_tp01_signalpegel,2,2025-07-06T22:00:00.000Z
sensor.smarte_steckdose_tp01_signalpegel,2,2025-07-06T23:00:00.000Z
sensor.smarte_steckdose_tp01_signalpegel,1.9791799208333334,2025-07-07T03:00:00.000Z
sensor.smarte_steckdose_tp01_signalpegel,2,2025-07-07T04:00:00.000Z
sensor.smarte_steckdose_tp01_signalpegel,1.9986103355555553,2025-07-07T05:00:00.000Z
sensor.smarte_steckdose_tp01_signalpegel,2,2025-07-07T06:00:00.000Z
sensor.smarte_steckdose_tp01_signalpegel,2,2025-07-07T07:00:00.000Z
sensor.smarte_steckdose_tp01_signalpegel,1.9583504016666666,2025-07-07T12:00:00.000Z
sensor.smarte_steckdose_tp01_signalpegel,1.8513887791666666,2025-07-07T13:00:00.000Z
sensor.smarte_steckdose_tp01_signalpegel,1.9250205558333333,2025-07-07T14:00:00.000Z
sensor.smarte_steckdose_tp01_signalpegel,1.9833257280555554,2025-07-07T15:00:00.000Z
sensor.smarte_steckdose_tp01_signalpegel,1.9750882688888887,2025-07-07T16:00:00.000Z
sensor.smarte_steckdose_tp01_signalpegel,1.9334254419444445,2025-07-07T17:00:00.000Z
sensor.smarte_steckdose_tp01_signalpegel,1.995838155277778,2025-07-07T18:00:00.000Z
sensor.smarte_steckdose_tp01_signalpegel,1.9833446261111112,2025-07-07T19:00:00.000Z
sensor.smarte_steckdose_tp01_signalpegel,2,2025-07-07T20:00:00.000Z
sensor.smarte_steckdose_tp01_signalpegel,1.9972318925,2025-07-07T21:00:00.000Z
sensor.smarte_steckdose_tp01_signalpegel,1.9985681344444444,2025-07-07T22:00:00.000Z
sensor.smarte_steckdose_tp01_signalpegel,1.441671153888889,2025-07-07T23:00:00.000Z
sensor.smarte_steckdose_tp01_signalpegel,1.670002473888889,2025-07-08T00:00:00.000Z
sensor.smarte_steckdose_tp01_signalpegel,1.738889219722222,2025-07-08T01:00:00.000Z
sensor.smarte_steckdose_tp01_signalpegel,1.3472242225000002,2025-07-08T02:00:00.000Z
sensor.smarte_steckdose_tp01_signalpegel,1.34805453,2025-07-08T03:00:00.000Z
sensor.smarte_steckdose_tp01_signalpegel,1.5513880294444444,2025-07-08T04:00:00.000Z
sensor.smarte_steckdose_tp01_signalpegel,1.895846985277778,2025-07-08T05:00:00.000Z
sensor.smarte_steckdose_tp01_signalpegel,2,2025-07-08T06:00:00.000Z
sensor.smarte_steckdose_tp01_signalpegel,2,2025-07-08T07:00:00.000Z
sensor.smarte_steckdose_tp01_signalpegel,1.8958326730555557,2025-07-08T10:00:00.000Z
sensor.smarte_steckdose_tp01_signalpegel,1.9917124261111112,2025-07-08T11:00:00.000Z
sensor.smarte_steckdose_tp01_signalpegel,1.9986060844444447,2025-07-08T12:00:00.000Z
sensor.smarte_steckdose_tp01_signalpegel,1.9986117511111112,2025-07-08T13:00:00.000Z
sensor.smarte_steckdose_tp01_signalpegel,1.9902897166666669,2025-07-08T14:00:00.000Z
sensor.smarte_steckdose_tp01_signalpegel,1.970851305,2025-07-08T15:00:00.000Z
sensor.smarte_steckdose_tp01_signalpegel,2,2025-07-08T16:00:00.000Z
sensor.smarte_steckdose_tp01_signalpegel,2,2025-07-08T17:00:00.000Z
sensor.smarte_steckdose_tp01_signalpegel,1.9958393972222224,2025-07-08T20:00:00.000Z
sensor.smarte_steckdose_tp01_signalpegel,2,2025-07-08T21:00:00.000Z
sensor.smarte_steckdose_tp01_signalpegel,2,2025-07-08T22:00:00.000Z
sensor.smarte_steckdose_tp01_signalpegel,1.9291977797222222,2025-07-09T14:00:00.000Z
sensor.smarte_steckdose_tp01_signalpegel,1.9875015319444447,2025-07-09T15:00:00.000Z
sensor.smarte_steckdose_tp01_signalpegel,2,2025-07-09T16:00:00.000Z
sensor.smarte_steckdose_tp01_signalpegel,2,2025-07-09T17:00:00.000Z
sensor.smarte_steckdose_tp01_signalpegel,1.9986095316666666,2025-07-10T06:00:00.000Z
sensor.smarte_steckdose_tp01_signalpegel,2,2025-07-10T07:00:00.000Z
sensor.smarte_steckdose_tp01_signalpegel,2,2025-07-10T08:00:00.000Z
sensor.smarte_steckdose_tp01_signalpegel,1.9986068719444443,2025-07-10T10:00:00.000Z
sensor.smarte_steckdose_tp01_signalpegel,1.8867297686111109,2025-07-10T11:00:00.000Z
sensor.smarte_steckdose_tp01_signalpegel,1.7031895483333335,2025-07-10T12:00:00.000Z
sensor.smarte_steckdose_tp01_signalpegel,1.986094741111111,2025-07-10T13:00:00.000Z
sensor.smarte_steckdose_tp01_signalpegel,1.9720186355555553,2025-07-10T14:00:00.000Z
sensor.smarte_steckdose_tp01_signalpegel,1.901615766111111,2025-07-10T15:00:00.000Z
sensor.smarte_steckdose_tp01_signalpegel,1.9902770188888887,2025-07-10T16:00:00.000Z
sensor.smarte_steckdose_tp01_signalpegel,2,2025-07-10T17:00:00.000Z
sensor.smarte_steckdose_tp01_signalpegel,1.9764438316666668,2025-07-10T18:00:00.000Z
sensor.smarte_steckdose_tp01_signalpegel,2,2025-07-10T19:00:00.000Z
sensor.smarte_steckdose_tp01_signalpegel,1.9916676338888888,2025-07-10T20:00:00.000Z
sensor.smarte_steckdose_tp01_signalpegel,1.9972461188888888,2025-07-10T21:00:00.000Z
sensor.smarte_steckdose_tp01_signalpegel,2,2025-07-10T22:00:00.000Z
sensor.smarte_steckdose_tp01_signalpegel,2,2025-07-10T23:00:00.000Z
sensor.smarte_steckdose_tp01_signalpegel,1.9930676916666668,2025-07-11T06:00:00.000Z
sensor.smarte_steckdose_tp01_signalpegel,2,2025-07-11T07:00:00.000Z
sensor.smarte_steckdose_tp01_signalpegel,2,2025-07-11T08:00:00.000Z
sensor.smarte_steckdose_tp01_signalpegel,1.993060301111111,2025-07-11T10:00:00.000Z
sensor.smarte_steckdose_tp01_signalpegel,1.9527777527777779,2025-07-11T11:00:00.000Z
sensor.smarte_steckdose_tp01_signalpegel,1.9986149322222222,2025-07-11T12:00:00.000Z
sensor.smarte_steckdose_tp01_signalpegel,2,2025-07-11T13:00:00.000Z
sensor.smarte_steckdose_tp01_signalpegel,1.9836154833333335,2025-07-11T14:00:00.000Z
sensor.smarte_steckdose_tp01_signalpegel,1.9886089800000002,2025-07-11T15:00:00.000Z
sensor.smarte_steckdose_tp01_signalpegel,2,2025-07-11T16:00:00.000Z
sensor.smarte_steckdose_tp01_signalpegel,2,2025-07-11T17:00:00.000Z
sensor.smarte_steckdose_tp01_signalpegel,1.9986073294444446,2025-07-11T19:00:00.000Z
sensor.smarte_steckdose_tp01_signalpegel,1.5708566655555556,2025-07-11T20:00:00.000Z
sensor.smarte_steckdose_tp01_signalpegel,1.9430704325,2025-07-11T21:00:00.000Z
sensor.smarte_steckdose_tp01_signalpegel,2,2025-07-11T22:00:00.000Z
sensor.smarte_steckdose_tp01_signalpegel,2,2025-07-11T23:00:00.000Z
sensor.smarte_steckdose_tp01_signalpegel,1.9875004169444443,2025-07-12T07:00:00.000Z
sensor.smarte_steckdose_tp01_signalpegel,2,2025-07-12T08:00:00.000Z
sensor.smarte_steckdose_tp01_signalpegel,2,2025-07-12T09:00:00.000Z
sensor.smarte_steckdose_tp01_signalpegel,1.9987687069444444,2025-07-12T20:00:00.000Z
sensor.smarte_steckdose_tp01_signalpegel,1.1147305041666666,2025-07-12T21:00:00.000Z
sensor.smarte_steckdose_tp01_signalpegel,1.7861106675,2025-07-12T22:00:00.000Z
sensor.smarte_steckdose_tp01_signalpegel,1.483874121388889,2025-07-12T23:00:00.000Z
sensor.smarte_steckdose_tp01_signalpegel,1.8300009619444444,2025-07-13T00:00:00.000Z
sensor.smarte_steckdose_tp01_signalpegel,1.3838871636111112,2025-07-13T01:00:00.000Z
sensor.smarte_steckdose_tp01_signalpegel,1.4463945283333333,2025-07-13T02:00:00.000Z
sensor.smarte_steckdose_tp01_signalpegel,1.318887146388889,2025-07-13T03:00:00.000Z
sensor.smarte_steckdose_tp01_signalpegel,1.934723293888889,2025-07-13T04:00:00.000Z
sensor.smarte_steckdose_tp01_signalpegel,2,2025-07-13T05:00:00.000Z
sensor.smarte_steckdose_tp01_signalpegel,2,2025-07-13T06:00:00.000Z
sensor.smarte_steckdose_tp01_signalpegel,1.649985708888889,2025-07-13T07:00:00.000Z
sensor.smarte_steckdose_tp01_signalpegel,2,2025-07-13T08:00:00.000Z
sensor.smarte_steckdose_tp01_signalpegel,1.96804971,2025-07-13T09:00:00.000Z
sensor.smarte_steckdose_tp01_signalpegel,1.9474984797222221,2025-07-13T10:00:00.000Z
sensor.smarte_steckdose_tp01_signalpegel,1.9649876786111111,2025-07-13T11:00:00.000Z
sensor.smarte_steckdose_tp01_signalpegel,2,2025-07-13T12:00:00.000Z
sensor.smarte_steckdose_tp01_signalpegel,2,2025-07-13T13:00:00.000Z
sensor.smarte_steckdose_tp01_signalpegel,1.7459031522222224,2025-07-14T03:00:00.000Z
sensor.smarte_steckdose_tp01_signalpegel,1.8089113494444444,2025-07-14T04:00:00.000Z
sensor.smarte_steckdose_tp01_signalpegel,1.7675241816666667,2025-07-14T05:00:00.000Z
sensor.smarte_steckdose_tp01_signalpegel,1.9958357299999998,2025-07-14T06:00:00.000Z
sensor.smarte_steckdose_tp01_signalpegel,1.2991918327777778,2025-07-14T07:00:00.000Z
sensor.smarte_steckdose_tp01_signalpegel,1.2344561705555555,2025-07-14T08:00:00.000Z
sensor.smarte_steckdose_tp01_signalpegel,1.8194538766666666,2025-07-14T09:00:00.000Z
sensor.smarte_steckdose_tp01_signalpegel,1.8694490763888887,2025-07-14T10:00:00.000Z
sensor.smarte_steckdose_tp01_signalpegel,1.9972181988888889,2025-07-14T11:00:00.000Z
sensor.smarte_steckdose_tp01_signalpegel,2,2025-07-14T12:00:00.000Z
sensor.smarte_steckdose_tp01_signalpegel,2,2025-07-14T13:00:00.000Z
sensor.smarte_steckdose_tp01_signalpegel,1.9958329350000001,2025-07-14T14:00:00.000Z
sensor.smarte_steckdose_tp01_signalpegel,1.7181426833333333,2025-07-14T15:00:00.000Z
sensor.smarte_steckdose_tp01_signalpegel,1.816691143611111,2025-07-14T16:00:00.000Z
sensor.smarte_steckdose_tp01_signalpegel,1.7097822019444446,2025-07-14T17:00:00.000Z
sensor.smarte_steckdose_tp01_signalpegel,1.6502893319444445,2025-07-14T18:00:00.000Z
sensor.smarte_steckdose_tp01_signalpegel,1.0041659455555556,2025-07-14T19:00:00.000Z
sensor.smarte_steckdose_tp01_signalpegel,1.0138688797222222,2025-07-14T20:00:00.000Z
sensor.smarte_steckdose_tp01_signalpegel,1,2025-07-14T21:00:00.000Z
sensor.smarte_steckdose_tp01_signalpegel,1,2025-07-14T22:00:00.000Z
sensor.smarte_steckdose_tp01_signalpegel,1.0180614208333332,2025-07-15T08:00:00.000Z
sensor.smarte_steckdose_tp01_signalpegel,1.10389062,2025-07-15T09:00:00.000Z
sensor.smarte_steckdose_tp01_signalpegel,1.552774774722222,2025-07-15T10:00:00.000Z
sensor.smarte_steckdose_tp01_signalpegel,2,2025-07-15T11:00:00.000Z
sensor.smarte_steckdose_tp01_signalpegel,1.9125286538888888,2025-07-15T12:00:00.000Z
sensor.smarte_steckdose_tp01_signalpegel,1.729178898611111,2025-07-15T13:00:00.000Z
sensor.smarte_steckdose_tp01_signalpegel,1.9706574391666667,2025-07-15T14:00:00.000Z
sensor.smarte_steckdose_tp01_signalpegel,2,2025-07-15T15:00:00.000Z
sensor.smarte_steckdose_tp01_signalpegel,2,2025-07-15T16:00:00.000Z
sensor.smarte_steckdose_tp01_signalpegel,1.998610237777778,2025-07-15T17:00:00.000Z
sensor.smarte_steckdose_tp01_signalpegel,2,2025-07-15T18:00:00.000Z
sensor.smarte_steckdose_tp01_signalpegel,2,2025-07-15T19:00:00.000Z
sensor.smarte_steckdose_tp01_signalpegel,1.9903063877777776,2025-07-16T05:00:00.000Z
sensor.smarte_steckdose_tp01_signalpegel,2,2025-07-16T06:00:00.000Z
sensor.smarte_steckdose_tp01_signalpegel,2,2025-07-16T07:00:00.000Z
sensor.smarte_steckdose_tp01_signalpegel,1.997215267222222,2025-07-16T13:00:00.000Z
sensor.smarte_steckdose_tp01_signalpegel,1.9763542369444445,2025-07-16T14:00:00.000Z
sensor.smarte_steckdose_tp01_signalpegel,1.9958469150000002,2025-07-16T15:00:00.000Z
sensor.smarte_steckdose_tp01_signalpegel,2,2025-07-16T16:00:00.000Z
sensor.smarte_steckdose_tp01_signalpegel,2,2025-07-16T17:00:00.000Z
sensor.smarte_steckdose_tp01_signalpegel,1.9972252499999998,2025-07-16T20:00:00.000Z
sensor.smarte_steckdose_tp01_signalpegel,2,2025-07-16T21:00:00.000Z
sensor.smarte_steckdose_tp01_signalpegel,2,2025-07-16T22:00:00.000Z
sensor.smarte_steckdose_tp01_signalpegel,1.7488931119444444,2025-07-17T05:00:00.000Z
sensor.smarte_steckdose_tp01_signalpegel,1.9538875536111113,2025-07-17T06:00:00.000Z
sensor.smarte_steckdose_tp01_signalpegel,2,2025-07-17T07:00:00.000Z
sensor.smarte_steckdose_tp01_signalpegel,2,2025-07-17T08:00:00.000Z
sensor.smarte_steckdose_tp01_signalpegel,1.9764069744444444,2025-07-17T11:00:00.000Z
sensor.smarte_steckdose_tp01_signalpegel,2,2025-07-17T12:00:00.000Z
sensor.smarte_steckdose_tp01_signalpegel,2,2025-07-17T13:00:00.000Z
sensor.smarte_steckdose_tp01_signalpegel,1.9361311319444443,2025-07-17T19:00:00.000Z
sensor.smarte_steckdose_tp01_signalpegel,1.5444728297222223,2025-07-17T20:00:00.000Z
sensor.smarte_steckdose_tp01_signalpegel,1.9986054105555555,2025-07-17T21:00:00.000Z
sensor.smarte_steckdose_tp01_signalpegel,1.6333279111111112,2025-07-17T22:00:00.000Z
sensor.smarte_steckdose_tp01_signalpegel,1.5702790775000002,2025-07-17T23:00:00.000Z
sensor.smarte_steckdose_tp01_signalpegel,1.192237996388889,2025-07-18T00:00:00.000Z
sensor.smarte_steckdose_tp01_signalpegel,1.0522155447222221,2025-07-18T01:00:00.000Z
sensor.smarte_steckdose_tp01_signalpegel,1.0416648094444445,2025-07-18T02:00:00.000Z
sensor.smarte_steckdose_tp01_signalpegel,1.006943573611111,2025-07-18T03:00:00.000Z
sensor.smarte_steckdose_tp01_signalpegel,1.0013896733333334,2025-07-18T04:00:00.000Z
sensor.smarte_steckdose_tp01_signalpegel,1.0055565230555554,2025-07-18T05:00:00.000Z
sensor.smarte_steckdose_tp01_signalpegel,1,2025-07-18T06:00:00.000Z
sensor.smarte_steckdose_tp01_signalpegel,1.0013886294444445,2025-07-18T07:00:00.000Z
sensor.smarte_steckdose_tp01_signalpegel,1.6764697208333335,2025-07-18T08:00:00.000Z
sensor.smarte_steckdose_tp01_signalpegel,1.6527857613888888,2025-07-18T09:00:00.000Z
sensor.smarte_steckdose_tp01_signalpegel,1.9316679452777779,2025-07-18T10:00:00.000Z
sensor.smarte_steckdose_tp01_signalpegel,1.9569672844444446,2025-07-18T11:00:00.000Z
sensor.smarte_steckdose_tp01_signalpegel,2,2025-07-18T12:00:00.000Z
sensor.smarte_steckdose_tp01_signalpegel,2,2025-07-18T13:00:00.000Z
sensor.smarte_steckdose_tp01_signalpegel,1.7182958772222223,2025-07-18T20:00:00.000Z
sensor.smarte_steckdose_tp01_signalpegel,1.9958341361111112,2025-07-18T21:00:00.000Z
sensor.smarte_steckdose_tp01_signalpegel,2,2025-07-18T22:00:00.000Z
sensor.smarte_steckdose_tp01_signalpegel,1.9904602908333333,2025-07-18T23:00:00.000Z
sensor.smarte_steckdose_tp01_signalpegel,2,2025-07-19T00:00:00.000Z
sensor.smarte_steckdose_tp01_signalpegel,2,2025-07-19T01:00:00.000Z
sensor.smarte_steckdose_tp01_signalpegel,1.9654113438888887,2025-07-19T06:00:00.000Z
sensor.smarte_steckdose_tp01_signalpegel,1.1255633041666668,2025-07-19T07:00:00.000Z
sensor.smarte_steckdose_tp01_signalpegel,1.058348071111111,2025-07-19T08:00:00.000Z
sensor.smarte_steckdose_tp01_signalpegel,1.0083302994444445,2025-07-19T09:00:00.000Z
sensor.smarte_steckdose_tp01_signalpegel,1.2969422708333334,2025-07-19T10:00:00.000Z
sensor.smarte_steckdose_tp01_signalpegel,1.4586567433333333,2025-07-19T11:00:00.000Z
sensor.smarte_steckdose_tp01_signalpegel,1.0250090291666667,2025-07-19T12:00:00.000Z
sensor.smarte_steckdose_tp01_signalpegel,1.0208517752777777,2025-07-19T13:00:00.000Z
sensor.smarte_steckdose_tp01_signalpegel,1,2025-07-19T14:00:00.000Z
sensor.smarte_steckdose_tp01_signalpegel,1,2025-07-19T15:00:00.000Z
sensor.smarte_steckdose_tp01_signalpegel,1.001385696388889,2025-07-19T23:00:00.000Z
sensor.smarte_steckdose_tp01_signalpegel,1,2025-07-20T00:00:00.000Z
sensor.smarte_steckdose_tp01_signalpegel,1,2025-07-20T01:00:00.000Z
sensor.smarte_steckdose_tp01_signalpegel,1.0013941180555557,2025-07-20T02:00:00.000Z
sensor.smarte_steckdose_tp01_signalpegel,1,2025-07-20T03:00:00.000Z
sensor.smarte_steckdose_tp01_signalpegel,1,2025-07-20T04:00:00.000Z
sensor.smarte_steckdose_tp01_signalpegel,1.3361037272222223,2025-07-20T08:00:00.000Z
sensor.smarte_steckdose_tp01_signalpegel,1.4830345505555556,2025-07-20T09:00:00.000Z
sensor.smarte_steckdose_tp01_signalpegel,1.9958346466666665,2025-07-20T10:00:00.000Z
sensor.smarte_steckdose_tp01_signalpegel,1.4808971972222222,2025-07-20T11:00:00.000Z
sensor.smarte_steckdose_tp01_signalpegel,1.0666616905555555,2025-07-20T12:00:00.000Z
sensor.smarte_steckdose_tp01_signalpegel,1.0055535577777779,2025-07-20T13:00:00.000Z
sensor.smarte_steckdose_tp01_signalpegel,1.1997231133333333,2025-07-20T14:00:00.000Z
sensor.smarte_steckdose_tp01_signalpegel,1.9750005011111111,2025-07-20T15:00:00.000Z
sensor.smarte_steckdose_tp01_signalpegel,1.7430440627777777,2025-07-20T16:00:00.000Z
sensor.smarte_steckdose_tp01_signalpegel,1.8153002999999999,2025-07-20T17:00:00.000Z
sensor.smarte_steckdose_tp01_signalpegel,1.7444527416666666,2025-07-20T18:00:00.000Z
sensor.smarte_steckdose_tp01_signalpegel,1.7944073016666666,2025-07-20T19:00:00.000Z
sensor.smarte_steckdose_tp01_signalpegel,1.9875108088888889,2025-07-20T20:00:00.000Z
sensor.smarte_steckdose_tp01_signalpegel,1.970824966388889,2025-07-20T21:00:00.000Z
sensor.smarte_steckdose_tp01_signalpegel,1.9291926583333332,2025-07-20T22:00:00.000Z
sensor.smarte_steckdose_tp01_signalpegel,1.9791802261111113,2025-07-20T23:00:00.000Z
sensor.smarte_steckdose_tp01_signalpegel,2,2025-07-21T00:00:00.000Z
sensor.smarte_steckdose_tp01_signalpegel,2,2025-07-21T01:00:00.000Z
sensor.smarte_steckdose_tp01_signalpegel,1.983336201111111,2025-07-21T05:00:00.000Z
sensor.smarte_steckdose_tp01_signalpegel,1.0891563744444444,2025-07-21T06:00:00.000Z
sensor.smarte_steckdose_tp01_signalpegel,1.01388952,2025-07-21T07:00:00.000Z
sensor.smarte_steckdose_tp01_signalpegel,1.0333410227777777,2025-07-21T08:00:00.000Z
sensor.smarte_steckdose_tp01_signalpegel,1.0152736033333334,2025-07-21T09:00:00.000Z
sensor.smarte_steckdose_tp01_signalpegel,1.027777496111111,2025-07-21T10:00:00.000Z
sensor.smarte_steckdose_tp01_signalpegel,1.0721605225000002,2025-07-21T11:00:00.000Z
sensor.smarte_steckdose_tp01_signalpegel,1.3054165713888888,2025-07-21T12:00:00.000Z
sensor.smarte_steckdose_tp01_signalpegel,1.7472931919444443,2025-07-21T13:00:00.000Z
sensor.smarte_steckdose_tp01_signalpegel,1.7000155536111112,2025-07-21T14:00:00.000Z
sensor.smarte_steckdose_tp01_signalpegel,1.9458754880555553,2025-07-21T15:00:00.000Z
sensor.smarte_steckdose_tp01_signalpegel,1.9889085166666665,2025-07-21T16:00:00.000Z
sensor.smarte_steckdose_tp01_signalpegel,1.991116366111111,2025-07-21T17:00:00.000Z
sensor.smarte_steckdose_tp01_signalpegel,1.1086441341666666,2025-07-21T18:00:00.000Z
sensor.smarte_steckdose_tp01_signalpegel,1.02085593,2025-07-21T19:00:00.000Z
sensor.smarte_steckdose_tp01_signalpegel,1.4988783186111112,2025-07-21T20:00:00.000Z
sensor.smarte_steckdose_tp01_signalpegel,1.5733323075,2025-07-21T21:00:00.000Z
sensor.smarte_steckdose_tp01_signalpegel,1.3013989441666667,2025-07-21T22:00:00.000Z
sensor.smarte_steckdose_tp01_signalpegel,1.0672373497222223,2025-07-21T23:00:00.000Z
sensor.smarte_steckdose_tp01_signalpegel,1.0527790241666668,2025-07-22T00:00:00.000Z
sensor.smarte_steckdose_tp01_signalpegel,1.0458180566666666,2025-07-22T01:00:00.000Z
sensor.smarte_steckdose_tp01_signalpegel,1.3274852652777778,2025-07-22T02:00:00.000Z
sensor.smarte_steckdose_tp01_signalpegel,1.3680677825,2025-07-22T03:00:00.000Z
sensor.smarte_steckdose_tp01_signalpegel,1.6349949108333333,2025-07-22T04:00:00.000Z
sensor.smarte_steckdose_tp01_signalpegel,1.1816718730555555,2025-07-22T05:00:00.000Z
sensor.smarte_steckdose_tp01_signalpegel,1.8666554241666669,2025-07-22T06:00:00.000Z
sensor.smarte_steckdose_tp01_signalpegel,1.7336406980555557,2025-07-22T07:00:00.000Z
sensor.smarte_steckdose_tp01_signalpegel,1.7014132791666665,2025-07-22T08:00:00.000Z
sensor.smarte_steckdose_tp01_signalpegel,1.1305494172222221,2025-07-22T09:00:00.000Z
sensor.smarte_steckdose_tp01_signalpegel,1.0097260330555555,2025-07-22T10:00:00.000Z
sensor.smarte_steckdose_tp01_signalpegel,1.3152469747222222,2025-07-22T11:00:00.000Z
sensor.smarte_steckdose_tp01_signalpegel,1.8036746586111112,2025-07-22T12:00:00.000Z
sensor.smarte_steckdose_tp01_signalpegel,1.9708362169444442,2025-07-22T13:00:00.000Z
sensor.smarte_steckdose_tp01_signalpegel,1.9972209336111113,2025-07-22T14:00:00.000Z
sensor.smarte_steckdose_tp01_signalpegel,1.9944408908333333,2025-07-22T15:00:00.000Z
sensor.smarte_steckdose_tp01_signalpegel,1.965273145,2025-07-22T16:00:00.000Z
sensor.smarte_steckdose_tp01_signalpegel,1.9986096352777778,2025-07-22T17:00:00.000Z
sensor.smarte_steckdose_tp01_signalpegel,2,2025-07-22T18:00:00.000Z
sensor.smarte_steckdose_tp01_signalpegel,2,2025-07-22T19:00:00.000Z
sensor.smarte_steckdose_tp01_signalpegel,1.9152883183333334,2025-07-23T05:00:00.000Z
sensor.smarte_steckdose_tp01_signalpegel,1.3902812763888888,2025-07-23T06:00:00.000Z
sensor.smarte_steckdose_tp01_signalpegel,1.1583356758333332,2025-07-23T07:00:00.000Z
sensor.smarte_steckdose_tp01_signalpegel,1.2583313322222223,2025-07-23T08:00:00.000Z
sensor.smarte_steckdose_tp01_signalpegel,1.4497293858333336,2025-07-23T09:00:00.000Z
sensor.smarte_steckdose_tp01_signalpegel,2,2025-07-23T10:00:00.000Z
sensor.smarte_steckdose_tp01_signalpegel,2,2025-07-23T11:00:00.000Z
sensor.smarte_steckdose_tp01_signalpegel,1.9625204002777779,2025-07-23T12:00:00.000Z
sensor.smarte_steckdose_tp01_signalpegel,2,2025-07-23T13:00:00.000Z
sensor.smarte_steckdose_tp01_signalpegel,1.6093603255555555,2025-07-23T14:00:00.000Z
sensor.smarte_steckdose_tp01_signalpegel,1.1055792641666666,2025-07-23T15:00:00.000Z
sensor.smarte_steckdose_tp01_signalpegel,1.2264157811111112,2025-07-23T16:00:00.000Z
sensor.smarte_steckdose_tp01_signalpegel,1.8200316566666668,2025-07-23T17:00:00.000Z
sensor.smarte_steckdose_tp01_signalpegel,1.019456495,2025-07-23T18:00:00.000Z
sensor.smarte_steckdose_tp01_signalpegel,1,2025-07-23T19:00:00.000Z
sensor.smarte_steckdose_tp01_signalpegel,1.0569009616666667,2025-07-23T20:00:00.000Z
sensor.smarte_steckdose_tp01_signalpegel,1.4247082880555555,2025-07-23T21:00:00.000Z
sensor.smarte_steckdose_tp01_signalpegel,2,2025-07-23T22:00:00.000Z
sensor.smarte_steckdose_tp01_signalpegel,1.8905549202777776,2025-07-23T23:00:00.000Z
sensor.smarte_steckdose_tp01_signalpegel,1.581682092777778,2025-07-24T00:00:00.000Z
sensor.smarte_steckdose_tp01_signalpegel,1.8746252736111113,2025-07-24T01:00:00.000Z
sensor.smarte_steckdose_tp01_signalpegel,1.9416665588888888,2025-07-24T02:00:00.000Z
sensor.smarte_steckdose_tp01_signalpegel,1.9763952072222224,2025-07-24T03:00:00.000Z
sensor.smarte_steckdose_tp01_signalpegel,1.4750517077777776,2025-07-24T04:00:00.000Z
sensor.smarte_steckdose_tp01_signalpegel,1.3394573738888889,2025-07-24T05:00:00.000Z
sensor.smarte_steckdose_tp01_signalpegel,1.873059801388889,2025-07-24T06:00:00.000Z
sensor.smarte_steckdose_tp01_signalpegel,1.935279204722222,2025-07-24T07:00:00.000Z
sensor.smarte_steckdose_tp01_signalpegel,1.151392498611111,2025-07-24T08:00:00.000Z
sensor.smarte_steckdose_tp01_signalpegel,1,2025-07-24T09:00:00.000Z
sensor.smarte_steckdose_tp01_signalpegel,1.3152793305555555,2025-07-24T10:00:00.000Z
sensor.smarte_steckdose_tp01_signalpegel,1.3444357402777778,2025-07-24T11:00:00.000Z
sensor.smarte_steckdose_tp01_signalpegel,1.872222793611111,2025-07-24T12:00:00.000Z
sensor.smarte_steckdose_tp01_signalpegel,1.4805629938888891,2025-07-24T13:00:00.000Z
sensor.smarte_steckdose_tp01_signalpegel,1.240009152777778,2025-07-24T14:00:00.000Z
sensor.smarte_steckdose_tp01_signalpegel,1.9680653533333334,2025-07-24T15:00:00.000Z
sensor.smarte_steckdose_tp01_signalpegel,2,2025-07-24T16:00:00.000Z
sensor.smarte_steckdose_tp01_signalpegel,2,2025-07-24T17:00:00.000Z
sensor.smarte_steckdose_tp01_signalpegel,1.6513784630555557,2025-07-24T18:00:00.000Z
sensor.smarte_steckdose_tp01_signalpegel,1.9638894450000002,2025-07-24T19:00:00.000Z
sensor.smarte_steckdose_tp01_signalpegel,1.460073338888889,2025-07-24T20:00:00.000Z
sensor.smarte_steckdose_tp01_signalpegel,1.4802892666666665,2025-07-24T21:00:00.000Z
sensor.smarte_steckdose_tp01_signalpegel,1.7700038241666667,2025-07-24T22:00:00.000Z
sensor.smarte_steckdose_tp01_signalpegel,1.9342040230555557,2025-07-24T23:00:00.000Z
sensor.smarte_steckdose_tp01_signalpegel,1.8694446472222221,2025-07-25T00:00:00.000Z
sensor.smarte_steckdose_tp01_signalpegel,1.704143848888889,2025-07-25T01:00:00.000Z
sensor.smarte_steckdose_tp01_signalpegel,1.9986118336111112,2025-07-25T02:00:00.000Z
sensor.smarte_steckdose_tp01_signalpegel,2,2025-07-25T03:00:00.000Z
sensor.smarte_steckdose_tp01_signalpegel,1.9625346991666666,2025-07-25T04:00:00.000Z
sensor.smarte_steckdose_tp01_signalpegel,1.7353029269444444,2025-07-25T05:00:00.000Z
sensor.smarte_steckdose_tp01_signalpegel,1.5944302444444445,2025-07-25T06:00:00.000Z
sensor.smarte_steckdose_tp01_signalpegel,1,2025-07-25T07:00:00.000Z
sensor.smarte_steckdose_tp01_signalpegel,1.040193552777778,2025-07-25T08:00:00.000Z
sensor.smarte_steckdose_tp01_signalpegel,1.0333293186111112,2025-07-25T09:00:00.000Z
sensor.smarte_steckdose_tp01_signalpegel,1.0083641319444443,2025-07-25T10:00:00.000Z
sensor.smarte_steckdose_tp01_signalpegel,1.5033253022222224,2025-07-25T11:00:00.000Z
sensor.smarte_steckdose_tp01_signalpegel,1.1480636091666667,2025-07-25T12:00:00.000Z
sensor.smarte_steckdose_tp01_signalpegel,1.054164073611111,2025-07-25T13:00:00.000Z
sensor.smarte_steckdose_tp01_signalpegel,1.0361369633333333,2025-07-25T14:00:00.000Z
sensor.smarte_steckdose_tp01_signalpegel,1,2025-07-25T15:00:00.000Z
sensor.smarte_steckdose_tp01_signalpegel,1,2025-07-25T16:00:00.000Z
sensor.smarte_steckdose_tp01_signalpegel,1.5819444269444445,2025-07-25T18:00:00.000Z
sensor.smarte_steckdose_tp01_signalpegel,1,2025-07-25T19:00:00.000Z
sensor.smarte_steckdose_tp01_signalpegel,1.5355541563888888,2025-07-25T20:00:00.000Z
sensor.smarte_steckdose_tp01_signalpegel,2,2025-07-25T21:00:00.000Z
sensor.smarte_steckdose_tp01_signalpegel,2,2025-07-25T22:00:00.000Z
sensor.smarte_steckdose_tp01_signalpegel,1.972514163611111,2025-07-26T07:00:00.000Z
sensor.smarte_steckdose_tp01_signalpegel,1.059710476388889,2025-07-26T08:00:00.000Z
sensor.smarte_steckdose_tp01_signalpegel,1.3000038830555556,2025-07-26T09:00:00.000Z
sensor.smarte_steckdose_tp01_signalpegel,1.28166376,2025-07-26T10:00:00.000Z
sensor.smarte_steckdose_tp01_signalpegel,2,2025-07-26T11:00:00.000Z
sensor.smarte_steckdose_tp01_signalpegel,1.7097318227777778,2025-07-26T12:00:00.000Z
sensor.smarte_steckdose_tp01_signalpegel,1.171081941111111,2025-07-26T13:00:00.000Z
sensor.smarte_steckdose_tp01_signalpegel,1.3399995591666667,2025-07-26T14:00:00.000Z
sensor.smarte_steckdose_tp01_signalpegel,1.8764239391666668,2025-07-26T15:00:00.000Z
sensor.smarte_steckdose_tp01_signalpegel,1.9751320127777776,2025-07-26T16:00:00.000Z
sensor.smarte_steckdose_tp01_signalpegel,1.2516773,2025-07-26T17:00:00.000Z
sensor.smarte_steckdose_tp01_signalpegel,1.0041436838888889,2025-07-26T18:00:00.000Z
sensor.smarte_steckdose_tp01_signalpegel,1.0253946983333333,2025-07-26T19:00:00.000Z
sensor.smarte_steckdose_tp01_signalpegel,1.0221706897222222,2025-07-26T20:00:00.000Z
sensor.smarte_steckdose_tp01_signalpegel,1.7613861075,2025-07-26T21:00:00.000Z
sensor.smarte_steckdose_tp01_signalpegel,2,2025-07-26T22:00:00.000Z
sensor.smarte_steckdose_tp01_signalpegel,2,2025-07-26T23:00:00.000Z
sensor.smarte_steckdose_tp01_signalpegel,1.9444014844444446,2025-07-27T10:00:00.000Z
sensor.smarte_steckdose_tp01_signalpegel,1.6107918472222222,2025-07-27T11:00:00.000Z
sensor.smarte_steckdose_tp01_signalpegel,1.9833873094444445,2025-07-27T12:00:00.000Z
sensor.smarte_steckdose_tp01_signalpegel,1.7694489405555556,2025-07-27T13:00:00.000Z
sensor.smarte_steckdose_tp01_signalpegel,1.8374036505555555,2025-07-27T14:00:00.000Z
sensor.smarte_steckdose_tp01_signalpegel,1.5374465949999998,2025-07-27T15:00:00.000Z
sensor.smarte_steckdose_tp01_signalpegel,1.1739584086111112,2025-07-27T16:00:00.000Z
sensor.smarte_steckdose_tp01_signalpegel,1,2025-07-27T17:00:00.000Z
sensor.smarte_steckdose_tp01_signalpegel,1,2025-07-27T18:00:00.000Z
sensor.smarte_steckdose_tp01_signalpegel,1.0097281691666666,2025-07-27T21:00:00.000Z
sensor.smarte_steckdose_tp01_signalpegel,1,2025-07-27T22:00:00.000Z
sensor.smarte_steckdose_tp01_signalpegel,1,2025-07-27T23:00:00.000Z
sensor.smarte_steckdose_tp01_signalpegel,1.0013899702777778,2025-07-28T00:00:00.000Z
sensor.smarte_steckdose_tp01_signalpegel,1.101378588888889,2025-07-28T01:00:00.000Z
sensor.smarte_steckdose_tp01_signalpegel,1,2025-07-28T02:00:00.000Z
sensor.smarte_steckdose_tp01_signalpegel,1,2025-07-28T03:00:00.000Z
sensor.smarte_steckdose_tp01_signalpegel,1.0347275941666667,2025-07-28T04:00:00.000Z
sensor.smarte_steckdose_tp01_signalpegel,1.0049953780555556,2025-07-28T05:00:00.000Z
sensor.smarte_steckdose_tp01_signalpegel,1.2583122802777778,2025-07-28T06:00:00.000Z
sensor.smarte_steckdose_tp01_signalpegel,1.607800301111111,2025-07-28T07:00:00.000Z
sensor.smarte_steckdose_tp01_signalpegel,1.778859670277778,2025-07-28T08:00:00.000Z
sensor.smarte_steckdose_tp01_signalpegel,1.9986126230555554,2025-07-28T09:00:00.000Z
sensor.smarte_steckdose_tp01_signalpegel,1.817894437222222,2025-07-28T10:00:00.000Z
sensor.smarte_steckdose_tp01_signalpegel,1.2744215111111112,2025-07-28T11:00:00.000Z
sensor.smarte_steckdose_tp01_signalpegel,2,2025-07-28T12:00:00.000Z
sensor.smarte_steckdose_tp01_signalpegel,2,2025-07-28T13:00:00.000Z
sensor.smarte_steckdose_tp01_signalpegel,1.9403043780555558,2025-07-28T14:00:00.000Z
sensor.smarte_steckdose_tp01_signalpegel,2,2025-07-28T15:00:00.000Z
sensor.smarte_steckdose_tp01_signalpegel,2,2025-07-28T16:00:00.000Z
sensor.smarte_steckdose_tp01_signalpegel,1.8971982444444444,2025-07-28T17:00:00.000Z
sensor.smarte_steckdose_tp01_signalpegel,1.7036037483333333,2025-07-28T18:00:00.000Z
sensor.smarte_steckdose_tp01_signalpegel,1.384812487222222,2025-07-28T19:00:00.000Z
sensor.smarte_steckdose_tp01_signalpegel,1.0653091038888889,2025-07-28T20:00:00.000Z
sensor.smarte_steckdose_tp01_signalpegel,1.3408110047222221,2025-07-28T21:00:00.000Z
sensor.smarte_steckdose_tp01_signalpegel,1.0041813694444446,2025-07-28T22:00:00.000Z
sensor.smarte_steckdose_tp01_signalpegel,1.0902899066666667,2025-07-28T23:00:00.000Z
sensor.smarte_steckdose_tp01_signalpegel,1,2025-07-29T00:00:00.000Z
sensor.smarte_steckdose_tp01_signalpegel,1,2025-07-29T01:00:00.000Z
sensor.smarte_steckdose_tp01_signalpegel,1.00136836,2025-07-29T02:00:00.000Z
sensor.smarte_steckdose_tp01_signalpegel,1.006940191111111,2025-07-29T03:00:00.000Z
sensor.smarte_steckdose_tp01_signalpegel,1,2025-07-29T04:00:00.000Z
sensor.smarte_steckdose_tp01_signalpegel,1.0152756172222224,2025-07-29T05:00:00.000Z
sensor.smarte_steckdose_tp01_signalpegel,1.2444564419444444,2025-07-29T06:00:00.000Z
sensor.smarte_steckdose_tp01_signalpegel,1.4583554283333333,2025-07-29T07:00:00.000Z
sensor.smarte_steckdose_tp01_signalpegel,1.5555600500000002,2025-07-29T08:00:00.000Z
sensor.smarte_steckdose_tp01_signalpegel,1.0681295955555556,2025-07-29T09:00:00.000Z
sensor.smarte_steckdose_tp01_signalpegel,1.0319460655555555,2025-07-29T10:00:00.000Z
sensor.smarte_steckdose_tp01_signalpegel,1.4809170475,2025-07-29T11:00:00.000Z
sensor.smarte_steckdose_tp01_signalpegel,1,2025-07-29T12:00:00.000Z
sensor.smarte_steckdose_tp01_signalpegel,1.3041899825,2025-07-29T13:00:00.000Z
sensor.smarte_steckdose_tp01_signalpegel,1.8340726683333335,2025-07-29T14:00:00.000Z
sensor.smarte_steckdose_tp01_signalpegel,1.8166676511111113,2025-07-29T15:00:00.000Z
sensor.smarte_steckdose_tp01_signalpegel,2,2025-07-29T16:00:00.000Z
sensor.smarte_steckdose_tp01_signalpegel,2,2025-07-29T17:00:00.000Z
sensor.smarte_steckdose_tp01_signalpegel,1.9958637366666665,2025-07-29T18:00:00.000Z
sensor.smarte_steckdose_tp01_signalpegel,1.9879853158333332,2025-07-29T19:00:00.000Z
sensor.smarte_steckdose_tp01_signalpegel,1.5723682555555554,2025-07-29T20:00:00.000Z
sensor.smarte_steckdose_tp01_signalpegel,1.022720311111111,2025-07-29T21:00:00.000Z
sensor.smarte_steckdose_tp01_signalpegel,1.2705925858333333,2025-07-29T22:00:00.000Z
sensor.smarte_steckdose_tp01_signalpegel,1.986121596388889,2025-07-29T23:00:00.000Z
sensor.smarte_steckdose_tp01_signalpegel,1.884722253611111,2025-07-30T00:00:00.000Z
sensor.smarte_steckdose_tp01_signalpegel,1.7777425602777779,2025-07-30T01:00:00.000Z
sensor.smarte_steckdose_tp01_signalpegel,1.8680534702777776,2025-07-30T02:00:00.000Z
sensor.smarte_steckdose_tp01_signalpegel,1.9166711488888888,2025-07-30T03:00:00.000Z
sensor.smarte_steckdose_tp01_signalpegel,1.891714256388889,2025-07-30T04:00:00.000Z
sensor.smarte_steckdose_tp01_signalpegel,1.7664466763888889,2025-07-30T05:00:00.000Z
sensor.smarte_steckdose_tp01_signalpegel,1.2141930477777778,2025-07-30T06:00:00.000Z
sensor.smarte_steckdose_tp01_signalpegel,1.6847350891666666,2025-07-30T07:00:00.000Z
sensor.smarte_steckdose_tp01_signalpegel,1.9297390516666668,2025-07-30T08:00:00.000Z
sensor.smarte_steckdose_tp01_signalpegel,1.5353653366666666,2025-07-30T09:00:00.000Z
sensor.smarte_steckdose_tp01_signalpegel,1.8707172972222221,2025-07-30T10:00:00.000Z
sensor.smarte_steckdose_tp01_signalpegel,1.6819741586111112,2025-07-30T11:00:00.000Z
sensor.smarte_steckdose_tp01_signalpegel,2,2025-07-30T12:00:00.000Z
sensor.smarte_steckdose_tp01_signalpegel,1.9666669019444445,2025-07-30T13:00:00.000Z
sensor.smarte_steckdose_tp01_signalpegel,1.9930572322222222,2025-07-30T14:00:00.000Z
sensor.smarte_steckdose_tp01_signalpegel,1.2833400005555555,2025-07-30T15:00:00.000Z
sensor.smarte_steckdose_tp01_signalpegel,1.9638968980555556,2025-07-30T16:00:00.000Z
sensor.smarte_steckdose_tp01_signalpegel,1.6722509558333332,2025-07-30T17:00:00.000Z
sensor.smarte_steckdose_tp01_signalpegel,1.3488777402777776,2025-07-30T18:00:00.000Z
sensor.smarte_steckdose_tp01_signalpegel,1.058364266111111,2025-07-30T19:00:00.000Z
sensor.smarte_steckdose_tp01_signalpegel,1.7361530188888892,2025-07-30T20:00:00.000Z
sensor.smarte_steckdose_tp01_signalpegel,1.0749936052777778,2025-07-30T21:00:00.000Z
sensor.smarte_steckdose_tp01_signalpegel,1.019463926388889,2025-07-30T22:00:00.000Z
sensor.smarte_steckdose_tp01_signalpegel,1.03613072,2025-07-30T23:00:00.000Z
sensor.smarte_steckdose_tp01_signalpegel,1.049984193888889,2025-07-31T00:00:00.000Z
sensor.smarte_steckdose_tp01_signalpegel,1.1805281569444446,2025-07-31T01:00:00.000Z
sensor.smarte_steckdose_tp01_signalpegel,1.2888505527777778,2025-07-31T02:00:00.000Z
sensor.smarte_steckdose_tp01_signalpegel,1.0208266625,2025-07-31T03:00:00.000Z
sensor.smarte_steckdose_tp01_signalpegel,1.3388609683333332,2025-07-31T04:00:00.000Z
sensor.smarte_steckdose_tp01_signalpegel,1.2129005516666667,2025-07-31T05:00:00.000Z
sensor.smarte_steckdose_tp01_signalpegel,1,2025-07-31T06:00:00.000Z
sensor.smarte_steckdose_tp01_signalpegel,1,2025-07-31T07:00:00.000Z
sensor.smarte_steckdose_tp01_signalpegel,1.0903242938888889,2025-07-31T08:00:00.000Z
sensor.smarte_steckdose_tp01_signalpegel,1.0055491413888888,2025-07-31T09:00:00.000Z
sensor.smarte_steckdose_tp01_signalpegel,1.3629213841666665,2025-07-31T10:00:00.000Z
sensor.smarte_steckdose_tp01_signalpegel,1.657135517777778,2025-07-31T11:00:00.000Z
sensor.smarte_steckdose_tp01_signalpegel,1.5392729066666666,2025-07-31T12:00:00.000Z
sensor.smarte_steckdose_tp01_signalpegel,1.1415569111111112,2025-07-31T13:00:00.000Z
sensor.smarte_steckdose_tp01_signalpegel,1.1861853883333333,2025-07-31T14:00:00.000Z
sensor.smarte_steckdose_tp01_signalpegel,1,2025-07-31T15:00:00.000Z
sensor.smarte_steckdose_tp01_signalpegel,1.7271283330555558,2025-07-31T16:00:00.000Z
sensor.smarte_steckdose_tp01_signalpegel,1.8156173708333334,2025-07-31T17:00:00.000Z
sensor.smarte_steckdose_tp01_signalpegel,1.0886084452777778,2025-07-31T18:00:00.000Z
sensor.smarte_steckdose_tp01_signalpegel,1.530968495,2025-07-31T19:00:00.000Z
sensor.smarte_steckdose_tp01_signalpegel,1.0013855683333333,2025-07-31T20:00:00.000Z
sensor.smarte_steckdose_tp01_signalpegel,1.1591341905555554,2025-07-31T21:00:00.000Z
sensor.smarte_steckdose_tp01_signalpegel,1.8508464730555556,2025-07-31T22:00:00.000Z
sensor.smarte_steckdose_tp01_signalpegel,1.935290085,2025-07-31T23:00:00.000Z
sensor.smarte_steckdose_tp01_signalpegel,1.922211877222222,2025-08-01T00:00:00.000Z
sensor.smarte_steckdose_tp01_signalpegel,1.963890565,2025-08-01T01:00:00.000Z
sensor.smarte_steckdose_tp01_signalpegel,1.678666776388889,2025-08-01T02:00:00.000Z
sensor.smarte_steckdose_tp01_signalpegel,1.6603143911111111,2025-08-01T03:00:00.000Z
sensor.smarte_steckdose_tp01_signalpegel,1.9430658772222225,2025-08-01T04:00:00.000Z
sensor.smarte_steckdose_tp01_signalpegel,1.8208119658333333,2025-08-01T05:00:00.000Z
sensor.smarte_steckdose_tp01_signalpegel,1.4051563822222224,2025-08-01T06:00:00.000Z
sensor.smarte_steckdose_tp01_signalpegel,1.0277971919444444,2025-08-01T07:00:00.000Z
sensor.smarte_steckdose_tp01_signalpegel,1.009707423611111,2025-08-01T08:00:00.000Z
sensor.smarte_steckdose_tp01_signalpegel,1.0180427955555555,2025-08-01T09:00:00.000Z
sensor.smarte_steckdose_tp01_signalpegel,1,2025-08-01T10:00:00.000Z
sensor.smarte_steckdose_tp01_signalpegel,1,2025-08-01T11:00:00.000Z
sensor.smarte_steckdose_tp01_signalpegel,1.3260305733333333,2025-08-01T12:00:00.000Z
sensor.smarte_steckdose_tp01_signalpegel,1.7721745583333333,2025-08-01T13:00:00.000Z
sensor.smarte_steckdose_tp01_signalpegel,1.6753108522222222,2025-08-01T14:00:00.000Z
sensor.smarte_steckdose_tp01_signalpegel,1.5169470041666668,2025-08-01T15:00:00.000Z
sensor.smarte_steckdose_tp01_signalpegel,1.2624944155555555,2025-08-01T16:00:00.000Z
sensor.smarte_steckdose_tp01_signalpegel,1.0371913041666667,2025-08-01T17:00:00.000Z
sensor.smarte_steckdose_tp01_signalpegel,1.001385981388889,2025-08-01T18:00:00.000Z
sensor.smarte_steckdose_tp01_signalpegel,1.0111123458333333,2025-08-01T19:00:00.000Z
sensor.smarte_steckdose_tp01_signalpegel,1.0194027038888889,2025-08-01T20:00:00.000Z
sensor.smarte_steckdose_tp01_signalpegel,1.0276104594444444,2025-08-01T21:00:00.000Z
sensor.smarte_steckdose_tp01_signalpegel,1.358652311111111,2025-08-01T22:00:00.000Z
sensor.smarte_steckdose_tp01_signalpegel,1.3833360127777778,2025-08-01T23:00:00.000Z
sensor.smarte_steckdose_tp01_signalpegel,1.2833490349999999,2025-08-02T00:00:00.000Z
sensor.smarte_steckdose_tp01_signalpegel,1.8694286244444445,2025-08-02T01:00:00.000Z
sensor.smarte_steckdose_tp01_signalpegel,2,2025-08-02T02:00:00.000Z
sensor.smarte_steckdose_tp01_signalpegel,2,2025-08-02T03:00:00.000Z
sensor.smarte_steckdose_tp01_signalpegel,1.9972210213888888,2025-08-02T04:00:00.000Z
sensor.smarte_steckdose_tp01_signalpegel,2,2025-08-02T05:00:00.000Z
sensor.smarte_steckdose_tp01_signalpegel,1.993080951111111,2025-08-02T06:00:00.000Z
sensor.smarte_steckdose_tp01_signalpegel,2,2025-08-02T07:00:00.000Z
sensor.smarte_steckdose_tp01_signalpegel,1.9964211708333333,2025-08-02T08:00:00.000Z
sensor.smarte_steckdose_tp01_signalpegel,1.5541716772222223,2025-08-02T09:00:00.000Z
sensor.smarte_steckdose_tp01_signalpegel,1.5091208577777777,2025-08-02T10:00:00.000Z
sensor.smarte_steckdose_tp01_signalpegel,1.9541660936111114,2025-08-02T11:00:00.000Z
sensor.smarte_steckdose_tp01_signalpegel,1.8041244025,2025-08-02T12:00:00.000Z
sensor.smarte_steckdose_tp01_signalpegel,2,2025-08-02T13:00:00.000Z
sensor.smarte_steckdose_tp01_signalpegel,1.998610613888889,2025-08-02T14:00:00.000Z
sensor.smarte_steckdose_tp01_signalpegel,1.993046226111111,2025-08-02T15:00:00.000Z
sensor.smarte_steckdose_tp01_signalpegel,1.7691160708333333,2025-08-02T16:00:00.000Z
sensor.smarte_steckdose_tp01_signalpegel,1,2025-08-02T17:00:00.000Z
sensor.smarte_steckdose_tp01_signalpegel,1.2388781197222223,2025-08-02T18:00:00.000Z
sensor.smarte_steckdose_tp01_signalpegel,1.1750027708333333,2025-08-02T19:00:00.000Z
sensor.smarte_steckdose_tp01_signalpegel,1.3258398752777778,2025-08-02T20:00:00.000Z
sensor.smarte_steckdose_tp01_signalpegel,1,2025-08-02T21:00:00.000Z
sensor.smarte_steckdose_tp01_signalpegel,1,2025-08-02T22:00:00.000Z
sensor.smarte_steckdose_tp01_signalpegel,1.3080296283333335,2025-08-03T11:00:00.000Z
sensor.smarte_steckdose_tp01_signalpegel,2,2025-08-03T12:00:00.000Z
sensor.smarte_steckdose_tp01_signalpegel,1.988890658611111,2025-08-03T13:00:00.000Z
sensor.smarte_steckdose_tp01_signalpegel,2,2025-08-03T14:00:00.000Z
sensor.smarte_steckdose_tp01_signalpegel,2,2025-08-03T15:00:00.000Z
sensor.smarte_steckdose_tp01_signalpegel,1.9844355333333334,2025-08-03T19:00:00.000Z
sensor.smarte_steckdose_tp01_signalpegel,2,2025-08-03T20:00:00.000Z
sensor.smarte_steckdose_tp01_signalpegel,2,2025-08-03T21:00:00.000Z
sensor.smarte_steckdose_tp01_signalpegel,1.9986328227777779,2025-08-04T10:00:00.000Z
sensor.smarte_steckdose_tp01_signalpegel,2,2025-08-04T11:00:00.000Z
sensor.smarte_steckdose_tp01_signalpegel,1.9986086744444445,2025-08-04T12:00:00.000Z
sensor.smarte_steckdose_tp01_signalpegel,1.709723870277778,2025-08-04T13:00:00.000Z
sensor.smarte_steckdose_tp01_signalpegel,1.6026022133333333,2025-08-04T14:00:00.000Z
sensor.smarte_steckdose_tp01_signalpegel,2,2025-08-04T15:00:00.000Z
sensor.smarte_steckdose_tp01_signalpegel,2,2025-08-04T16:00:00.000Z
sensor.smarte_steckdose_tp01_signalpegel,1.743074065,2025-08-05T13:00:00.000Z
sensor.smarte_steckdose_tp01_signalpegel,2,2025-08-05T14:00:00.000Z
sensor.smarte_steckdose_tp01_signalpegel,2,2025-08-05T15:00:00.000Z
sensor.smarte_steckdose_tp01_signalpegel,1.9888873080555556,2025-08-06T11:00:00.000Z
sensor.smarte_steckdose_tp01_signalpegel,1.8388929008333335,2025-08-06T12:00:00.000Z
sensor.smarte_steckdose_tp01_signalpegel,1.9944449525,2025-08-06T13:00:00.000Z
sensor.smarte_steckdose_tp01_signalpegel,1.6546898188888888,2025-08-06T14:00:00.000Z
sensor.smarte_steckdose_tp01_signalpegel,2,2025-08-06T15:00:00.000Z
sensor.smarte_steckdose_tp01_signalpegel,1.9916806672222223,2025-08-06T16:00:00.000Z
sensor.smarte_steckdose_tp01_signalpegel,2,2025-08-06T17:00:00.000Z
sensor.smarte_steckdose_tp01_signalpegel,1.9069344188888888,2025-08-06T18:00:00.000Z
sensor.smarte_steckdose_tp01_signalpegel,1.998607899722222,2025-08-06T19:00:00.000Z
sensor.smarte_steckdose_tp01_signalpegel,2,2025-08-06T20:00:00.000Z
sensor.smarte_steckdose_tp01_signalpegel,2,2025-08-06T21:00:00.000Z
sensor.smarte_steckdose_tp01_signalpegel,1.218328891111111,2025-08-07T09:00:00.000Z
sensor.smarte_steckdose_tp01_signalpegel,1.0424568747222223,2025-08-07T10:00:00.000Z
sensor.smarte_steckdose_tp01_signalpegel,1.9027683841666667,2025-08-07T11:00:00.000Z
sensor.smarte_steckdose_tp01_signalpegel,1.292285068888889,2025-08-07T12:00:00.000Z
sensor.smarte_steckdose_tp01_signalpegel,1,2025-08-07T13:00:00.000Z
sensor.smarte_steckdose_tp01_signalpegel,1,2025-08-07T14:00:00.000Z
sensor.smarte_steckdose_tp01_signalpegel,1.0027706080555556,2025-08-07T15:00:00.000Z
sensor.smarte_steckdose_tp01_signalpegel,1,2025-08-07T16:00:00.000Z
sensor.smarte_steckdose_tp01_signalpegel,1.2482965380555555,2025-08-07T17:00:00.000Z
sensor.smarte_steckdose_tp01_signalpegel,1.6041810252777777,2025-08-07T18:00:00.000Z
sensor.smarte_steckdose_tp01_signalpegel,1.0603330011111112,2025-08-07T19:00:00.000Z
sensor.smarte_steckdose_tp01_signalpegel,1.150002173888889,2025-08-07T20:00:00.000Z
sensor.smarte_steckdose_tp01_signalpegel,1.0944515438888889,2025-08-07T21:00:00.000Z
sensor.smarte_steckdose_tp01_signalpegel,1.1071836069444443,2025-08-07T22:00:00.000Z
sensor.smarte_steckdose_tp01_signalpegel,1.2319810502777777,2025-08-07T23:00:00.000Z
sensor.smarte_steckdose_tp01_signalpegel,1.3277455922222223,2025-08-08T00:00:00.000Z
sensor.smarte_steckdose_tp01_signalpegel,1.3583371533333333,2025-08-08T01:00:00.000Z
sensor.smarte_steckdose_tp01_signalpegel,1.440027188888889,2025-08-08T02:00:00.000Z
sensor.smarte_steckdose_tp01_signalpegel,1.629171368888889,2025-08-08T03:00:00.000Z
sensor.smarte_steckdose_tp01_signalpegel,1.8169670483333331,2025-08-08T04:00:00.000Z
sensor.smarte_steckdose_tp01_signalpegel,1.806772526111111,2025-08-08T05:00:00.000Z
sensor.smarte_steckdose_tp01_signalpegel,1.5666403355555556,2025-08-08T06:00:00.000Z
sensor.smarte_steckdose_tp01_signalpegel,1.314384836388889,2025-08-08T07:00:00.000Z
sensor.smarte_steckdose_tp01_signalpegel,1.016870553888889,2025-08-08T08:00:00.000Z
sensor.smarte_steckdose_tp01_signalpegel,1,2025-08-08T09:00:00.000Z
sensor.smarte_steckdose_tp01_signalpegel,1.06100784,2025-08-08T10:00:00.000Z
sensor.smarte_steckdose_tp01_signalpegel,1,2025-08-08T11:00:00.000Z
sensor.smarte_steckdose_tp01_signalpegel,1,2025-08-08T12:00:00.000Z
sensor.smarte_steckdose_tp01_signalpegel,1.0055581769444444,2025-08-08T16:00:00.000Z
sensor.smarte_steckdose_tp01_signalpegel,1,2025-08-08T17:00:00.000Z
sensor.smarte_steckdose_tp01_signalpegel,1.0291672175,2025-08-08T18:00:00.000Z
sensor.smarte_steckdose_tp01_signalpegel,1.8016372502777778,2025-08-08T19:00:00.000Z
sensor.smarte_steckdose_tp01_signalpegel,2,2025-08-08T20:00:00.000Z
sensor.smarte_steckdose_tp01_signalpegel,1.3780812161111111,2025-08-08T21:00:00.000Z
sensor.smarte_steckdose_tp01_signalpegel,1,2025-08-08T22:00:00.000Z
sensor.smarte_steckdose_tp01_signalpegel,1,2025-08-08T23:00:00.000Z
sensor.smarte_steckdose_tp01_signalpegel,1.00138784,2025-08-09T07:00:00.000Z
sensor.smarte_steckdose_tp01_signalpegel,1,2025-08-09T08:00:00.000Z
sensor.smarte_steckdose_tp01_signalpegel,1.0027800369444444,2025-08-09T09:00:00.000Z
sensor.smarte_steckdose_tp01_signalpegel,1,2025-08-09T10:00:00.000Z
sensor.smarte_steckdose_tp01_signalpegel,1,2025-08-09T11:00:00.000Z
sensor.smarte_steckdose_tp01_signalpegel,1.1944234627777777,2025-08-09T21:00:00.000Z
sensor.smarte_steckdose_tp01_signalpegel,1,2025-08-09T22:00:00.000Z
sensor.smarte_steckdose_tp01_signalpegel,1,2025-08-09T23:00:00.000Z
sensor.smarte_steckdose_tp01_signalpegel,1.0236085508333332,2025-08-10T08:00:00.000Z
sensor.smarte_steckdose_tp01_signalpegel,1.0639110133333334,2025-08-10T09:00:00.000Z
sensor.smarte_steckdose_tp01_signalpegel,1.0055601444444444,2025-08-10T10:00:00.000Z
sensor.smarte_steckdose_tp01_signalpegel,1.0223815591666667,2025-08-10T11:00:00.000Z
sensor.smarte_steckdose_tp01_signalpegel,1,2025-08-10T12:00:00.000Z
sensor.smarte_steckdose_tp01_signalpegel,1,2025-08-10T13:00:00.000Z
sensor.smarte_steckdose_tp01_signalpegel,1.099715967777778,2025-08-10T19:00:00.000Z
sensor.smarte_steckdose_tp01_signalpegel,1.1350089902777778,2025-08-10T20:00:00.000Z
sensor.smarte_steckdose_tp01_signalpegel,1,2025-08-10T21:00:00.000Z
sensor.smarte_steckdose_tp01_signalpegel,1,2025-08-10T22:00:00.000Z
sensor.smarte_steckdose_tp01_signalpegel,1.0480147308333334,2025-08-11T06:00:00.000Z
sensor.smarte_steckdose_tp01_signalpegel,1.6463592283333333,2025-08-11T07:00:00.000Z
sensor.smarte_steckdose_tp01_signalpegel,2,2025-08-11T08:00:00.000Z
sensor.smarte_steckdose_tp01_signalpegel,2,2025-08-11T09:00:00.000Z
sensor.smarte_steckdose_tp01_signalpegel,1.7562086022222223,2025-08-11T10:00:00.000Z
sensor.smarte_steckdose_tp01_signalpegel,1,2025-08-11T11:00:00.000Z
sensor.smarte_steckdose_tp01_signalpegel,1,2025-08-11T12:00:00.000Z
sensor.smarte_steckdose_tp01_signalpegel,1.0013861080555555,2025-08-11T15:00:00.000Z
sensor.smarte_steckdose_tp01_signalpegel,1,2025-08-11T16:00:00.000Z
sensor.smarte_steckdose_tp01_signalpegel,1.0096870030555556,2025-08-11T17:00:00.000Z
sensor.smarte_steckdose_tp01_signalpegel,1.004188886111111,2025-08-11T18:00:00.000Z
sensor.smarte_steckdose_tp01_signalpegel,1,2025-08-11T19:00:00.000Z
sensor.smarte_steckdose_tp01_signalpegel,1.0013962375,2025-08-11T20:00:00.000Z
sensor.smarte_steckdose_tp01_signalpegel,1,2025-08-11T21:00:00.000Z
sensor.smarte_steckdose_tp01_signalpegel,1,2025-08-11T22:00:00.000Z
sensor.smarte_steckdose_tp01_signalpegel,1.0013909180555556,2025-08-14T10:00:00.000Z
sensor.smarte_steckdose_tp01_signalpegel,1,2025-08-14T11:00:00.000Z
sensor.smarte_steckdose_tp01_signalpegel,1,2025-08-14T12:00:00.000Z
sensor.smarte_steckdose_tp01_signalpegel,1.0083311283333334,2025-08-15T13:00:00.000Z
sensor.smarte_steckdose_tp01_signalpegel,1.0180661766666665,2025-08-15T14:00:00.000Z
sensor.smarte_steckdose_tp01_signalpegel,1,2025-08-15T15:00:00.000Z
sensor.smarte_steckdose_tp01_signalpegel,1,2025-08-15T16:00:00.000Z
sensor.smarte_steckdose_tp01_signalpegel,1.019444313888889,2025-08-16T08:00:00.000Z
sensor.smarte_steckdose_tp01_signalpegel,1,2025-08-16T09:00:00.000Z
sensor.smarte_steckdose_tp01_signalpegel,1.3083231652777778,2025-08-16T10:00:00.000Z
sensor.smarte_steckdose_tp01_signalpegel,1.5913642577777776,2025-08-16T11:00:00.000Z
sensor.smarte_steckdose_tp01_signalpegel,1.7975210933333334,2025-08-16T12:00:00.000Z
sensor.smarte_steckdose_tp01_signalpegel,1.934422218611111,2025-08-16T13:00:00.000Z
sensor.smarte_steckdose_tp01_signalpegel,1.9902750094444446,2025-08-16T14:00:00.000Z
sensor.smarte_steckdose_tp01_signalpegel,1.994443853611111,2025-08-16T15:00:00.000Z
sensor.smarte_steckdose_tp01_signalpegel,1.968055053611111,2025-08-16T16:00:00.000Z
sensor.smarte_steckdose_tp01_signalpegel,1.2336326566666667,2025-08-16T17:00:00.000Z
sensor.smarte_steckdose_tp01_signalpegel,1,2025-08-16T18:00:00.000Z
sensor.smarte_steckdose_tp01_signalpegel,1,2025-08-16T19:00:00.000Z
sensor.smarte_steckdose_tp01_signalpegel,1.0094263883333332,2025-08-17T13:00:00.000Z
sensor.smarte_steckdose_tp01_signalpegel,1.0697190630555555,2025-08-17T14:00:00.000Z
sensor.smarte_steckdose_tp01_signalpegel,1.0125040797222222,2025-08-17T15:00:00.000Z
sensor.smarte_steckdose_tp01_signalpegel,1.0083339994444445,2025-08-17T16:00:00.000Z
sensor.smarte_steckdose_tp01_signalpegel,1,2025-08-17T17:00:00.000Z
sensor.smarte_steckdose_tp01_signalpegel,1,2025-08-17T18:00:00.000Z
sensor.smarte_steckdose_tp01_signalpegel,1.0013887383333333,2025-08-17T19:00:00.000Z
sensor.smarte_steckdose_tp01_signalpegel,1,2025-08-17T20:00:00.000Z
sensor.smarte_steckdose_tp01_signalpegel,1,2025-08-17T21:00:00.000Z
sensor.smarte_steckdose_tp01_signalpegel,1.0041651777777778,2025-08-18T09:00:00.000Z
sensor.smarte_steckdose_tp01_signalpegel,1.0347392061111111,2025-08-18T10:00:00.000Z
sensor.smarte_steckdose_tp01_signalpegel,1.063885685,2025-08-18T11:00:00.000Z
sensor.smarte_steckdose_tp01_signalpegel,1.0236313513888888,2025-08-18T12:00:00.000Z
sensor.smarte_steckdose_tp01_signalpegel,1.1111768697222222,2025-08-18T13:00:00.000Z
sensor.smarte_steckdose_tp01_signalpegel,1.1666977422222222,2025-08-18T14:00:00.000Z
sensor.smarte_steckdose_tp01_signalpegel,1.45974495,2025-08-18T15:00:00.000Z
sensor.smarte_steckdose_tp01_signalpegel,1.06111598,2025-08-18T16:00:00.000Z
sensor.smarte_steckdose_tp01_signalpegel,1.0152824624999999,2025-08-18T17:00:00.000Z
sensor.smarte_steckdose_tp01_signalpegel,1,2025-08-18T18:00:00.000Z
sensor.smarte_steckdose_tp01_signalpegel,1,2025-08-18T19:00:00.000Z
sensor.smarte_steckdose_tp01_signalpegel,1.819143068611111,2025-08-20T13:00:00.000Z
sensor.smarte_steckdose_tp01_signalpegel,1.7819491105555556,2025-08-20T14:00:00.000Z
sensor.smarte_steckdose_tp01_signalpegel,1.0516904136111112,2025-08-20T15:00:00.000Z
sensor.smarte_steckdose_tp01_signalpegel,1,2025-08-20T16:00:00.000Z
sensor.smarte_steckdose_tp01_signalpegel,1,2025-08-20T17:00:00.000Z
sensor.smarte_steckdose_tp01_signalpegel,1.5916713886111111,2025-08-22T13:00:00.000Z
sensor.smarte_steckdose_tp01_signalpegel,1.3730268386111113,2025-08-22T14:00:00.000Z
sensor.smarte_steckdose_tp01_signalpegel,2,2025-08-22T15:00:00.000Z
sensor.smarte_steckdose_tp01_signalpegel,2,2025-08-22T16:00:00.000Z
sensor.smarte_steckdose_tp01_signalpegel,1.44336334,2025-08-22T17:00:00.000Z
sensor.smarte_steckdose_tp01_signalpegel,1,2025-08-22T18:00:00.000Z
sensor.smarte_steckdose_tp01_signalpegel,1,2025-08-22T19:00:00.000Z
sensor.smarte_steckdose_tp01_signalpegel,1.9149766302777778,2025-08-22T20:00:00.000Z
sensor.smarte_steckdose_tp01_signalpegel,1.9769668316666669,2025-08-22T21:00:00.000Z
sensor.smarte_steckdose_tp01_signalpegel,1.4841429097222223,2025-08-22T22:00:00.000Z
sensor.smarte_steckdose_tp01_signalpegel,2,2025-08-22T23:00:00.000Z
sensor.smarte_steckdose_tp01_signalpegel,2,2025-08-23T00:00:00.000Z
sensor.smarte_steckdose_tp01_signalpegel,1.6644691280555557,2025-08-23T01:00:00.000Z
sensor.smarte_steckdose_tp01_signalpegel,1,2025-08-23T02:00:00.000Z
sensor.smarte_steckdose_tp01_signalpegel,1.0444451408333333,2025-08-23T03:00:00.000Z
sensor.smarte_steckdose_tp01_signalpegel,1,2025-08-23T04:00:00.000Z
sensor.smarte_steckdose_tp01_signalpegel,1.0416445777777776,2025-08-23T05:00:00.000Z
sensor.smarte_steckdose_tp01_signalpegel,1,2025-08-23T06:00:00.000Z
sensor.smarte_steckdose_tp01_signalpegel,1,2025-08-23T07:00:00.000Z
sensor.smarte_steckdose_tp01_signalpegel,1.9691431886111113,2025-08-23T08:00:00.000Z
sensor.smarte_steckdose_tp01_signalpegel,2,2025-08-23T09:00:00.000Z
sensor.smarte_steckdose_tp01_signalpegel,2,2025-08-23T10:00:00.000Z
sensor.smarte_steckdose_tp01_signalpegel,1.9808664725,2025-08-23T17:00:00.000Z
sensor.smarte_steckdose_tp01_signalpegel,1.9927561836111112,2025-08-23T18:00:00.000Z
sensor.smarte_steckdose_tp01_signalpegel,1.9819382361111113,2025-08-23T19:00:00.000Z
sensor.smarte_steckdose_tp01_signalpegel,2,2025-08-23T20:00:00.000Z
sensor.smarte_steckdose_tp01_signalpegel,1.8977849225000003,2025-08-23T21:00:00.000Z
sensor.smarte_steckdose_tp01_signalpegel,1.0847310958333334,2025-08-23T22:00:00.000Z
sensor.smarte_steckdose_tp01_signalpegel,1.3278034669444445,2025-08-23T23:00:00.000Z
sensor.smarte_steckdose_tp01_signalpegel,1.4403162975000001,2025-08-24T00:00:00.000Z
sensor.smarte_steckdose_tp01_signalpegel,1.6388702452777777,2025-08-24T01:00:00.000Z
sensor.smarte_steckdose_tp01_signalpegel,1.4597582691666666,2025-08-24T02:00:00.000Z
sensor.smarte_steckdose_tp01_signalpegel,1.0583252136111112,2025-08-24T03:00:00.000Z
sensor.smarte_steckdose_tp01_signalpegel,1.3484981080555556,2025-08-24T04:00:00.000Z
sensor.smarte_steckdose_tp01_signalpegel,1.054156585,2025-08-24T05:00:00.000Z
sensor.smarte_steckdose_tp01_signalpegel,1.0069227080555556,2025-08-24T06:00:00.000Z
sensor.smarte_steckdose_tp01_signalpegel,1.096385121111111,2025-08-24T07:00:00.000Z
sensor.smarte_steckdose_tp01_signalpegel,1.9908447827777778,2025-08-24T08:00:00.000Z
sensor.smarte_steckdose_tp01_signalpegel,2,2025-08-24T09:00:00.000Z
sensor.smarte_steckdose_tp01_signalpegel,2,2025-08-24T10:00:00.000Z
sensor.smarte_steckdose_tp01_signalpegel,1.9916731377777779,2025-08-24T12:00:00.000Z
sensor.smarte_steckdose_tp01_signalpegel,2,2025-08-24T13:00:00.000Z
sensor.smarte_steckdose_tp01_signalpegel,1.995844856111111,2025-08-24T14:00:00.000Z
sensor.smarte_steckdose_tp01_signalpegel,1.9986078366666666,2025-08-24T15:00:00.000Z
sensor.smarte_steckdose_tp01_signalpegel,2,2025-08-24T16:00:00.000Z
sensor.smarte_steckdose_tp01_signalpegel,1.5387923341666667,2025-08-24T17:00:00.000Z
sensor.smarte_steckdose_tp01_signalpegel,1.1226024033333333,2025-08-24T18:00:00.000Z
sensor.smarte_steckdose_tp01_signalpegel,1.0013974266666665,2025-08-24T19:00:00.000Z
sensor.smarte_steckdose_tp01_signalpegel,1.0097646327777778,2025-08-24T20:00:00.000Z
sensor.smarte_steckdose_tp01_signalpegel,1,2025-08-24T21:00:00.000Z
sensor.smarte_steckdose_tp01_signalpegel,1,2025-08-24T22:00:00.000Z
sensor.smarte_steckdose_tp01_signalpegel,1.0041661669444444,2025-08-24T23:00:00.000Z
sensor.smarte_steckdose_tp01_signalpegel,1.0041692394444446,2025-08-25T00:00:00.000Z
sensor.smarte_steckdose_tp01_signalpegel,1.0013731661111112,2025-08-25T01:00:00.000Z
sensor.smarte_steckdose_tp01_signalpegel,1,2025-08-25T02:00:00.000Z
sensor.smarte_steckdose_tp01_signalpegel,1.0014006722222222,2025-08-25T03:00:00.000Z
sensor.smarte_steckdose_tp01_signalpegel,1.0027773933333333,2025-08-25T04:00:00.000Z
sensor.smarte_steckdose_tp01_signalpegel,1.0708346205555557,2025-08-25T05:00:00.000Z
sensor.smarte_steckdose_tp01_signalpegel,1.1388656361111111,2025-08-25T06:00:00.000Z
sensor.smarte_steckdose_tp01_signalpegel,1.0071933261111112,2025-08-25T07:00:00.000Z
sensor.smarte_steckdose_tp01_signalpegel,1.939754895277778,2025-08-25T08:00:00.000Z
sensor.smarte_steckdose_tp01_signalpegel,1.7417037658333332,2025-08-25T09:00:00.000Z
sensor.smarte_steckdose_tp01_signalpegel,1.1892164138888888,2025-08-25T10:00:00.000Z
sensor.smarte_steckdose_tp01_signalpegel,1.627197244722222,2025-08-25T11:00:00.000Z
sensor.smarte_steckdose_tp01_signalpegel,1.9833395516666668,2025-08-25T12:00:00.000Z
sensor.smarte_steckdose_tp01_signalpegel,1.8917106180555556,2025-08-25T13:00:00.000Z
sensor.smarte_steckdose_tp01_signalpegel,1.9944497227777778,2025-08-25T14:00:00.000Z
sensor.smarte_steckdose_tp01_signalpegel,2,2025-08-25T15:00:00.000Z
sensor.smarte_steckdose_tp01_signalpegel,2,2025-08-25T16:00:00.000Z
sensor.smarte_steckdose_tp01_signalpegel,1.3544874775,2025-08-25T17:00:00.000Z
sensor.smarte_steckdose_tp01_signalpegel,1.4247472061111113,2025-08-25T18:00:00.000Z
sensor.smarte_steckdose_tp01_signalpegel,1.6486171166666665,2025-08-25T19:00:00.000Z
sensor.smarte_steckdose_tp01_signalpegel,1.9763911313888889,2025-08-25T20:00:00.000Z
sensor.smarte_steckdose_tp01_signalpegel,1.9944499183333333,2025-08-25T21:00:00.000Z
sensor.smarte_steckdose_tp01_signalpegel,1.91107564,2025-08-25T22:00:00.000Z
sensor.smarte_steckdose_tp01_signalpegel,2,2025-08-25T23:00:00.000Z
sensor.smarte_steckdose_tp01_signalpegel,2,2025-08-26T00:00:00.000Z
sensor.smarte_steckdose_tp01_signalpegel,1.3586280297222222,2025-08-26T17:00:00.000Z
sensor.smarte_steckdose_tp01_signalpegel,1.2468449947222222,2025-08-26T18:00:00.000Z
sensor.smarte_steckdose_tp01_signalpegel,1.4499952702777776,2025-08-26T19:00:00.000Z
sensor.smarte_steckdose_tp01_signalpegel,2,2025-08-26T20:00:00.000Z
sensor.smarte_steckdose_tp01_signalpegel,2,2025-08-26T21:00:00.000Z
sensor.smarte_steckdose_tp01_signalpegel,1.738079018611111,2025-08-27T07:00:00.000Z
sensor.smarte_steckdose_tp01_signalpegel,1.2808100005555556,2025-08-27T08:00:00.000Z
sensor.smarte_steckdose_tp01_signalpegel,2,2025-08-27T09:00:00.000Z
sensor.smarte_steckdose_tp01_signalpegel,2,2025-08-27T10:00:00.000Z
sensor.smarte_steckdose_tp01_signalpegel,1.9972153880555554,2025-08-27T21:00:00.000Z
sensor.smarte_steckdose_tp01_signalpegel,2,2025-08-27T22:00:00.000Z
sensor.smarte_steckdose_tp01_signalpegel,1.6614066375,2025-08-27T23:00:00.000Z
sensor.smarte_steckdose_tp01_signalpegel,1.025043393888889,2025-08-28T00:00:00.000Z
sensor.smarte_steckdose_tp01_signalpegel,1.0610459700000001,2025-08-28T01:00:00.000Z
sensor.smarte_steckdose_tp01_signalpegel,1,2025-08-28T02:00:00.000Z
sensor.smarte_steckdose_tp01_signalpegel,1.1832766030555555,2025-08-28T03:00:00.000Z
sensor.smarte_steckdose_tp01_signalpegel,1.2625783691666668,2025-08-28T04:00:00.000Z
sensor.smarte_steckdose_tp01_signalpegel,1.4716673894444445,2025-08-28T05:00:00.000Z
sensor.smarte_steckdose_tp01_signalpegel,1.5790844205555554,2025-08-28T06:00:00.000Z
sensor.smarte_steckdose_tp01_signalpegel,1.7455367630555554,2025-08-28T07:00:00.000Z
sensor.smarte_steckdose_tp01_signalpegel,2,2025-08-28T08:00:00.000Z
sensor.smarte_steckdose_tp01_signalpegel,1.0597606169444445,2025-08-28T09:00:00.000Z
sensor.smarte_steckdose_tp01_signalpegel,1,2025-08-28T10:00:00.000Z
sensor.smarte_steckdose_tp01_signalpegel,1.7708034266666666,2025-08-28T11:00:00.000Z
sensor.smarte_steckdose_tp01_signalpegel,2,2025-08-28T12:00:00.000Z
sensor.smarte_steckdose_tp01_signalpegel,2,2025-08-28T13:00:00.000Z
sensor.smarte_steckdose_tp01_signalpegel,1.568355008611111,2025-08-28T17:00:00.000Z
sensor.smarte_steckdose_tp01_signalpegel,1.2094101144444445,2025-08-28T18:00:00.000Z
sensor.smarte_steckdose_tp01_signalpegel,2,2025-08-28T19:00:00.000Z
sensor.smarte_steckdose_tp01_signalpegel,2,2025-08-28T20:00:00.000Z
sensor.smarte_steckdose_tp01_signalpegel,1.2683671191666666,2025-08-28T21:00:00.000Z
sensor.smarte_steckdose_tp01_signalpegel,1.6163614952777776,2025-08-28T22:00:00.000Z
sensor.smarte_steckdose_tp01_signalpegel,2,2025-08-28T23:00:00.000Z
sensor.smarte_steckdose_tp01_signalpegel,2,2025-08-29T00:00:00.000Z
sensor.smarte_steckdose_tp01_signalpegel,1.6222220152777778,2025-08-29T02:00:00.000Z
sensor.smarte_steckdose_tp01_signalpegel,2,2025-08-29T03:00:00.000Z
sensor.smarte_steckdose_tp01_signalpegel,2,2025-08-29T04:00:00.000Z
sensor.smarte_steckdose_tp01_signalpegel,1.1572387163888889,2025-08-29T07:00:00.000Z
sensor.smarte_steckdose_tp01_signalpegel,1,2025-08-29T08:00:00.000Z
sensor.smarte_steckdose_tp01_signalpegel,1,2025-08-29T09:00:00.000Z
sensor.smarte_steckdose_tp01_signalpegel,1.0455241541666667,2025-08-29T10:00:00.000Z
sensor.smarte_steckdose_tp01_signalpegel,2,2025-08-29T11:00:00.000Z
sensor.smarte_steckdose_tp01_signalpegel,1.8152704122222223,2025-08-29T12:00:00.000Z
sensor.smarte_steckdose_tp01_signalpegel,1.9972312941666666,2025-08-29T13:00:00.000Z
sensor.smarte_steckdose_tp01_signalpegel,2,2025-08-29T14:00:00.000Z
sensor.smarte_steckdose_tp01_signalpegel,1.9930623533333334,2025-08-29T15:00:00.000Z
sensor.smarte_steckdose_tp01_signalpegel,2,2025-08-29T16:00:00.000Z
sensor.smarte_steckdose_tp01_signalpegel,1.8739286847222223,2025-08-29T17:00:00.000Z
sensor.smarte_steckdose_tp01_signalpegel,1.8316451316666666,2025-08-29T18:00:00.000Z
sensor.smarte_steckdose_tp01_signalpegel,1.869427695,2025-08-29T19:00:00.000Z
sensor.smarte_steckdose_tp01_signalpegel,1.9972171127777776,2025-08-29T20:00:00.000Z
sensor.smarte_steckdose_tp01_signalpegel,2,2025-08-29T21:00:00.000Z
sensor.smarte_steckdose_tp01_signalpegel,1.7152500125,2025-08-29T22:00:00.000Z
sensor.smarte_steckdose_tp01_signalpegel,1.6918686047222222,2025-08-29T23:00:00.000Z
sensor.smarte_steckdose_tp01_signalpegel,1.2277523125,2025-08-30T00:00:00.000Z
sensor.smarte_steckdose_tp01_signalpegel,1.3193869025,2025-08-30T01:00:00.000Z
sensor.smarte_steckdose_tp01_signalpegel,1.9191675552777776,2025-08-30T02:00:00.000Z
sensor.smarte_steckdose_tp01_signalpegel,1.9416583525,2025-08-30T03:00:00.000Z
sensor.smarte_steckdose_tp01_signalpegel,1.7711533930555554,2025-08-30T04:00:00.000Z
sensor.smarte_steckdose_tp01_signalpegel,1.0580249591666666,2025-08-30T05:00:00.000Z
sensor.smarte_steckdose_tp01_signalpegel,1.8572631625,2025-08-30T06:00:00.000Z
sensor.smarte_steckdose_tp01_signalpegel,1.281904446388889,2025-08-30T07:00:00.000Z
sensor.smarte_steckdose_tp01_signalpegel,1.9816422616666667,2025-08-30T08:00:00.000Z
sensor.smarte_steckdose_tp01_signalpegel,1.998617409722222,2025-08-30T09:00:00.000Z
sensor.smarte_steckdose_tp01_signalpegel,2,2025-08-30T10:00:00.000Z
sensor.smarte_steckdose_tp01_signalpegel,2,2025-08-30T11:00:00.000Z
sensor.smarte_steckdose_tp01_signalpegel,1.9972271927777776,2025-08-30T12:00:00.000Z
sensor.smarte_steckdose_tp01_signalpegel,1.9208168091666666,2025-08-30T13:00:00.000Z
sensor.smarte_steckdose_tp01_signalpegel,2,2025-08-30T14:00:00.000Z
sensor.smarte_steckdose_tp01_signalpegel,2,2025-08-30T15:00:00.000Z
sensor.smarte_steckdose_tp01_signalpegel,1.6787536772222225,2025-08-30T16:00:00.000Z
sensor.smarte_steckdose_tp01_signalpegel,1.7308978263888888,2025-08-30T17:00:00.000Z
sensor.smarte_steckdose_tp01_signalpegel,1.0083393408333332,2025-08-30T18:00:00.000Z
sensor.smarte_steckdose_tp01_signalpegel,1,2025-08-30T19:00:00.000Z
sensor.smarte_steckdose_tp01_signalpegel,1.4030212058333333,2025-08-30T20:00:00.000Z
sensor.smarte_steckdose_tp01_signalpegel,1.0497539741666666,2025-08-30T21:00:00.000Z
sensor.smarte_steckdose_tp01_signalpegel,1,2025-08-30T22:00:00.000Z
sensor.smarte_steckdose_tp01_signalpegel,1,2025-08-30T23:00:00.000Z
sensor.smarte_steckdose_tp01_signalpegel,1.001394253888889,2025-08-31T01:00:00.000Z
sensor.smarte_steckdose_tp01_signalpegel,1,2025-08-31T02:00:00.000Z
sensor.smarte_steckdose_tp01_signalpegel,1,2025-08-31T03:00:00.000Z
sensor.smarte_steckdose_tp01_signalpegel,1.0735907447222222,2025-08-31T06:00:00.000Z
sensor.smarte_steckdose_tp01_signalpegel,1.026404178888889,2025-08-31T07:00:00.000Z
sensor.smarte_steckdose_tp01_signalpegel,1,2025-08-31T08:00:00.000Z
sensor.smarte_steckdose_tp01_signalpegel,1,2025-08-31T09:00:00.000Z
sensor.smarte_steckdose_tp01_signalpegel,1.0069455288888889,2025-08-31T10:00:00.000Z
sensor.smarte_steckdose_tp01_signalpegel,1,2025-08-31T11:00:00.000Z
sensor.smarte_steckdose_tp01_signalpegel,1,2025-08-31T12:00:00.000Z
sensor.smarte_steckdose_tp01_signalpegel,1.0013891097222223,2025-08-31T13:00:00.000Z
sensor.smarte_steckdose_tp01_signalpegel,1,2025-08-31T14:00:00.000Z
sensor.smarte_steckdose_tp01_signalpegel,1,2025-08-31T15:00:00.000Z
sensor.smarte_steckdose_tp01_signalpegel,1.0055693527777778,2025-08-31T17:00:00.000Z
sensor.smarte_steckdose_tp01_signalpegel,1.0041754741666666,2025-08-31T18:00:00.000Z
sensor.smarte_steckdose_tp01_signalpegel,1,2025-08-31T19:00:00.000Z
sensor.smarte_steckdose_tp01_signalpegel,1,2025-08-31T20:00:00.000Z
sensor.smarte_steckdose_tp01_signalpegel,1.1813876194444444,2025-08-31T21:00:00.000Z
sensor.smarte_steckdose_tp01_signalpegel,1.5937059705555556,2025-08-31T22:00:00.000Z
sensor.smarte_steckdose_tp01_signalpegel,1.05002121,2025-08-31T23:00:00.000Z
sensor.smarte_steckdose_tp01_signalpegel,1.0013933375,2025-09-01T00:00:00.000Z
sensor.smarte_steckdose_tp01_signalpegel,1.00409488,2025-09-01T01:00:00.000Z
sensor.smarte_steckdose_tp01_signalpegel,1,2025-09-01T02:00:00.000Z
sensor.smarte_steckdose_tp01_signalpegel,1.2474799408333332,2025-09-01T03:00:00.000Z
sensor.smarte_steckdose_tp01_signalpegel,1.4292421730555558,2025-09-01T04:00:00.000Z
sensor.smarte_steckdose_tp01_signalpegel,1.1986022102777778,2025-09-01T05:00:00.000Z
sensor.smarte_steckdose_tp01_signalpegel,1.0013864458333332,2025-09-01T06:00:00.000Z
sensor.smarte_steckdose_tp01_signalpegel,1,2025-09-01T07:00:00.000Z
sensor.smarte_steckdose_tp01_signalpegel,1.0173325077777777,2025-09-01T08:00:00.000Z
sensor.smarte_steckdose_tp01_signalpegel,1.1180753994444446,2025-09-01T09:00:00.000Z
sensor.smarte_steckdose_tp01_signalpegel,1,2025-09-01T10:00:00.000Z
sensor.smarte_steckdose_tp01_signalpegel,1,2025-09-01T11:00:00.000Z
sensor.smarte_steckdose_tp01_signalpegel,1.0598477697222222,2025-09-01T12:00:00.000Z
sensor.smarte_steckdose_tp01_signalpegel,1.023625618611111,2025-09-01T13:00:00.000Z
sensor.smarte_steckdose_tp01_signalpegel,1.0152501569444443,2025-09-01T14:00:00.000Z
sensor.smarte_steckdose_tp01_signalpegel,1.0028361716666667,2025-09-01T15:00:00.000Z
sensor.smarte_steckdose_tp01_signalpegel,1.0264083605555554,2025-09-01T16:00:00.000Z
sensor.smarte_steckdose_tp01_signalpegel,1,2025-09-01T17:00:00.000Z
sensor.smarte_steckdose_tp01_signalpegel,1,2025-09-01T18:00:00.000Z
sensor.smarte_steckdose_tp01_signalpegel,1.0013912258333333,2025-09-02T12:00:00.000Z
sensor.smarte_steckdose_tp01_signalpegel,1.0360915358333334,2025-09-02T13:00:00.000Z
sensor.smarte_steckdose_tp01_signalpegel,1.6791353383333334,2025-09-02T14:00:00.000Z
sensor.smarte_steckdose_tp01_signalpegel,1.2416278419444444,2025-09-02T15:00:00.000Z
sensor.smarte_steckdose_tp01_signalpegel,1.0861149508333334,2025-09-02T16:00:00.000Z
sensor.smarte_steckdose_tp01_signalpegel,1.0013972841666667,2025-09-02T17:00:00.000Z
sensor.smarte_steckdose_tp01_signalpegel,1.0041653288888888,2025-09-02T18:00:00.000Z
sensor.smarte_steckdose_tp01_signalpegel,1.0556907197222223,2025-09-02T19:00:00.000Z
sensor.smarte_steckdose_tp01_signalpegel,1.036180523611111,2025-09-02T20:00:00.000Z
sensor.smarte_steckdose_tp01_signalpegel,1,2025-09-02T21:00:00.000Z
sensor.smarte_steckdose_tp01_signalpegel,1,2025-09-02T22:00:00.000Z
sensor.smarte_steckdose_tp01_signalpegel,1.0013824983333333,2025-09-03T05:00:00.000Z
sensor.smarte_steckdose_tp01_signalpegel,1,2025-09-03T06:00:00.000Z
sensor.smarte_steckdose_tp01_signalpegel,1.0316935211111111,2025-09-03T07:00:00.000Z
sensor.smarte_steckdose_tp01_signalpegel,1.3482207125,2025-09-03T08:00:00.000Z
sensor.smarte_steckdose_tp01_signalpegel,1.3918669258333332,2025-09-03T09:00:00.000Z
sensor.smarte_steckdose_tp01_signalpegel,1.5392026627777777,2025-09-03T10:00:00.000Z
sensor.smarte_steckdose_tp01_signalpegel,1.9512634244444447,2025-09-03T11:00:00.000Z
sensor.smarte_steckdose_tp01_signalpegel,1.8511963611111113,2025-09-03T12:00:00.000Z
sensor.smarte_steckdose_tp01_signalpegel,1.9069325594444446,2025-09-03T13:00:00.000Z
sensor.smarte_steckdose_tp01_signalpegel,1.6695229558333333,2025-09-03T14:00:00.000Z
sensor.smarte_steckdose_tp01_signalpegel,1.8690205405555556,2025-09-03T15:00:00.000Z
sensor.smarte_steckdose_tp01_signalpegel,1.7925536369444444,2025-09-03T16:00:00.000Z
sensor.smarte_steckdose_tp01_signalpegel,1.0948018897222223,2025-09-03T17:00:00.000Z
sensor.smarte_steckdose_tp01_signalpegel,1.0305534919444443,2025-09-03T18:00:00.000Z
sensor.smarte_steckdose_tp01_signalpegel,1.571920331388889,2025-09-03T19:00:00.000Z
sensor.smarte_steckdose_tp01_signalpegel,1.930597086111111,2025-09-03T20:00:00.000Z
sensor.smarte_steckdose_tp01_signalpegel,1.0208940891666667,2025-09-03T21:00:00.000Z
sensor.smarte_steckdose_tp01_signalpegel,1,2025-09-03T22:00:00.000Z
sensor.smarte_steckdose_tp01_signalpegel,1,2025-09-03T23:00:00.000Z
sensor.smarte_steckdose_tp01_signalpegel,1.0181133430555556,2025-09-04T05:00:00.000Z
sensor.smarte_steckdose_tp01_signalpegel,1.0055611558333333,2025-09-04T06:00:00.000Z
sensor.smarte_steckdose_tp01_signalpegel,1.102352831111111,2025-09-04T07:00:00.000Z
sensor.smarte_steckdose_tp01_signalpegel,1.7375756397222222,2025-09-04T08:00:00.000Z
sensor.smarte_steckdose_tp01_signalpegel,1.9958204675,2025-09-04T09:00:00.000Z
sensor.smarte_steckdose_tp01_signalpegel,2,2025-09-04T10:00:00.000Z
sensor.smarte_steckdose_tp01_signalpegel,2,2025-09-04T11:00:00.000Z
sensor.smarte_steckdose_tp01_signalpegel,1.9691927597222223,2025-09-04T13:00:00.000Z
sensor.smarte_steckdose_tp01_signalpegel,1.6791952869444444,2025-09-04T14:00:00.000Z
sensor.smarte_steckdose_tp01_signalpegel,1.10127016,2025-09-04T15:00:00.000Z
sensor.smarte_steckdose_tp01_signalpegel,1.0249729536111112,2025-09-04T16:00:00.000Z
sensor.smarte_steckdose_tp01_signalpegel,1.0555761305555555,2025-09-04T17:00:00.000Z
sensor.smarte_steckdose_tp01_signalpegel,1,2025-09-04T18:00:00.000Z
sensor.smarte_steckdose_tp01_signalpegel,1,2025-09-04T19:00:00.000Z
sensor.smarte_steckdose_tp01_signalpegel,1.2138649911111112,2025-09-04T20:00:00.000Z
sensor.smarte_steckdose_tp01_signalpegel,1,2025-09-04T21:00:00.000Z
sensor.smarte_steckdose_tp01_signalpegel,1,2025-09-04T22:00:00.000Z
sensor.smarte_steckdose_tp01_signalpegel,1.0055515227777778,2025-09-05T08:00:00.000Z
sensor.smarte_steckdose_tp01_signalpegel,1.5938734158333334,2025-09-05T09:00:00.000Z
sensor.smarte_steckdose_tp01_signalpegel,1.2161362161111111,2025-09-05T10:00:00.000Z
sensor.smarte_steckdose_tp01_signalpegel,1.0027713786111112,2025-09-05T11:00:00.000Z
sensor.smarte_steckdose_tp01_signalpegel,1.373907178611111,2025-09-05T12:00:00.000Z
sensor.smarte_steckdose_tp01_signalpegel,1.421274245,2025-09-05T13:00:00.000Z
sensor.smarte_steckdose_tp01_signalpegel,1.9916945316666668,2025-09-05T14:00:00.000Z
sensor.smarte_steckdose_tp01_signalpegel,1.9472520380555556,2025-09-05T15:00:00.000Z
sensor.smarte_steckdose_tp01_signalpegel,1.780288895,2025-09-05T16:00:00.000Z
sensor.smarte_steckdose_tp01_signalpegel,1.0417222183333334,2025-09-05T17:00:00.000Z
sensor.smarte_steckdose_tp01_signalpegel,1,2025-09-05T18:00:00.000Z
sensor.smarte_steckdose_tp01_signalpegel,1.1230239533333333,2025-09-05T19:00:00.000Z
sensor.smarte_steckdose_tp01_signalpegel,1.8624925625,2025-09-05T20:00:00.000Z
sensor.smarte_steckdose_tp01_signalpegel,2,2025-09-05T21:00:00.000Z
sensor.smarte_steckdose_tp01_signalpegel,2,2025-09-05T22:00:00.000Z
sensor.smarte_steckdose_tp01_signalpegel,1.8347254602777776,2025-09-06T06:00:00.000Z
sensor.smarte_steckdose_tp01_signalpegel,1.8172433480555554,2025-09-06T07:00:00.000Z
sensor.smarte_steckdose_tp01_signalpegel,1.981637776388889,2025-09-06T08:00:00.000Z
sensor.smarte_steckdose_tp01_signalpegel,1.8472538947222221,2025-09-06T09:00:00.000Z
sensor.smarte_steckdose_tp01_signalpegel,2,2025-09-06T10:00:00.000Z
sensor.smarte_steckdose_tp01_signalpegel,1.5186266877777779,2025-09-06T11:00:00.000Z
sensor.smarte_steckdose_tp01_signalpegel,1,2025-09-06T12:00:00.000Z
sensor.smarte_steckdose_tp01_signalpegel,1.3410889261111112,2025-09-06T13:00:00.000Z
sensor.smarte_steckdose_tp01_signalpegel,1.5791882902777779,2025-09-06T14:00:00.000Z
sensor.smarte_steckdose_tp01_signalpegel,1.0027772375,2025-09-06T15:00:00.000Z
sensor.smarte_steckdose_tp01_signalpegel,1.0013899033333333,2025-09-06T16:00:00.000Z
sensor.smarte_steckdose_tp01_signalpegel,1.0013892819444445,2025-09-06T17:00:00.000Z
sensor.smarte_steckdose_tp01_signalpegel,1.0111599358333334,2025-09-06T18:00:00.000Z
sensor.smarte_steckdose_tp01_signalpegel,1.0013749683333333,2025-09-06T19:00:00.000Z
sensor.smarte_steckdose_tp01_signalpegel,1.0013786288888888,2025-09-06T20:00:00.000Z
sensor.smarte_steckdose_tp01_signalpegel,1.0013290972222222,2025-09-06T21:00:00.000Z
sensor.smarte_steckdose_tp01_signalpegel,1.0069436119444444,2025-09-06T22:00:00.000Z
sensor.smarte_steckdose_tp01_signalpegel,1.0264026983333332,2025-09-06T23:00:00.000Z
sensor.smarte_steckdose_tp01_signalpegel,1.0055890166666666,2025-09-07T00:00:00.000Z
sensor.smarte_steckdose_tp01_signalpegel,1.001393271388889,2025-09-07T01:00:00.000Z
sensor.smarte_steckdose_tp01_signalpegel,1.012465299722222,2025-09-07T02:00:00.000Z
sensor.smarte_steckdose_tp01_signalpegel,1.0139124202777778,2025-09-07T03:00:00.000Z
sensor.smarte_steckdose_tp01_signalpegel,1.0041593341666666,2025-09-07T04:00:00.000Z
sensor.smarte_steckdose_tp01_signalpegel,1.0041715133333333,2025-09-07T05:00:00.000Z
sensor.smarte_steckdose_tp01_signalpegel,1,2025-09-07T06:00:00.000Z
sensor.smarte_steckdose_tp01_signalpegel,1,2025-09-07T07:00:00.000Z
sensor.smarte_steckdose_tp01_signalpegel,1.0027708686111112,2025-09-07T09:00:00.000Z
sensor.smarte_steckdose_tp01_signalpegel,1,2025-09-07T10:00:00.000Z
sensor.smarte_steckdose_tp01_signalpegel,1.0055684577777777,2025-09-07T11:00:00.000Z
sensor.smarte_steckdose_tp01_signalpegel,1,2025-09-07T12:00:00.000Z
sensor.smarte_steckdose_tp01_signalpegel,1,2025-09-07T13:00:00.000Z
sensor.smarte_steckdose_tp01_signalpegel,1.0167203072222222,2025-09-07T14:00:00.000Z
sensor.smarte_steckdose_tp01_signalpegel,1.0138796330555555,2025-09-07T15:00:00.000Z
sensor.smarte_steckdose_tp01_signalpegel,1,2025-09-07T16:00:00.000Z
sensor.smarte_steckdose_tp01_signalpegel,1,2025-09-07T17:00:00.000Z
sensor.smarte_steckdose_tp01_signalpegel,1.8590777408333334,2025-09-07T18:00:00.000Z
sensor.smarte_steckdose_tp01_signalpegel,2,2025-09-07T19:00:00.000Z
sensor.smarte_steckdose_tp01_signalpegel,1.629224094722222,2025-09-07T20:00:00.000Z
sensor.smarte_steckdose_tp01_signalpegel,1.9666994055555556,2025-09-07T21:00:00.000Z
sensor.smarte_steckdose_tp01_signalpegel,2,2025-09-07T22:00:00.000Z
sensor.smarte_steckdose_tp01_signalpegel,1.9986252619444445,2025-09-07T23:00:00.000Z
sensor.smarte_steckdose_tp01_signalpegel,2,2025-09-08T00:00:00.000Z
sensor.smarte_steckdose_tp01_signalpegel,1.7512961436111112,2025-09-08T01:00:00.000Z
sensor.smarte_steckdose_tp01_signalpegel,1.1777453447222221,2025-09-08T02:00:00.000Z
sensor.smarte_steckdose_tp01_signalpegel,1.110630656111111,2025-09-08T03:00:00.000Z
sensor.smarte_steckdose_tp01_signalpegel,1.006931127222222,2025-09-08T04:00:00.000Z
sensor.smarte_steckdose_tp01_signalpegel,1.0499900291666666,2025-09-08T05:00:00.000Z
sensor.smarte_steckdose_tp01_signalpegel,1.022195393611111,2025-09-08T06:00:00.000Z
sensor.smarte_steckdose_tp01_signalpegel,1.0916631744444445,2025-09-08T07:00:00.000Z
sensor.smarte_steckdose_tp01_signalpegel,1.1319751894444445,2025-09-08T08:00:00.000Z
sensor.smarte_steckdose_tp01_signalpegel,1,2025-09-08T09:00:00.000Z
sensor.smarte_steckdose_tp01_signalpegel,1.0305637738888889,2025-09-08T10:00:00.000Z
sensor.smarte_steckdose_tp01_signalpegel,1.1764260275,2025-09-08T11:00:00.000Z
sensor.smarte_steckdose_tp01_signalpegel,1.8283042227777777,2025-09-08T12:00:00.000Z
sensor.smarte_steckdose_tp01_signalpegel,1.4733427641666668,2025-09-08T13:00:00.000Z
sensor.smarte_steckdose_tp01_signalpegel,1.9075873269444443,2025-09-08T14:00:00.000Z
sensor.smarte_steckdose_tp01_signalpegel,1.5535833008333333,2025-09-08T15:00:00.000Z
sensor.smarte_steckdose_tp01_signalpegel,1.9214144175,2025-09-08T16:00:00.000Z
sensor.smarte_steckdose_tp01_signalpegel,1.6388868797222222,2025-09-08T17:00:00.000Z
sensor.smarte_steckdose_tp01_signalpegel,1.1195348061111112,2025-09-08T18:00:00.000Z
sensor.smarte_steckdose_tp01_signalpegel,1.2283264405555554,2025-09-08T19:00:00.000Z
sensor.smarte_steckdose_tp01_signalpegel,1.0119603897222222,2025-09-08T20:00:00.000Z
sensor.smarte_steckdose_tp01_signalpegel,1.9088465277777777,2025-09-08T21:00:00.000Z
sensor.smarte_steckdose_tp01_signalpegel,2,2025-09-08T22:00:00.000Z
sensor.smarte_steckdose_tp01_signalpegel,2,2025-09-08T23:00:00.000Z
sensor.smarte_steckdose_tp01_signalpegel,1.734735252777778,2025-09-09T04:00:00.000Z
sensor.smarte_steckdose_tp01_signalpegel,1.4888204472222222,2025-09-09T05:00:00.000Z
sensor.smarte_steckdose_tp01_signalpegel,1.1381565444444444,2025-09-09T06:00:00.000Z
sensor.smarte_steckdose_tp01_signalpegel,1.0584566383333334,2025-09-09T07:00:00.000Z
sensor.smarte_steckdose_tp01_signalpegel,1.0027746741666668,2025-09-09T08:00:00.000Z
sensor.smarte_steckdose_tp01_signalpegel,1.0041600533333332,2025-09-09T09:00:00.000Z
sensor.smarte_steckdose_tp01_signalpegel,1.1195107527777777,2025-09-09T10:00:00.000Z
sensor.smarte_steckdose_tp01_signalpegel,1.1405839319444444,2025-09-09T11:00:00.000Z
sensor.smarte_steckdose_tp01_signalpegel,1.3415265352777779,2025-09-09T12:00:00.000Z
sensor.smarte_steckdose_tp01_signalpegel,1.3131925858333333,2025-09-09T13:00:00.000Z
sensor.smarte_steckdose_tp01_signalpegel,1.272486677777778,2025-09-09T14:00:00.000Z
sensor.smarte_steckdose_tp01_signalpegel,1,2025-09-09T15:00:00.000Z
sensor.smarte_steckdose_tp01_signalpegel,1.1463477355555556,2025-09-09T16:00:00.000Z
sensor.smarte_steckdose_tp01_signalpegel,1.3919261447222222,2025-09-09T17:00:00.000Z
sensor.smarte_steckdose_tp01_signalpegel,1.0181133383333334,2025-09-09T18:00:00.000Z
sensor.smarte_steckdose_tp01_signalpegel,1.0710594144444443,2025-09-09T19:00:00.000Z
sensor.smarte_steckdose_tp01_signalpegel,1.9096990002777776,2025-09-09T20:00:00.000Z
sensor.smarte_steckdose_tp01_signalpegel,2,2025-09-09T21:00:00.000Z
sensor.smarte_steckdose_tp01_signalpegel,2,2025-09-09T22:00:00.000Z
sensor.smarte_steckdose_tp01_signalpegel,1.9608887419444445,2025-09-10T06:00:00.000Z
sensor.smarte_steckdose_tp01_signalpegel,1.054148618611111,2025-09-10T07:00:00.000Z
sensor.smarte_steckdose_tp01_signalpegel,1.0222426597222223,2025-09-10T08:00:00.000Z
sensor.smarte_steckdose_tp01_signalpegel,1.1350367397222223,2025-09-10T09:00:00.000Z
sensor.smarte_steckdose_tp01_signalpegel,1.174121997777778,2025-09-10T10:00:00.000Z
sensor.smarte_steckdose_tp01_signalpegel,1,2025-09-10T11:00:00.000Z
sensor.smarte_steckdose_tp01_signalpegel,1.0028035366666666,2025-09-10T12:00:00.000Z
sensor.smarte_steckdose_tp01_signalpegel,1.0055850466666667,2025-09-10T13:00:00.000Z
sensor.smarte_steckdose_tp01_signalpegel,1.5523761930555555,2025-09-10T14:00:00.000Z
sensor.smarte_steckdose_tp01_signalpegel,1.7795714413888888,2025-09-10T15:00:00.000Z
sensor.smarte_steckdose_tp01_signalpegel,1.6321446155555555,2025-09-10T16:00:00.000Z
sensor.smarte_steckdose_tp01_signalpegel,1.3986014552777777,2025-09-10T17:00:00.000Z
sensor.smarte_steckdose_tp01_signalpegel,1.2000891980555555,2025-09-10T18:00:00.000Z
sensor.smarte_steckdose_tp01_signalpegel,1.180988391111111,2025-09-10T19:00:00.000Z
sensor.smarte_steckdose_tp01_signalpegel,1.4078147575,2025-09-10T20:00:00.000Z
sensor.smarte_steckdose_tp01_signalpegel,1.7041009636111113,2025-09-10T21:00:00.000Z
sensor.smarte_steckdose_tp01_signalpegel,1.919472156388889,2025-09-10T22:00:00.000Z
sensor.smarte_steckdose_tp01_signalpegel,1.826460598611111,2025-09-10T23:00:00.000Z
sensor.smarte_steckdose_tp01_signalpegel,2,2025-09-11T00:00:00.000Z
sensor.smarte_steckdose_tp01_signalpegel,1.9874831030555555,2025-09-11T01:00:00.000Z
sensor.smarte_steckdose_tp01_signalpegel,2,2025-09-11T02:00:00.000Z
sensor.smarte_steckdose_tp01_signalpegel,2,2025-09-11T03:00:00.000Z
sensor.smarte_steckdose_tp01_signalpegel,1.721815977777778,2025-09-11T06:00:00.000Z
sensor.smarte_steckdose_tp01_signalpegel,1.4585516922222224,2025-09-11T07:00:00.000Z
sensor.smarte_steckdose_tp01_signalpegel,1.6578856530555555,2025-09-11T08:00:00.000Z
sensor.smarte_steckdose_tp01_signalpegel,1.7027716824999999,2025-09-11T09:00:00.000Z
sensor.smarte_steckdose_tp01_signalpegel,1.9916890438888888,2025-09-11T10:00:00.000Z
sensor.smarte_steckdose_tp01_signalpegel,2,2025-09-11T11:00:00.000Z
sensor.smarte_steckdose_tp01_signalpegel,2,2025-09-11T12:00:00.000Z
sensor.smarte_steckdose_tp01_signalpegel,1.9986173533333333,2025-09-11T15:00:00.000Z
sensor.smarte_steckdose_tp01_signalpegel,2,2025-09-11T16:00:00.000Z
sensor.smarte_steckdose_tp01_signalpegel,2,2025-09-11T17:00:00.000Z
sensor.smarte_steckdose_tp01_signalpegel,1.9958276597222222,2025-09-11T23:00:00.000Z
sensor.smarte_steckdose_tp01_signalpegel,1.9819472116666665,2025-09-12T00:00:00.000Z
sensor.smarte_steckdose_tp01_signalpegel,1.6952810147222221,2025-09-12T01:00:00.000Z
sensor.smarte_steckdose_tp01_signalpegel,1.9553004133333334,2025-09-12T02:00:00.000Z
sensor.smarte_steckdose_tp01_signalpegel,1.7530490611111114,2025-09-12T03:00:00.000Z
sensor.smarte_steckdose_tp01_signalpegel,1.94308077,2025-09-12T04:00:00.000Z
sensor.smarte_steckdose_tp01_signalpegel,1.9930599727777778,2025-09-12T05:00:00.000Z
sensor.smarte_steckdose_tp01_signalpegel,2,2025-09-12T06:00:00.000Z
sensor.smarte_steckdose_tp01_signalpegel,1.4963986,2025-09-12T07:00:00.000Z
sensor.smarte_steckdose_tp01_signalpegel,1.6663348066666668,2025-09-12T08:00:00.000Z
sensor.smarte_steckdose_tp01_signalpegel,1.9671791488888888,2025-09-12T09:00:00.000Z
sensor.smarte_steckdose_tp01_signalpegel,2,2025-09-12T10:00:00.000Z
sensor.smarte_steckdose_tp01_signalpegel,2,2025-09-12T11:00:00.000Z
sensor.smarte_steckdose_tp01_signalpegel,1.9986114927777778,2025-09-13T02:00:00.000Z
sensor.smarte_steckdose_tp01_signalpegel,2,2025-09-13T03:00:00.000Z
sensor.smarte_steckdose_tp01_signalpegel,2,2025-09-13T04:00:00.000Z
sensor.smarte_steckdose_tp01_signalpegel,1.858342863611111,2025-09-14T02:00:00.000Z
sensor.smarte_steckdose_tp01_signalpegel,1.9652827352777777,2025-09-14T03:00:00.000Z
sensor.smarte_steckdose_tp01_signalpegel,1.9819436844444445,2025-09-14T04:00:00.000Z
sensor.smarte_steckdose_tp01_signalpegel,1.9972224858333334,2025-09-14T05:00:00.000Z
sensor.smarte_steckdose_tp01_signalpegel,2,2025-09-14T06:00:00.000Z
sensor.smarte_steckdose_tp01_signalpegel,2,2025-09-14T07:00:00.000Z
sensor.smarte_steckdose_tp01_signalpegel,1.9944466755555554,2025-09-14T10:00:00.000Z
sensor.smarte_steckdose_tp01_signalpegel,1.9944460391666665,2025-09-14T11:00:00.000Z
sensor.smarte_steckdose_tp01_signalpegel,2,2025-09-14T12:00:00.000Z
sensor.smarte_steckdose_tp01_signalpegel,1.994444691388889,2025-09-14T13:00:00.000Z
sensor.smarte_steckdose_tp01_signalpegel,1.8777689819444445,2025-09-14T14:00:00.000Z
sensor.smarte_steckdose_tp01_signalpegel,1.493370268611111,2025-09-14T15:00:00.000Z
sensor.smarte_steckdose_tp01_signalpegel,1.2138866975,2025-09-14T16:00:00.000Z
sensor.smarte_steckdose_tp01_signalpegel,1,2025-09-14T17:00:00.000Z
sensor.smarte_steckdose_tp01_signalpegel,1.0444466316666665,2025-09-14T18:00:00.000Z
sensor.smarte_steckdose_tp01_signalpegel,1.938586968888889,2025-09-14T19:00:00.000Z
sensor.smarte_steckdose_tp01_signalpegel,2,2025-09-14T20:00:00.000Z
sensor.smarte_steckdose_tp01_signalpegel,2,2025-09-14T21:00:00.000Z
sensor.smarte_steckdose_tp01_signalpegel,1.9138852866666667,2025-09-15T02:00:00.000Z
sensor.smarte_steckdose_tp01_signalpegel,2,2025-09-15T03:00:00.000Z
sensor.smarte_steckdose_tp01_signalpegel,2,2025-09-15T04:00:00.000Z
sensor.smarte_steckdose_tp01_signalpegel,1.8319237055555557,2025-09-15T14:00:00.000Z
sensor.smarte_steckdose_tp01_signalpegel,1.9833307202777777,2025-09-15T15:00:00.000Z
sensor.smarte_steckdose_tp01_signalpegel,1.171409224722222,2025-09-15T16:00:00.000Z
sensor.smarte_steckdose_tp01_signalpegel,1,2025-09-15T17:00:00.000Z
sensor.smarte_steckdose_tp01_signalpegel,1.5930347680555557,2025-09-15T18:00:00.000Z
sensor.smarte_steckdose_tp01_signalpegel,1.9355299055555555,2025-09-15T19:00:00.000Z
sensor.smarte_steckdose_tp01_signalpegel,1.9958402158333335,2025-09-15T20:00:00.000Z
sensor.smarte_steckdose_tp01_signalpegel,2,2025-09-15T21:00:00.000Z
sensor.smarte_steckdose_tp01_signalpegel,2,2025-09-15T22:00:00.000Z
sensor.smarte_steckdose_tp01_signalpegel,1.840290248611111,2025-09-16T09:00:00.000Z
sensor.smarte_steckdose_tp01_signalpegel,2,2025-09-16T10:00:00.000Z
sensor.smarte_steckdose_tp01_signalpegel,2,2025-09-16T11:00:00.000Z
sensor.smarte_steckdose_tp01_signalpegel,1.988899843611111,2025-09-17T05:00:00.000Z
sensor.smarte_steckdose_tp01_signalpegel,2,2025-09-17T06:00:00.000Z
sensor.smarte_steckdose_tp01_signalpegel,2,2025-09-17T07:00:00.000Z
sensor.smarte_steckdose_tp01_signalpegel,1.540587705,2025-09-17T15:00:00.000Z
sensor.smarte_steckdose_tp01_signalpegel,1.8149774069444444,2025-09-17T16:00:00.000Z
sensor.smarte_steckdose_tp01_signalpegel,2,2025-09-17T17:00:00.000Z
sensor.smarte_steckdose_tp01_signalpegel,2,2025-09-17T18:00:00.000Z
sensor.smarte_steckdose_tp01_signalpegel,1.924978699722222,2025-09-18T14:00:00.000Z
sensor.smarte_steckdose_tp01_signalpegel,1.9195034366666668,2025-09-18T15:00:00.000Z
sensor.smarte_steckdose_tp01_signalpegel,1.5162961288888888,2025-09-18T16:00:00.000Z
sensor.smarte_steckdose_tp01_signalpegel,1.9944471191666666,2025-09-18T17:00:00.000Z
sensor.smarte_steckdose_tp01_signalpegel,2,2025-09-18T18:00:00.000Z
sensor.smarte_steckdose_tp01_signalpegel,1.8224738744444444,2025-09-18T19:00:00.000Z
sensor.smarte_steckdose_tp01_signalpegel,1.2658475636111113,2025-09-18T20:00:00.000Z
sensor.smarte_steckdose_tp01_signalpegel,1.4285970319444443,2025-09-18T21:00:00.000Z
sensor.smarte_steckdose_tp01_signalpegel,1.6611155522222223,2025-09-18T22:00:00.000Z
sensor.smarte_steckdose_tp01_signalpegel,1.94583428,2025-09-18T23:00:00.000Z
sensor.smarte_steckdose_tp01_signalpegel,1.9861123902777778,2025-09-19T00:00:00.000Z
sensor.smarte_steckdose_tp01_signalpegel,1.9886111519444445,2025-09-19T01:00:00.000Z
sensor.smarte_steckdose_tp01_signalpegel,1.9791670366666667,2025-09-19T02:00:00.000Z
sensor.smarte_steckdose_tp01_signalpegel,1.523610658888889,2025-09-19T03:00:00.000Z
sensor.smarte_steckdose_tp01_signalpegel,1.3872479627777778,2025-09-19T04:00:00.000Z
sensor.smarte_steckdose_tp01_signalpegel,1.9849765408333333,2025-09-19T05:00:00.000Z
sensor.smarte_steckdose_tp01_signalpegel,2,2025-09-19T06:00:00.000Z
sensor.smarte_steckdose_tp01_signalpegel,2,2025-09-19T07:00:00.000Z
sensor.smarte_steckdose_tp01_signalpegel,1.872176656111111,2025-09-19T08:00:00.000Z
sensor.smarte_steckdose_tp01_signalpegel,1.9486109991666665,2025-09-19T09:00:00.000Z
sensor.smarte_steckdose_tp01_signalpegel,1.9708245919444443,2025-09-19T10:00:00.000Z
sensor.smarte_steckdose_tp01_signalpegel,1.9986129241666666,2025-09-19T11:00:00.000Z
sensor.smarte_steckdose_tp01_signalpegel,1.9930543547222221,2025-09-19T12:00:00.000Z
sensor.smarte_steckdose_tp01_signalpegel,1.9375359647222223,2025-09-19T13:00:00.000Z
sensor.smarte_steckdose_tp01_signalpegel,1.9986319344444443,2025-09-19T14:00:00.000Z
sensor.smarte_steckdose_tp01_signalpegel,2,2025-09-19T15:00:00.000Z
sensor.smarte_steckdose_tp01_signalpegel,2,2025-09-19T16:00:00.000Z
sensor.smarte_steckdose_tp01_signalpegel,1.4758426255555557,2025-09-20T13:00:00.000Z
sensor.smarte_steckdose_tp01_signalpegel,1.0489366486111111,2025-09-20T14:00:00.000Z
sensor.smarte_steckdose_tp01_signalpegel,1,2025-09-20T15:00:00.000Z
sensor.smarte_steckdose_tp01_signalpegel,1.4191251980555555,2025-09-20T16:00:00.000Z
sensor.smarte_steckdose_tp01_signalpegel,1.9847251055555555,2025-09-20T17:00:00.000Z
sensor.smarte_steckdose_tp01_signalpegel,2,2025-09-20T18:00:00.000Z
sensor.smarte_steckdose_tp01_signalpegel,2,2025-09-20T19:00:00.000Z
sensor.smarte_steckdose_tp01_signalpegel,unavailable,2025-09-21T05:34:50.712Z
sensor.smarte_steckdose_tp01_signalpegel,2,2025-09-21T05:37:16.071Z
sensor.smarte_steckdose_tp01_signalpegel,1,2025-09-21T09:52:31.181Z
sensor.smarte_steckdose_tp01_signalpegel,2,2025-09-21T09:56:26.130Z
sensor.smarte_steckdose_tp01_signalpegel,1,2025-09-21T09:59:01.074Z
sensor.smarte_steckdose_tp01_signalpegel,2,2025-09-21T10:09:46.087Z
sensor.smarte_steckdose_tp01_signalpegel,1,2025-09-21T10:27:13.107Z
sensor.smarte_steckdose_tp01_signalpegel,2,2025-09-21T10:30:33.106Z
sensor.smarte_steckdose_tp01_signalpegel,1,2025-09-21T10:55:18.081Z
sensor.smarte_steckdose_tp01_signalpegel,2,2025-09-21T10:55:33.101Z
sensor.smarte_steckdose_tp01_signalpegel,1,2025-09-21T10:57:58.093Z
sensor.smarte_steckdose_tp01_signalpegel,2,2025-09-21T10:59:28.081Z
sensor.smarte_steckdose_tp01_signalpegel,1,2025-09-21T11:02:13.118Z
sensor.smarte_steckdose_tp01_signalpegel,2,2025-09-21T11:05:18.112Z
sensor.smarte_steckdose_tp01_signalpegel,1,2025-09-21T11:05:28.109Z
sensor.smarte_steckdose_tp01_signalpegel,2,2025-09-21T11:05:38.099Z
sensor.smarte_steckdose_tp01_signalpegel,1,2025-09-21T11:13:03.100Z
sensor.smarte_steckdose_tp01_signalpegel,2,2025-09-21T11:13:13.115Z
sensor.smarte_steckdose_tp01_signalpegel,1,2025-09-21T11:13:33.094Z
sensor.smarte_steckdose_tp01_signalpegel,2,2025-09-21T11:13:48.082Z
sensor.smarte_steckdose_tp01_signalpegel,1,2025-09-21T11:14:48.131Z
sensor.smarte_steckdose_tp01_signalpegel,2,2025-09-21T11:15:18.084Z
sensor.smarte_steckdose_tp01_signalpegel,1,2025-09-21T11:33:38.082Z
sensor.smarte_steckdose_tp01_signalpegel,2,2025-09-21T11:36:33.085Z
sensor.smarte_steckdose_tp01_signalpegel,1,2025-09-21T11:37:08.082Z
sensor.smarte_steckdose_tp01_signalpegel,2,2025-09-21T11:38:38.116Z
sensor.smarte_steckdose_tp01_signalpegel,1,2025-09-21T11:39:03.083Z
sensor.smarte_steckdose_tp01_signalpegel,2,2025-09-21T11:40:03.097Z
sensor.smarte_steckdose_tp01_signalpegel,1,2025-09-21T11:40:43.083Z
sensor.smarte_steckdose_tp01_signalpegel,2,2025-09-21T11:53:48.127Z
sensor.smarte_steckdose_tp01_signalpegel,1,2025-09-21T11:58:08.096Z
sensor.smarte_steckdose_tp01_signalpegel,2,2025-09-21T12:10:53.093Z
sensor.smarte_steckdose_tp01_signalpegel,1,2025-09-21T13:08:48.081Z
sensor.smarte_steckdose_tp01_signalpegel,2,2025-09-21T13:13:33.080Z
sensor.smarte_steckdose_tp01_signalpegel,1,2025-09-21T13:56:18.075Z
sensor.smarte_steckdose_tp01_signalpegel,2,2025-09-21T13:57:59.084Z
sensor.smarte_steckdose_tp01_signalpegel,1,2025-09-21T14:09:24.122Z
sensor.smarte_steckdose_tp01_signalpegel,unavailable,2025-09-21T14:16:04.719Z
sensor.smarte_steckdose_tp01_signalpegel,1,2025-09-21T14:16:39.452Z
sensor.smarte_steckdose_tp01_signalpegel,2,2025-09-21T14:17:50.077Z
sensor.smarte_steckdose_tp01_signalpegel,1,2025-09-21T16:22:16.090Z
sensor.smarte_steckdose_tp01_signalpegel,2,2025-09-21T16:59:01.084Z
sensor.smarte_steckdose_tp01_signalpegel,1,2025-09-21T16:59:11.101Z
sensor.smarte_steckdose_tp01_signalpegel,2,2025-09-21T17:25:21.082Z
sensor.smarte_steckdose_tp01_signalpegel,unavailable,2025-09-21T19:34:49.770Z
sensor.smarte_steckdose_tp01_signalpegel,2,2025-09-21T19:36:48.498Z
sensor.smarte_steckdose_tp01_signalpegel,1,2025-09-22T00:30:33.099Z
sensor.smarte_steckdose_tp01_signalpegel,2,2025-09-22T00:40:33.085Z
sensor.smarte_steckdose_tp01_signalpegel,1,2025-09-22T03:35:48.080Z
sensor.smarte_steckdose_tp01_signalpegel,2,2025-09-22T03:36:33.087Z
sensor.smarte_steckdose_tp01_signalpegel,1,2025-09-22T03:42:43.090Z
sensor.smarte_steckdose_tp01_signalpegel,2,2025-09-22T03:43:03.083Z
sensor.smarte_steckdose_tp01_signalpegel,1,2025-09-22T03:56:03.081Z
sensor.smarte_steckdose_tp01_signalpegel,2,2025-09-22T04:03:03.084Z
sensor.smarte_steckdose_tp01_signalpegel,unavailable,2025-09-22T14:04:13.717Z
sensor.smarte_steckdose_tp01_signalpegel,2,2025-09-22T14:04:19.819Z
sensor.smarte_steckdose_tp01_signalpegel,unavailable,2025-09-22T14:06:32.716Z
sensor.smarte_steckdose_tp01_signalpegel,2,2025-09-22T14:06:52.190Z
sensor.smarte_steckdose_tp01_signalpegel,unavailable,2025-09-22T15:23:06.923Z
sensor.smarte_steckdose_tp01_signalpegel,2,2025-09-22T15:23:12.089Z
sensor.smarte_steckdose_tp01_signalpegel,1,2025-09-22T16:23:46.086Z
sensor.smarte_steckdose_tp01_signalpegel,2,2025-09-22T16:29:01.095Z
sensor.smarte_steckdose_tp01_signalpegel,unavailable,2025-09-22T17:46:23.712Z
sensor.smarte_steckdose_tp01_signalpegel,2,2025-09-22T17:46:53.748Z
sensor.smarte_steckdose_tp01_signalpegel,unavailable,2025-09-23T14:34:58.715Z
sensor.smarte_steckdose_tp01_signalpegel,2,2025-09-23T14:37:19.091Z
sensor.smarte_steckdose_tp01_signalpegel,1,2025-09-24T09:39:46.089Z
sensor.smarte_steckdose_tp01_signalpegel,2,2025-09-24T09:40:11.094Z
sensor.smarte_steckdose_tp01_signalpegel,1,2025-09-24T09:40:26.085Z
sensor.smarte_steckdose_tp01_signalpegel,2,2025-09-24T09:40:31.082Z
sensor.smarte_steckdose_tp01_signalpegel,1,2025-09-24T09:41:01.081Z
sensor.smarte_steckdose_tp01_signalpegel,2,2025-09-24T09:41:06.116Z
sensor.smarte_steckdose_tp01_signalpegel,1,2025-09-24T09:43:31.113Z
sensor.smarte_steckdose_tp01_signalpegel,2,2025-09-24T09:43:36.085Z
sensor.smarte_steckdose_tp01_signalpegel,1,2025-09-24T09:43:41.085Z
sensor.smarte_steckdose_tp01_signalpegel,2,2025-09-24T09:44:01.081Z
sensor.smarte_steckdose_tp01_signalpegel,1,2025-09-24T09:45:02.087Z
sensor.smarte_steckdose_tp01_signalpegel,2,2025-09-24T09:57:57.076Z
sensor.smarte_steckdose_tp01_signalpegel,1,2025-09-24T11:11:53.138Z
sensor.smarte_steckdose_tp01_signalpegel,2,2025-09-24T11:12:03.091Z
sensor.smarte_steckdose_tp01_signalpegel,1,2025-09-24T13:11:28.110Z
sensor.smarte_steckdose_tp01_signalpegel,2,2025-09-24T13:16:33.089Z
sensor.smarte_steckdose_tp01_signalpegel,1,2025-09-24T13:16:38.113Z
sensor.smarte_steckdose_tp01_signalpegel,2,2025-09-24T13:17:23.162Z
sensor.smarte_steckdose_tp01_signalpegel,1,2025-09-24T13:17:33.090Z
sensor.smarte_steckdose_tp01_signalpegel,2,2025-09-24T13:17:53.130Z
sensor.smarte_steckdose_tp01_signalpegel,1,2025-09-24T13:18:00.267Z
sensor.smarte_steckdose_tp01_signalpegel,2,2025-09-24T13:30:02.089Z
sensor.smarte_steckdose_tp01_signalpegel,1,2025-09-24T13:30:07.110Z
sensor.smarte_steckdose_tp01_signalpegel,2,2025-09-24T13:30:22.139Z
sensor.smarte_steckdose_tp01_signalpegel,1,2025-09-24T13:30:27.101Z
sensor.smarte_steckdose_tp01_signalpegel,2,2025-09-24T13:31:22.125Z
sensor.smarte_steckdose_tp01_signalpegel,1,2025-09-24T13:31:27.113Z
sensor.smarte_steckdose_tp01_signalpegel,2,2025-09-24T13:31:32.090Z
sensor.smarte_steckdose_tp01_signalpegel,1,2025-09-24T13:31:37.108Z
sensor.smarte_steckdose_tp01_signalpegel,2,2025-09-24T13:31:42.084Z
sensor.smarte_steckdose_tp01_signalpegel,1,2025-09-24T13:31:47.132Z
sensor.smarte_steckdose_tp01_signalpegel,2,2025-09-24T13:32:17.165Z
sensor.smarte_steckdose_tp01_signalpegel,1,2025-09-24T13:32:22.191Z
sensor.smarte_steckdose_tp01_signalpegel,2,2025-09-24T13:34:22.093Z
sensor.smarte_steckdose_tp01_signalpegel,1,2025-09-24T13:34:32.130Z
sensor.smarte_steckdose_tp01_signalpegel,2,2025-09-24T13:35:52.110Z
sensor.smarte_steckdose_tp01_signalpegel,1,2025-09-24T13:36:17.110Z
sensor.smarte_steckdose_tp01_signalpegel,2,2025-09-24T13:37:17.111Z
sensor.smarte_steckdose_tp01_signalpegel,1,2025-09-24T13:37:32.094Z
sensor.smarte_steckdose_tp01_signalpegel,2,2025-09-24T13:38:07.099Z
sensor.smarte_steckdose_tp01_signalpegel,1,2025-09-24T13:38:17.081Z
sensor.smarte_steckdose_tp01_signalpegel,2,2025-09-24T13:38:22.133Z
sensor.smarte_steckdose_tp01_signalpegel,1,2025-09-24T13:38:42.103Z
sensor.smarte_steckdose_tp01_signalpegel,2,2025-09-24T13:40:42.197Z
sensor.smarte_steckdose_tp01_signalpegel,1,2025-09-24T13:40:47.136Z
sensor.smarte_steckdose_tp01_signalpegel,2,2025-09-24T13:41:17.154Z
sensor.smarte_steckdose_tp01_signalpegel,1,2025-09-24T13:41:22.094Z
sensor.smarte_steckdose_tp01_signalpegel,2,2025-09-24T13:42:42.120Z
sensor.smarte_steckdose_tp01_signalpegel,1,2025-09-24T13:42:57.139Z
sensor.smarte_steckdose_tp01_signalpegel,2,2025-09-24T13:45:32.084Z
sensor.smarte_steckdose_tp01_signalpegel,1,2025-09-24T13:45:42.099Z
sensor.smarte_steckdose_tp01_signalpegel,2,2025-09-24T13:46:12.104Z
sensor.smarte_steckdose_tp01_signalpegel,1,2025-09-24T13:46:37.133Z
sensor.smarte_steckdose_tp01_signalpegel,2,2025-09-24T13:46:47.087Z
sensor.smarte_steckdose_tp01_signalpegel,1,2025-09-24T13:47:07.165Z
sensor.smarte_steckdose_tp01_signalpegel,2,2025-09-24T15:51:28.192Z
sensor.smarte_steckdose_tp01_signalpegel,1,2025-09-24T15:51:58.137Z
sensor.smarte_steckdose_tp01_signalpegel,2,2025-09-24T15:52:13.145Z
sensor.smarte_steckdose_tp01_signalpegel,1,2025-09-24T15:52:28.184Z
sensor.smarte_steckdose_tp01_signalpegel,2,2025-09-24T15:52:48.140Z
sensor.smarte_steckdose_tp01_signalpegel,1,2025-09-24T15:53:43.120Z
sensor.smarte_steckdose_tp01_signalpegel,2,2025-09-24T15:53:58.097Z
sensor.smarte_steckdose_tp01_signalpegel,1,2025-09-24T15:54:23.120Z
sensor.smarte_steckdose_tp01_signalpegel,2,2025-09-24T15:55:43.127Z
sensor.smarte_steckdose_tp01_signalpegel,1,2025-09-24T15:55:48.116Z
sensor.smarte_steckdose_tp01_signalpegel,2,2025-09-24T15:55:58.108Z
sensor.smarte_steckdose_tp01_signalpegel,1,2025-09-24T15:56:23.177Z
sensor.smarte_steckdose_tp01_signalpegel,2,2025-09-24T15:56:28.108Z
sensor.smarte_steckdose_tp01_signalpegel,1,2025-09-24T15:56:48.115Z
sensor.smarte_steckdose_tp01_signalpegel,2,2025-09-24T15:56:53.135Z
sensor.smarte_steckdose_tp01_signalpegel,1,2025-09-24T15:57:23.106Z
sensor.smarte_steckdose_tp01_signalpegel,2,2025-09-24T15:57:28.103Z
sensor.smarte_steckdose_tp01_signalpegel,1,2025-09-24T15:58:03.133Z
sensor.smarte_steckdose_tp01_signalpegel,2,2025-09-24T15:58:08.080Z
sensor.smarte_steckdose_tp01_signalpegel,1,2025-09-24T15:59:08.111Z
sensor.smarte_steckdose_tp01_signalpegel,2,2025-09-24T15:59:13.133Z
sensor.smarte_steckdose_tp01_signalpegel,1,2025-09-24T16:00:33.294Z
sensor.smarte_steckdose_tp01_signalpegel,2,2025-09-24T16:01:03.138Z
sensor.smarte_steckdose_tp01_signalpegel,1,2025-09-24T16:01:23.096Z
sensor.smarte_steckdose_tp01_signalpegel,2,2025-09-24T16:01:28.132Z
sensor.smarte_steckdose_tp01_signalpegel,1,2025-09-24T16:03:03.089Z
sensor.smarte_steckdose_tp01_signalpegel,2,2025-09-24T16:03:13.113Z
sensor.smarte_steckdose_tp01_signalpegel,1,2025-09-24T16:03:23.118Z
sensor.smarte_steckdose_tp01_signalpegel,2,2025-09-24T16:03:53.097Z
sensor.smarte_steckdose_tp01_signalpegel,1,2025-09-24T16:04:03.177Z
sensor.smarte_steckdose_tp01_signalpegel,2,2025-09-24T16:04:18.100Z
sensor.smarte_steckdose_tp01_signalpegel,1,2025-09-24T16:04:43.128Z
sensor.smarte_steckdose_tp01_signalpegel,2,2025-09-24T16:04:48.104Z
sensor.smarte_steckdose_tp01_signalpegel,1,2025-09-24T16:05:28.086Z
sensor.smarte_steckdose_tp01_signalpegel,2,2025-09-24T16:06:13.097Z
sensor.smarte_steckdose_tp01_signalpegel,1,2025-09-24T16:07:08.134Z
sensor.smarte_steckdose_tp01_signalpegel,2,2025-09-24T16:07:13.091Z
sensor.smarte_steckdose_tp01_signalpegel,1,2025-09-24T16:07:23.121Z
sensor.smarte_steckdose_tp01_signalpegel,2,2025-09-24T16:07:53.119Z
sensor.smarte_steckdose_tp01_signalpegel,1,2025-09-24T16:08:03.124Z
sensor.smarte_steckdose_tp01_signalpegel,2,2025-09-24T16:08:13.150Z
sensor.smarte_steckdose_tp01_signalpegel,1,2025-09-24T16:09:03.094Z
sensor.smarte_steckdose_tp01_signalpegel,2,2025-09-24T17:38:53.099Z
sensor.smarte_steckdose_tp01_signalpegel,1,2025-09-24T17:38:58.118Z
sensor.smarte_steckdose_tp01_signalpegel,2,2025-09-24T17:40:04.103Z
sensor.smarte_steckdose_tp01_signalpegel,1,2025-09-24T17:40:09.122Z
sensor.smarte_steckdose_tp01_signalpegel,2,2025-09-24T17:46:23.120Z
sensor.smarte_steckdose_tp01_signalpegel,1,2025-09-24T17:46:28.090Z
sensor.smarte_steckdose_tp01_signalpegel,2,2025-09-24T17:46:33.112Z
sensor.smarte_steckdose_tp01_signalpegel,1,2025-09-24T17:46:38.153Z
sensor.smarte_steckdose_tp01_signalpegel,2,2025-09-24T17:46:43.165Z
sensor.smarte_steckdose_tp01_signalpegel,1,2025-09-24T17:46:54.195Z
sensor.smarte_steckdose_tp01_signalpegel,2,2025-09-24T17:47:52.183Z
sensor.smarte_steckdose_tp01_signalpegel,1,2025-09-24T17:47:57.975Z
sensor.smarte_steckdose_tp01_signalpegel,2,2025-09-24T17:48:04.138Z
sensor.smarte_steckdose_tp01_signalpegel,1,2025-09-24T17:48:09.103Z
sensor.smarte_steckdose_tp01_signalpegel,2,2025-09-24T17:48:29.141Z
sensor.smarte_steckdose_tp01_signalpegel,1,2025-09-24T17:48:54.131Z
sensor.smarte_steckdose_tp01_signalpegel,2,2025-09-24T17:49:15.680Z
sensor.smarte_steckdose_tp01_signalpegel,1,2025-09-24T17:49:20.114Z
sensor.smarte_steckdose_tp01_signalpegel,2,2025-09-24T17:51:05.124Z
sensor.smarte_steckdose_tp01_signalpegel,1,2025-09-24T17:51:15.408Z
sensor.smarte_steckdose_tp01_signalpegel,2,2025-09-24T17:51:20.101Z
sensor.smarte_steckdose_tp01_signalpegel,1,2025-09-24T17:51:40.120Z
sensor.smarte_steckdose_tp01_signalpegel,2,2025-09-24T17:51:51.087Z
sensor.smarte_steckdose_tp01_signalpegel,1,2025-09-24T17:52:08.279Z
sensor.smarte_steckdose_tp01_signalpegel,2,2025-09-24T17:52:13.315Z
sensor.smarte_steckdose_tp01_signalpegel,1,2025-09-24T17:52:18.130Z
sensor.smarte_steckdose_tp01_signalpegel,2,2025-09-24T17:52:33.101Z
sensor.smarte_steckdose_tp01_signalpegel,1,2025-09-24T17:52:43.814Z
sensor.smarte_steckdose_tp01_signalpegel,2,2025-09-24T17:52:54.109Z
sensor.smarte_steckdose_tp01_signalpegel,1,2025-09-24T17:53:14.080Z
sensor.smarte_steckdose_tp01_signalpegel,2,2025-09-24T17:53:34.173Z
sensor.smarte_steckdose_tp01_signalpegel,1,2025-09-24T17:53:54.120Z
sensor.smarte_steckdose_tp01_signalpegel,2,2025-09-24T17:53:59.114Z
sensor.smarte_steckdose_tp01_signalpegel,1,2025-09-24T17:54:09.108Z
sensor.smarte_steckdose_tp01_signalpegel,2,2025-09-24T17:54:34.558Z
sensor.smarte_steckdose_tp01_signalpegel,1,2025-09-24T17:54:39.252Z
sensor.smarte_steckdose_tp01_signalpegel,2,2025-09-24T17:54:49.124Z
sensor.smarte_steckdose_tp01_signalpegel,1,2025-09-24T17:54:54.100Z
sensor.smarte_steckdose_tp01_signalpegel,2,2025-09-24T17:54:59.104Z
sensor.smarte_steckdose_tp01_signalpegel,1,2025-09-24T17:55:09.226Z
sensor.smarte_steckdose_tp01_signalpegel,2,2025-09-24T17:55:19.131Z
sensor.smarte_steckdose_tp01_signalpegel,1,2025-09-24T17:55:45.144Z
sensor.smarte_steckdose_tp01_signalpegel,2,2025-09-24T17:55:55.551Z
sensor.smarte_steckdose_tp01_signalpegel,1,2025-09-24T17:56:00.096Z
sensor.smarte_steckdose_tp01_signalpegel,2,2025-09-24T17:56:05.104Z
sensor.smarte_steckdose_tp01_signalpegel,1,2025-09-24T17:57:21.141Z
sensor.smarte_steckdose_tp01_signalpegel,2,2025-09-24T17:57:36.118Z
sensor.smarte_steckdose_tp01_signalpegel,1,2025-09-24T17:57:56.127Z
sensor.smarte_steckdose_tp01_signalpegel,2,2025-09-24T17:58:01.193Z
sensor.smarte_steckdose_tp01_signalpegel,1,2025-09-24T17:58:22.689Z
sensor.smarte_steckdose_tp01_signalpegel,2,2025-09-24T17:58:39.662Z
sensor.smarte_steckdose_tp01_signalpegel,1,2025-09-24T17:59:44.620Z
sensor.smarte_steckdose_tp01_signalpegel,2,2025-09-24T18:00:00.259Z
sensor.smarte_steckdose_tp01_signalpegel,1,2025-09-24T18:00:10.123Z
sensor.smarte_steckdose_tp01_signalpegel,2,2025-09-24T18:00:25.096Z
sensor.smarte_steckdose_tp01_signalpegel,1,2025-09-24T18:00:35.094Z
sensor.smarte_steckdose_tp01_signalpegel,2,2025-09-24T18:00:50.114Z
sensor.smarte_steckdose_tp01_signalpegel,1,2025-09-24T18:01:00.114Z
sensor.smarte_steckdose_tp01_signalpegel,2,2025-09-24T18:01:05.169Z
sensor.smarte_steckdose_tp01_signalpegel,1,2025-09-24T18:01:28.193Z
sensor.smarte_steckdose_tp01_signalpegel,2,2025-09-24T18:01:33.108Z
sensor.smarte_steckdose_tp01_signalpegel,1,2025-09-24T18:02:03.779Z
sensor.smarte_steckdose_tp01_signalpegel,2,2025-09-24T18:02:19.130Z
sensor.smarte_steckdose_tp01_signalpegel,1,2025-09-24T18:02:44.159Z
sensor.smarte_steckdose_tp01_signalpegel,2,2025-09-24T18:02:50.088Z
sensor.smarte_steckdose_tp01_signalpegel,1,2025-09-24T18:03:45.106Z
sensor.smarte_steckdose_tp01_signalpegel,2,2025-09-24T18:03:55.120Z
sensor.smarte_steckdose_tp01_signalpegel,1,2025-09-24T18:04:05.135Z
sensor.smarte_steckdose_tp01_signalpegel,2,2025-09-24T18:04:20.078Z
sensor.smarte_steckdose_tp01_signalpegel,1,2025-09-24T18:04:25.098Z
sensor.smarte_steckdose_tp01_signalpegel,2,2025-09-24T18:04:35.265Z
sensor.smarte_steckdose_tp01_signalpegel,1,2025-09-24T18:04:46.680Z
sensor.smarte_steckdose_tp01_signalpegel,2,2025-09-24T18:04:51.120Z
sensor.smarte_steckdose_tp01_signalpegel,1,2025-09-24T18:05:01.171Z
sensor.smarte_steckdose_tp01_signalpegel,2,2025-09-24T18:05:11.098Z
sensor.smarte_steckdose_tp01_signalpegel,1,2025-09-24T18:05:26.086Z
sensor.smarte_steckdose_tp01_signalpegel,2,2025-09-24T18:08:28.388Z
sensor.smarte_steckdose_tp01_signalpegel,1,2025-09-24T18:09:55.877Z
sensor.smarte_steckdose_tp01_signalpegel,2,2025-09-24T18:10:37.116Z
sensor.smarte_steckdose_tp01_signalpegel,1,2025-09-24T18:12:02.128Z
sensor.smarte_steckdose_tp01_signalpegel,2,2025-09-24T18:12:43.116Z
sensor.smarte_steckdose_tp01_signalpegel,1,2025-09-24T18:13:03.125Z
sensor.smarte_steckdose_tp01_signalpegel,2,2025-09-24T18:13:38.131Z
sensor.smarte_steckdose_tp01_signalpegel,1,2025-09-24T18:15:02.124Z
sensor.smarte_steckdose_tp01_signalpegel,2,2025-09-24T18:15:12.136Z
sensor.smarte_steckdose_tp01_signalpegel,1,2025-09-24T18:15:27.110Z
sensor.smarte_steckdose_tp01_signalpegel,2,2025-09-24T18:15:47.102Z
sensor.smarte_steckdose_tp01_signalpegel,1,2025-09-24T18:16:02.144Z
sensor.smarte_steckdose_tp01_signalpegel,2,2025-09-24T18:16:17.119Z
sensor.smarte_steckdose_tp01_signalpegel,1,2025-09-24T18:16:32.300Z
sensor.smarte_steckdose_tp01_signalpegel,2,2025-09-24T18:16:47.181Z
sensor.smarte_steckdose_tp01_signalpegel,1,2025-09-24T18:17:12.112Z
sensor.smarte_steckdose_tp01_signalpegel,2,2025-09-24T18:17:32.113Z
sensor.smarte_steckdose_tp01_signalpegel,1,2025-09-24T18:17:57.129Z
sensor.smarte_steckdose_tp01_signalpegel,2,2025-09-24T18:18:12.118Z
sensor.smarte_steckdose_tp01_signalpegel,1,2025-09-24T18:18:27.132Z
sensor.smarte_steckdose_tp01_signalpegel,2,2025-09-24T18:18:42.083Z
sensor.smarte_steckdose_tp01_signalpegel,1,2025-09-24T18:19:13.120Z
sensor.smarte_steckdose_tp01_signalpegel,2,2025-09-24T18:19:44.203Z
sensor.smarte_steckdose_tp01_signalpegel,1,2025-09-24T18:20:19.509Z
sensor.smarte_steckdose_tp01_signalpegel,2,2025-09-24T18:20:39.087Z
sensor.smarte_steckdose_tp01_signalpegel,1,2025-09-24T18:21:00.211Z
sensor.smarte_steckdose_tp01_signalpegel,2,2025-09-24T18:23:23.137Z
sensor.smarte_steckdose_tp01_signalpegel,1,2025-09-24T18:23:28.077Z
sensor.smarte_steckdose_tp01_signalpegel,2,2025-09-24T18:23:33.168Z
sensor.smarte_steckdose_tp01_signalpegel,1,2025-09-24T18:23:38.107Z
sensor.smarte_steckdose_tp01_signalpegel,2,2025-09-24T18:23:43.109Z
sensor.smarte_steckdose_tp01_signalpegel,1,2025-09-24T18:23:53.125Z
sensor.smarte_steckdose_tp01_signalpegel,2,2025-09-24T18:28:46.173Z
sensor.smarte_steckdose_tp01_signalpegel,1,2025-09-24T18:28:51.130Z
sensor.smarte_steckdose_tp01_signalpegel,2,2025-09-24T18:31:13.838Z
sensor.smarte_steckdose_tp01_signalpegel,1,2025-09-24T18:31:19.129Z
sensor.smarte_steckdose_tp01_signalpegel,2,2025-09-24T18:31:31.918Z
sensor.smarte_steckdose_tp01_signalpegel,1,2025-09-24T18:31:37.274Z
sensor.smarte_steckdose_tp01_signalpegel,2,2025-09-24T18:33:50.564Z
sensor.smarte_steckdose_tp01_signalpegel,1,2025-09-24T18:33:55.089Z
sensor.smarte_steckdose_tp01_signalpegel,2,2025-09-24T18:35:02.117Z
sensor.smarte_steckdose_tp01_signalpegel,1,2025-09-24T18:35:07.221Z
sensor.smarte_steckdose_tp01_signalpegel,2,2025-09-24T18:35:32.119Z
sensor.smarte_steckdose_tp01_signalpegel,1,2025-09-24T18:35:37.123Z
sensor.smarte_steckdose_tp01_signalpegel,2,2025-09-24T18:35:42.129Z
sensor.smarte_steckdose_tp01_signalpegel,1,2025-09-24T18:36:02.140Z
sensor.smarte_steckdose_tp01_signalpegel,2,2025-09-24T18:36:28.313Z
sensor.smarte_steckdose_tp01_signalpegel,1,2025-09-24T18:36:38.094Z
sensor.smarte_steckdose_tp01_signalpegel,2,2025-09-24T18:36:53.100Z
sensor.smarte_steckdose_tp01_signalpegel,1,2025-09-24T18:37:08.954Z
sensor.smarte_steckdose_tp01_signalpegel,2,2025-09-24T18:38:00.110Z
sensor.smarte_steckdose_tp01_signalpegel,1,2025-09-24T18:38:15.125Z
sensor.smarte_steckdose_tp01_signalpegel,2,2025-09-24T18:39:50.096Z
sensor.smarte_steckdose_tp01_signalpegel,1,2025-09-24T18:40:15.668Z
sensor.smarte_steckdose_tp01_signalpegel,2,2025-09-24T18:40:20.110Z
sensor.smarte_steckdose_tp01_signalpegel,1,2025-09-24T18:40:25.158Z
sensor.smarte_steckdose_tp01_signalpegel,2,2025-09-24T18:40:30.109Z
sensor.smarte_steckdose_tp01_signalpegel,1,2025-09-24T18:40:40.686Z
sensor.smarte_steckdose_tp01_signalpegel,2,2025-09-24T18:40:45.177Z
sensor.smarte_steckdose_tp01_signalpegel,1,2025-09-24T18:40:50.117Z
sensor.smarte_steckdose_tp01_signalpegel,2,2025-09-24T18:41:10.146Z
sensor.smarte_steckdose_tp01_signalpegel,1,2025-09-24T18:41:20.130Z
sensor.smarte_steckdose_tp01_signalpegel,2,2025-09-24T18:41:25.849Z
sensor.smarte_steckdose_tp01_signalpegel,1,2025-09-24T18:41:31.716Z
sensor.smarte_steckdose_tp01_signalpegel,2,2025-09-24T18:41:37.383Z
sensor.smarte_steckdose_tp01_signalpegel,1,2025-09-24T18:41:42.133Z
sensor.smarte_steckdose_tp01_signalpegel,2,2025-09-24T18:41:47.079Z
sensor.smarte_steckdose_tp01_signalpegel,1,2025-09-24T18:42:02.094Z
sensor.smarte_steckdose_tp01_signalpegel,2,2025-09-24T18:42:17.086Z
sensor.smarte_steckdose_tp01_signalpegel,1,2025-09-24T18:42:27.100Z
sensor.smarte_steckdose_tp01_signalpegel,2,2025-09-24T18:43:27.077Z
sensor.smarte_steckdose_tp01_signalpegel,1,2025-09-24T18:43:42.142Z
sensor.smarte_steckdose_tp01_signalpegel,2,2025-09-24T18:44:07.170Z
sensor.smarte_steckdose_tp01_signalpegel,1,2025-09-24T18:44:22.115Z
sensor.smarte_steckdose_tp01_signalpegel,2,2025-09-24T18:44:42.117Z
sensor.smarte_steckdose_tp01_signalpegel,1,2025-09-24T18:44:57.105Z
sensor.smarte_steckdose_tp01_signalpegel,2,2025-09-24T18:45:02.146Z
sensor.smarte_steckdose_tp01_signalpegel,1,2025-09-24T18:45:32.097Z
sensor.smarte_steckdose_tp01_signalpegel,2,2025-09-24T18:45:48.048Z
sensor.smarte_steckdose_tp01_signalpegel,1,2025-09-24T18:45:54.104Z
sensor.smarte_steckdose_tp01_signalpegel,2,2025-09-24T18:46:35.093Z
sensor.smarte_steckdose_tp01_signalpegel,1,2025-09-24T18:46:46.436Z
sensor.smarte_steckdose_tp01_signalpegel,2,2025-09-24T18:47:01.100Z
sensor.smarte_steckdose_tp01_signalpegel,1,2025-09-24T18:48:01.149Z
sensor.smarte_steckdose_tp01_signalpegel,2,2025-09-24T18:49:11.142Z
sensor.smarte_steckdose_tp01_signalpegel,1,2025-09-24T18:49:26.091Z
sensor.smarte_steckdose_tp01_signalpegel,2,2025-09-24T18:49:41.801Z
sensor.smarte_steckdose_tp01_signalpegel,1,2025-09-24T18:49:52.165Z
sensor.smarte_steckdose_tp01_signalpegel,2,2025-09-24T18:49:57.113Z
sensor.smarte_steckdose_tp01_signalpegel,1,2025-09-24T18:50:07.608Z
sensor.smarte_steckdose_tp01_signalpegel,2,2025-09-24T18:50:17.235Z
sensor.smarte_steckdose_tp01_signalpegel,1,2025-09-24T18:50:22.393Z
sensor.smarte_steckdose_tp01_signalpegel,2,2025-09-24T18:51:08.089Z
sensor.smarte_steckdose_tp01_signalpegel,1,2025-09-24T18:51:13.112Z
sensor.smarte_steckdose_tp01_signalpegel,2,2025-09-24T18:51:23.137Z
sensor.smarte_steckdose_tp01_signalpegel,1,2025-09-24T18:51:28.118Z
sensor.smarte_steckdose_tp01_signalpegel,2,2025-09-24T18:51:38.600Z
sensor.smarte_steckdose_tp01_signalpegel,1,2025-09-24T18:51:53.109Z
sensor.smarte_steckdose_tp01_signalpegel,2,2025-09-24T18:51:58.132Z
sensor.smarte_steckdose_tp01_signalpegel,1,2025-09-24T18:52:08.101Z
sensor.smarte_steckdose_tp01_signalpegel,2,2025-09-24T18:52:18.116Z
sensor.smarte_steckdose_tp01_signalpegel,1,2025-09-24T18:52:28.175Z
sensor.smarte_steckdose_tp01_signalpegel,2,2025-09-24T18:52:38.101Z
sensor.smarte_steckdose_tp01_signalpegel,1,2025-09-24T18:52:43.319Z
sensor.smarte_steckdose_tp01_signalpegel,2,2025-09-24T18:54:28.043Z
sensor.smarte_steckdose_tp01_signalpegel,1,2025-09-24T18:54:34.218Z
sensor.smarte_steckdose_tp01_signalpegel,2,2025-09-24T18:55:03.082Z
sensor.smarte_steckdose_tp01_signalpegel,1,2025-09-24T18:55:08.129Z
sensor.smarte_steckdose_tp01_signalpegel,2,2025-09-24T18:55:28.504Z
sensor.smarte_steckdose_tp01_signalpegel,1,2025-09-24T18:55:33.298Z
sensor.smarte_steckdose_tp01_signalpegel,2,2025-09-24T18:57:19.153Z
sensor.smarte_steckdose_tp01_signalpegel,1,2025-09-24T18:57:24.105Z
sensor.smarte_steckdose_tp01_signalpegel,2,2025-09-24T18:58:51.133Z
sensor.smarte_steckdose_tp01_signalpegel,1,2025-09-24T18:58:56.114Z
sensor.smarte_steckdose_tp01_signalpegel,2,2025-09-24T18:59:16.742Z
sensor.smarte_steckdose_tp01_signalpegel,1,2025-09-24T18:59:22.353Z
sensor.smarte_steckdose_tp01_signalpegel,2,2025-09-24T18:59:32.120Z
sensor.smarte_steckdose_tp01_signalpegel,1,2025-09-24T18:59:37.135Z
sensor.smarte_steckdose_tp01_signalpegel,2,2025-09-24T19:00:08.818Z
sensor.smarte_steckdose_tp01_signalpegel,1,2025-09-24T19:00:14.778Z
sensor.smarte_steckdose_tp01_signalpegel,2,2025-09-24T19:01:25.148Z
sensor.smarte_steckdose_tp01_signalpegel,1,2025-09-24T19:01:46.836Z
sensor.smarte_steckdose_tp01_signalpegel,2,2025-09-24T19:02:32.783Z
sensor.smarte_steckdose_tp01_signalpegel,1,2025-09-24T19:02:39.745Z
sensor.smarte_steckdose_tp01_signalpegel,2,2025-09-24T19:03:33.117Z
sensor.smarte_steckdose_tp01_signalpegel,1,2025-09-24T19:03:38.110Z
sensor.smarte_steckdose_tp01_signalpegel,2,2025-09-24T19:03:48.684Z
sensor.smarte_steckdose_tp01_signalpegel,1,2025-09-24T19:03:53.470Z
sensor.smarte_steckdose_tp01_signalpegel,2,2025-09-24T19:04:33.652Z
sensor.smarte_steckdose_tp01_signalpegel,1,2025-09-24T19:04:38.216Z
sensor.smarte_steckdose_tp01_signalpegel,2,2025-09-24T19:05:39.128Z
sensor.smarte_steckdose_tp01_signalpegel,1,2025-09-24T19:05:44.099Z
sensor.smarte_steckdose_tp01_signalpegel,2,2025-09-24T19:08:56.143Z
sensor.smarte_steckdose_tp01_signalpegel,1,2025-09-24T19:09:01.114Z
sensor.smarte_steckdose_tp01_signalpegel,2,2025-09-24T19:09:06.100Z
sensor.smarte_steckdose_tp01_signalpegel,1,2025-09-24T19:09:33.702Z
sensor.smarte_steckdose_tp01_signalpegel,2,2025-09-24T19:10:26.258Z
sensor.smarte_steckdose_tp01_signalpegel,1,2025-09-24T19:10:31.209Z
sensor.smarte_steckdose_tp01_signalpegel,2,2025-09-24T19:13:21.146Z
sensor.smarte_steckdose_tp01_signalpegel,1,2025-09-24T19:13:26.110Z
sensor.smarte_steckdose_tp01_signalpegel,2,2025-09-24T19:14:06.512Z
sensor.smarte_steckdose_tp01_signalpegel,1,2025-09-24T19:14:16.150Z
sensor.smarte_steckdose_tp01_signalpegel,2,2025-09-24T19:15:50.014Z
sensor.smarte_steckdose_tp01_signalpegel,1,2025-09-24T19:15:55.082Z
sensor.smarte_steckdose_tp01_signalpegel,2,2025-09-24T19:16:16.817Z
sensor.smarte_steckdose_tp01_signalpegel,1,2025-09-24T19:16:22.637Z
sensor.smarte_steckdose_tp01_signalpegel,2,2025-09-24T19:18:58.649Z
sensor.smarte_steckdose_tp01_signalpegel,1,2025-09-24T19:19:10.132Z
sensor.smarte_steckdose_tp01_signalpegel,2,2025-09-24T19:32:31.101Z
sensor.smarte_steckdose_tp01_signalpegel,1,2025-09-24T19:34:49.134Z
sensor.smarte_steckdose_tp01_signalpegel,2,2025-09-24T19:34:54.102Z
sensor.smarte_steckdose_tp01_signalpegel,1,2025-09-24T19:40:21.886Z
sensor.smarte_steckdose_tp01_signalpegel,2,2025-09-24T19:40:42.083Z
sensor.smarte_steckdose_tp01_signalpegel,1,2025-09-24T19:40:52.208Z
sensor.smarte_steckdose_tp01_signalpegel,2,2025-09-24T19:41:44.101Z
sensor.smarte_steckdose_tp01_signalpegel,1,2025-09-24T19:41:59.490Z
sensor.smarte_steckdose_tp01_signalpegel,2,2025-09-24T19:42:09.119Z
sensor.smarte_steckdose_tp01_signalpegel,1,2025-09-24T19:42:24.107Z
sensor.smarte_steckdose_tp01_signalpegel,2,2025-09-24T19:42:44.216Z
sensor.smarte_steckdose_tp01_signalpegel,1,2025-09-24T19:42:49.094Z
sensor.smarte_steckdose_tp01_signalpegel,2,2025-09-24T19:42:59.137Z
sensor.smarte_steckdose_tp01_signalpegel,1,2025-09-24T21:29:33.116Z
sensor.smarte_steckdose_tp01_signalpegel,2,2025-09-24T21:30:08.127Z
sensor.smarte_steckdose_tp01_signalpegel,1,2025-09-24T21:32:23.096Z
sensor.smarte_steckdose_tp01_signalpegel,2,2025-09-24T21:33:19.129Z
sensor.smarte_steckdose_tp01_signalpegel,1,2025-09-24T21:33:52.203Z
sensor.smarte_steckdose_tp01_signalpegel,2,2025-09-24T21:34:17.358Z
sensor.smarte_steckdose_tp01_signalpegel,1,2025-09-24T21:34:37.182Z
sensor.smarte_steckdose_tp01_signalpegel,2,2025-09-24T21:36:33.097Z
sensor.smarte_steckdose_tp01_signalpegel,1,2025-09-24T21:38:03.162Z
sensor.smarte_steckdose_tp01_signalpegel,2,2025-09-24T21:38:18.091Z
sensor.smarte_steckdose_tp01_signalpegel,1,2025-09-24T21:41:28.115Z
sensor.smarte_steckdose_tp01_signalpegel,2,2025-09-24T21:41:33.095Z
sensor.smarte_steckdose_tp01_signalpegel,1,2025-09-24T21:42:23.080Z
sensor.smarte_steckdose_tp01_signalpegel,2,2025-09-24T21:42:28.158Z
sensor.smarte_steckdose_tp01_signalpegel,1,2025-09-25T05:02:31.159Z
sensor.smarte_steckdose_tp01_signalpegel,2,2025-09-25T05:02:46.104Z
sensor.smarte_steckdose_tp01_signalpegel,1,2025-09-25T05:30:51.104Z
sensor.smarte_steckdose_tp01_signalpegel,2,2025-09-25T05:30:56.106Z
sensor.smarte_steckdose_tp01_signalpegel,1,2025-09-25T05:31:11.110Z
sensor.smarte_steckdose_tp01_signalpegel,2,2025-09-25T05:31:31.096Z
sensor.smarte_steckdose_tp01_signalpegel,1,2025-09-25T05:33:06.115Z
sensor.smarte_steckdose_tp01_signalpegel,2,2025-09-25T05:33:11.108Z
sensor.smarte_steckdose_tp01_signalpegel,1,2025-09-25T05:35:16.092Z
sensor.smarte_steckdose_tp01_signalpegel,2,2025-09-25T05:35:26.116Z
sensor.smarte_steckdose_tp01_signalpegel,1,2025-09-25T05:36:01.127Z
sensor.smarte_steckdose_tp01_signalpegel,2,2025-09-25T05:36:06.109Z
sensor.smarte_steckdose_tp01_signalpegel,1,2025-09-25T05:41:36.114Z
sensor.smarte_steckdose_tp01_signalpegel,2,2025-09-25T05:42:06.116Z
sensor.smarte_steckdose_tp01_signalpegel,1,2025-09-25T05:42:26.135Z
sensor.smarte_steckdose_tp01_signalpegel,2,2025-09-25T05:43:06.205Z
sensor.smarte_steckdose_tp01_signalpegel,1,2025-09-25T05:43:26.102Z
sensor.smarte_steckdose_tp01_signalpegel,2,2025-09-25T05:44:46.116Z
sensor.smarte_steckdose_tp01_signalpegel,1,2025-09-25T05:45:41.140Z
sensor.smarte_steckdose_tp01_signalpegel,2,2025-09-25T05:45:51.097Z
sensor.smarte_steckdose_tp01_signalpegel,1,2025-09-25T05:46:01.138Z
sensor.smarte_steckdose_tp01_signalpegel,2,2025-09-25T05:46:16.095Z
sensor.smarte_steckdose_tp01_signalpegel,1,2025-09-25T05:48:11.143Z
sensor.smarte_steckdose_tp01_signalpegel,2,2025-09-25T05:49:11.105Z
sensor.smarte_steckdose_tp01_signalpegel,1,2025-09-25T05:51:06.107Z
sensor.smarte_steckdose_tp01_signalpegel,2,2025-09-25T05:52:01.118Z
sensor.smarte_steckdose_tp01_signalpegel,1,2025-09-25T05:52:26.138Z
sensor.smarte_steckdose_tp01_signalpegel,2,2025-09-25T05:53:01.127Z
sensor.smarte_steckdose_tp01_signalpegel,1,2025-09-25T05:53:16.093Z
sensor.smarte_steckdose_tp01_signalpegel,2,2025-09-25T05:53:31.107Z
sensor.smarte_steckdose_tp01_signalpegel,1,2025-09-25T05:54:06.103Z
sensor.smarte_steckdose_tp01_signalpegel,2,2025-09-25T05:54:56.102Z
sensor.smarte_steckdose_tp01_signalpegel,1,2025-09-25T05:55:01.123Z
sensor.smarte_steckdose_tp01_signalpegel,2,2025-09-25T05:55:51.305Z
sensor.smarte_steckdose_tp01_signalpegel,1,2025-09-25T05:56:12.433Z
sensor.smarte_steckdose_tp01_signalpegel,2,2025-09-25T05:56:48.388Z
sensor.smarte_steckdose_tp01_signalpegel,1,2025-09-25T05:57:22.541Z
sensor.smarte_steckdose_tp01_signalpegel,2,2025-09-25T05:57:52.183Z
sensor.smarte_steckdose_tp01_signalpegel,1,2025-09-25T06:01:21.115Z
sensor.smarte_steckdose_tp01_signalpegel,2,2025-09-25T06:02:11.109Z
sensor.smarte_steckdose_tp01_signalpegel,1,2025-09-25T06:02:26.113Z
sensor.smarte_steckdose_tp01_signalpegel,2,2025-09-25T06:03:46.093Z
sensor.smarte_steckdose_tp01_signalpegel,1,2025-09-25T06:04:46.102Z
sensor.smarte_steckdose_tp01_signalpegel,2,2025-09-25T06:05:06.098Z
sensor.smarte_steckdose_tp01_signalpegel,1,2025-09-25T06:05:31.149Z
sensor.smarte_steckdose_tp01_signalpegel,2,2025-09-25T06:05:41.081Z
sensor.smarte_steckdose_tp01_signalpegel,1,2025-09-25T06:06:11.092Z
sensor.smarte_steckdose_tp01_signalpegel,2,2025-09-25T06:06:41.161Z
sensor.smarte_steckdose_tp01_signalpegel,1,2025-09-25T06:06:51.104Z
sensor.smarte_steckdose_tp01_signalpegel,2,2025-09-25T06:06:56.099Z
sensor.smarte_steckdose_tp01_signalpegel,1,2025-09-25T06:07:21.122Z
sensor.smarte_steckdose_tp01_signalpegel,2,2025-09-25T06:07:31.098Z
sensor.smarte_steckdose_tp01_signalpegel,1,2025-09-25T06:08:56.137Z
sensor.smarte_steckdose_tp01_signalpegel,2,2025-09-25T06:09:46.106Z
sensor.smarte_steckdose_tp01_signalpegel,1,2025-09-25T06:10:41.139Z
sensor.smarte_steckdose_tp01_signalpegel,2,2025-09-25T06:10:51.133Z
sensor.smarte_steckdose_tp01_signalpegel,1,2025-09-25T06:12:56.104Z
sensor.smarte_steckdose_tp01_signalpegel,2,2025-09-25T06:13:11.125Z
sensor.smarte_steckdose_tp01_signalpegel,1,2025-09-25T06:16:26.130Z
sensor.smarte_steckdose_tp01_signalpegel,2,2025-09-25T06:16:36.085Z
sensor.smarte_steckdose_tp01_signalpegel,1,2025-09-25T06:17:06.089Z
sensor.smarte_steckdose_tp01_signalpegel,2,2025-09-25T06:17:16.121Z
sensor.smarte_steckdose_tp01_signalpegel,1,2025-09-25T06:24:06.121Z
sensor.smarte_steckdose_tp01_signalpegel,2,2025-09-25T06:24:16.119Z
sensor.smarte_steckdose_tp01_signalpegel,1,2025-09-25T06:24:21.128Z
sensor.smarte_steckdose_tp01_signalpegel,2,2025-09-25T06:25:56.106Z
sensor.smarte_steckdose_tp01_signalpegel,1,2025-09-25T06:27:21.088Z
sensor.smarte_steckdose_tp01_signalpegel,2,2025-09-25T06:28:31.084Z
sensor.smarte_steckdose_tp01_signalpegel,1,2025-09-25T06:29:36.120Z
sensor.smarte_steckdose_tp01_signalpegel,2,2025-09-25T06:29:46.144Z
sensor.smarte_steckdose_tp01_signalpegel,1,2025-09-25T06:30:51.132Z
sensor.smarte_steckdose_tp01_signalpegel,2,2025-09-25T06:31:06.119Z
sensor.smarte_steckdose_tp01_signalpegel,1,2025-09-25T06:33:11.112Z
sensor.smarte_steckdose_tp01_signalpegel,2,2025-09-25T06:33:21.108Z
sensor.smarte_steckdose_tp01_signalpegel,1,2025-09-25T06:34:16.099Z
sensor.smarte_steckdose_tp01_signalpegel,2,2025-09-25T06:34:36.132Z
sensor.smarte_steckdose_tp01_signalpegel,1,2025-09-25T06:34:41.129Z
sensor.smarte_steckdose_tp01_signalpegel,2,2025-09-25T06:35:16.175Z
sensor.smarte_steckdose_tp01_signalpegel,1,2025-09-25T06:36:41.107Z
sensor.smarte_steckdose_tp01_signalpegel,2,2025-09-25T06:36:46.101Z
sensor.smarte_steckdose_tp01_signalpegel,1,2025-09-25T06:37:16.104Z
sensor.smarte_steckdose_tp01_signalpegel,2,2025-09-25T06:37:26.122Z
sensor.smarte_steckdose_tp01_signalpegel,1,2025-09-25T06:41:01.144Z
sensor.smarte_steckdose_tp01_signalpegel,2,2025-09-25T06:41:06.198Z
sensor.smarte_steckdose_tp01_signalpegel,1,2025-09-25T06:42:26.082Z
sensor.smarte_steckdose_tp01_signalpegel,2,2025-09-25T06:42:41.081Z
sensor.smarte_steckdose_tp01_signalpegel,1,2025-09-25T06:44:51.074Z
sensor.smarte_steckdose_tp01_signalpegel,2,2025-09-25T06:45:56.091Z
sensor.smarte_steckdose_tp01_signalpegel,1,2025-09-25T06:50:21.105Z
sensor.smarte_steckdose_tp01_signalpegel,2,2025-09-25T06:50:56.118Z
sensor.smarte_steckdose_tp01_signalpegel,1,2025-09-25T06:52:51.084Z
sensor.smarte_steckdose_tp01_signalpegel,2,2025-09-25T06:52:56.195Z
sensor.smarte_steckdose_tp01_signalpegel,1,2025-09-25T07:00:01.128Z
sensor.smarte_steckdose_tp01_signalpegel,2,2025-09-25T07:00:06.136Z
sensor.smarte_steckdose_tp01_signalpegel,1,2025-09-25T07:02:01.095Z
sensor.smarte_steckdose_tp01_signalpegel,2,2025-09-25T07:02:11.142Z
sensor.smarte_steckdose_tp01_signalpegel,1,2025-09-25T07:13:47.132Z
sensor.smarte_steckdose_tp01_signalpegel,2,2025-09-25T07:13:52.101Z
sensor.smarte_steckdose_tp01_signalpegel,1,2025-09-25T07:14:43.111Z
sensor.smarte_steckdose_tp01_signalpegel,2,2025-09-25T07:15:33.200Z
sensor.smarte_steckdose_tp01_signalpegel,1,2025-09-25T07:17:28.140Z
sensor.smarte_steckdose_tp01_signalpegel,2,2025-09-25T07:17:33.124Z
sensor.smarte_steckdose_tp01_signalpegel,1,2025-09-25T07:19:58.145Z
sensor.smarte_steckdose_tp01_signalpegel,2,2025-09-25T07:20:28.100Z
sensor.smarte_steckdose_tp01_signalpegel,1,2025-09-25T07:21:18.102Z
sensor.smarte_steckdose_tp01_signalpegel,2,2025-09-25T07:21:38.123Z
sensor.smarte_steckdose_tp01_signalpegel,1,2025-09-25T07:22:28.123Z
sensor.smarte_steckdose_tp01_signalpegel,2,2025-09-25T07:22:53.174Z
sensor.smarte_steckdose_tp01_signalpegel,1,2025-09-25T07:24:28.132Z
sensor.smarte_steckdose_tp01_signalpegel,2,2025-09-25T07:24:48.152Z
sensor.smarte_steckdose_tp01_signalpegel,1,2025-09-25T07:27:58.129Z
sensor.smarte_steckdose_tp01_signalpegel,2,2025-09-25T07:28:23.132Z
sensor.smarte_steckdose_tp01_signalpegel,1,2025-09-25T07:31:58.082Z
sensor.smarte_steckdose_tp01_signalpegel,2,2025-09-25T07:32:23.108Z
sensor.smarte_steckdose_tp01_signalpegel,1,2025-09-25T07:37:08.095Z
sensor.smarte_steckdose_tp01_signalpegel,2,2025-09-25T07:37:18.133Z
sensor.smarte_steckdose_tp01_signalpegel,1,2025-09-25T07:37:38.145Z
sensor.smarte_steckdose_tp01_signalpegel,2,2025-09-25T07:37:53.146Z
sensor.smarte_steckdose_tp01_signalpegel,1,2025-09-25T07:38:23.080Z
sensor.smarte_steckdose_tp01_signalpegel,2,2025-09-25T07:38:43.118Z
sensor.smarte_steckdose_tp01_signalpegel,1,2025-09-25T07:40:33.176Z
sensor.smarte_steckdose_tp01_signalpegel,2,2025-09-25T07:40:38.146Z
sensor.smarte_steckdose_tp01_signalpegel,1,2025-09-25T07:43:18.088Z
sensor.smarte_steckdose_tp01_signalpegel,2,2025-09-25T07:44:48.144Z
sensor.smarte_steckdose_tp01_signalpegel,1,2025-09-25T07:48:28.120Z
sensor.smarte_steckdose_tp01_signalpegel,2,2025-09-25T07:48:58.111Z
sensor.smarte_steckdose_tp01_signalpegel,1,2025-09-25T07:52:28.154Z
sensor.smarte_steckdose_tp01_signalpegel,2,2025-09-25T07:52:53.091Z
sensor.smarte_steckdose_tp01_signalpegel,1,2025-09-25T07:53:53.086Z
sensor.smarte_steckdose_tp01_signalpegel,2,2025-09-25T07:54:03.117Z
sensor.smarte_steckdose_tp01_signalpegel,1,2025-09-25T07:56:23.138Z
sensor.smarte_steckdose_tp01_signalpegel,2,2025-09-25T07:56:58.120Z
sensor.smarte_steckdose_tp01_signalpegel,1,2025-09-25T07:57:18.152Z
sensor.smarte_steckdose_tp01_signalpegel,2,2025-09-25T07:58:03.143Z
sensor.smarte_steckdose_tp01_signalpegel,1,2025-09-25T08:00:38.099Z
sensor.smarte_steckdose_tp01_signalpegel,2,2025-09-25T08:00:53.102Z
sensor.smarte_steckdose_tp01_signalpegel,1,2025-09-25T11:02:28.125Z
sensor.smarte_steckdose_tp01_signalpegel,2,2025-09-25T11:02:38.118Z
sensor.smarte_steckdose_tp01_signalpegel,1,2025-09-25T11:12:28.146Z
sensor.smarte_steckdose_tp01_signalpegel,2,2025-09-25T11:12:33.097Z
sensor.smarte_steckdose_tp01_signalpegel,unavailable,2025-09-25T12:08:08.714Z
sensor.smarte_steckdose_tp01_signalpegel,2,2025-09-25T12:08:55.907Z
sensor.smarte_steckdose_tp01_signalpegel,1,2025-09-25T12:32:06.080Z
sensor.smarte_steckdose_tp01_signalpegel,2,2025-09-25T12:32:21.213Z
sensor.smarte_steckdose_tp01_signalpegel,1,2025-09-25T12:40:41.123Z
sensor.smarte_steckdose_tp01_signalpegel,2,2025-09-25T12:40:51.084Z
sensor.smarte_steckdose_tp01_signalpegel,1,2025-09-25T12:41:31.108Z
sensor.smarte_steckdose_tp01_signalpegel,2,2025-09-25T12:41:51.142Z
sensor.smarte_steckdose_tp01_signalpegel,1,2025-09-25T12:41:56.147Z
sensor.smarte_steckdose_tp01_signalpegel,2,2025-09-25T12:42:01.114Z
sensor.smarte_steckdose_tp01_signalpegel,1,2025-09-25T12:42:21.123Z
sensor.smarte_steckdose_tp01_signalpegel,2,2025-09-25T12:42:26.099Z
sensor.smarte_steckdose_tp01_signalpegel,1,2025-09-25T12:46:16.212Z
sensor.smarte_steckdose_tp01_signalpegel,2,2025-09-25T12:46:31.090Z
sensor.smarte_steckdose_tp01_signalpegel,1,2025-09-25T12:47:06.118Z
sensor.smarte_steckdose_tp01_signalpegel,2,2025-09-25T12:47:16.126Z
sensor.smarte_steckdose_tp01_signalpegel,1,2025-09-25T12:47:56.081Z
sensor.smarte_steckdose_tp01_signalpegel,2,2025-09-25T12:48:11.144Z
sensor.smarte_steckdose_tp01_signalpegel,1,2025-09-25T12:48:26.115Z
sensor.smarte_steckdose_tp01_signalpegel,2,2025-09-25T12:49:04.132Z
sensor.smarte_steckdose_tp01_signalpegel,1,2025-09-25T12:52:29.100Z
sensor.smarte_steckdose_tp01_signalpegel,2,2025-09-25T12:52:54.133Z
sensor.smarte_steckdose_tp01_signalpegel,1,2025-09-25T12:55:39.124Z
sensor.smarte_steckdose_tp01_signalpegel,2,2025-09-25T12:55:59.106Z
sensor.smarte_steckdose_tp01_signalpegel,1,2025-09-25T12:56:29.151Z
sensor.smarte_steckdose_tp01_signalpegel,2,2025-09-25T12:57:19.097Z
sensor.smarte_steckdose_tp01_signalpegel,1,2025-09-25T12:57:39.254Z
sensor.smarte_steckdose_tp01_signalpegel,2,2025-09-25T12:58:09.173Z
sensor.smarte_steckdose_tp01_signalpegel,1,2025-09-25T12:58:49.113Z
sensor.smarte_steckdose_tp01_signalpegel,2,2025-09-25T12:59:04.180Z
sensor.smarte_steckdose_tp01_signalpegel,1,2025-09-25T12:59:14.112Z
sensor.smarte_steckdose_tp01_signalpegel,2,2025-09-25T12:59:19.098Z
sensor.smarte_steckdose_tp01_signalpegel,1,2025-09-25T12:59:44.166Z
sensor.smarte_steckdose_tp01_signalpegel,2,2025-09-25T13:02:24.161Z
sensor.smarte_steckdose_tp01_signalpegel,1,2025-09-25T13:02:29.096Z
sensor.smarte_steckdose_tp01_signalpegel,2,2025-09-25T13:03:04.131Z
sensor.smarte_steckdose_tp01_signalpegel,1,2025-09-25T13:03:39.165Z
sensor.smarte_steckdose_tp01_signalpegel,2,2025-09-25T13:06:44.081Z
sensor.smarte_steckdose_tp01_signalpegel,1,2025-09-25T13:07:14.122Z
sensor.smarte_steckdose_tp01_signalpegel,2,2025-09-25T13:08:29.133Z
sensor.smarte_steckdose_tp01_signalpegel,1,2025-09-25T13:08:39.211Z
sensor.smarte_steckdose_tp01_signalpegel,2,2025-09-25T13:08:44.145Z
sensor.smarte_steckdose_tp01_signalpegel,1,2025-09-25T13:09:19.181Z
sensor.smarte_steckdose_tp01_signalpegel,2,2025-09-25T13:10:24.084Z
sensor.smarte_steckdose_tp01_signalpegel,1,2025-09-25T13:10:54.148Z
sensor.smarte_steckdose_tp01_signalpegel,2,2025-09-25T13:11:09.094Z
sensor.smarte_steckdose_tp01_signalpegel,1,2025-09-25T13:11:19.183Z
sensor.smarte_steckdose_tp01_signalpegel,2,2025-09-25T13:12:54.127Z
sensor.smarte_steckdose_tp01_signalpegel,1,2025-09-25T13:12:59.127Z
sensor.smarte_steckdose_tp01_signalpegel,2,2025-09-25T13:13:44.125Z
sensor.smarte_steckdose_tp01_signalpegel,1,2025-09-25T13:13:54.089Z
sensor.smarte_steckdose_tp01_signalpegel,2,2025-09-25T13:14:14.143Z
sensor.smarte_steckdose_tp01_signalpegel,1,2025-09-25T13:14:54.129Z
sensor.smarte_steckdose_tp01_signalpegel,2,2025-09-25T13:16:29.082Z
sensor.smarte_steckdose_tp01_signalpegel,1,2025-09-25T13:17:09.129Z
sensor.smarte_steckdose_tp01_signalpegel,2,2025-09-25T13:17:14.080Z
sensor.smarte_steckdose_tp01_signalpegel,1,2025-09-25T13:18:09.156Z
sensor.smarte_steckdose_tp01_signalpegel,2,2025-09-25T13:19:44.169Z
sensor.smarte_steckdose_tp01_signalpegel,1,2025-09-25T13:20:29.086Z
sensor.smarte_steckdose_tp01_signalpegel,2,2025-09-25T13:20:44.115Z
sensor.smarte_steckdose_tp01_signalpegel,1,2025-09-25T13:22:29.125Z
sensor.smarte_steckdose_tp01_signalpegel,2,2025-09-25T13:22:44.129Z
sensor.smarte_steckdose_tp01_signalpegel,1,2025-09-25T13:25:29.109Z
sensor.smarte_steckdose_tp01_signalpegel,2,2025-09-25T13:25:39.113Z
sensor.smarte_steckdose_tp01_signalpegel,1,2025-09-25T13:27:39.136Z
sensor.smarte_steckdose_tp01_signalpegel,2,2025-09-25T13:27:54.104Z
sensor.smarte_steckdose_tp01_signalpegel,1,2025-09-25T13:28:19.139Z
sensor.smarte_steckdose_tp01_signalpegel,2,2025-09-25T13:28:29.109Z
sensor.smarte_steckdose_tp01_signalpegel,1,2025-09-25T13:29:49.104Z
sensor.smarte_steckdose_tp01_signalpegel,2,2025-09-25T13:30:29.100Z
sensor.smarte_steckdose_tp01_signalpegel,1,2025-09-25T13:32:29.121Z
sensor.smarte_steckdose_tp01_signalpegel,2,2025-09-25T13:32:59.540Z
sensor.smarte_steckdose_tp01_signalpegel,1,2025-09-25T13:34:14.097Z
sensor.smarte_steckdose_tp01_signalpegel,2,2025-09-25T13:34:34.088Z
sensor.smarte_steckdose_tp01_signalpegel,1,2025-09-25T13:34:44.150Z
sensor.smarte_steckdose_tp01_signalpegel,2,2025-09-25T13:35:29.202Z
sensor.smarte_steckdose_tp01_signalpegel,1,2025-09-25T13:36:39.160Z
sensor.smarte_steckdose_tp01_signalpegel,2,2025-09-25T13:36:49.101Z
sensor.smarte_steckdose_tp01_signalpegel,1,2025-09-25T13:37:09.108Z
sensor.smarte_steckdose_tp01_signalpegel,2,2025-09-25T13:38:29.105Z
sensor.smarte_steckdose_tp01_signalpegel,1,2025-09-25T13:41:39.118Z
sensor.smarte_steckdose_tp01_signalpegel,2,2025-09-25T13:41:54.120Z
sensor.smarte_steckdose_tp01_signalpegel,1,2025-09-25T13:42:19.103Z
sensor.smarte_steckdose_tp01_signalpegel,2,2025-09-25T13:42:34.114Z
sensor.smarte_steckdose_tp01_signalpegel,1,2025-09-25T13:47:19.140Z
sensor.smarte_steckdose_tp01_signalpegel,2,2025-09-25T13:47:29.192Z
sensor.smarte_steckdose_tp01_signalpegel,1,2025-09-25T13:48:29.113Z
sensor.smarte_steckdose_tp01_signalpegel,2,2025-09-25T13:48:34.137Z
sensor.smarte_steckdose_tp01_signalpegel,1,2025-09-25T13:49:29.116Z
sensor.smarte_steckdose_tp01_signalpegel,2,2025-09-25T13:50:49.101Z
sensor.smarte_steckdose_tp01_signalpegel,1,2025-09-25T13:51:34.097Z
sensor.smarte_steckdose_tp01_signalpegel,2,2025-09-25T13:52:19.094Z
sensor.smarte_steckdose_tp01_signalpegel,1,2025-09-25T13:52:29.113Z
sensor.smarte_steckdose_tp01_signalpegel,2,2025-09-25T13:54:59.096Z
sensor.smarte_steckdose_tp01_signalpegel,1,2025-09-25T13:55:04.121Z
sensor.smarte_steckdose_tp01_signalpegel,2,2025-09-25T13:59:14.110Z
sensor.smarte_steckdose_tp01_signalpegel,1,2025-09-25T14:02:19.120Z
sensor.smarte_steckdose_tp01_signalpegel,2,2025-09-25T14:02:59.122Z
sensor.smarte_steckdose_tp01_signalpegel,1,2025-09-25T14:03:49.117Z
sensor.smarte_steckdose_tp01_signalpegel,2,2025-09-25T14:05:54.107Z
sensor.smarte_steckdose_tp01_signalpegel,1,2025-09-25T14:08:04.164Z
sensor.smarte_steckdose_tp01_signalpegel,2,2025-09-25T14:12:14.117Z
sensor.smarte_steckdose_tp01_signalpegel,1,2025-09-25T14:12:19.160Z
sensor.smarte_steckdose_tp01_signalpegel,2,2025-09-25T14:12:44.092Z
sensor.smarte_steckdose_tp01_signalpegel,1,2025-09-25T14:12:59.139Z
sensor.smarte_steckdose_tp01_signalpegel,2,2025-09-25T14:19:39.113Z
sensor.smarte_steckdose_tp01_signalpegel,1,2025-09-25T14:19:49.178Z
sensor.smarte_steckdose_tp01_signalpegel,2,2025-09-25T14:50:29.111Z
sensor.smarte_steckdose_tp01_signalpegel,1,2025-09-25T14:51:19.082Z
sensor.smarte_steckdose_tp01_signalpegel,2,2025-09-25T15:05:29.126Z
sensor.smarte_steckdose_tp01_signalpegel,1,2025-09-25T15:05:39.168Z
sensor.smarte_steckdose_tp01_signalpegel,2,2025-09-25T15:06:39.134Z
sensor.smarte_steckdose_tp01_signalpegel,1,2025-09-25T15:07:14.152Z
sensor.smarte_steckdose_tp01_signalpegel,2,2025-09-25T15:07:34.111Z
sensor.smarte_steckdose_tp01_signalpegel,1,2025-09-25T15:08:14.131Z
sensor.smarte_steckdose_tp01_signalpegel,2,2025-09-25T15:08:59.108Z
sensor.smarte_steckdose_tp01_signalpegel,1,2025-09-25T15:09:44.142Z
sensor.smarte_steckdose_tp01_signalpegel,2,2025-09-25T15:14:14.107Z
sensor.smarte_steckdose_tp01_signalpegel,1,2025-09-25T15:19:16.125Z
sensor.smarte_steckdose_tp01_signalpegel,2,2025-09-25T16:13:42.138Z
sensor.smarte_steckdose_tp01_signalpegel,1,2025-09-25T16:14:07.125Z
sensor.smarte_steckdose_tp01_signalpegel,2,2025-09-25T16:14:37.120Z
sensor.smarte_steckdose_tp01_signalpegel,1,2025-09-25T16:18:47.176Z
sensor.smarte_steckdose_tp01_signalpegel,2,2025-09-25T16:43:06.122Z
sensor.smarte_steckdose_tp01_signalpegel,1,2025-09-25T16:43:11.110Z
sensor.smarte_steckdose_tp01_signalpegel,2,2025-09-25T16:58:59.136Z
sensor.smarte_steckdose_tp01_signalpegel,1,2025-09-25T16:59:04.100Z
sensor.smarte_steckdose_tp01_signalpegel,2,2025-09-25T17:14:04.121Z
sensor.smarte_steckdose_tp01_signalpegel,1,2025-09-25T17:14:09.133Z
sensor.smarte_steckdose_tp01_signalpegel,2,2025-09-25T17:15:24.099Z
sensor.smarte_steckdose_tp01_signalpegel,1,2025-09-25T17:15:29.086Z
sensor.smarte_steckdose_tp01_signalpegel,2,2025-09-25T17:24:04.112Z
sensor.smarte_steckdose_tp01_signalpegel,1,2025-09-25T17:24:09.134Z
sensor.smarte_steckdose_tp01_signalpegel,2,2025-09-25T17:30:39.138Z
sensor.smarte_steckdose_tp01_signalpegel,1,2025-09-25T17:30:49.080Z
sensor.smarte_steckdose_tp01_signalpegel,2,2025-09-25T17:40:49.125Z
sensor.smarte_steckdose_tp01_signalpegel,1,2025-09-25T17:40:54.098Z
sensor.smarte_steckdose_tp01_signalpegel,2,2025-09-25T18:27:49.139Z
sensor.smarte_steckdose_tp01_signalpegel,1,2025-09-25T18:27:59.124Z
sensor.smarte_steckdose_tp01_signalpegel,2,2025-09-25T18:43:19.139Z
sensor.smarte_steckdose_tp01_signalpegel,1,2025-09-25T18:43:49.145Z
sensor.smarte_steckdose_tp01_signalpegel,2,2025-09-25T18:44:04.141Z
sensor.smarte_steckdose_tp01_signalpegel,1,2025-09-25T18:44:14.094Z
sensor.smarte_steckdose_tp01_signalpegel,2,2025-09-25T18:44:49.095Z
sensor.smarte_steckdose_tp01_signalpegel,1,2025-09-25T18:45:24.098Z
sensor.smarte_steckdose_tp01_signalpegel,2,2025-09-25T18:45:54.119Z
sensor.smarte_steckdose_tp01_signalpegel,1,2025-09-25T18:45:59.111Z
sensor.smarte_steckdose_tp01_signalpegel,2,2025-09-25T18:46:19.113Z
sensor.smarte_steckdose_tp01_signalpegel,1,2025-09-25T18:46:39.132Z
sensor.smarte_steckdose_tp01_signalpegel,2,2025-09-25T18:47:34.222Z
sensor.smarte_steckdose_tp01_signalpegel,1,2025-09-25T18:47:40.131Z
sensor.smarte_steckdose_tp01_signalpegel,2,2025-09-25T18:47:45.101Z
sensor.smarte_steckdose_tp01_signalpegel,1,2025-09-25T18:47:55.136Z
sensor.smarte_steckdose_tp01_signalpegel,2,2025-09-25T18:48:10.163Z
sensor.smarte_steckdose_tp01_signalpegel,1,2025-09-25T18:48:30.232Z
sensor.smarte_steckdose_tp01_signalpegel,2,2025-09-25T18:48:35.104Z
sensor.smarte_steckdose_tp01_signalpegel,1,2025-09-25T18:49:25.099Z
sensor.smarte_steckdose_tp01_signalpegel,2,2025-09-25T18:49:50.120Z
sensor.smarte_steckdose_tp01_signalpegel,1,2025-09-25T18:50:05.090Z
sensor.smarte_steckdose_tp01_signalpegel,2,2025-09-25T18:53:14.834Z
sensor.smarte_steckdose_tp01_signalpegel,1,2025-09-25T18:54:10.119Z
sensor.smarte_steckdose_tp01_signalpegel,2,2025-09-25T18:55:34.177Z
sensor.smarte_steckdose_tp01_signalpegel,1,2025-09-25T18:56:45.140Z
sensor.smarte_steckdose_tp01_signalpegel,2,2025-09-25T18:56:55.093Z
sensor.smarte_steckdose_tp01_signalpegel,1,2025-09-25T18:57:20.134Z
sensor.smarte_steckdose_tp01_signalpegel,2,2025-09-25T18:57:30.120Z
sensor.smarte_steckdose_tp01_signalpegel,1,2025-09-25T18:58:45.098Z
sensor.smarte_steckdose_tp01_signalpegel,2,2025-09-25T18:59:00.119Z
sensor.smarte_steckdose_tp01_signalpegel,1,2025-09-25T18:59:11.084Z
sensor.smarte_steckdose_tp01_signalpegel,2,2025-09-25T18:59:27.083Z
sensor.smarte_steckdose_tp01_signalpegel,1,2025-09-25T18:59:37.102Z
sensor.smarte_steckdose_tp01_signalpegel,2,2025-09-25T18:59:42.113Z
sensor.smarte_steckdose_tp01_signalpegel,1,2025-09-25T18:59:57.093Z
sensor.smarte_steckdose_tp01_signalpegel,2,2025-09-25T19:00:02.132Z
sensor.smarte_steckdose_tp01_signalpegel,1,2025-09-25T19:00:22.081Z
sensor.smarte_steckdose_tp01_signalpegel,2,2025-09-25T19:00:42.109Z
sensor.smarte_steckdose_tp01_signalpegel,1,2025-09-25T19:00:47.117Z
sensor.smarte_steckdose_tp01_signalpegel,2,2025-09-25T19:01:02.135Z
sensor.smarte_steckdose_tp01_signalpegel,1,2025-09-25T19:01:07.128Z
sensor.smarte_steckdose_tp01_signalpegel,2,2025-09-25T19:16:52.104Z
sensor.smarte_steckdose_tp01_signalpegel,1,2025-09-25T19:19:12.216Z
sensor.smarte_steckdose_tp01_signalpegel,2,2025-09-25T19:26:32.133Z
sensor.smarte_steckdose_tp01_signalpegel,1,2025-09-25T19:26:52.142Z
sensor.smarte_steckdose_tp01_signalpegel,2,2025-09-25T19:42:12.080Z
sensor.smarte_steckdose_tp01_signalpegel,1,2025-09-25T19:42:17.122Z
sensor.smarte_steckdose_tp01_signalpegel,2,2025-09-25T19:50:47.142Z
sensor.smarte_steckdose_tp01_signalpegel,1,2025-09-25T19:50:52.072Z
sensor.smarte_steckdose_tp01_signalpegel,2,2025-09-25T20:10:49.080Z
sensor.smarte_steckdose_tp01_signalpegel,1,2025-09-25T20:10:59.166Z
sensor.smarte_steckdose_tp01_signalpegel,2,2025-09-25T20:13:18.087Z
sensor.smarte_steckdose_tp01_signalpegel,1,2025-09-25T20:13:33.147Z
sensor.smarte_steckdose_tp01_signalpegel,2,2025-09-25T20:14:28.218Z
sensor.smarte_steckdose_tp01_signalpegel,1,2025-09-25T20:14:43.746Z
sensor.smarte_steckdose_tp01_signalpegel,2,2025-09-25T20:14:49.113Z
sensor.smarte_steckdose_tp01_signalpegel,1,2025-09-26T05:02:53.086Z
sensor.smarte_steckdose_tp01_signalpegel,2,2025-09-26T05:02:58.114Z
sensor.smarte_steckdose_tp01_signalpegel,1,2025-09-26T05:05:43.124Z
sensor.smarte_steckdose_tp01_signalpegel,2,2025-09-26T05:05:58.133Z
sensor.smarte_steckdose_tp01_signalpegel,1,2025-09-26T05:18:23.090Z
sensor.smarte_steckdose_tp01_signalpegel,2,2025-09-26T05:24:58.095Z
sensor.smarte_steckdose_tp01_signalpegel,1,2025-09-26T05:28:33.132Z
sensor.smarte_steckdose_tp01_signalpegel,2,2025-09-26T05:28:38.079Z
sensor.smarte_steckdose_tp01_signalpegel,1,2025-09-26T06:16:08.177Z
sensor.smarte_steckdose_tp01_signalpegel,2,2025-09-26T06:16:13.092Z
sensor.smarte_steckdose_tp01_signalpegel,1,2025-09-26T11:06:43.106Z
sensor.smarte_steckdose_tp01_signalpegel,2,2025-09-26T11:06:48.132Z
sensor.smarte_steckdose_tp01_signalpegel,1,2025-09-26T11:08:08.091Z
sensor.smarte_steckdose_tp01_signalpegel,2,2025-09-26T11:08:13.126Z
sensor.smarte_steckdose_tp01_signalpegel,1,2025-09-26T11:08:23.123Z
sensor.smarte_steckdose_tp01_signalpegel,2,2025-09-26T11:08:28.133Z
sensor.smarte_steckdose_tp01_signalpegel,1,2025-09-26T11:08:48.124Z
sensor.smarte_steckdose_tp01_signalpegel,2,2025-09-26T11:10:28.128Z
sensor.smarte_steckdose_tp01_signalpegel,1,2025-09-26T11:13:54.128Z
sensor.smarte_steckdose_tp01_signalpegel,2,2025-09-26T11:14:34.163Z
sensor.smarte_steckdose_tp01_signalpegel,1,2025-09-26T11:14:54.159Z
sensor.smarte_steckdose_tp01_signalpegel,2,2025-09-26T11:15:29.123Z
sensor.smarte_steckdose_tp01_signalpegel,1,2025-09-26T11:15:49.098Z
sensor.smarte_steckdose_tp01_signalpegel,2,2025-09-26T11:15:59.097Z
sensor.smarte_steckdose_tp01_signalpegel,1,2025-09-26T11:16:19.102Z
sensor.smarte_steckdose_tp01_signalpegel,2,2025-09-26T11:16:24.082Z
sensor.smarte_steckdose_tp01_signalpegel,1,2025-09-26T11:17:24.092Z
sensor.smarte_steckdose_tp01_signalpegel,2,2025-09-26T11:18:04.122Z
sensor.smarte_steckdose_tp01_signalpegel,1,2025-09-26T11:19:29.096Z
sensor.smarte_steckdose_tp01_signalpegel,2,2025-09-26T11:19:54.091Z
sensor.smarte_steckdose_tp01_signalpegel,1,2025-09-26T11:19:59.143Z
sensor.smarte_steckdose_tp01_signalpegel,2,2025-09-26T11:20:19.135Z
sensor.smarte_steckdose_tp01_signalpegel,1,2025-09-26T11:20:44.096Z
sensor.smarte_steckdose_tp01_signalpegel,2,2025-09-26T11:21:09.117Z
sensor.smarte_steckdose_tp01_signalpegel,1,2025-09-26T11:21:34.130Z
sensor.smarte_steckdose_tp01_signalpegel,2,2025-09-26T11:21:44.093Z
sensor.smarte_steckdose_tp01_signalpegel,1,2025-09-26T11:22:59.083Z
sensor.smarte_steckdose_tp01_signalpegel,2,2025-09-26T11:23:14.094Z
sensor.smarte_steckdose_tp01_signalpegel,1,2025-09-26T11:23:39.102Z
sensor.smarte_steckdose_tp01_signalpegel,2,2025-09-26T11:23:44.138Z
sensor.smarte_steckdose_tp01_signalpegel,1,2025-09-26T11:24:14.140Z
sensor.smarte_steckdose_tp01_signalpegel,2,2025-09-26T11:24:29.156Z
sensor.smarte_steckdose_tp01_signalpegel,1,2025-09-26T11:24:39.137Z
sensor.smarte_steckdose_tp01_signalpegel,2,2025-09-26T11:25:04.103Z
sensor.smarte_steckdose_tp01_signalpegel,1,2025-09-26T11:25:09.108Z
sensor.smarte_steckdose_tp01_signalpegel,2,2025-09-26T11:25:19.088Z
sensor.smarte_steckdose_tp01_signalpegel,1,2025-09-26T11:25:44.100Z
sensor.smarte_steckdose_tp01_signalpegel,2,2025-09-26T11:26:09.120Z
sensor.smarte_steckdose_tp01_signalpegel,1,2025-09-26T11:27:09.082Z
sensor.smarte_steckdose_tp01_signalpegel,2,2025-09-26T11:27:14.117Z
sensor.smarte_steckdose_tp01_signalpegel,1,2025-09-26T11:27:29.107Z
sensor.smarte_steckdose_tp01_signalpegel,2,2025-09-26T11:27:34.146Z
sensor.smarte_steckdose_tp01_signalpegel,1,2025-09-26T12:01:10.114Z
sensor.smarte_steckdose_tp01_signalpegel,2,2025-09-26T12:06:35.150Z
sensor.smarte_steckdose_tp01_signalpegel,1,2025-09-26T12:14:55.108Z
sensor.smarte_steckdose_tp01_signalpegel,2,2025-09-26T12:15:00.117Z
sensor.smarte_steckdose_tp01_signalpegel,1,2025-09-26T12:17:40.126Z
sensor.smarte_steckdose_tp01_signalpegel,2,2025-09-26T12:17:55.101Z
sensor.smarte_steckdose_tp01_signalpegel,1,2025-09-26T12:22:55.086Z
sensor.smarte_steckdose_tp01_signalpegel,2,2025-09-26T12:23:50.173Z
sensor.smarte_steckdose_tp01_signalpegel,1,2025-09-26T12:24:15.096Z
sensor.smarte_steckdose_tp01_signalpegel,2,2025-09-26T12:24:20.123Z
sensor.smarte_steckdose_tp01_signalpegel,1,2025-09-26T12:25:50.099Z
sensor.smarte_steckdose_tp01_signalpegel,2,2025-09-26T12:27:10.092Z
sensor.smarte_steckdose_tp01_signalpegel,1,2025-09-26T12:27:45.107Z
sensor.smarte_steckdose_tp01_signalpegel,2,2025-09-26T12:28:00.113Z
sensor.smarte_steckdose_tp01_signalpegel,1,2025-09-26T12:28:25.122Z
sensor.smarte_steckdose_tp01_signalpegel,2,2025-09-26T12:29:05.094Z
sensor.smarte_steckdose_tp01_signalpegel,1,2025-09-26T12:29:10.116Z
sensor.smarte_steckdose_tp01_signalpegel,2,2025-09-26T12:29:40.110Z
sensor.smarte_steckdose_tp01_signalpegel,1,2025-09-26T12:29:45.098Z
sensor.smarte_steckdose_tp01_signalpegel,2,2025-09-26T12:31:40.099Z
sensor.smarte_steckdose_tp01_signalpegel,1,2025-09-26T12:32:15.102Z
sensor.smarte_steckdose_tp01_signalpegel,2,2025-09-26T12:32:30.106Z
sensor.smarte_steckdose_tp01_signalpegel,1,2025-09-26T12:32:40.090Z
sensor.smarte_steckdose_tp01_signalpegel,2,2025-09-26T12:46:05.124Z
sensor.smarte_steckdose_tp01_signalpegel,1,2025-09-26T12:46:30.183Z
sensor.smarte_steckdose_tp01_signalpegel,2,2025-09-26T12:46:40.111Z
sensor.smarte_steckdose_tp01_signalpegel,1,2025-09-26T12:46:50.103Z
sensor.smarte_steckdose_tp01_signalpegel,2,2025-09-26T12:48:30.121Z
sensor.smarte_steckdose_tp01_signalpegel,1,2025-09-26T12:49:30.120Z
sensor.smarte_steckdose_tp01_signalpegel,2,2025-09-26T12:50:55.145Z
sensor.smarte_steckdose_tp01_signalpegel,1,2025-09-26T12:51:05.168Z
sensor.smarte_steckdose_tp01_signalpegel,2,2025-09-26T12:51:35.100Z
sensor.smarte_steckdose_tp01_signalpegel,1,2025-09-26T12:51:50.142Z
sensor.smarte_steckdose_tp01_signalpegel,2,2025-09-26T12:52:20.090Z
sensor.smarte_steckdose_tp01_signalpegel,1,2025-09-26T12:52:30.088Z
sensor.smarte_steckdose_tp01_signalpegel,2,2025-09-26T12:52:45.120Z
sensor.smarte_steckdose_tp01_signalpegel,1,2025-09-26T12:52:50.146Z
sensor.smarte_steckdose_tp01_signalpegel,2,2025-09-26T12:53:00.108Z
sensor.smarte_steckdose_tp01_signalpegel,1,2025-09-26T12:53:10.094Z
sensor.smarte_steckdose_tp01_signalpegel,2,2025-09-26T12:54:30.101Z
sensor.smarte_steckdose_tp01_signalpegel,1,2025-09-26T12:54:35.118Z
sensor.smarte_steckdose_tp01_signalpegel,2,2025-09-26T12:54:40.136Z
sensor.smarte_steckdose_tp01_signalpegel,1,2025-09-26T12:54:55.104Z
sensor.smarte_steckdose_tp01_signalpegel,2,2025-09-26T12:55:25.136Z
sensor.smarte_steckdose_tp01_signalpegel,1,2025-09-26T12:55:45.099Z
sensor.smarte_steckdose_tp01_signalpegel,2,2025-09-26T12:58:05.127Z
sensor.smarte_steckdose_tp01_signalpegel,1,2025-09-26T12:58:25.125Z
sensor.smarte_steckdose_tp01_signalpegel,2,2025-09-26T12:59:35.151Z
sensor.smarte_steckdose_tp01_signalpegel,1,2025-09-26T13:00:30.092Z
sensor.smarte_steckdose_tp01_signalpegel,2,2025-09-26T13:01:40.138Z
sensor.smarte_steckdose_tp01_signalpegel,1,2025-09-26T13:02:00.122Z
sensor.smarte_steckdose_tp01_signalpegel,2,2025-09-26T13:02:20.171Z
sensor.smarte_steckdose_tp01_signalpegel,1,2025-09-26T13:02:40.132Z
sensor.smarte_steckdose_tp01_signalpegel,2,2025-09-26T13:02:50.106Z
sensor.smarte_steckdose_tp01_signalpegel,1,2025-09-26T13:02:55.136Z
sensor.smarte_steckdose_tp01_signalpegel,2,2025-09-26T13:03:35.100Z
sensor.smarte_steckdose_tp01_signalpegel,1,2025-09-26T13:04:10.140Z
sensor.smarte_steckdose_tp01_signalpegel,2,2025-09-26T13:04:40.104Z
sensor.smarte_steckdose_tp01_signalpegel,1,2025-09-26T13:05:05.101Z
sensor.smarte_steckdose_tp01_signalpegel,2,2025-09-26T13:05:10.146Z
sensor.smarte_steckdose_tp01_signalpegel,1,2025-09-26T13:05:50.125Z
sensor.smarte_steckdose_tp01_signalpegel,2,2025-09-26T13:05:55.112Z
sensor.smarte_steckdose_tp01_signalpegel,1,2025-09-26T13:06:00.122Z
sensor.smarte_steckdose_tp01_signalpegel,2,2025-09-26T13:06:10.179Z
sensor.smarte_steckdose_tp01_signalpegel,1,2025-09-26T13:06:20.120Z
sensor.smarte_steckdose_tp01_signalpegel,2,2025-09-26T13:07:05.123Z
sensor.smarte_steckdose_tp01_signalpegel,1,2025-09-26T13:07:15.133Z
sensor.smarte_steckdose_tp01_signalpegel,2,2025-09-26T13:07:45.080Z
sensor.smarte_steckdose_tp01_signalpegel,1,2025-09-26T13:08:00.111Z
sensor.smarte_steckdose_tp01_signalpegel,2,2025-09-26T13:09:00.118Z
sensor.smarte_steckdose_tp01_signalpegel,1,2025-09-26T13:09:10.082Z
sensor.smarte_steckdose_tp01_signalpegel,2,2025-09-26T13:09:20.106Z
sensor.smarte_steckdose_tp01_signalpegel,1,2025-09-26T13:09:55.109Z
sensor.smarte_steckdose_tp01_signalpegel,2,2025-09-26T13:11:55.101Z
sensor.smarte_steckdose_tp01_signalpegel,1,2025-09-26T13:12:10.100Z
sensor.smarte_steckdose_tp01_signalpegel,2,2025-09-26T13:12:45.137Z
sensor.smarte_steckdose_tp01_signalpegel,1,2025-09-26T13:13:30.129Z
sensor.smarte_steckdose_tp01_signalpegel,2,2025-09-26T13:13:51.129Z
sensor.smarte_steckdose_tp01_signalpegel,1,2025-09-26T13:14:11.104Z
sensor.smarte_steckdose_tp01_signalpegel,2,2025-09-26T13:14:16.199Z
sensor.smarte_steckdose_tp01_signalpegel,1,2025-09-26T13:14:31.121Z
sensor.smarte_steckdose_tp01_signalpegel,2,2025-09-26T13:14:41.177Z
sensor.smarte_steckdose_tp01_signalpegel,1,2025-09-26T13:15:21.107Z
sensor.smarte_steckdose_tp01_signalpegel,2,2025-09-26T13:15:26.137Z
sensor.smarte_steckdose_tp01_signalpegel,1,2025-09-26T13:15:36.081Z
sensor.smarte_steckdose_tp01_signalpegel,2,2025-09-26T13:16:01.117Z
sensor.smarte_steckdose_tp01_signalpegel,1,2025-09-26T13:16:06.121Z
sensor.smarte_steckdose_tp01_signalpegel,2,2025-09-26T13:18:51.142Z
sensor.smarte_steckdose_tp01_signalpegel,1,2025-09-26T13:18:56.114Z
sensor.smarte_steckdose_tp01_signalpegel,2,2025-09-26T14:33:37.141Z
sensor.smarte_steckdose_tp01_signalpegel,1,2025-09-26T14:33:47.143Z
sensor.smarte_steckdose_tp01_signalpegel,2,2025-09-26T14:34:12.109Z
sensor.smarte_steckdose_tp01_signalpegel,1,2025-09-26T14:34:17.137Z
sensor.smarte_steckdose_tp01_signalpegel,2,2025-09-26T14:34:27.109Z
sensor.smarte_steckdose_tp01_signalpegel,1,2025-09-26T14:34:37.123Z
sensor.smarte_steckdose_tp01_signalpegel,2,2025-09-26T14:35:07.117Z
sensor.smarte_steckdose_tp01_signalpegel,1,2025-09-26T14:35:47.115Z
sensor.smarte_steckdose_tp01_signalpegel,2,2025-09-26T14:36:27.122Z
sensor.smarte_steckdose_tp01_signalpegel,1,2025-09-26T14:36:37.096Z
sensor.smarte_steckdose_tp01_signalpegel,2,2025-09-26T14:37:12.194Z
sensor.smarte_steckdose_tp01_signalpegel,1,2025-09-26T14:37:22.152Z
sensor.smarte_steckdose_tp01_signalpegel,2,2025-09-26T14:37:47.125Z
sensor.smarte_steckdose_tp01_signalpegel,1,2025-09-26T14:38:02.143Z
sensor.smarte_steckdose_tp01_signalpegel,2,2025-09-26T14:38:07.172Z
sensor.smarte_steckdose_tp01_signalpegel,1,2025-09-26T14:38:32.188Z
sensor.smarte_steckdose_tp01_signalpegel,2,2025-09-26T14:38:42.134Z
sensor.smarte_steckdose_tp01_signalpegel,1,2025-09-26T14:39:42.151Z
sensor.smarte_steckdose_tp01_signalpegel,2,2025-09-26T14:39:52.117Z
sensor.smarte_steckdose_tp01_signalpegel,1,2025-09-26T14:40:02.221Z
sensor.smarte_steckdose_tp01_signalpegel,2,2025-09-26T14:41:17.114Z
sensor.smarte_steckdose_tp01_signalpegel,1,2025-09-26T14:41:52.135Z
sensor.smarte_steckdose_tp01_signalpegel,2,2025-09-26T14:42:57.117Z
sensor.smarte_steckdose_tp01_signalpegel,1,2025-09-26T14:43:17.104Z
sensor.smarte_steckdose_tp01_signalpegel,2,2025-09-26T14:43:42.153Z
sensor.smarte_steckdose_tp01_signalpegel,1,2025-09-26T14:43:47.137Z
sensor.smarte_steckdose_tp01_signalpegel,2,2025-09-26T14:43:52.110Z
sensor.smarte_steckdose_tp01_signalpegel,1,2025-09-26T14:44:17.126Z
sensor.smarte_steckdose_tp01_signalpegel,2,2025-09-26T14:44:22.125Z
sensor.smarte_steckdose_tp01_signalpegel,1,2025-09-26T14:44:27.136Z
sensor.smarte_steckdose_tp01_signalpegel,2,2025-09-26T14:45:17.177Z
sensor.smarte_steckdose_tp01_signalpegel,1,2025-09-26T14:46:42.100Z
sensor.smarte_steckdose_tp01_signalpegel,2,2025-09-26T14:46:57.092Z
sensor.smarte_steckdose_tp01_signalpegel,1,2025-09-26T14:47:02.125Z
sensor.smarte_steckdose_tp01_signalpegel,2,2025-09-26T14:47:12.155Z
sensor.smarte_steckdose_tp01_signalpegel,1,2025-09-26T14:47:27.169Z
sensor.smarte_steckdose_tp01_signalpegel,2,2025-09-26T14:47:52.101Z
sensor.smarte_steckdose_tp01_signalpegel,1,2025-09-26T14:48:22.140Z
sensor.smarte_steckdose_tp01_signalpegel,2,2025-09-26T14:48:27.206Z
sensor.smarte_steckdose_tp01_signalpegel,1,2025-09-26T14:48:47.100Z
sensor.smarte_steckdose_tp01_signalpegel,2,2025-09-26T14:49:32.101Z
sensor.smarte_steckdose_tp01_signalpegel,1,2025-09-26T14:49:37.129Z
sensor.smarte_steckdose_tp01_signalpegel,2,2025-09-26T14:50:02.142Z
sensor.smarte_steckdose_tp01_signalpegel,1,2025-09-26T14:50:17.152Z
sensor.smarte_steckdose_tp01_signalpegel,2,2025-09-26T14:50:37.111Z
sensor.smarte_steckdose_tp01_signalpegel,1,2025-09-26T14:51:12.102Z
sensor.smarte_steckdose_tp01_signalpegel,2,2025-09-26T14:51:22.179Z
sensor.smarte_steckdose_tp01_signalpegel,1,2025-09-26T14:52:37.135Z
sensor.smarte_steckdose_tp01_signalpegel,2,2025-09-26T14:52:47.092Z
sensor.smarte_steckdose_tp01_signalpegel,1,2025-09-26T14:53:32.085Z
sensor.smarte_steckdose_tp01_signalpegel,2,2025-09-26T14:54:02.100Z
sensor.smarte_steckdose_tp01_signalpegel,1,2025-09-26T14:54:12.130Z
sensor.smarte_steckdose_tp01_signalpegel,2,2025-09-26T14:54:17.113Z
sensor.smarte_steckdose_tp01_signalpegel,1,2025-09-26T14:54:37.085Z
sensor.smarte_steckdose_tp01_signalpegel,2,2025-09-26T14:55:22.141Z
sensor.smarte_steckdose_tp01_signalpegel,1,2025-09-26T14:55:27.112Z
sensor.smarte_steckdose_tp01_signalpegel,2,2025-09-26T14:55:32.195Z
sensor.smarte_steckdose_tp01_signalpegel,1,2025-09-26T14:55:42.097Z
sensor.smarte_steckdose_tp01_signalpegel,2,2025-09-26T14:56:57.082Z
sensor.smarte_steckdose_tp01_signalpegel,1,2025-09-26T14:57:22.105Z
sensor.smarte_steckdose_tp01_signalpegel,2,2025-09-26T14:57:32.160Z
sensor.smarte_steckdose_tp01_signalpegel,1,2025-09-26T14:58:02.140Z
sensor.smarte_steckdose_tp01_signalpegel,2,2025-09-26T14:58:52.170Z
sensor.smarte_steckdose_tp01_signalpegel,1,2025-09-26T14:59:22.105Z
sensor.smarte_steckdose_tp01_signalpegel,2,2025-09-26T14:59:27.105Z
sensor.smarte_steckdose_tp01_signalpegel,1,2025-09-26T14:59:47.113Z
sensor.smarte_steckdose_tp01_signalpegel,2,2025-09-26T15:00:07.104Z
sensor.smarte_steckdose_tp01_signalpegel,1,2025-09-26T15:01:32.104Z
sensor.smarte_steckdose_tp01_signalpegel,2,2025-09-26T15:02:02.108Z
sensor.smarte_steckdose_tp01_signalpegel,1,2025-09-26T15:02:22.107Z
sensor.smarte_steckdose_tp01_signalpegel,2,2025-09-26T15:02:52.104Z
sensor.smarte_steckdose_tp01_signalpegel,1,2025-09-26T15:03:22.085Z
sensor.smarte_steckdose_tp01_signalpegel,2,2025-09-26T15:03:52.099Z
sensor.smarte_steckdose_tp01_signalpegel,1,2025-09-26T15:04:12.082Z
sensor.smarte_steckdose_tp01_signalpegel,2,2025-09-26T15:04:17.182Z
sensor.smarte_steckdose_tp01_signalpegel,1,2025-09-26T15:04:52.095Z
sensor.smarte_steckdose_tp01_signalpegel,2,2025-09-26T15:05:17.138Z
sensor.smarte_steckdose_tp01_signalpegel,1,2025-09-26T15:05:32.145Z
sensor.smarte_steckdose_tp01_signalpegel,2,2025-09-26T15:05:37.142Z
sensor.smarte_steckdose_tp01_signalpegel,1,2025-09-26T15:05:57.134Z
sensor.smarte_steckdose_tp01_signalpegel,2,2025-09-26T15:06:17.099Z
sensor.smarte_steckdose_tp01_signalpegel,1,2025-09-26T15:06:22.117Z
sensor.smarte_steckdose_tp01_signalpegel,2,2025-09-26T15:06:47.110Z
sensor.smarte_steckdose_tp01_signalpegel,1,2025-09-26T15:07:17.085Z
sensor.smarte_steckdose_tp01_signalpegel,2,2025-09-26T15:07:32.106Z
sensor.smarte_steckdose_tp01_signalpegel,1,2025-09-26T15:07:37.086Z
sensor.smarte_steckdose_tp01_signalpegel,2,2025-09-26T15:08:12.105Z
sensor.smarte_steckdose_tp01_signalpegel,1,2025-09-26T15:08:17.119Z
sensor.smarte_steckdose_tp01_signalpegel,2,2025-09-26T15:08:32.119Z
sensor.smarte_steckdose_tp01_signalpegel,1,2025-09-26T15:09:02.097Z
sensor.smarte_steckdose_tp01_signalpegel,2,2025-09-26T15:09:07.097Z
sensor.smarte_steckdose_tp01_signalpegel,1,2025-09-26T15:09:22.169Z
sensor.smarte_steckdose_tp01_signalpegel,2,2025-09-26T15:10:32.114Z
sensor.smarte_steckdose_tp01_signalpegel,1,2025-09-26T15:11:07.113Z
sensor.smarte_steckdose_tp01_signalpegel,2,2025-09-26T15:11:12.132Z
sensor.smarte_steckdose_tp01_signalpegel,1,2025-09-26T15:11:32.169Z
sensor.smarte_steckdose_tp01_signalpegel,2,2025-09-26T15:12:02.109Z
sensor.smarte_steckdose_tp01_signalpegel,1,2025-09-26T15:12:07.083Z
sensor.smarte_steckdose_tp01_signalpegel,2,2025-09-26T15:12:17.080Z
sensor.smarte_steckdose_tp01_signalpegel,1,2025-09-26T15:12:42.099Z
sensor.smarte_steckdose_tp01_signalpegel,2,2025-09-26T15:12:57.084Z
sensor.smarte_steckdose_tp01_signalpegel,1,2025-09-26T15:13:17.108Z
sensor.smarte_steckdose_tp01_signalpegel,2,2025-09-26T15:13:52.131Z
sensor.smarte_steckdose_tp01_signalpegel,1,2025-09-26T15:14:17.119Z
sensor.smarte_steckdose_tp01_signalpegel,2,2025-09-26T15:14:27.107Z
sensor.smarte_steckdose_tp01_signalpegel,1,2025-09-26T15:14:52.110Z
sensor.smarte_steckdose_tp01_signalpegel,2,2025-09-26T15:22:12.230Z
sensor.smarte_steckdose_tp01_signalpegel,1,2025-09-26T15:22:47.091Z
sensor.smarte_steckdose_tp01_signalpegel,2,2025-09-26T15:23:42.142Z
sensor.smarte_steckdose_tp01_signalpegel,1,2025-09-26T15:23:52.129Z
sensor.smarte_steckdose_tp01_signalpegel,2,2025-09-26T15:24:02.091Z
sensor.smarte_steckdose_tp01_signalpegel,1,2025-09-26T15:24:52.123Z
sensor.smarte_steckdose_tp01_signalpegel,2,2025-09-26T15:25:27.174Z
sensor.smarte_steckdose_tp01_signalpegel,1,2025-09-26T15:26:17.125Z
sensor.smarte_steckdose_tp01_signalpegel,2,2025-09-26T15:27:02.114Z
sensor.smarte_steckdose_tp01_signalpegel,1,2025-09-26T15:27:22.145Z
sensor.smarte_steckdose_tp01_signalpegel,2,2025-09-26T15:27:37.146Z
sensor.smarte_steckdose_tp01_signalpegel,1,2025-09-26T15:27:47.084Z
sensor.smarte_steckdose_tp01_signalpegel,2,2025-09-26T15:27:52.101Z
sensor.smarte_steckdose_tp01_signalpegel,1,2025-09-26T15:28:02.115Z
sensor.smarte_steckdose_tp01_signalpegel,2,2025-09-26T15:28:12.130Z
sensor.smarte_steckdose_tp01_signalpegel,1,2025-09-26T15:28:22.104Z
sensor.smarte_steckdose_tp01_signalpegel,2,2025-09-26T15:28:32.124Z
sensor.smarte_steckdose_tp01_signalpegel,1,2025-09-26T15:28:37.157Z
sensor.smarte_steckdose_tp01_signalpegel,2,2025-09-26T15:29:07.130Z
sensor.smarte_steckdose_tp01_signalpegel,1,2025-09-26T15:29:12.136Z
sensor.smarte_steckdose_tp01_signalpegel,2,2025-09-26T15:29:22.149Z
sensor.smarte_steckdose_tp01_signalpegel,1,2025-09-26T15:29:27.129Z
sensor.smarte_steckdose_tp01_signalpegel,2,2025-09-26T15:30:12.083Z
sensor.smarte_steckdose_tp01_signalpegel,1,2025-09-26T15:30:17.174Z
sensor.smarte_steckdose_tp01_signalpegel,2,2025-09-26T15:31:17.104Z
sensor.smarte_steckdose_tp01_signalpegel,1,2025-09-26T15:31:32.111Z
sensor.smarte_steckdose_tp01_signalpegel,2,2025-09-26T15:32:57.153Z
sensor.smarte_steckdose_tp01_signalpegel,1,2025-09-26T15:33:22.185Z
sensor.smarte_steckdose_tp01_signalpegel,2,2025-09-26T15:34:12.143Z
sensor.smarte_steckdose_tp01_signalpegel,1,2025-09-26T15:34:17.149Z
sensor.smarte_steckdose_tp01_signalpegel,2,2025-09-26T15:34:52.082Z
sensor.smarte_steckdose_tp01_signalpegel,1,2025-09-26T15:35:37.098Z
sensor.smarte_steckdose_tp01_signalpegel,2,2025-09-26T15:35:52.099Z
sensor.smarte_steckdose_tp01_signalpegel,1,2025-09-26T15:35:57.110Z
sensor.smarte_steckdose_tp01_signalpegel,2,2025-09-26T15:37:32.097Z
sensor.smarte_steckdose_tp01_signalpegel,1,2025-09-26T15:37:57.094Z
sensor.smarte_steckdose_tp01_signalpegel,2,2025-09-26T15:38:32.120Z
sensor.smarte_steckdose_tp01_signalpegel,1,2025-09-26T15:38:52.152Z
sensor.smarte_steckdose_tp01_signalpegel,2,2025-09-26T15:39:42.142Z
sensor.smarte_steckdose_tp01_signalpegel,1,2025-09-26T15:40:12.107Z
sensor.smarte_steckdose_tp01_signalpegel,2,2025-09-26T15:40:17.141Z
sensor.smarte_steckdose_tp01_signalpegel,1,2025-09-26T15:40:32.129Z
sensor.smarte_steckdose_tp01_signalpegel,2,2025-09-26T15:42:37.130Z
sensor.smarte_steckdose_tp01_signalpegel,1,2025-09-26T15:42:42.354Z
sensor.smarte_steckdose_tp01_signalpegel,2,2025-09-26T15:42:57.111Z
sensor.smarte_steckdose_tp01_signalpegel,1,2025-09-26T15:43:07.128Z
sensor.smarte_steckdose_tp01_signalpegel,2,2025-09-26T15:43:12.132Z
sensor.smarte_steckdose_tp01_signalpegel,1,2025-09-26T15:43:32.125Z
sensor.smarte_steckdose_tp01_signalpegel,2,2025-09-26T15:44:27.141Z
sensor.smarte_steckdose_tp01_signalpegel,1,2025-09-26T15:44:47.098Z
sensor.smarte_steckdose_tp01_signalpegel,2,2025-09-26T15:45:17.124Z
sensor.smarte_steckdose_tp01_signalpegel,1,2025-09-26T15:45:57.110Z
sensor.smarte_steckdose_tp01_signalpegel,2,2025-09-26T15:48:22.113Z
sensor.smarte_steckdose_tp01_signalpegel,1,2025-09-26T15:48:37.105Z
sensor.smarte_steckdose_tp01_signalpegel,2,2025-09-26T15:50:27.149Z
sensor.smarte_steckdose_tp01_signalpegel,1,2025-09-26T15:50:42.115Z
sensor.smarte_steckdose_tp01_signalpegel,2,2025-09-26T15:51:17.098Z
sensor.smarte_steckdose_tp01_signalpegel,1,2025-09-26T15:51:22.095Z
sensor.smarte_steckdose_tp01_signalpegel,2,2025-09-26T15:51:52.201Z
sensor.smarte_steckdose_tp01_signalpegel,1,2025-09-26T15:51:57.109Z
sensor.smarte_steckdose_tp01_signalpegel,2,2025-09-26T15:52:12.097Z
sensor.smarte_steckdose_tp01_signalpegel,1,2025-09-26T15:52:27.127Z
sensor.smarte_steckdose_tp01_signalpegel,2,2025-09-26T15:54:02.141Z
sensor.smarte_steckdose_tp01_signalpegel,1,2025-09-26T15:54:17.123Z
sensor.smarte_steckdose_tp01_signalpegel,2,2025-09-26T15:54:42.109Z
sensor.smarte_steckdose_tp01_signalpegel,1,2025-09-26T15:55:07.138Z
sensor.smarte_steckdose_tp01_signalpegel,2,2025-09-26T15:57:07.092Z
sensor.smarte_steckdose_tp01_signalpegel,1,2025-09-26T15:57:17.084Z
sensor.smarte_steckdose_tp01_signalpegel,2,2025-09-26T15:58:07.125Z
sensor.smarte_steckdose_tp01_signalpegel,1,2025-09-26T15:58:12.113Z
sensor.smarte_steckdose_tp01_signalpegel,2,2025-09-26T16:01:37.124Z
sensor.smarte_steckdose_tp01_signalpegel,1,2025-09-26T16:01:57.132Z
sensor.smarte_steckdose_tp01_signalpegel,2,2025-09-26T16:02:22.130Z
sensor.smarte_steckdose_tp01_signalpegel,1,2025-09-26T16:02:27.105Z
sensor.smarte_steckdose_tp01_signalpegel,2,2025-09-26T16:03:47.116Z
sensor.smarte_steckdose_tp01_signalpegel,1,2025-09-26T16:03:52.154Z
sensor.smarte_steckdose_tp01_signalpegel,2,2025-09-26T16:04:02.148Z
sensor.smarte_steckdose_tp01_signalpegel,1,2025-09-26T16:04:32.098Z
sensor.smarte_steckdose_tp01_signalpegel,2,2025-09-26T16:05:07.099Z
sensor.smarte_steckdose_tp01_signalpegel,1,2025-09-26T16:05:32.087Z
sensor.smarte_steckdose_tp01_signalpegel,2,2025-09-26T16:05:57.172Z
sensor.smarte_steckdose_tp01_signalpegel,1,2025-09-26T16:07:12.132Z
sensor.smarte_steckdose_tp01_signalpegel,2,2025-09-26T16:07:17.112Z
sensor.smarte_steckdose_tp01_signalpegel,1,2025-09-26T16:08:12.137Z
sensor.smarte_steckdose_tp01_signalpegel,2,2025-09-26T16:08:17.099Z
sensor.smarte_steckdose_tp01_signalpegel,1,2025-09-26T16:08:32.141Z
sensor.smarte_steckdose_tp01_signalpegel,2,2025-09-26T16:08:37.104Z
sensor.smarte_steckdose_tp01_signalpegel,1,2025-09-26T16:08:52.120Z
sensor.smarte_steckdose_tp01_signalpegel,2,2025-09-26T16:08:57.109Z
sensor.smarte_steckdose_tp01_signalpegel,1,2025-09-26T16:09:52.383Z
sensor.smarte_steckdose_tp01_signalpegel,2,2025-09-26T16:10:27.127Z
sensor.smarte_steckdose_tp01_signalpegel,1,2025-09-26T16:10:37.107Z
sensor.smarte_steckdose_tp01_signalpegel,2,2025-09-26T16:11:02.097Z
sensor.smarte_steckdose_tp01_signalpegel,1,2025-09-26T16:11:42.090Z
sensor.smarte_steckdose_tp01_signalpegel,2,2025-09-26T16:11:47.133Z
sensor.smarte_steckdose_tp01_signalpegel,1,2025-09-26T16:11:52.139Z
sensor.smarte_steckdose_tp01_signalpegel,2,2025-09-26T16:12:22.121Z
sensor.smarte_steckdose_tp01_signalpegel,1,2025-09-26T16:12:37.108Z
sensor.smarte_steckdose_tp01_signalpegel,2,2025-09-26T16:12:42.167Z
sensor.smarte_steckdose_tp01_signalpegel,1,2025-09-26T16:13:07.124Z
sensor.smarte_steckdose_tp01_signalpegel,2,2025-09-26T16:13:17.178Z
sensor.smarte_steckdose_tp01_signalpegel,1,2025-09-26T16:13:52.209Z
sensor.smarte_steckdose_tp01_signalpegel,2,2025-09-26T16:14:17.110Z
sensor.smarte_steckdose_tp01_signalpegel,1,2025-09-26T16:16:37.089Z
sensor.smarte_steckdose_tp01_signalpegel,2,2025-09-26T16:16:42.130Z
sensor.smarte_steckdose_tp01_signalpegel,1,2025-09-26T16:17:22.152Z
sensor.smarte_steckdose_tp01_signalpegel,2,2025-09-26T16:17:32.113Z
sensor.smarte_steckdose_tp01_signalpegel,1,2025-09-26T16:17:37.106Z
sensor.smarte_steckdose_tp01_signalpegel,2,2025-09-26T16:18:12.124Z
sensor.smarte_steckdose_tp01_signalpegel,1,2025-09-26T16:18:17.137Z
sensor.smarte_steckdose_tp01_signalpegel,2,2025-09-26T16:18:32.120Z
sensor.smarte_steckdose_tp01_signalpegel,1,2025-09-26T16:18:47.103Z
sensor.smarte_steckdose_tp01_signalpegel,2,2025-09-26T17:58:11.113Z
sensor.smarte_steckdose_tp01_signalpegel,1,2025-09-26T17:58:16.189Z
sensor.smarte_steckdose_tp01_signalpegel,2,2025-09-26T18:01:26.173Z
sensor.smarte_steckdose_tp01_signalpegel,1,2025-09-26T18:01:36.081Z
sensor.smarte_steckdose_tp01_signalpegel,2,2025-09-26T18:04:11.166Z
sensor.smarte_steckdose_tp01_signalpegel,1,2025-09-26T18:04:16.106Z
sensor.smarte_steckdose_tp01_signalpegel,2,2025-09-26T18:05:06.164Z
sensor.smarte_steckdose_tp01_signalpegel,1,2025-09-26T18:05:11.317Z
sensor.smarte_steckdose_tp01_signalpegel,2,2025-09-26T18:05:51.164Z
sensor.smarte_steckdose_tp01_signalpegel,1,2025-09-26T18:05:56.166Z
sensor.smarte_steckdose_tp01_signalpegel,2,2025-09-26T18:08:21.105Z
sensor.smarte_steckdose_tp01_signalpegel,1,2025-09-26T18:08:31.087Z
sensor.smarte_steckdose_tp01_signalpegel,2,2025-09-26T18:09:11.113Z
sensor.smarte_steckdose_tp01_signalpegel,1,2025-09-26T18:09:31.118Z
sensor.smarte_steckdose_tp01_signalpegel,2,2025-09-26T18:10:16.295Z
sensor.smarte_steckdose_tp01_signalpegel,1,2025-09-26T18:10:26.090Z
sensor.smarte_steckdose_tp01_signalpegel,2,2025-09-26T18:13:16.120Z
sensor.smarte_steckdose_tp01_signalpegel,1,2025-09-26T18:13:21.120Z
sensor.smarte_steckdose_tp01_signalpegel,2,2025-09-26T18:14:21.190Z
sensor.smarte_steckdose_tp01_signalpegel,1,2025-09-26T18:14:26.136Z
sensor.smarte_steckdose_tp01_signalpegel,2,2025-09-26T18:16:56.133Z
sensor.smarte_steckdose_tp01_signalpegel,1,2025-09-26T18:17:06.117Z
sensor.smarte_steckdose_tp01_signalpegel,2,2025-09-26T18:36:48.128Z
sensor.smarte_steckdose_tp01_signalpegel,1,2025-09-26T18:37:03.086Z
sensor.smarte_steckdose_tp01_signalpegel,2,2025-09-26T20:00:03.092Z
sensor.smarte_steckdose_tp01_signalpegel,1,2025-09-26T20:00:18.178Z
sensor.smarte_steckdose_tp01_signalpegel,2,2025-09-26T20:03:33.137Z
sensor.smarte_steckdose_tp01_signalpegel,1,2025-09-26T20:03:38.190Z
sensor.smarte_steckdose_tp01_signalpegel,2,2025-09-26T20:11:03.110Z
sensor.smarte_steckdose_tp01_signalpegel,1,2025-09-26T20:11:08.169Z
sensor.smarte_steckdose_tp01_signalpegel,2,2025-09-26T20:11:28.127Z
sensor.smarte_steckdose_tp01_signalpegel,1,2025-09-26T20:11:33.130Z
sensor.smarte_steckdose_tp01_signalpegel,2,2025-09-26T20:11:38.106Z
sensor.smarte_steckdose_tp01_signalpegel,1,2025-09-26T20:12:03.171Z
sensor.smarte_steckdose_tp01_signalpegel,2,2025-09-26T20:22:36.128Z
sensor.smarte_steckdose_tp01_signalpegel,1,2025-09-26T20:23:21.136Z
sensor.smarte_steckdose_tp01_signalpegel,2,2025-09-26T20:23:31.092Z
sensor.smarte_steckdose_tp01_signalpegel,1,2025-09-26T20:23:51.100Z
sensor.smarte_steckdose_tp01_signalpegel,2,2025-09-26T20:23:56.135Z
sensor.smarte_steckdose_tp01_signalpegel,1,2025-09-26T20:26:01.120Z
sensor.smarte_steckdose_tp01_signalpegel,2,2025-09-26T20:26:06.118Z
sensor.smarte_steckdose_tp01_signalpegel,1,2025-09-26T20:27:01.130Z
sensor.smarte_steckdose_tp01_signalpegel,2,2025-09-26T20:27:06.106Z
sensor.smarte_steckdose_tp01_signalpegel,1,2025-09-26T20:27:16.136Z
sensor.smarte_steckdose_tp01_signalpegel,2,2025-09-26T20:27:21.122Z
sensor.smarte_steckdose_tp01_signalpegel,1,2025-09-26T20:27:41.089Z
sensor.smarte_steckdose_tp01_signalpegel,2,2025-09-26T20:27:51.135Z
sensor.smarte_steckdose_tp01_signalpegel,1,2025-09-26T20:28:46.105Z
sensor.smarte_steckdose_tp01_signalpegel,2,2025-09-26T20:29:01.141Z
sensor.smarte_steckdose_tp01_signalpegel,1,2025-09-26T20:30:06.114Z
sensor.smarte_steckdose_tp01_signalpegel,2,2025-09-26T20:30:16.147Z
sensor.smarte_steckdose_tp01_signalpegel,1,2025-09-26T20:30:21.089Z
sensor.smarte_steckdose_tp01_signalpegel,2,2025-09-26T20:30:26.122Z
sensor.smarte_steckdose_tp01_signalpegel,1,2025-09-26T20:30:46.174Z
sensor.smarte_steckdose_tp01_signalpegel,2,2025-09-26T20:31:41.176Z
sensor.smarte_steckdose_tp01_signalpegel,1,2025-09-26T20:31:46.118Z
sensor.smarte_steckdose_tp01_signalpegel,2,2025-09-26T20:31:51.106Z
sensor.smarte_steckdose_tp01_signalpegel,1,2025-09-26T20:32:06.096Z
sensor.smarte_steckdose_tp01_signalpegel,2,2025-09-26T20:32:46.131Z
sensor.smarte_steckdose_tp01_signalpegel,1,2025-09-26T20:32:56.112Z
sensor.smarte_steckdose_tp01_signalpegel,2,2025-09-26T20:33:26.105Z
sensor.smarte_steckdose_tp01_signalpegel,1,2025-09-26T20:33:56.150Z
sensor.smarte_steckdose_tp01_signalpegel,2,2025-09-26T20:34:21.099Z
sensor.smarte_steckdose_tp01_signalpegel,1,2025-09-26T20:34:26.129Z
sensor.smarte_steckdose_tp01_signalpegel,2,2025-09-26T20:34:36.118Z
sensor.smarte_steckdose_tp01_signalpegel,1,2025-09-26T20:34:51.087Z
sensor.smarte_steckdose_tp01_signalpegel,2,2025-09-26T20:35:31.095Z
sensor.smarte_steckdose_tp01_signalpegel,1,2025-09-26T20:36:16.108Z
sensor.smarte_steckdose_tp01_signalpegel,2,2025-09-26T20:36:21.120Z
sensor.smarte_steckdose_tp01_signalpegel,1,2025-09-26T20:36:36.113Z
sensor.smarte_steckdose_tp01_signalpegel,2,2025-09-26T20:37:16.120Z
sensor.smarte_steckdose_tp01_signalpegel,1,2025-09-26T20:37:36.514Z
sensor.smarte_steckdose_tp01_signalpegel,2,2025-09-26T20:37:41.116Z
sensor.smarte_steckdose_tp01_signalpegel,1,2025-09-26T20:40:06.181Z
sensor.smarte_steckdose_tp01_signalpegel,2,2025-09-26T20:40:11.143Z
sensor.smarte_steckdose_tp01_signalpegel,1,2025-09-26T20:45:44.147Z
sensor.smarte_steckdose_tp01_signalpegel,2,2025-09-26T20:45:49.149Z
sensor.smarte_steckdose_tp01_signalpegel,1,2025-09-26T21:22:24.116Z
sensor.smarte_steckdose_tp01_signalpegel,2,2025-09-26T21:22:29.101Z
sensor.smarte_steckdose_tp01_signalpegel,1,2025-09-26T21:28:15.206Z
sensor.smarte_steckdose_tp01_signalpegel,2,2025-09-26T21:28:20.436Z
sensor.smarte_steckdose_tp01_signalpegel,1,2025-09-26T21:44:55.083Z
sensor.smarte_steckdose_tp01_signalpegel,2,2025-09-26T21:45:00.152Z
sensor.smarte_steckdose_tp01_signalpegel,1,2025-09-26T21:45:55.101Z
sensor.smarte_steckdose_tp01_signalpegel,2,2025-09-26T21:46:10.106Z
sensor.smarte_steckdose_tp01_signalpegel,1,2025-09-26T21:46:45.098Z
sensor.smarte_steckdose_tp01_signalpegel,2,2025-09-26T21:47:00.145Z
sensor.smarte_steckdose_tp01_signalpegel,1,2025-09-26T21:47:26.125Z
sensor.smarte_steckdose_tp01_signalpegel,2,2025-09-26T21:47:51.314Z
sensor.smarte_steckdose_tp01_signalpegel,1,2025-09-26T21:49:07.119Z
sensor.smarte_steckdose_tp01_signalpegel,2,2025-09-26T21:49:27.132Z
sensor.smarte_steckdose_tp01_signalpegel,1,2025-09-26T21:50:22.129Z
sensor.smarte_steckdose_tp01_signalpegel,2,2025-09-26T21:50:27.106Z
sensor.smarte_steckdose_tp01_signalpegel,1,2025-09-26T21:52:42.169Z
sensor.smarte_steckdose_tp01_signalpegel,2,2025-09-26T21:52:47.108Z
sensor.smarte_steckdose_tp01_signalpegel,1,2025-09-26T22:04:27.135Z
sensor.smarte_steckdose_tp01_signalpegel,2,2025-09-26T22:04:32.090Z
sensor.smarte_steckdose_tp01_signalpegel,1,2025-09-26T22:05:02.095Z
sensor.smarte_steckdose_tp01_signalpegel,2,2025-09-26T22:05:07.082Z
sensor.smarte_steckdose_tp01_signalpegel,1,2025-09-26T22:06:57.119Z
sensor.smarte_steckdose_tp01_signalpegel,2,2025-09-26T22:07:17.127Z
sensor.smarte_steckdose_tp01_signalpegel,1,2025-09-26T22:07:47.096Z
sensor.smarte_steckdose_tp01_signalpegel,2,2025-09-26T22:07:52.121Z
sensor.smarte_steckdose_tp01_signalpegel,1,2025-09-26T22:08:42.136Z
sensor.smarte_steckdose_tp01_signalpegel,2,2025-09-26T22:08:47.100Z
sensor.smarte_steckdose_tp01_signalpegel,1,2025-09-26T22:08:52.119Z
sensor.smarte_steckdose_tp01_signalpegel,2,2025-09-26T22:08:57.150Z
sensor.smarte_steckdose_tp01_signalpegel,1,2025-09-26T22:52:42.080Z
sensor.smarte_steckdose_tp01_signalpegel,2,2025-09-26T22:52:47.118Z
sensor.smarte_steckdose_tp01_signalpegel,1,2025-09-26T23:01:42.198Z
sensor.smarte_steckdose_tp01_signalpegel,2,2025-09-26T23:01:47.159Z
sensor.smarte_steckdose_tp01_signalpegel,1,2025-09-26T23:18:42.116Z
sensor.smarte_steckdose_tp01_signalpegel,2,2025-09-26T23:18:47.098Z
sensor.smarte_steckdose_tp01_signalpegel,1,2025-09-27T03:30:37.162Z
sensor.smarte_steckdose_tp01_signalpegel,2,2025-09-27T03:30:42.082Z
sensor.smarte_steckdose_tp01_signalpegel,1,2025-09-27T04:47:22.119Z
sensor.smarte_steckdose_tp01_signalpegel,2,2025-09-27T04:47:27.115Z
sensor.smarte_steckdose_tp01_signalpegel,1,2025-09-27T05:39:02.110Z
sensor.smarte_steckdose_tp01_signalpegel,2,2025-09-27T05:39:32.106Z
sensor.smarte_steckdose_tp01_signalpegel,1,2025-09-27T05:40:32.136Z
sensor.smarte_steckdose_tp01_signalpegel,2,2025-09-27T05:40:37.102Z
sensor.smarte_steckdose_tp01_signalpegel,1,2025-09-27T05:43:22.144Z
sensor.smarte_steckdose_tp01_signalpegel,2,2025-09-27T05:43:32.207Z
sensor.smarte_steckdose_tp01_signalpegel,1,2025-09-27T05:43:57.089Z
sensor.smarte_steckdose_tp01_signalpegel,2,2025-09-27T05:44:07.099Z
sensor.smarte_steckdose_tp01_signalpegel,1,2025-09-27T06:50:52.139Z
sensor.smarte_steckdose_tp01_signalpegel,2,2025-09-27T06:50:57.120Z
sensor.smarte_steckdose_tp01_signalpegel,1,2025-09-27T06:57:02.077Z
sensor.smarte_steckdose_tp01_signalpegel,2,2025-09-27T06:57:12.101Z
sensor.smarte_steckdose_tp01_signalpegel,1,2025-09-27T06:57:22.077Z
sensor.smarte_steckdose_tp01_signalpegel,2,2025-09-27T06:57:27.092Z
sensor.smarte_steckdose_tp01_signalpegel,1,2025-09-27T06:57:32.167Z
sensor.smarte_steckdose_tp01_signalpegel,2,2025-09-27T06:57:42.086Z
sensor.smarte_steckdose_tp01_signalpegel,1,2025-09-27T06:59:57.165Z
sensor.smarte_steckdose_tp01_signalpegel,2,2025-09-27T07:00:07.104Z
sensor.smarte_steckdose_tp01_signalpegel,1,2025-09-27T07:00:32.150Z
sensor.smarte_steckdose_tp01_signalpegel,2,2025-09-27T07:00:37.090Z
sensor.smarte_steckdose_tp01_signalpegel,1,2025-09-27T07:01:07.151Z
sensor.smarte_steckdose_tp01_signalpegel,2,2025-09-27T07:01:12.086Z
sensor.smarte_steckdose_tp01_signalpegel,1,2025-09-27T07:02:32.466Z
sensor.smarte_steckdose_tp01_signalpegel,2,2025-09-27T07:02:47.090Z
sensor.smarte_steckdose_tp01_signalpegel,1,2025-09-27T07:03:37.100Z
sensor.smarte_steckdose_tp01_signalpegel,2,2025-09-27T07:03:42.092Z
sensor.smarte_steckdose_tp01_signalpegel,1,2025-09-27T07:04:37.123Z
sensor.smarte_steckdose_tp01_signalpegel,2,2025-09-27T07:04:47.139Z
sensor.smarte_steckdose_tp01_signalpegel,1,2025-09-27T07:06:42.133Z
sensor.smarte_steckdose_tp01_signalpegel,2,2025-09-27T07:06:52.115Z
sensor.smarte_steckdose_tp01_signalpegel,1,2025-09-27T07:07:37.094Z
sensor.smarte_steckdose_tp01_signalpegel,2,2025-09-27T07:07:47.105Z
sensor.smarte_steckdose_tp01_signalpegel,1,2025-09-27T07:08:52.078Z
sensor.smarte_steckdose_tp01_signalpegel,2,2025-09-27T07:09:07.080Z
sensor.smarte_steckdose_tp01_signalpegel,1,2025-09-27T07:09:12.098Z
sensor.smarte_steckdose_tp01_signalpegel,2,2025-09-27T07:09:22.102Z
sensor.smarte_steckdose_tp01_signalpegel,1,2025-09-27T07:10:59.098Z
sensor.smarte_steckdose_tp01_signalpegel,2,2025-09-27T07:11:05.503Z
sensor.smarte_steckdose_tp01_signalpegel,1,2025-09-27T07:11:10.114Z
sensor.smarte_steckdose_tp01_signalpegel,2,2025-09-27T07:11:15.117Z
sensor.smarte_steckdose_tp01_signalpegel,1,2025-09-27T07:12:45.207Z
sensor.smarte_steckdose_tp01_signalpegel,2,2025-09-27T07:12:50.149Z
sensor.smarte_steckdose_tp01_signalpegel,1,2025-09-27T07:14:20.136Z
sensor.smarte_steckdose_tp01_signalpegel,2,2025-09-27T07:14:25.117Z
sensor.smarte_steckdose_tp01_signalpegel,1,2025-09-27T07:14:30.146Z
sensor.smarte_steckdose_tp01_signalpegel,2,2025-09-27T07:14:35.184Z
sensor.smarte_steckdose_tp01_signalpegel,1,2025-09-27T07:15:15.121Z
sensor.smarte_steckdose_tp01_signalpegel,2,2025-09-27T07:15:20.138Z
sensor.smarte_steckdose_tp01_signalpegel,1,2025-09-27T07:16:15.135Z
sensor.smarte_steckdose_tp01_signalpegel,2,2025-09-27T07:16:20.110Z
sensor.smarte_steckdose_tp01_signalpegel,1,2025-09-27T07:17:20.114Z
sensor.smarte_steckdose_tp01_signalpegel,2,2025-09-27T07:17:35.111Z
sensor.smarte_steckdose_tp01_signalpegel,1,2025-09-27T07:17:50.131Z
sensor.smarte_steckdose_tp01_signalpegel,2,2025-09-27T07:18:05.101Z
sensor.smarte_steckdose_tp01_signalpegel,1,2025-09-27T07:18:30.096Z
sensor.smarte_steckdose_tp01_signalpegel,2,2025-09-27T07:18:45.107Z
sensor.smarte_steckdose_tp01_signalpegel,1,2025-09-27T07:19:05.107Z
sensor.smarte_steckdose_tp01_signalpegel,2,2025-09-27T07:19:10.134Z
sensor.smarte_steckdose_tp01_signalpegel,1,2025-09-27T07:19:20.121Z
sensor.smarte_steckdose_tp01_signalpegel,2,2025-09-27T07:19:30.116Z
sensor.smarte_steckdose_tp01_signalpegel,1,2025-09-27T07:19:45.131Z
sensor.smarte_steckdose_tp01_signalpegel,2,2025-09-27T07:19:50.097Z
sensor.smarte_steckdose_tp01_signalpegel,1,2025-09-27T07:19:55.133Z
sensor.smarte_steckdose_tp01_signalpegel,2,2025-09-27T07:21:00.120Z
sensor.smarte_steckdose_tp01_signalpegel,1,2025-09-27T07:21:05.130Z
sensor.smarte_steckdose_tp01_signalpegel,2,2025-09-27T07:21:30.148Z
sensor.smarte_steckdose_tp01_signalpegel,1,2025-09-27T07:21:35.142Z
sensor.smarte_steckdose_tp01_signalpegel,2,2025-09-27T07:21:45.142Z
sensor.smarte_steckdose_tp01_signalpegel,1,2025-09-27T07:22:30.132Z
sensor.smarte_steckdose_tp01_signalpegel,2,2025-09-27T07:22:40.189Z
sensor.smarte_steckdose_tp01_signalpegel,1,2025-09-27T07:23:10.092Z
sensor.smarte_steckdose_tp01_signalpegel,2,2025-09-27T07:23:15.135Z
sensor.smarte_steckdose_tp01_signalpegel,1,2025-09-27T07:23:50.122Z
sensor.smarte_steckdose_tp01_signalpegel,2,2025-09-27T07:24:00.139Z
sensor.smarte_steckdose_tp01_signalpegel,1,2025-09-27T07:24:05.141Z
sensor.smarte_steckdose_tp01_signalpegel,2,2025-09-27T07:24:10.113Z
sensor.smarte_steckdose_tp01_signalpegel,1,2025-09-27T07:24:15.176Z
sensor.smarte_steckdose_tp01_signalpegel,2,2025-09-27T07:24:40.132Z
sensor.smarte_steckdose_tp01_signalpegel,1,2025-09-27T07:24:50.106Z
sensor.smarte_steckdose_tp01_signalpegel,2,2025-09-27T07:25:05.096Z
sensor.smarte_steckdose_tp01_signalpegel,1,2025-09-27T07:25:15.135Z
sensor.smarte_steckdose_tp01_signalpegel,2,2025-09-27T07:25:20.118Z
sensor.smarte_steckdose_tp01_signalpegel,1,2025-09-27T07:26:00.107Z
sensor.smarte_steckdose_tp01_signalpegel,2,2025-09-27T07:26:25.119Z
sensor.smarte_steckdose_tp01_signalpegel,1,2025-09-27T07:26:40.109Z
sensor.smarte_steckdose_tp01_signalpegel,2,2025-09-27T07:27:00.156Z
sensor.smarte_steckdose_tp01_signalpegel,1,2025-09-27T07:27:45.106Z
sensor.smarte_steckdose_tp01_signalpegel,2,2025-09-27T07:27:50.150Z
sensor.smarte_steckdose_tp01_signalpegel,1,2025-09-27T07:28:00.101Z
sensor.smarte_steckdose_tp01_signalpegel,2,2025-09-27T07:28:10.129Z
sensor.smarte_steckdose_tp01_signalpegel,1,2025-09-27T07:28:55.144Z
sensor.smarte_steckdose_tp01_signalpegel,2,2025-09-27T07:29:00.131Z
sensor.smarte_steckdose_tp01_signalpegel,1,2025-09-27T07:29:15.145Z
sensor.smarte_steckdose_tp01_signalpegel,2,2025-09-27T07:29:25.148Z
sensor.smarte_steckdose_tp01_signalpegel,1,2025-09-27T07:29:30.107Z
sensor.smarte_steckdose_tp01_signalpegel,2,2025-09-27T07:29:35.112Z
sensor.smarte_steckdose_tp01_signalpegel,1,2025-09-27T07:29:40.126Z
sensor.smarte_steckdose_tp01_signalpegel,2,2025-09-27T07:29:50.113Z
sensor.smarte_steckdose_tp01_signalpegel,1,2025-09-27T07:31:10.151Z
sensor.smarte_steckdose_tp01_signalpegel,2,2025-09-27T07:31:20.111Z
sensor.smarte_steckdose_tp01_signalpegel,1,2025-09-27T07:32:10.133Z
sensor.smarte_steckdose_tp01_signalpegel,2,2025-09-27T07:32:15.106Z
sensor.smarte_steckdose_tp01_signalpegel,1,2025-09-27T07:32:25.120Z
sensor.smarte_steckdose_tp01_signalpegel,2,2025-09-27T07:32:30.117Z
sensor.smarte_steckdose_tp01_signalpegel,1,2025-09-27T07:32:40.085Z
sensor.smarte_steckdose_tp01_signalpegel,2,2025-09-27T07:32:45.118Z
sensor.smarte_steckdose_tp01_signalpegel,1,2025-09-27T07:33:10.126Z
sensor.smarte_steckdose_tp01_signalpegel,2,2025-09-27T07:33:20.190Z
sensor.smarte_steckdose_tp01_signalpegel,1,2025-09-27T07:34:25.118Z
sensor.smarte_steckdose_tp01_signalpegel,2,2025-09-27T07:34:35.114Z
sensor.smarte_steckdose_tp01_signalpegel,1,2025-09-27T07:34:45.090Z
sensor.smarte_steckdose_tp01_signalpegel,2,2025-09-27T07:34:50.210Z
sensor.smarte_steckdose_tp01_signalpegel,1,2025-09-27T07:35:15.149Z
sensor.smarte_steckdose_tp01_signalpegel,2,2025-09-27T07:35:25.126Z
sensor.smarte_steckdose_tp01_signalpegel,1,2025-09-27T07:35:35.171Z
sensor.smarte_steckdose_tp01_signalpegel,2,2025-09-27T07:35:40.116Z
sensor.smarte_steckdose_tp01_signalpegel,1,2025-09-27T07:36:20.130Z
sensor.smarte_steckdose_tp01_signalpegel,2,2025-09-27T07:36:45.118Z
sensor.smarte_steckdose_tp01_signalpegel,1,2025-09-27T07:37:20.163Z
sensor.smarte_steckdose_tp01_signalpegel,2,2025-09-27T07:37:25.116Z
sensor.smarte_steckdose_tp01_signalpegel,1,2025-09-27T07:38:05.119Z
sensor.smarte_steckdose_tp01_signalpegel,2,2025-09-27T07:38:30.141Z
sensor.smarte_steckdose_tp01_signalpegel,1,2025-09-27T07:38:35.097Z
sensor.smarte_steckdose_tp01_signalpegel,2,2025-09-27T07:38:40.132Z
sensor.smarte_steckdose_tp01_signalpegel,1,2025-09-27T07:38:50.108Z
sensor.smarte_steckdose_tp01_signalpegel,2,2025-09-27T07:38:55.134Z
sensor.smarte_steckdose_tp01_signalpegel,1,2025-09-27T07:39:00.142Z
sensor.smarte_steckdose_tp01_signalpegel,2,2025-09-27T07:39:20.116Z
sensor.smarte_steckdose_tp01_signalpegel,1,2025-09-27T07:39:55.298Z
sensor.smarte_steckdose_tp01_signalpegel,2,2025-09-27T07:40:00.127Z
sensor.smarte_steckdose_tp01_signalpegel,1,2025-09-27T07:40:30.148Z
sensor.smarte_steckdose_tp01_signalpegel,2,2025-09-27T07:40:35.143Z
sensor.smarte_steckdose_tp01_signalpegel,1,2025-09-27T07:40:40.092Z
sensor.smarte_steckdose_tp01_signalpegel,2,2025-09-27T07:40:55.102Z
sensor.smarte_steckdose_tp01_signalpegel,1,2025-09-27T07:41:25.141Z
sensor.smarte_steckdose_tp01_signalpegel,2,2025-09-27T07:41:30.156Z
sensor.smarte_steckdose_tp01_signalpegel,1,2025-09-27T07:41:45.103Z
sensor.smarte_steckdose_tp01_signalpegel,2,2025-09-27T07:42:00.150Z
sensor.smarte_steckdose_tp01_signalpegel,1,2025-09-27T07:42:10.087Z
sensor.smarte_steckdose_tp01_signalpegel,2,2025-09-27T07:42:15.128Z
sensor.smarte_steckdose_tp01_signalpegel,1,2025-09-27T07:42:35.105Z
sensor.smarte_steckdose_tp01_signalpegel,2,2025-09-27T07:42:40.088Z
sensor.smarte_steckdose_tp01_signalpegel,1,2025-09-27T07:42:45.148Z
sensor.smarte_steckdose_tp01_signalpegel,2,2025-09-27T07:43:00.146Z
sensor.smarte_steckdose_tp01_signalpegel,1,2025-09-27T07:43:25.102Z
sensor.smarte_steckdose_tp01_signalpegel,2,2025-09-27T07:43:30.106Z
sensor.smarte_steckdose_tp01_signalpegel,1,2025-09-27T07:44:15.099Z
sensor.smarte_steckdose_tp01_signalpegel,2,2025-09-27T07:44:20.141Z
sensor.smarte_steckdose_tp01_signalpegel,1,2025-09-27T07:44:30.107Z
sensor.smarte_steckdose_tp01_signalpegel,2,2025-09-27T07:44:35.124Z
sensor.smarte_steckdose_tp01_signalpegel,1,2025-09-27T07:44:50.110Z
sensor.smarte_steckdose_tp01_signalpegel,2,2025-09-27T07:44:55.116Z
sensor.smarte_steckdose_tp01_signalpegel,1,2025-09-27T07:45:05.114Z
sensor.smarte_steckdose_tp01_signalpegel,2,2025-09-27T07:45:10.130Z
sensor.smarte_steckdose_tp01_signalpegel,1,2025-09-27T07:45:30.130Z
sensor.smarte_steckdose_tp01_signalpegel,2,2025-09-27T07:45:40.126Z
sensor.smarte_steckdose_tp01_signalpegel,1,2025-09-27T07:45:55.138Z
sensor.smarte_steckdose_tp01_signalpegel,2,2025-09-27T07:46:10.092Z
sensor.smarte_steckdose_tp01_signalpegel,1,2025-09-27T07:46:35.131Z
sensor.smarte_steckdose_tp01_signalpegel,2,2025-09-27T07:46:40.133Z
sensor.smarte_steckdose_tp01_signalpegel,1,2025-09-27T07:47:25.122Z
sensor.smarte_steckdose_tp01_signalpegel,2,2025-09-27T07:47:30.159Z
sensor.smarte_steckdose_tp01_signalpegel,1,2025-09-27T07:47:45.107Z
sensor.smarte_steckdose_tp01_signalpegel,2,2025-09-27T07:47:50.084Z
sensor.smarte_steckdose_tp01_signalpegel,1,2025-09-27T07:48:05.107Z
sensor.smarte_steckdose_tp01_signalpegel,2,2025-09-27T07:48:10.157Z
sensor.smarte_steckdose_tp01_signalpegel,1,2025-09-27T07:48:15.113Z
sensor.smarte_steckdose_tp01_signalpegel,2,2025-09-27T07:48:20.139Z
sensor.smarte_steckdose_tp01_signalpegel,1,2025-09-27T07:48:30.172Z
sensor.smarte_steckdose_tp01_signalpegel,2,2025-09-27T07:49:00.097Z
sensor.smarte_steckdose_tp01_signalpegel,1,2025-09-27T07:49:05.163Z
sensor.smarte_steckdose_tp01_signalpegel,2,2025-09-27T07:49:35.114Z
sensor.smarte_steckdose_tp01_signalpegel,1,2025-09-27T07:50:00.213Z
sensor.smarte_steckdose_tp01_signalpegel,2,2025-09-27T07:50:05.139Z
sensor.smarte_steckdose_tp01_signalpegel,1,2025-09-27T07:50:40.105Z
sensor.smarte_steckdose_tp01_signalpegel,2,2025-09-27T07:50:50.085Z
sensor.smarte_steckdose_tp01_signalpegel,1,2025-09-27T07:52:10.085Z
sensor.smarte_steckdose_tp01_signalpegel,2,2025-09-27T07:52:15.113Z
sensor.smarte_steckdose_tp01_signalpegel,1,2025-09-27T07:52:20.110Z
sensor.smarte_steckdose_tp01_signalpegel,2,2025-09-27T07:52:40.122Z
sensor.smarte_steckdose_tp01_signalpegel,1,2025-09-27T07:53:10.110Z
sensor.smarte_steckdose_tp01_signalpegel,2,2025-09-27T07:53:15.121Z
sensor.smarte_steckdose_tp01_signalpegel,1,2025-09-27T07:54:05.114Z
sensor.smarte_steckdose_tp01_signalpegel,2,2025-09-27T07:54:35.085Z
sensor.smarte_steckdose_tp01_signalpegel,1,2025-09-27T07:54:45.124Z
sensor.smarte_steckdose_tp01_signalpegel,2,2025-09-27T07:55:00.121Z
sensor.smarte_steckdose_tp01_signalpegel,1,2025-09-27T07:55:25.125Z
sensor.smarte_steckdose_tp01_signalpegel,2,2025-09-27T07:55:35.143Z
sensor.smarte_steckdose_tp01_signalpegel,1,2025-09-27T07:55:45.109Z
sensor.smarte_steckdose_tp01_signalpegel,2,2025-09-27T07:55:50.141Z
sensor.smarte_steckdose_tp01_signalpegel,1,2025-09-27T07:55:55.104Z
sensor.smarte_steckdose_tp01_signalpegel,2,2025-09-27T07:56:00.121Z
sensor.smarte_steckdose_tp01_signalpegel,1,2025-09-27T07:56:25.128Z
sensor.smarte_steckdose_tp01_signalpegel,2,2025-09-27T07:56:30.130Z
sensor.smarte_steckdose_tp01_signalpegel,1,2025-09-27T07:58:05.091Z
sensor.smarte_steckdose_tp01_signalpegel,2,2025-09-27T07:58:15.126Z
sensor.smarte_steckdose_tp01_signalpegel,1,2025-09-27T07:58:40.131Z
sensor.smarte_steckdose_tp01_signalpegel,2,2025-09-27T07:58:45.104Z
sensor.smarte_steckdose_tp01_signalpegel,1,2025-09-27T07:58:55.084Z
sensor.smarte_steckdose_tp01_signalpegel,2,2025-09-27T07:59:00.097Z
sensor.smarte_steckdose_tp01_signalpegel,1,2025-09-27T07:59:35.123Z
sensor.smarte_steckdose_tp01_signalpegel,2,2025-09-27T07:59:40.129Z
sensor.smarte_steckdose_tp01_signalpegel,1,2025-09-27T07:59:45.133Z
sensor.smarte_steckdose_tp01_signalpegel,2,2025-09-27T07:59:50.142Z
sensor.smarte_steckdose_tp01_signalpegel,1,2025-09-27T07:59:55.118Z
sensor.smarte_steckdose_tp01_signalpegel,2,2025-09-27T08:00:05.125Z
sensor.smarte_steckdose_tp01_signalpegel,1,2025-09-27T08:01:06.089Z
sensor.smarte_steckdose_tp01_signalpegel,2,2025-09-27T08:01:11.115Z
sensor.smarte_steckdose_tp01_signalpegel,1,2025-09-27T08:05:36.082Z
sensor.smarte_steckdose_tp01_signalpegel,2,2025-09-27T08:05:41.132Z
sensor.smarte_steckdose_tp01_signalpegel,1,2025-09-27T08:06:56.135Z
sensor.smarte_steckdose_tp01_signalpegel,2,2025-09-27T08:07:01.146Z
sensor.smarte_steckdose_tp01_signalpegel,1,2025-09-27T08:08:21.106Z
sensor.smarte_steckdose_tp01_signalpegel,2,2025-09-27T08:08:26.128Z
sensor.smarte_steckdose_tp01_signalpegel,1,2025-09-27T08:09:06.109Z
sensor.smarte_steckdose_tp01_signalpegel,2,2025-09-27T08:09:16.142Z
sensor.smarte_steckdose_tp01_signalpegel,1,2025-09-27T08:10:31.139Z
sensor.smarte_steckdose_tp01_signalpegel,2,2025-09-27T08:10:36.090Z
sensor.smarte_steckdose_tp01_signalpegel,1,2025-09-27T08:13:21.086Z
sensor.smarte_steckdose_tp01_signalpegel,2,2025-09-27T08:13:26.117Z
sensor.smarte_steckdose_tp01_signalpegel,1,2025-09-27T08:14:11.088Z
sensor.smarte_steckdose_tp01_signalpegel,2,2025-09-27T08:14:46.144Z
sensor.smarte_steckdose_tp01_signalpegel,1,2025-09-27T08:14:51.129Z
sensor.smarte_steckdose_tp01_signalpegel,2,2025-09-27T08:15:01.123Z
sensor.smarte_steckdose_tp01_signalpegel,1,2025-09-27T08:15:06.111Z
sensor.smarte_steckdose_tp01_signalpegel,2,2025-09-27T08:15:11.125Z
sensor.smarte_steckdose_tp01_signalpegel,1,2025-09-27T08:15:31.123Z
sensor.smarte_steckdose_tp01_signalpegel,2,2025-09-27T08:15:36.125Z
sensor.smarte_steckdose_tp01_signalpegel,1,2025-09-27T08:15:41.102Z
sensor.smarte_steckdose_tp01_signalpegel,2,2025-09-27T08:16:11.134Z
sensor.smarte_steckdose_tp01_signalpegel,1,2025-09-27T08:17:26.138Z
sensor.smarte_steckdose_tp01_signalpegel,2,2025-09-27T08:17:31.119Z
sensor.smarte_steckdose_tp01_signalpegel,1,2025-09-27T08:18:21.110Z
sensor.smarte_steckdose_tp01_signalpegel,2,2025-09-27T08:18:26.110Z
sensor.smarte_steckdose_tp01_signalpegel,1,2025-09-27T08:18:31.108Z
sensor.smarte_steckdose_tp01_signalpegel,2,2025-09-27T08:18:36.139Z
sensor.smarte_steckdose_tp01_signalpegel,1,2025-09-27T08:20:16.131Z
sensor.smarte_steckdose_tp01_signalpegel,2,2025-09-27T08:21:16.091Z
sensor.smarte_steckdose_tp01_signalpegel,1,2025-09-27T08:21:21.123Z
sensor.smarte_steckdose_tp01_signalpegel,2,2025-09-27T08:22:11.130Z
sensor.smarte_steckdose_tp01_signalpegel,1,2025-09-27T08:22:21.104Z
sensor.smarte_steckdose_tp01_signalpegel,2,2025-09-27T08:22:56.098Z
sensor.smarte_steckdose_tp01_signalpegel,1,2025-09-27T08:23:21.108Z
sensor.smarte_steckdose_tp01_signalpegel,2,2025-09-27T08:23:26.094Z
sensor.smarte_steckdose_tp01_signalpegel,1,2025-09-27T08:23:31.113Z
sensor.smarte_steckdose_tp01_signalpegel,2,2025-09-27T08:23:36.096Z
sensor.smarte_steckdose_tp01_signalpegel,1,2025-09-27T08:23:51.144Z
sensor.smarte_steckdose_tp01_signalpegel,2,2025-09-27T08:23:56.090Z
sensor.smarte_steckdose_tp01_signalpegel,1,2025-09-27T08:24:11.098Z
sensor.smarte_steckdose_tp01_signalpegel,2,2025-09-27T08:24:36.126Z
sensor.smarte_steckdose_tp01_signalpegel,1,2025-09-27T08:24:41.128Z
sensor.smarte_steckdose_tp01_signalpegel,2,2025-09-27T08:26:02.514Z
sensor.smarte_steckdose_tp01_signalpegel,1,2025-09-27T08:26:07.420Z
sensor.smarte_steckdose_tp01_signalpegel,2,2025-09-27T15:09:33.165Z
sensor.smarte_steckdose_tp01_signalpegel,1,2025-09-27T15:09:38.100Z
sensor.smarte_steckdose_tp01_signalpegel,2,2025-09-27T15:11:18.138Z
sensor.smarte_steckdose_tp01_signalpegel,1,2025-09-27T15:11:23.121Z
sensor.smarte_steckdose_tp01_signalpegel,2,2025-09-27T15:14:48.135Z
sensor.smarte_steckdose_tp01_signalpegel,1,2025-09-27T15:14:53.113Z
sensor.smarte_steckdose_tp01_signalpegel,2,2025-09-27T15:22:03.120Z
sensor.smarte_steckdose_tp01_signalpegel,1,2025-09-27T15:22:08.103Z
sensor.smarte_steckdose_tp01_signalpegel,2,2025-09-27T15:24:28.114Z
sensor.smarte_steckdose_tp01_signalpegel,1,2025-09-27T15:24:33.121Z
sensor.smarte_steckdose_tp01_signalpegel,2,2025-09-27T15:27:33.217Z
sensor.smarte_steckdose_tp01_signalpegel,1,2025-09-27T15:27:38.087Z
sensor.smarte_steckdose_tp01_signalpegel,2,2025-09-27T15:37:23.154Z
sensor.smarte_steckdose_tp01_signalpegel,1,2025-09-27T15:37:28.489Z
sensor.smarte_steckdose_tp01_signalpegel,2,2025-09-27T15:39:49.121Z
sensor.smarte_steckdose_tp01_signalpegel,1,2025-09-27T15:39:54.183Z
sensor.smarte_steckdose_tp01_signalpegel,2,2025-09-27T15:40:49.102Z
sensor.smarte_steckdose_tp01_signalpegel,1,2025-09-27T15:40:54.114Z
sensor.smarte_steckdose_tp01_signalpegel,2,2025-09-27T15:43:29.117Z
sensor.smarte_steckdose_tp01_signalpegel,1,2025-09-27T15:43:34.184Z
sensor.smarte_steckdose_tp01_signalpegel,2,2025-09-27T15:46:14.123Z
sensor.smarte_steckdose_tp01_signalpegel,1,2025-09-27T15:46:19.139Z
sensor.smarte_steckdose_tp01_signalpegel,2,2025-09-27T15:48:44.145Z
sensor.smarte_steckdose_tp01_signalpegel,1,2025-09-27T15:48:49.172Z
sensor.smarte_steckdose_tp01_signalpegel,2,2025-09-27T16:06:06.521Z
sensor.smarte_steckdose_tp01_signalpegel,1,2025-09-27T16:06:11.189Z
sensor.smarte_steckdose_tp01_signalpegel,2,2025-09-27T18:59:35.133Z
sensor.smarte_steckdose_tp01_signalpegel,1,2025-09-27T18:59:50.113Z
sensor.smarte_steckdose_tp01_signalpegel,2,2025-09-27T19:07:27.320Z
sensor.smarte_steckdose_tp01_signalpegel,1,2025-09-27T19:07:32.113Z
sensor.smarte_steckdose_tp01_signalpegel,2,2025-09-27T19:08:47.124Z
sensor.smarte_steckdose_tp01_signalpegel,1,2025-09-27T19:08:52.113Z
sensor.smarte_steckdose_tp01_signalpegel,2,2025-09-27T19:10:58.152Z
sensor.smarte_steckdose_tp01_signalpegel,1,2025-09-27T19:11:03.106Z
sensor.smarte_steckdose_tp01_signalpegel,2,2025-09-27T19:12:18.127Z
sensor.smarte_steckdose_tp01_signalpegel,1,2025-09-27T19:12:23.102Z
sensor.smarte_steckdose_tp01_signalpegel,2,2025-09-27T19:13:34.130Z
sensor.smarte_steckdose_tp01_signalpegel,1,2025-09-27T19:13:39.958Z
sensor.smarte_steckdose_tp01_signalpegel,2,2025-09-27T19:14:30.112Z
sensor.smarte_steckdose_tp01_signalpegel,1,2025-09-27T19:14:35.981Z
sensor.smarte_steckdose_tp01_signalpegel,2,2025-09-27T19:15:37.113Z
sensor.smarte_steckdose_tp01_signalpegel,1,2025-09-27T19:16:02.590Z
sensor.smarte_steckdose_tp01_signalpegel,2,2025-09-27T19:16:07.179Z
sensor.smarte_steckdose_tp01_signalpegel,1,2025-09-27T19:16:17.140Z
sensor.smarte_steckdose_tp01_signalpegel,2,2025-09-27T19:16:27.146Z
sensor.smarte_steckdose_tp01_signalpegel,1,2025-09-27T19:16:32.130Z
sensor.smarte_steckdose_tp01_signalpegel,2,2025-09-27T19:16:52.398Z
sensor.smarte_steckdose_tp01_signalpegel,1,2025-09-27T19:17:22.126Z
sensor.smarte_steckdose_tp01_signalpegel,2,2025-09-27T19:17:43.117Z
sensor.smarte_steckdose_tp01_signalpegel,1,2025-09-27T19:17:54.112Z
sensor.smarte_steckdose_tp01_signalpegel,2,2025-09-27T19:17:59.100Z
sensor.smarte_steckdose_tp01_signalpegel,1,2025-09-27T19:18:19.495Z
sensor.smarte_steckdose_tp01_signalpegel,2,2025-09-27T19:18:39.090Z
sensor.smarte_steckdose_tp01_signalpegel,1,2025-09-27T19:18:54.607Z
sensor.smarte_steckdose_tp01_signalpegel,2,2025-09-27T19:20:25.314Z
sensor.smarte_steckdose_tp01_signalpegel,1,2025-09-27T19:20:30.454Z
sensor.smarte_steckdose_tp01_signalpegel,2,2025-09-27T19:23:53.230Z
sensor.smarte_steckdose_tp01_signalpegel,1,2025-09-27T19:23:58.095Z
sensor.smarte_steckdose_tp01_signalpegel,2,2025-09-27T19:25:34.170Z
sensor.smarte_steckdose_tp01_signalpegel,1,2025-09-27T19:25:39.099Z
sensor.smarte_steckdose_tp01_signalpegel,2,2025-09-27T19:29:45.094Z
sensor.smarte_steckdose_tp01_signalpegel,1,2025-09-27T19:29:50.121Z
sensor.smarte_steckdose_tp01_signalpegel,2,2025-09-27T19:34:28.084Z
sensor.smarte_steckdose_tp01_signalpegel,1,2025-09-27T19:34:43.087Z
sensor.smarte_steckdose_tp01_signalpegel,2,2025-09-27T19:40:58.130Z
sensor.smarte_steckdose_tp01_signalpegel,1,2025-09-27T19:41:03.100Z
sensor.smarte_steckdose_tp01_signalpegel,2,2025-09-27T19:44:43.131Z
sensor.smarte_steckdose_tp01_signalpegel,1,2025-09-27T19:44:53.226Z
sensor.smarte_steckdose_tp01_signalpegel,2,2025-09-27T19:46:33.107Z
sensor.smarte_steckdose_tp01_signalpegel,1,2025-09-27T19:46:38.169Z
sensor.smarte_steckdose_tp01_signalpegel,2,2025-09-27T20:08:20.096Z
sensor.smarte_steckdose_tp01_signalpegel,1,2025-09-27T20:08:25.148Z
sensor.smarte_steckdose_tp01_signalpegel,2,2025-09-27T20:10:35.135Z
sensor.smarte_steckdose_tp01_signalpegel,1,2025-09-27T20:10:40.090Z
sensor.smarte_steckdose_tp01_signalpegel,2,2025-09-27T20:12:15.418Z
sensor.smarte_steckdose_tp01_signalpegel,1,2025-09-27T20:12:20.395Z
sensor.smarte_steckdose_tp01_signalpegel,2,2025-09-27T20:12:50.166Z
sensor.smarte_steckdose_tp01_signalpegel,1,2025-09-27T20:13:00.132Z
sensor.smarte_steckdose_tp01_signalpegel,2,2025-09-27T20:14:05.126Z
sensor.smarte_steckdose_tp01_signalpegel,1,2025-09-27T20:14:20.137Z
sensor.smarte_steckdose_tp01_signalpegel,2,2025-09-27T20:14:55.131Z
sensor.smarte_steckdose_tp01_signalpegel,1,2025-09-27T20:15:00.138Z
sensor.smarte_steckdose_tp01_signalpegel,2,2025-09-27T20:15:10.126Z
sensor.smarte_steckdose_tp01_signalpegel,1,2025-09-27T20:15:15.101Z
sensor.smarte_steckdose_tp01_signalpegel,2,2025-09-27T20:16:15.148Z
sensor.smarte_steckdose_tp01_signalpegel,1,2025-09-27T20:16:45.140Z
sensor.smarte_steckdose_tp01_signalpegel,2,2025-09-27T20:19:50.102Z
sensor.smarte_steckdose_tp01_signalpegel,1,2025-09-27T20:19:55.100Z
sensor.smarte_steckdose_tp01_signalpegel,2,2025-09-27T20:21:10.136Z
sensor.smarte_steckdose_tp01_signalpegel,1,2025-09-27T20:27:01.135Z
sensor.smarte_steckdose_tp01_signalpegel,2,2025-09-27T20:27:06.117Z
sensor.smarte_steckdose_tp01_signalpegel,1,2025-09-27T20:32:36.101Z
sensor.smarte_steckdose_tp01_signalpegel,2,2025-09-27T20:32:41.127Z
sensor.smarte_steckdose_tp01_signalpegel,1,2025-09-27T20:32:46.085Z
sensor.smarte_steckdose_tp01_signalpegel,2,2025-09-27T20:33:16.137Z
sensor.smarte_steckdose_tp01_signalpegel,1,2025-09-27T20:33:26.196Z
sensor.smarte_steckdose_tp01_signalpegel,2,2025-09-27T20:35:27.136Z
sensor.smarte_steckdose_tp01_signalpegel,1,2025-09-27T20:35:32.122Z
sensor.smarte_steckdose_tp01_signalpegel,2,2025-09-27T20:35:37.127Z
sensor.smarte_steckdose_tp01_signalpegel,1,2025-09-27T20:35:42.115Z
sensor.smarte_steckdose_tp01_signalpegel,2,2025-09-27T20:36:02.099Z
sensor.smarte_steckdose_tp01_signalpegel,1,2025-09-27T20:37:52.170Z
sensor.smarte_steckdose_tp01_signalpegel,2,2025-09-27T20:38:07.108Z
sensor.smarte_steckdose_tp01_signalpegel,1,2025-09-27T20:41:07.138Z
sensor.smarte_steckdose_tp01_signalpegel,2,2025-09-27T20:41:12.120Z
sensor.smarte_steckdose_tp01_signalpegel,1,2025-09-27T20:42:27.109Z
sensor.smarte_steckdose_tp01_signalpegel,2,2025-09-27T20:42:52.106Z
sensor.smarte_steckdose_tp01_signalpegel,1,2025-09-27T20:42:57.171Z
sensor.smarte_steckdose_tp01_signalpegel,2,2025-09-27T20:43:02.141Z
sensor.smarte_steckdose_tp01_signalpegel,1,2025-09-27T20:43:42.115Z
sensor.smarte_steckdose_tp01_signalpegel,2,2025-09-27T20:43:52.121Z
sensor.smarte_steckdose_tp01_signalpegel,1,2025-09-27T20:44:02.094Z
sensor.smarte_steckdose_tp01_signalpegel,2,2025-09-27T20:44:17.139Z
sensor.smarte_steckdose_tp01_signalpegel,1,2025-09-27T20:44:27.297Z
sensor.smarte_steckdose_tp01_signalpegel,2,2025-09-27T20:44:52.111Z
sensor.smarte_steckdose_tp01_signalpegel,1,2025-09-27T20:45:22.160Z
sensor.smarte_steckdose_tp01_signalpegel,2,2025-09-27T20:45:37.161Z
sensor.smarte_steckdose_tp01_signalpegel,1,2025-09-27T20:45:52.118Z
sensor.smarte_steckdose_tp01_signalpegel,2,2025-09-27T20:46:02.110Z
sensor.smarte_steckdose_tp01_signalpegel,1,2025-09-27T20:49:57.120Z
sensor.smarte_steckdose_tp01_signalpegel,2,2025-09-27T20:50:02.165Z
sensor.smarte_steckdose_tp01_signalpegel,1,2025-09-27T20:51:22.104Z
sensor.smarte_steckdose_tp01_signalpegel,2,2025-09-27T20:51:27.126Z
sensor.smarte_steckdose_tp01_signalpegel,1,2025-09-27T20:52:27.109Z
sensor.smarte_steckdose_tp01_signalpegel,2,2025-09-27T20:52:32.318Z
sensor.smarte_steckdose_tp01_signalpegel,1,2025-09-27T20:52:57.130Z
sensor.smarte_steckdose_tp01_signalpegel,2,2025-09-27T20:53:02.090Z
sensor.smarte_steckdose_tp01_signalpegel,1,2025-09-27T20:54:12.173Z
sensor.smarte_steckdose_tp01_signalpegel,2,2025-09-27T20:54:27.110Z
sensor.smarte_steckdose_tp01_signalpegel,1,2025-09-27T20:54:47.099Z
sensor.smarte_steckdose_tp01_signalpegel,2,2025-09-27T20:54:57.173Z
sensor.smarte_steckdose_tp01_signalpegel,1,2025-09-27T20:55:22.151Z
sensor.smarte_steckdose_tp01_signalpegel,2,2025-09-27T20:55:27.104Z
sensor.smarte_steckdose_tp01_signalpegel,1,2025-09-27T20:57:17.111Z
sensor.smarte_steckdose_tp01_signalpegel,2,2025-09-27T20:57:37.103Z
sensor.smarte_steckdose_tp01_signalpegel,1,2025-09-27T20:57:42.148Z
sensor.smarte_steckdose_tp01_signalpegel,2,2025-09-27T20:58:02.117Z
sensor.smarte_steckdose_tp01_signalpegel,1,2025-09-27T20:58:12.094Z
sensor.smarte_steckdose_tp01_signalpegel,2,2025-09-27T20:58:52.150Z
sensor.smarte_steckdose_tp01_signalpegel,1,2025-09-27T21:01:02.100Z
sensor.smarte_steckdose_tp01_signalpegel,2,2025-09-27T21:01:27.100Z
sensor.smarte_steckdose_tp01_signalpegel,1,2025-09-27T21:04:12.119Z
sensor.smarte_steckdose_tp01_signalpegel,2,2025-09-27T21:04:17.094Z
sensor.smarte_steckdose_tp01_signalpegel,1,2025-09-27T21:05:12.135Z
sensor.smarte_steckdose_tp01_signalpegel,2,2025-09-27T21:05:17.673Z
sensor.smarte_steckdose_tp01_signalpegel,1,2025-09-27T21:07:32.121Z
sensor.smarte_steckdose_tp01_signalpegel,2,2025-09-27T21:07:42.098Z
sensor.smarte_steckdose_tp01_signalpegel,1,2025-09-27T21:10:27.100Z
sensor.smarte_steckdose_tp01_signalpegel,2,2025-09-27T21:10:37.110Z
sensor.smarte_steckdose_tp01_signalpegel,1,2025-09-27T21:11:57.111Z
sensor.smarte_steckdose_tp01_signalpegel,2,2025-09-27T21:12:02.129Z
sensor.smarte_steckdose_tp01_signalpegel,1,2025-09-27T21:12:37.145Z
sensor.smarte_steckdose_tp01_signalpegel,2,2025-09-27T21:12:42.141Z
sensor.smarte_steckdose_tp01_signalpegel,1,2025-09-27T21:15:52.096Z
sensor.smarte_steckdose_tp01_signalpegel,2,2025-09-27T21:15:57.095Z
sensor.smarte_steckdose_tp01_signalpegel,1,2025-09-27T21:16:17.105Z
sensor.smarte_steckdose_tp01_signalpegel,2,2025-09-27T21:16:22.138Z
sensor.smarte_steckdose_tp01_signalpegel,1,2025-09-27T21:18:02.085Z
sensor.smarte_steckdose_tp01_signalpegel,2,2025-09-27T21:18:38.198Z
sensor.smarte_steckdose_tp01_signalpegel,1,2025-09-27T21:19:33.142Z
sensor.smarte_steckdose_tp01_signalpegel,2,2025-09-27T21:19:38.077Z
sensor.smarte_steckdose_tp01_signalpegel,1,2025-09-27T21:21:53.097Z
sensor.smarte_steckdose_tp01_signalpegel,2,2025-09-27T21:21:58.103Z
sensor.smarte_steckdose_tp01_signalpegel,1,2025-09-27T21:22:43.103Z
sensor.smarte_steckdose_tp01_signalpegel,2,2025-09-27T21:22:53.537Z
sensor.smarte_steckdose_tp01_signalpegel,1,2025-09-27T21:25:13.181Z
sensor.smarte_steckdose_tp01_signalpegel,2,2025-09-27T21:25:23.175Z
sensor.smarte_steckdose_tp01_signalpegel,1,2025-09-27T21:28:34.183Z
sensor.smarte_steckdose_tp01_signalpegel,2,2025-09-27T21:28:39.177Z
sensor.smarte_steckdose_tp01_signalpegel,1,2025-09-27T21:29:14.136Z
sensor.smarte_steckdose_tp01_signalpegel,2,2025-09-27T21:29:19.114Z
sensor.smarte_steckdose_tp01_signalpegel,1,2025-09-27T21:31:24.243Z
sensor.smarte_steckdose_tp01_signalpegel,2,2025-09-27T21:31:29.159Z
sensor.smarte_steckdose_tp01_signalpegel,1,2025-09-27T21:31:39.102Z
sensor.smarte_steckdose_tp01_signalpegel,2,2025-09-27T21:31:49.186Z
sensor.smarte_steckdose_tp01_signalpegel,1,2025-09-27T21:32:19.135Z
sensor.smarte_steckdose_tp01_signalpegel,2,2025-09-27T21:32:29.164Z
sensor.smarte_steckdose_tp01_signalpegel,1,2025-09-27T21:33:14.114Z
sensor.smarte_steckdose_tp01_signalpegel,2,2025-09-27T21:33:29.096Z
sensor.smarte_steckdose_tp01_signalpegel,1,2025-09-27T21:33:44.094Z
sensor.smarte_steckdose_tp01_signalpegel,2,2025-09-27T21:34:09.106Z
sensor.smarte_steckdose_tp01_signalpegel,1,2025-09-27T21:34:59.115Z
sensor.smarte_steckdose_tp01_signalpegel,2,2025-09-27T21:35:14.084Z
sensor.smarte_steckdose_tp01_signalpegel,1,2025-09-27T21:35:34.102Z
sensor.smarte_steckdose_tp01_signalpegel,2,2025-09-27T21:35:39.134Z
sensor.smarte_steckdose_tp01_signalpegel,1,2025-09-27T21:35:49.123Z
sensor.smarte_steckdose_tp01_signalpegel,2,2025-09-27T21:36:29.084Z
sensor.smarte_steckdose_tp01_signalpegel,1,2025-09-27T22:01:24.100Z
sensor.smarte_steckdose_tp01_signalpegel,2,2025-09-27T22:01:29.100Z
sensor.smarte_steckdose_tp01_signalpegel,1,2025-09-27T22:07:44.118Z
sensor.smarte_steckdose_tp01_signalpegel,2,2025-09-27T22:07:49.096Z
sensor.smarte_steckdose_tp01_signalpegel,1,2025-09-27T22:11:19.112Z
sensor.smarte_steckdose_tp01_signalpegel,2,2025-09-27T22:11:29.117Z
sensor.smarte_steckdose_tp01_signalpegel,1,2025-09-27T22:13:34.100Z
sensor.smarte_steckdose_tp01_signalpegel,2,2025-09-27T22:14:09.097Z
sensor.smarte_steckdose_tp01_signalpegel,1,2025-09-27T22:14:14.129Z
sensor.smarte_steckdose_tp01_signalpegel,2,2025-09-27T22:14:19.096Z
sensor.smarte_steckdose_tp01_signalpegel,1,2025-09-27T22:19:39.105Z
sensor.smarte_steckdose_tp01_signalpegel,2,2025-09-27T22:19:44.184Z
sensor.smarte_steckdose_tp01_signalpegel,1,2025-09-27T22:21:59.099Z
sensor.smarte_steckdose_tp01_signalpegel,2,2025-09-27T22:22:04.139Z
sensor.smarte_steckdose_tp01_signalpegel,1,2025-09-27T22:22:09.122Z
sensor.smarte_steckdose_tp01_signalpegel,2,2025-09-27T22:22:24.128Z
sensor.smarte_steckdose_tp01_signalpegel,1,2025-09-27T22:23:19.151Z
sensor.smarte_steckdose_tp01_signalpegel,2,2025-09-27T22:23:24.109Z
sensor.smarte_steckdose_tp01_signalpegel,1,2025-09-27T22:25:19.131Z
sensor.smarte_steckdose_tp01_signalpegel,2,2025-09-27T22:25:24.124Z
sensor.smarte_steckdose_tp01_signalpegel,1,2025-09-27T22:27:19.145Z
sensor.smarte_steckdose_tp01_signalpegel,2,2025-09-27T22:27:24.110Z
sensor.smarte_steckdose_tp01_signalpegel,1,2025-09-27T22:27:54.141Z
sensor.smarte_steckdose_tp01_signalpegel,2,2025-09-27T22:28:04.161Z
sensor.smarte_steckdose_tp01_signalpegel,1,2025-09-27T22:28:39.124Z
sensor.smarte_steckdose_tp01_signalpegel,2,2025-09-27T22:28:44.092Z
sensor.smarte_steckdose_tp01_signalpegel,1,2025-09-27T22:30:44.132Z
sensor.smarte_steckdose_tp01_signalpegel,2,2025-09-27T22:30:49.102Z
sensor.smarte_steckdose_tp01_signalpegel,1,2025-09-27T22:31:19.121Z
sensor.smarte_steckdose_tp01_signalpegel,2,2025-09-27T22:31:24.169Z
sensor.smarte_steckdose_tp01_signalpegel,1,2025-09-27T22:32:04.119Z
sensor.smarte_steckdose_tp01_signalpegel,2,2025-09-27T22:32:24.180Z
sensor.smarte_steckdose_tp01_signalpegel,1,2025-09-27T22:32:34.109Z
sensor.smarte_steckdose_tp01_signalpegel,2,2025-09-27T22:32:44.105Z
sensor.smarte_steckdose_tp01_signalpegel,1,2025-09-27T22:35:19.142Z
sensor.smarte_steckdose_tp01_signalpegel,2,2025-09-27T22:35:24.137Z
sensor.smarte_steckdose_tp01_signalpegel,1,2025-09-27T22:36:39.110Z
sensor.smarte_steckdose_tp01_signalpegel,2,2025-09-27T22:36:44.111Z
sensor.smarte_steckdose_tp01_signalpegel,1,2025-09-27T22:37:29.119Z
sensor.smarte_steckdose_tp01_signalpegel,2,2025-09-27T22:37:34.149Z
sensor.smarte_steckdose_tp01_signalpegel,1,2025-09-27T22:45:59.151Z
sensor.smarte_steckdose_tp01_signalpegel,2,2025-09-27T22:46:14.136Z
sensor.smarte_steckdose_tp01_signalpegel,1,2025-09-27T22:48:09.140Z
sensor.smarte_steckdose_tp01_signalpegel,2,2025-09-27T22:48:19.233Z
sensor.smarte_steckdose_tp01_signalpegel,1,2025-09-27T22:48:24.195Z
sensor.smarte_steckdose_tp01_signalpegel,2,2025-09-27T22:48:29.122Z
sensor.smarte_steckdose_tp01_signalpegel,1,2025-09-27T22:48:34.086Z
sensor.smarte_steckdose_tp01_signalpegel,2,2025-09-27T22:49:09.096Z
sensor.smarte_steckdose_tp01_signalpegel,1,2025-09-27T22:49:39.132Z
sensor.smarte_steckdose_tp01_signalpegel,2,2025-09-27T22:49:54.131Z
sensor.smarte_steckdose_tp01_signalpegel,1,2025-09-27T22:50:09.129Z
sensor.smarte_steckdose_tp01_signalpegel,2,2025-09-27T22:50:34.120Z
sensor.smarte_steckdose_tp01_signalpegel,1,2025-09-27T22:50:49.429Z
sensor.smarte_steckdose_tp01_signalpegel,2,2025-09-27T22:50:54.143Z
sensor.smarte_steckdose_tp01_signalpegel,1,2025-09-27T22:51:09.130Z
sensor.smarte_steckdose_tp01_signalpegel,2,2025-09-27T22:51:19.100Z
sensor.smarte_steckdose_tp01_signalpegel,1,2025-09-27T22:52:29.139Z
sensor.smarte_steckdose_tp01_signalpegel,2,2025-09-27T22:52:34.115Z
sensor.smarte_steckdose_tp01_signalpegel,1,2025-09-27T22:52:39.100Z
sensor.smarte_steckdose_tp01_signalpegel,2,2025-09-27T22:52:44.100Z
sensor.smarte_steckdose_tp01_signalpegel,1,2025-09-27T22:52:54.121Z
sensor.smarte_steckdose_tp01_signalpegel,2,2025-09-27T22:53:09.110Z
sensor.smarte_steckdose_tp01_signalpegel,1,2025-09-27T22:53:29.105Z
sensor.smarte_steckdose_tp01_signalpegel,2,2025-09-27T22:53:49.115Z
sensor.smarte_steckdose_tp01_signalpegel,1,2025-09-27T22:54:14.114Z
sensor.smarte_steckdose_tp01_signalpegel,2,2025-09-27T22:55:14.095Z
sensor.smarte_steckdose_tp01_signalpegel,1,2025-09-27T22:55:19.118Z
sensor.smarte_steckdose_tp01_signalpegel,2,2025-09-27T22:55:44.102Z
sensor.smarte_steckdose_tp01_signalpegel,1,2025-09-27T22:55:49.324Z
sensor.smarte_steckdose_tp01_signalpegel,2,2025-09-27T22:55:54.082Z
sensor.smarte_steckdose_tp01_signalpegel,1,2025-09-27T22:55:59.119Z
sensor.smarte_steckdose_tp01_signalpegel,2,2025-09-27T22:56:04.105Z
sensor.smarte_steckdose_tp01_signalpegel,1,2025-09-27T22:56:19.085Z
sensor.smarte_steckdose_tp01_signalpegel,2,2025-09-27T22:56:24.126Z
sensor.smarte_steckdose_tp01_signalpegel,1,2025-09-27T22:56:59.188Z
sensor.smarte_steckdose_tp01_signalpegel,2,2025-09-27T22:57:04.119Z
sensor.smarte_steckdose_tp01_signalpegel,1,2025-09-27T22:57:19.108Z
sensor.smarte_steckdose_tp01_signalpegel,2,2025-09-27T22:57:59.126Z
sensor.smarte_steckdose_tp01_signalpegel,1,2025-09-27T22:58:14.129Z
sensor.smarte_steckdose_tp01_signalpegel,2,2025-09-27T22:58:24.133Z
sensor.smarte_steckdose_tp01_signalpegel,1,2025-09-27T22:58:29.158Z
sensor.smarte_steckdose_tp01_signalpegel,2,2025-09-27T22:58:39.113Z
sensor.smarte_steckdose_tp01_signalpegel,1,2025-09-27T22:58:59.136Z
sensor.smarte_steckdose_tp01_signalpegel,2,2025-09-27T22:59:39.125Z
sensor.smarte_steckdose_tp01_signalpegel,1,2025-09-27T22:59:49.131Z
sensor.smarte_steckdose_tp01_signalpegel,2,2025-09-27T22:59:54.119Z
sensor.smarte_steckdose_tp01_signalpegel,1,2025-09-27T22:59:59.166Z
sensor.smarte_steckdose_tp01_signalpegel,2,2025-09-27T23:00:04.094Z
sensor.smarte_steckdose_tp01_signalpegel,1,2025-09-27T23:00:29.131Z
sensor.smarte_steckdose_tp01_signalpegel,2,2025-09-27T23:01:29.183Z
sensor.smarte_steckdose_tp01_signalpegel,1,2025-09-27T23:01:44.141Z
sensor.smarte_steckdose_tp01_signalpegel,2,2025-09-27T23:02:09.098Z
sensor.smarte_steckdose_tp01_signalpegel,1,2025-09-27T23:02:24.092Z
sensor.smarte_steckdose_tp01_signalpegel,2,2025-09-27T23:02:34.129Z
sensor.smarte_steckdose_tp01_signalpegel,1,2025-09-27T23:02:44.119Z
sensor.smarte_steckdose_tp01_signalpegel,2,2025-09-27T23:02:49.103Z
sensor.smarte_steckdose_tp01_signalpegel,1,2025-09-27T23:02:54.113Z
sensor.smarte_steckdose_tp01_signalpegel,2,2025-09-27T23:03:04.111Z
sensor.smarte_steckdose_tp01_signalpegel,1,2025-09-27T23:03:39.157Z
sensor.smarte_steckdose_tp01_signalpegel,2,2025-09-27T23:03:54.111Z
sensor.smarte_steckdose_tp01_signalpegel,1,2025-09-27T23:03:59.119Z
sensor.smarte_steckdose_tp01_signalpegel,2,2025-09-27T23:05:44.103Z
sensor.smarte_steckdose_tp01_signalpegel,1,2025-09-27T23:05:54.127Z
sensor.smarte_steckdose_tp01_signalpegel,2,2025-09-27T23:05:59.098Z
sensor.smarte_steckdose_tp01_signalpegel,1,2025-09-27T23:06:09.105Z
sensor.smarte_steckdose_tp01_signalpegel,2,2025-09-27T23:07:34.116Z
sensor.smarte_steckdose_tp01_signalpegel,1,2025-09-27T23:07:49.156Z
sensor.smarte_steckdose_tp01_signalpegel,2,2025-09-27T23:08:49.137Z
sensor.smarte_steckdose_tp01_signalpegel,1,2025-09-27T23:09:09.110Z
sensor.smarte_steckdose_tp01_signalpegel,2,2025-09-27T23:09:39.131Z
sensor.smarte_steckdose_tp01_signalpegel,1,2025-09-27T23:09:54.097Z
sensor.smarte_steckdose_tp01_signalpegel,2,2025-09-27T23:10:39.174Z
sensor.smarte_steckdose_tp01_signalpegel,1,2025-09-27T23:11:49.096Z
sensor.smarte_steckdose_tp01_signalpegel,2,2025-09-27T23:11:54.095Z
sensor.smarte_steckdose_tp01_signalpegel,1,2025-09-27T23:11:59.102Z
sensor.smarte_steckdose_tp01_signalpegel,2,2025-09-27T23:12:04.097Z
sensor.smarte_steckdose_tp01_signalpegel,1,2025-09-27T23:12:34.149Z
sensor.smarte_steckdose_tp01_signalpegel,2,2025-09-27T23:12:39.158Z
sensor.smarte_steckdose_tp01_signalpegel,1,2025-09-27T23:13:39.112Z
sensor.smarte_steckdose_tp01_signalpegel,2,2025-09-27T23:13:44.130Z
sensor.smarte_steckdose_tp01_signalpegel,1,2025-09-27T23:13:54.123Z
sensor.smarte_steckdose_tp01_signalpegel,2,2025-09-27T23:14:04.125Z
sensor.smarte_steckdose_tp01_signalpegel,1,2025-09-27T23:14:09.090Z
sensor.smarte_steckdose_tp01_signalpegel,2,2025-09-27T23:14:29.102Z
sensor.smarte_steckdose_tp01_signalpegel,1,2025-09-27T23:14:39.105Z
sensor.smarte_steckdose_tp01_signalpegel,2,2025-09-27T23:15:29.110Z
sensor.smarte_steckdose_tp01_signalpegel,1,2025-09-27T23:15:59.091Z
sensor.smarte_steckdose_tp01_signalpegel,2,2025-09-27T23:16:04.311Z
sensor.smarte_steckdose_tp01_signalpegel,1,2025-09-27T23:16:34.146Z
sensor.smarte_steckdose_tp01_signalpegel,2,2025-09-27T23:16:39.103Z
sensor.smarte_steckdose_tp01_signalpegel,1,2025-09-27T23:17:14.104Z
sensor.smarte_steckdose_tp01_signalpegel,2,2025-09-27T23:17:29.105Z
sensor.smarte_steckdose_tp01_signalpegel,1,2025-09-27T23:17:34.098Z
sensor.smarte_steckdose_tp01_signalpegel,2,2025-09-27T23:17:44.122Z
sensor.smarte_steckdose_tp01_signalpegel,1,2025-09-27T23:17:54.123Z
sensor.smarte_steckdose_tp01_signalpegel,2,2025-09-27T23:18:04.100Z
sensor.smarte_steckdose_tp01_signalpegel,1,2025-09-27T23:18:09.137Z
sensor.smarte_steckdose_tp01_signalpegel,2,2025-09-27T23:18:49.085Z
sensor.smarte_steckdose_tp01_signalpegel,1,2025-09-27T23:18:54.132Z
sensor.smarte_steckdose_tp01_signalpegel,2,2025-09-27T23:18:59.138Z
sensor.smarte_steckdose_tp01_signalpegel,1,2025-09-27T23:19:24.131Z
sensor.smarte_steckdose_tp01_signalpegel,2,2025-09-27T23:19:29.136Z
sensor.smarte_steckdose_tp01_signalpegel,1,2025-09-27T23:19:59.138Z
sensor.smarte_steckdose_tp01_signalpegel,2,2025-09-27T23:20:04.137Z
sensor.smarte_steckdose_tp01_signalpegel,1,2025-09-27T23:20:49.131Z
sensor.smarte_steckdose_tp01_signalpegel,2,2025-09-27T23:21:04.119Z
sensor.smarte_steckdose_tp01_signalpegel,1,2025-09-27T23:21:34.099Z
sensor.smarte_steckdose_tp01_signalpegel,2,2025-09-27T23:21:39.115Z
sensor.smarte_steckdose_tp01_signalpegel,1,2025-09-27T23:22:49.094Z
sensor.smarte_steckdose_tp01_signalpegel,2,2025-09-27T23:22:59.152Z
sensor.smarte_steckdose_tp01_signalpegel,1,2025-09-27T23:24:14.097Z
sensor.smarte_steckdose_tp01_signalpegel,2,2025-09-27T23:24:29.132Z
sensor.smarte_steckdose_tp01_signalpegel,1,2025-09-27T23:24:44.096Z
sensor.smarte_steckdose_tp01_signalpegel,2,2025-09-27T23:24:49.122Z
sensor.smarte_steckdose_tp01_signalpegel,1,2025-09-27T23:27:19.143Z
sensor.smarte_steckdose_tp01_signalpegel,2,2025-09-27T23:27:24.142Z
sensor.smarte_steckdose_tp01_signalpegel,1,2025-09-27T23:28:29.134Z
sensor.smarte_steckdose_tp01_signalpegel,2,2025-09-27T23:28:34.105Z
sensor.smarte_steckdose_tp01_signalpegel,1,2025-09-27T23:28:54.140Z
sensor.smarte_steckdose_tp01_signalpegel,2,2025-09-27T23:28:59.121Z
sensor.smarte_steckdose_tp01_signalpegel,1,2025-09-27T23:33:29.130Z
sensor.smarte_steckdose_tp01_signalpegel,2,2025-09-27T23:33:39.122Z
sensor.smarte_steckdose_tp01_signalpegel,1,2025-09-27T23:35:14.134Z
sensor.smarte_steckdose_tp01_signalpegel,2,2025-09-27T23:35:19.112Z
sensor.smarte_steckdose_tp01_signalpegel,1,2025-09-27T23:35:44.110Z
sensor.smarte_steckdose_tp01_signalpegel,2,2025-09-27T23:36:04.110Z
sensor.smarte_steckdose_tp01_signalpegel,1,2025-09-27T23:36:24.099Z
sensor.smarte_steckdose_tp01_signalpegel,2,2025-09-27T23:36:29.114Z
sensor.smarte_steckdose_tp01_signalpegel,1,2025-09-27T23:37:44.109Z
sensor.smarte_steckdose_tp01_signalpegel,2,2025-09-27T23:37:54.104Z
sensor.smarte_steckdose_tp01_signalpegel,1,2025-09-27T23:38:04.122Z
sensor.smarte_steckdose_tp01_signalpegel,2,2025-09-27T23:38:09.093Z
sensor.smarte_steckdose_tp01_signalpegel,1,2025-09-27T23:39:19.124Z
sensor.smarte_steckdose_tp01_signalpegel,2,2025-09-27T23:39:24.095Z
sensor.smarte_steckdose_tp01_signalpegel,1,2025-09-27T23:43:39.112Z
sensor.smarte_steckdose_tp01_signalpegel,2,2025-09-27T23:43:44.098Z
sensor.smarte_steckdose_tp01_signalpegel,1,2025-09-27T23:46:09.108Z
sensor.smarte_steckdose_tp01_signalpegel,2,2025-09-27T23:46:19.163Z
sensor.smarte_steckdose_tp01_signalpegel,1,2025-09-27T23:47:14.107Z
sensor.smarte_steckdose_tp01_signalpegel,2,2025-09-27T23:47:44.089Z
sensor.smarte_steckdose_tp01_signalpegel,1,2025-09-27T23:47:54.130Z
sensor.smarte_steckdose_tp01_signalpegel,2,2025-09-27T23:47:59.119Z
sensor.smarte_steckdose_tp01_signalpegel,1,2025-09-27T23:48:29.137Z
sensor.smarte_steckdose_tp01_signalpegel,2,2025-09-27T23:49:09.084Z
sensor.smarte_steckdose_tp01_signalpegel,1,2025-09-27T23:49:59.103Z
sensor.smarte_steckdose_tp01_signalpegel,2,2025-09-27T23:50:09.108Z
sensor.smarte_steckdose_tp01_signalpegel,1,2025-09-27T23:51:09.125Z
sensor.smarte_steckdose_tp01_signalpegel,2,2025-09-27T23:51:29.323Z
sensor.smarte_steckdose_tp01_signalpegel,1,2025-09-27T23:51:44.194Z
sensor.smarte_steckdose_tp01_signalpegel,2,2025-09-27T23:52:04.164Z
sensor.smarte_steckdose_tp01_signalpegel,1,2025-09-27T23:52:24.087Z
sensor.smarte_steckdose_tp01_signalpegel,2,2025-09-27T23:52:34.138Z
sensor.smarte_steckdose_tp01_signalpegel,1,2025-09-27T23:52:39.118Z
sensor.smarte_steckdose_tp01_signalpegel,2,2025-09-27T23:52:44.098Z
sensor.smarte_steckdose_tp01_signalpegel,1,2025-09-27T23:52:54.163Z
sensor.smarte_steckdose_tp01_signalpegel,2,2025-09-27T23:52:59.108Z
sensor.smarte_steckdose_tp01_signalpegel,1,2025-09-27T23:53:14.105Z
sensor.smarte_steckdose_tp01_signalpegel,2,2025-09-27T23:54:14.086Z
sensor.smarte_steckdose_tp01_signalpegel,1,2025-09-27T23:54:24.120Z
sensor.smarte_steckdose_tp01_signalpegel,2,2025-09-27T23:54:49.106Z
sensor.smarte_steckdose_tp01_signalpegel,1,2025-09-27T23:54:59.131Z
sensor.smarte_steckdose_tp01_signalpegel,2,2025-09-27T23:55:14.131Z
sensor.smarte_steckdose_tp01_signalpegel,1,2025-09-27T23:55:24.103Z
sensor.smarte_steckdose_tp01_signalpegel,2,2025-09-27T23:56:19.116Z
sensor.smarte_steckdose_tp01_signalpegel,1,2025-09-27T23:56:34.303Z
sensor.smarte_steckdose_tp01_signalpegel,2,2025-09-27T23:56:44.141Z
sensor.smarte_steckdose_tp01_signalpegel,1,2025-09-27T23:57:49.107Z
sensor.smarte_steckdose_tp01_signalpegel,2,2025-09-27T23:58:14.120Z
sensor.smarte_steckdose_tp01_signalpegel,1,2025-09-27T23:58:19.108Z
sensor.smarte_steckdose_tp01_signalpegel,2,2025-09-27T23:59:14.114Z
sensor.smarte_steckdose_tp01_signalpegel,1,2025-09-27T23:59:19.097Z
sensor.smarte_steckdose_tp01_signalpegel,2,2025-09-28T00:01:44.164Z
sensor.smarte_steckdose_tp01_signalpegel,1,2025-09-28T00:01:49.127Z
sensor.smarte_steckdose_tp01_signalpegel,2,2025-09-28T00:03:49.131Z
sensor.smarte_steckdose_tp01_signalpegel,1,2025-09-28T00:04:04.135Z
sensor.smarte_steckdose_tp01_signalpegel,2,2025-09-28T00:04:24.137Z
sensor.smarte_steckdose_tp01_signalpegel,1,2025-09-28T00:04:29.170Z
sensor.smarte_steckdose_tp01_signalpegel,2,2025-09-28T00:04:54.106Z
sensor.smarte_steckdose_tp01_signalpegel,1,2025-09-28T00:04:59.100Z
sensor.smarte_steckdose_tp01_signalpegel,2,2025-09-28T00:05:19.122Z
sensor.smarte_steckdose_tp01_signalpegel,1,2025-09-28T00:05:29.108Z
sensor.smarte_steckdose_tp01_signalpegel,2,2025-09-28T00:06:24.131Z
sensor.smarte_steckdose_tp01_signalpegel,1,2025-09-28T00:06:29.153Z
sensor.smarte_steckdose_tp01_signalpegel,2,2025-09-28T00:07:34.138Z
sensor.smarte_steckdose_tp01_signalpegel,1,2025-09-28T00:07:49.113Z
sensor.smarte_steckdose_tp01_signalpegel,2,2025-09-28T00:08:44.118Z
sensor.smarte_steckdose_tp01_signalpegel,1,2025-09-28T00:08:49.175Z
sensor.smarte_steckdose_tp01_signalpegel,2,2025-09-28T00:09:04.117Z
sensor.smarte_steckdose_tp01_signalpegel,1,2025-09-28T00:09:09.136Z
sensor.smarte_steckdose_tp01_signalpegel,2,2025-09-28T00:09:14.118Z
sensor.smarte_steckdose_tp01_signalpegel,1,2025-09-28T00:09:24.117Z
sensor.smarte_steckdose_tp01_signalpegel,2,2025-09-28T00:09:49.114Z
sensor.smarte_steckdose_tp01_signalpegel,1,2025-09-28T00:10:09.103Z
sensor.smarte_steckdose_tp01_signalpegel,2,2025-09-28T00:26:59.110Z
sensor.smarte_steckdose_tp01_signalpegel,1,2025-09-28T00:27:09.128Z
sensor.smarte_steckdose_tp01_signalpegel,2,2025-09-28T00:27:19.109Z
sensor.smarte_steckdose_tp01_signalpegel,1,2025-09-28T00:27:29.170Z
sensor.smarte_steckdose_tp01_signalpegel,2,2025-09-28T00:28:24.103Z
sensor.smarte_steckdose_tp01_signalpegel,1,2025-09-28T00:28:29.141Z
sensor.smarte_steckdose_tp01_signalpegel,2,2025-09-28T00:28:44.129Z
sensor.smarte_steckdose_tp01_signalpegel,1,2025-09-28T00:28:49.116Z
sensor.smarte_steckdose_tp01_signalpegel,2,2025-09-28T00:29:04.109Z
sensor.smarte_steckdose_tp01_signalpegel,1,2025-09-28T00:29:09.120Z
sensor.smarte_steckdose_tp01_signalpegel,2,2025-09-28T00:30:44.138Z
sensor.smarte_steckdose_tp01_signalpegel,1,2025-09-28T00:30:49.129Z
sensor.smarte_steckdose_tp01_signalpegel,2,2025-09-28T00:31:29.084Z
sensor.smarte_steckdose_tp01_signalpegel,1,2025-09-28T00:31:34.171Z
sensor.smarte_steckdose_tp01_signalpegel,2,2025-09-28T00:50:14.110Z
sensor.smarte_steckdose_tp01_signalpegel,1,2025-09-28T00:50:19.122Z
sensor.smarte_steckdose_tp01_signalpegel,2,2025-09-28T00:51:29.094Z
sensor.smarte_steckdose_tp01_signalpegel,1,2025-09-28T00:51:34.116Z
sensor.smarte_steckdose_tp01_signalpegel,2,2025-09-28T00:54:04.141Z
sensor.smarte_steckdose_tp01_signalpegel,1,2025-09-28T00:54:09.106Z
sensor.smarte_steckdose_tp01_signalpegel,2,2025-09-28T00:57:24.095Z
sensor.smarte_steckdose_tp01_signalpegel,1,2025-09-28T00:57:29.139Z
sensor.smarte_steckdose_tp01_signalpegel,2,2025-09-28T01:00:34.128Z
sensor.smarte_steckdose_tp01_signalpegel,1,2025-09-28T01:00:39.088Z
sensor.smarte_steckdose_tp01_signalpegel,2,2025-09-28T01:06:34.122Z
sensor.smarte_steckdose_tp01_signalpegel,1,2025-09-28T01:06:39.088Z
sensor.smarte_steckdose_tp01_signalpegel,2,2025-09-28T01:18:49.150Z
sensor.smarte_steckdose_tp01_signalpegel,1,2025-09-28T01:18:54.114Z
sensor.smarte_steckdose_tp01_signalpegel,2,2025-09-28T01:21:04.091Z
sensor.smarte_steckdose_tp01_signalpegel,1,2025-09-28T01:21:09.131Z
sensor.smarte_steckdose_tp01_signalpegel,2,2025-09-28T01:26:09.140Z
sensor.smarte_steckdose_tp01_signalpegel,1,2025-09-28T01:26:19.119Z
sensor.smarte_steckdose_tp01_signalpegel,2,2025-09-28T01:26:29.094Z
sensor.smarte_steckdose_tp01_signalpegel,1,2025-09-28T01:26:44.118Z
sensor.smarte_steckdose_tp01_signalpegel,2,2025-09-28T01:28:14.105Z
sensor.smarte_steckdose_tp01_signalpegel,1,2025-09-28T01:28:19.098Z
sensor.smarte_steckdose_tp01_signalpegel,2,2025-09-28T01:28:39.168Z
sensor.smarte_steckdose_tp01_signalpegel,1,2025-09-28T01:28:44.099Z
sensor.smarte_steckdose_tp01_signalpegel,2,2025-09-28T01:29:14.108Z
sensor.smarte_steckdose_tp01_signalpegel,1,2025-09-28T01:29:19.120Z
sensor.smarte_steckdose_tp01_signalpegel,2,2025-09-28T01:43:54.115Z
sensor.smarte_steckdose_tp01_signalpegel,1,2025-09-28T01:44:04.141Z
sensor.smarte_steckdose_tp01_signalpegel,2,2025-09-28T01:46:04.106Z
sensor.smarte_steckdose_tp01_signalpegel,1,2025-09-28T01:46:19.106Z
sensor.smarte_steckdose_tp01_signalpegel,2,2025-09-28T01:46:34.121Z
sensor.smarte_steckdose_tp01_signalpegel,1,2025-09-28T01:46:49.093Z
sensor.smarte_steckdose_tp01_signalpegel,2,2025-09-28T01:51:59.143Z
sensor.smarte_steckdose_tp01_signalpegel,1,2025-09-28T01:52:04.116Z
sensor.smarte_steckdose_tp01_signalpegel,2,2025-09-28T02:10:34.121Z
sensor.smarte_steckdose_tp01_signalpegel,1,2025-09-28T02:10:39.102Z
sensor.smarte_steckdose_tp01_signalpegel,2,2025-09-28T02:11:14.141Z
sensor.smarte_steckdose_tp01_signalpegel,1,2025-09-28T02:11:19.129Z
sensor.smarte_steckdose_tp01_signalpegel,2,2025-09-28T02:52:09.086Z
sensor.smarte_steckdose_tp01_signalpegel,1,2025-09-28T02:52:14.110Z
sensor.smarte_steckdose_tp01_signalpegel,2,2025-09-28T02:55:59.140Z
sensor.smarte_steckdose_tp01_signalpegel,1,2025-09-28T02:56:09.112Z
sensor.smarte_steckdose_tp01_signalpegel,2,2025-09-28T02:59:14.098Z
sensor.smarte_steckdose_tp01_signalpegel,1,2025-09-28T02:59:24.173Z
sensor.smarte_steckdose_tp01_signalpegel,2,2025-09-28T03:02:44.101Z
sensor.smarte_steckdose_tp01_signalpegel,1,2025-09-28T03:02:49.082Z
sensor.smarte_steckdose_tp01_signalpegel,2,2025-09-28T03:05:49.093Z
sensor.smarte_steckdose_tp01_signalpegel,1,2025-09-28T03:05:54.126Z
sensor.smarte_steckdose_tp01_signalpegel,2,2025-09-28T03:07:19.113Z
sensor.smarte_steckdose_tp01_signalpegel,1,2025-09-28T03:07:24.134Z
sensor.smarte_steckdose_tp01_signalpegel,2,2025-09-28T03:08:14.167Z
sensor.smarte_steckdose_tp01_signalpegel,1,2025-09-28T03:08:24.130Z
sensor.smarte_steckdose_tp01_signalpegel,2,2025-09-28T03:09:24.124Z
sensor.smarte_steckdose_tp01_signalpegel,1,2025-09-28T03:09:29.113Z
sensor.smarte_steckdose_tp01_signalpegel,2,2025-09-28T03:12:59.128Z
sensor.smarte_steckdose_tp01_signalpegel,1,2025-09-28T03:13:09.116Z
sensor.smarte_steckdose_tp01_signalpegel,2,2025-09-28T03:20:14.127Z
sensor.smarte_steckdose_tp01_signalpegel,1,2025-09-28T03:20:19.106Z
sensor.smarte_steckdose_tp01_signalpegel,2,2025-09-28T03:21:19.263Z
sensor.smarte_steckdose_tp01_signalpegel,1,2025-09-28T03:21:24.115Z
sensor.smarte_steckdose_tp01_signalpegel,2,2025-09-28T03:23:29.099Z
sensor.smarte_steckdose_tp01_signalpegel,1,2025-09-28T03:23:34.107Z
sensor.smarte_steckdose_tp01_signalpegel,2,2025-09-28T03:23:49.120Z
sensor.smarte_steckdose_tp01_signalpegel,1,2025-09-28T03:23:54.134Z
sensor.smarte_steckdose_tp01_signalpegel,2,2025-09-28T03:24:09.101Z
sensor.smarte_steckdose_tp01_signalpegel,1,2025-09-28T03:24:14.127Z
sensor.smarte_steckdose_tp01_signalpegel,2,2025-09-28T03:25:49.162Z
sensor.smarte_steckdose_tp01_signalpegel,1,2025-09-28T03:25:54.104Z
sensor.smarte_steckdose_tp01_signalpegel,2,2025-09-28T03:26:49.097Z
sensor.smarte_steckdose_tp01_signalpegel,1,2025-09-28T03:26:54.186Z
sensor.smarte_steckdose_tp01_signalpegel,2,2025-09-28T03:28:19.148Z
sensor.smarte_steckdose_tp01_signalpegel,1,2025-09-28T03:28:24.112Z
sensor.smarte_steckdose_tp01_signalpegel,2,2025-09-28T03:28:44.090Z
sensor.smarte_steckdose_tp01_signalpegel,1,2025-09-28T03:28:54.106Z
sensor.smarte_steckdose_tp01_signalpegel,2,2025-09-28T03:29:39.087Z
sensor.smarte_steckdose_tp01_signalpegel,1,2025-09-28T03:29:49.085Z
sensor.smarte_steckdose_tp01_signalpegel,2,2025-09-28T03:30:54.179Z
sensor.smarte_steckdose_tp01_signalpegel,1,2025-09-28T03:30:59.174Z
sensor.smarte_steckdose_tp01_signalpegel,2,2025-09-28T03:31:14.115Z
sensor.smarte_steckdose_tp01_signalpegel,1,2025-09-28T03:31:19.107Z
sensor.smarte_steckdose_tp01_signalpegel,2,2025-09-28T03:37:39.106Z
sensor.smarte_steckdose_tp01_signalpegel,1,2025-09-28T03:37:44.118Z
sensor.smarte_steckdose_tp01_signalpegel,2,2025-09-28T03:38:09.097Z
sensor.smarte_steckdose_tp01_signalpegel,1,2025-09-28T03:38:14.137Z
sensor.smarte_steckdose_tp01_signalpegel,2,2025-09-28T03:38:19.118Z
sensor.smarte_steckdose_tp01_signalpegel,1,2025-09-28T03:38:29.123Z
sensor.smarte_steckdose_tp01_signalpegel,2,2025-09-28T03:39:49.109Z
sensor.smarte_steckdose_tp01_signalpegel,1,2025-09-28T03:39:54.132Z
sensor.smarte_steckdose_tp01_signalpegel,2,2025-09-28T03:41:29.127Z
sensor.smarte_steckdose_tp01_signalpegel,1,2025-09-28T03:43:14.122Z
sensor.smarte_steckdose_tp01_signalpegel,2,2025-09-28T03:43:19.086Z
sensor.smarte_steckdose_tp01_signalpegel,1,2025-09-28T03:43:39.093Z
sensor.smarte_steckdose_tp01_signalpegel,2,2025-09-28T03:43:59.098Z
sensor.smarte_steckdose_tp01_signalpegel,1,2025-09-28T03:52:04.142Z
sensor.smarte_steckdose_tp01_signalpegel,2,2025-09-28T03:52:14.107Z
sensor.smarte_steckdose_tp01_signalpegel,1,2025-09-28T03:53:44.155Z
sensor.smarte_steckdose_tp01_signalpegel,2,2025-09-28T03:53:59.130Z
sensor.smarte_steckdose_tp01_signalpegel,1,2025-09-28T03:54:04.098Z
sensor.smarte_steckdose_tp01_signalpegel,2,2025-09-28T03:54:59.147Z
sensor.smarte_steckdose_tp01_signalpegel,1,2025-09-28T03:55:04.085Z
sensor.smarte_steckdose_tp01_signalpegel,2,2025-09-28T03:55:09.133Z
sensor.smarte_steckdose_tp01_signalpegel,1,2025-09-28T03:55:19.098Z
sensor.smarte_steckdose_tp01_signalpegel,2,2025-09-28T03:55:24.089Z
sensor.smarte_steckdose_tp01_signalpegel,1,2025-09-28T03:56:29.134Z
sensor.smarte_steckdose_tp01_signalpegel,2,2025-09-28T03:56:59.094Z
sensor.smarte_steckdose_tp01_signalpegel,1,2025-09-28T03:57:29.132Z
sensor.smarte_steckdose_tp01_signalpegel,2,2025-09-28T03:57:49.109Z
sensor.smarte_steckdose_tp01_signalpegel,1,2025-09-28T03:58:09.118Z
sensor.smarte_steckdose_tp01_signalpegel,2,2025-09-28T04:01:24.109Z
sensor.smarte_steckdose_tp01_signalpegel,1,2025-09-28T04:02:04.141Z
sensor.smarte_steckdose_tp01_signalpegel,2,2025-09-28T04:02:14.102Z
sensor.smarte_steckdose_tp01_signalpegel,1,2025-09-28T04:02:19.118Z
sensor.smarte_steckdose_tp01_signalpegel,2,2025-09-28T04:02:49.095Z
sensor.smarte_steckdose_tp01_signalpegel,1,2025-09-28T04:03:09.095Z
sensor.smarte_steckdose_tp01_signalpegel,2,2025-09-28T04:03:54.146Z
sensor.smarte_steckdose_tp01_signalpegel,1,2025-09-28T04:03:59.127Z
sensor.smarte_steckdose_tp01_signalpegel,2,2025-09-28T04:04:14.119Z
sensor.smarte_steckdose_tp01_signalpegel,1,2025-09-28T04:04:39.087Z
sensor.smarte_steckdose_tp01_signalpegel,2,2025-09-28T04:05:59.099Z
sensor.smarte_steckdose_tp01_signalpegel,1,2025-09-28T04:06:14.165Z
sensor.smarte_steckdose_tp01_signalpegel,2,2025-09-28T04:06:19.142Z
sensor.smarte_steckdose_tp01_signalpegel,1,2025-09-28T04:06:29.115Z
sensor.smarte_steckdose_tp01_signalpegel,2,2025-09-28T04:06:34.124Z
sensor.smarte_steckdose_tp01_signalpegel,1,2025-09-28T04:06:49.140Z
sensor.smarte_steckdose_tp01_signalpegel,2,2025-09-28T04:07:09.116Z
sensor.smarte_steckdose_tp01_signalpegel,1,2025-09-28T04:07:14.130Z
sensor.smarte_steckdose_tp01_signalpegel,2,2025-09-28T04:07:34.097Z
sensor.smarte_steckdose_tp01_signalpegel,1,2025-09-28T04:07:39.136Z
sensor.smarte_steckdose_tp01_signalpegel,2,2025-09-28T04:08:34.172Z
sensor.smarte_steckdose_tp01_signalpegel,1,2025-09-28T04:08:39.152Z
sensor.smarte_steckdose_tp01_signalpegel,2,2025-09-28T04:09:14.136Z
sensor.smarte_steckdose_tp01_signalpegel,1,2025-09-28T04:09:19.120Z
sensor.smarte_steckdose_tp01_signalpegel,2,2025-09-28T04:09:24.118Z
sensor.smarte_steckdose_tp01_signalpegel,1,2025-09-28T04:09:44.123Z
sensor.smarte_steckdose_tp01_signalpegel,2,2025-09-28T04:10:09.116Z
sensor.smarte_steckdose_tp01_signalpegel,1,2025-09-28T04:10:14.117Z
sensor.smarte_steckdose_tp01_signalpegel,2,2025-09-28T04:11:19.126Z
sensor.smarte_steckdose_tp01_signalpegel,1,2025-09-28T04:11:39.087Z
sensor.smarte_steckdose_tp01_signalpegel,2,2025-09-28T04:11:44.116Z
sensor.smarte_steckdose_tp01_signalpegel,1,2025-09-28T04:12:14.109Z
sensor.smarte_steckdose_tp01_signalpegel,2,2025-09-28T04:12:29.172Z
sensor.smarte_steckdose_tp01_signalpegel,1,2025-09-28T04:13:04.106Z
sensor.smarte_steckdose_tp01_signalpegel,2,2025-09-28T04:16:04.106Z
sensor.smarte_steckdose_tp01_signalpegel,1,2025-09-28T04:16:19.086Z
sensor.smarte_steckdose_tp01_signalpegel,2,2025-09-28T04:17:04.125Z
sensor.smarte_steckdose_tp01_signalpegel,1,2025-09-28T04:17:29.099Z
sensor.smarte_steckdose_tp01_signalpegel,2,2025-09-28T04:17:39.116Z
sensor.smarte_steckdose_tp01_signalpegel,1,2025-09-28T04:17:44.100Z
sensor.smarte_steckdose_tp01_signalpegel,2,2025-09-28T04:17:49.117Z
sensor.smarte_steckdose_tp01_signalpegel,1,2025-09-28T04:18:59.176Z
sensor.smarte_steckdose_tp01_signalpegel,2,2025-09-28T04:19:04.120Z
sensor.smarte_steckdose_tp01_signalpegel,1,2025-09-28T04:19:49.139Z
sensor.smarte_steckdose_tp01_signalpegel,2,2025-09-28T04:19:59.113Z
sensor.smarte_steckdose_tp01_signalpegel,1,2025-09-28T04:20:24.141Z
sensor.smarte_steckdose_tp01_signalpegel,2,2025-09-28T04:20:29.136Z
sensor.smarte_steckdose_tp01_signalpegel,1,2025-09-28T04:20:39.129Z
sensor.smarte_steckdose_tp01_signalpegel,2,2025-09-28T04:20:44.123Z
sensor.smarte_steckdose_tp01_signalpegel,1,2025-09-28T04:20:49.128Z
sensor.smarte_steckdose_tp01_signalpegel,2,2025-09-28T04:21:19.139Z
sensor.smarte_steckdose_tp01_signalpegel,1,2025-09-28T04:21:39.116Z
sensor.smarte_steckdose_tp01_signalpegel,2,2025-09-28T04:21:54.110Z
sensor.smarte_steckdose_tp01_signalpegel,1,2025-09-28T04:21:59.085Z
sensor.smarte_steckdose_tp01_signalpegel,2,2025-09-28T04:22:19.086Z
sensor.smarte_steckdose_tp01_signalpegel,1,2025-09-28T04:22:59.096Z
sensor.smarte_steckdose_tp01_signalpegel,2,2025-09-28T04:23:04.121Z
sensor.smarte_steckdose_tp01_signalpegel,1,2025-09-28T04:23:09.102Z
sensor.smarte_steckdose_tp01_signalpegel,2,2025-09-28T04:23:49.150Z
sensor.smarte_steckdose_tp01_signalpegel,1,2025-09-28T04:24:09.151Z
sensor.smarte_steckdose_tp01_signalpegel,2,2025-09-28T04:24:24.185Z
sensor.smarte_steckdose_tp01_signalpegel,1,2025-09-28T04:24:34.124Z
sensor.smarte_steckdose_tp01_signalpegel,2,2025-09-28T04:24:49.102Z
sensor.smarte_steckdose_tp01_signalpegel,1,2025-09-28T04:25:19.092Z
sensor.smarte_steckdose_tp01_signalpegel,2,2025-09-28T04:25:34.085Z
sensor.smarte_steckdose_tp01_signalpegel,1,2025-09-28T04:25:44.137Z
sensor.smarte_steckdose_tp01_signalpegel,2,2025-09-28T04:25:59.119Z
sensor.smarte_steckdose_tp01_signalpegel,1,2025-09-28T04:26:44.103Z
sensor.smarte_steckdose_tp01_signalpegel,2,2025-09-28T04:27:24.152Z
sensor.smarte_steckdose_tp01_signalpegel,1,2025-09-28T04:27:34.098Z
sensor.smarte_steckdose_tp01_signalpegel,2,2025-09-28T04:27:39.121Z
sensor.smarte_steckdose_tp01_signalpegel,1,2025-09-28T04:27:49.134Z
sensor.smarte_steckdose_tp01_signalpegel,2,2025-09-28T04:27:54.118Z
sensor.smarte_steckdose_tp01_signalpegel,1,2025-09-28T04:27:59.093Z
sensor.smarte_steckdose_tp01_signalpegel,2,2025-09-28T04:28:14.097Z
sensor.smarte_steckdose_tp01_signalpegel,1,2025-09-28T04:28:44.122Z
sensor.smarte_steckdose_tp01_signalpegel,2,2025-09-28T04:29:19.138Z
sensor.smarte_steckdose_tp01_signalpegel,1,2025-09-28T04:29:59.085Z
sensor.smarte_steckdose_tp01_signalpegel,2,2025-09-28T04:30:44.128Z
sensor.smarte_steckdose_tp01_signalpegel,1,2025-09-28T04:30:49.107Z
sensor.smarte_steckdose_tp01_signalpegel,2,2025-09-28T04:31:39.136Z
sensor.smarte_steckdose_tp01_signalpegel,1,2025-09-28T04:32:09.105Z
sensor.smarte_steckdose_tp01_signalpegel,2,2025-09-28T04:32:19.107Z
sensor.smarte_steckdose_tp01_signalpegel,1,2025-09-28T04:32:59.126Z
sensor.smarte_steckdose_tp01_signalpegel,2,2025-09-28T04:33:09.146Z
sensor.smarte_steckdose_tp01_signalpegel,1,2025-09-28T04:33:19.115Z
sensor.smarte_steckdose_tp01_signalpegel,2,2025-09-28T04:34:49.117Z
sensor.smarte_steckdose_tp01_signalpegel,1,2025-09-28T04:34:54.330Z
sensor.smarte_steckdose_tp01_signalpegel,2,2025-09-28T04:36:39.099Z
sensor.smarte_steckdose_tp01_signalpegel,1,2025-09-28T04:36:44.143Z
sensor.smarte_steckdose_tp01_signalpegel,2,2025-09-28T04:36:59.121Z
sensor.smarte_steckdose_tp01_signalpegel,1,2025-09-28T04:37:04.083Z
sensor.smarte_steckdose_tp01_signalpegel,2,2025-09-28T04:37:24.113Z
sensor.smarte_steckdose_tp01_signalpegel,1,2025-09-28T04:37:34.127Z
sensor.smarte_steckdose_tp01_signalpegel,2,2025-09-28T04:41:49.112Z
sensor.smarte_steckdose_tp01_signalpegel,1,2025-09-28T04:41:54.104Z
sensor.smarte_steckdose_tp01_signalpegel,2,2025-09-28T04:44:29.085Z
sensor.smarte_steckdose_tp01_signalpegel,1,2025-09-28T04:44:39.097Z
sensor.smarte_steckdose_tp01_signalpegel,2,2025-09-28T04:44:54.108Z
sensor.smarte_steckdose_tp01_signalpegel,1,2025-09-28T04:45:04.101Z
sensor.smarte_steckdose_tp01_signalpegel,2,2025-09-28T04:45:14.097Z
sensor.smarte_steckdose_tp01_signalpegel,1,2025-09-28T04:45:34.124Z
sensor.smarte_steckdose_tp01_signalpegel,2,2025-09-28T04:45:54.139Z
sensor.smarte_steckdose_tp01_signalpegel,1,2025-09-28T04:46:09.098Z
sensor.smarte_steckdose_tp01_signalpegel,2,2025-09-28T04:46:24.122Z
sensor.smarte_steckdose_tp01_signalpegel,1,2025-09-28T04:46:39.161Z
sensor.smarte_steckdose_tp01_signalpegel,2,2025-09-28T04:47:24.097Z
sensor.smarte_steckdose_tp01_signalpegel,1,2025-09-28T04:47:34.117Z
sensor.smarte_steckdose_tp01_signalpegel,2,2025-09-28T04:48:09.125Z
sensor.smarte_steckdose_tp01_signalpegel,1,2025-09-28T04:48:34.142Z
sensor.smarte_steckdose_tp01_signalpegel,2,2025-09-28T04:48:49.121Z
sensor.smarte_steckdose_tp01_signalpegel,1,2025-09-28T04:48:54.125Z
sensor.smarte_steckdose_tp01_signalpegel,2,2025-09-28T04:49:34.109Z
sensor.smarte_steckdose_tp01_signalpegel,1,2025-09-28T04:49:39.138Z
sensor.smarte_steckdose_tp01_signalpegel,2,2025-09-28T04:50:19.142Z
sensor.smarte_steckdose_tp01_signalpegel,1,2025-09-28T04:50:44.112Z
sensor.smarte_steckdose_tp01_signalpegel,2,2025-09-28T04:51:09.138Z
sensor.smarte_steckdose_tp01_signalpegel,1,2025-09-28T04:51:14.098Z
sensor.smarte_steckdose_tp01_signalpegel,2,2025-09-28T04:52:29.092Z
sensor.smarte_steckdose_tp01_signalpegel,1,2025-09-28T04:52:39.152Z
sensor.smarte_steckdose_tp01_signalpegel,2,2025-09-28T04:54:19.130Z
sensor.smarte_steckdose_tp01_signalpegel,1,2025-09-28T04:54:34.131Z
sensor.smarte_steckdose_tp01_signalpegel,2,2025-09-28T04:55:24.115Z
sensor.smarte_steckdose_tp01_signalpegel,1,2025-09-28T04:55:29.092Z
sensor.smarte_steckdose_tp01_signalpegel,2,2025-09-28T05:02:29.086Z
sensor.smarte_steckdose_tp01_signalpegel,1,2025-09-28T05:02:34.112Z
sensor.smarte_steckdose_tp01_signalpegel,2,2025-09-28T05:02:49.118Z
sensor.smarte_steckdose_tp01_signalpegel,1,2025-09-28T05:02:54.107Z
sensor.smarte_steckdose_tp01_signalpegel,2,2025-09-28T05:03:14.093Z
sensor.smarte_steckdose_tp01_signalpegel,1,2025-09-28T05:03:34.132Z
sensor.smarte_steckdose_tp01_signalpegel,2,2025-09-28T05:08:34.112Z
sensor.smarte_steckdose_tp01_signalpegel,1,2025-09-28T05:08:44.110Z
sensor.smarte_steckdose_tp01_signalpegel,2,2025-09-28T05:13:34.100Z
sensor.smarte_steckdose_tp01_signalpegel,1,2025-09-28T05:13:44.105Z
sensor.smarte_steckdose_tp01_signalpegel,2,2025-09-28T05:14:54.112Z
sensor.smarte_steckdose_tp01_signalpegel,1,2025-09-28T05:15:04.197Z
sensor.smarte_steckdose_tp01_signalpegel,2,2025-09-28T05:15:14.118Z
sensor.smarte_steckdose_tp01_signalpegel,1,2025-09-28T05:15:34.100Z
sensor.smarte_steckdose_tp01_signalpegel,2,2025-09-28T05:16:39.111Z
sensor.smarte_steckdose_tp01_signalpegel,1,2025-09-28T05:16:44.117Z
sensor.smarte_steckdose_tp01_signalpegel,2,2025-09-28T05:16:59.110Z
sensor.smarte_steckdose_tp01_signalpegel,1,2025-09-28T05:17:04.121Z
sensor.smarte_steckdose_tp01_signalpegel,2,2025-09-28T05:18:34.144Z
sensor.smarte_steckdose_tp01_signalpegel,1,2025-09-28T05:18:44.111Z
sensor.smarte_steckdose_tp01_signalpegel,2,2025-09-28T05:19:04.104Z
sensor.smarte_steckdose_tp01_signalpegel,1,2025-09-28T05:19:19.092Z
sensor.smarte_steckdose_tp01_signalpegel,2,2025-09-28T05:19:59.133Z
sensor.smarte_steckdose_tp01_signalpegel,1,2025-09-28T05:20:24.340Z
sensor.smarte_steckdose_tp01_signalpegel,2,2025-09-28T05:20:59.083Z
sensor.smarte_steckdose_tp01_signalpegel,1,2025-09-28T05:21:04.122Z
sensor.smarte_steckdose_tp01_signalpegel,2,2025-09-28T05:22:34.113Z
sensor.smarte_steckdose_tp01_signalpegel,1,2025-09-28T05:22:39.082Z
sensor.smarte_steckdose_tp01_signalpegel,2,2025-09-28T05:23:14.114Z
sensor.smarte_steckdose_tp01_signalpegel,1,2025-09-28T05:23:19.094Z
sensor.smarte_steckdose_tp01_signalpegel,2,2025-09-28T05:23:29.138Z
sensor.smarte_steckdose_tp01_signalpegel,1,2025-09-28T05:23:39.111Z
sensor.smarte_steckdose_tp01_signalpegel,2,2025-09-28T05:24:29.126Z
sensor.smarte_steckdose_tp01_signalpegel,1,2025-09-28T05:25:24.145Z
sensor.smarte_steckdose_tp01_signalpegel,2,2025-09-28T05:26:49.128Z
sensor.smarte_steckdose_tp01_signalpegel,1,2025-09-28T05:27:09.101Z
sensor.smarte_steckdose_tp01_signalpegel,2,2025-09-28T05:27:14.104Z
sensor.smarte_steckdose_tp01_signalpegel,1,2025-09-28T05:27:29.150Z
sensor.smarte_steckdose_tp01_signalpegel,2,2025-09-28T05:27:34.102Z
sensor.smarte_steckdose_tp01_signalpegel,1,2025-09-28T05:28:09.145Z
sensor.smarte_steckdose_tp01_signalpegel,2,2025-09-28T05:28:24.143Z
sensor.smarte_steckdose_tp01_signalpegel,1,2025-09-28T05:28:39.126Z
sensor.smarte_steckdose_tp01_signalpegel,2,2025-09-28T05:28:49.118Z
sensor.smarte_steckdose_tp01_signalpegel,1,2025-09-28T05:29:04.095Z
sensor.smarte_steckdose_tp01_signalpegel,2,2025-09-28T05:29:09.102Z
sensor.smarte_steckdose_tp01_signalpegel,1,2025-09-28T05:30:14.093Z
sensor.smarte_steckdose_tp01_signalpegel,2,2025-09-28T05:30:59.124Z
sensor.smarte_steckdose_tp01_signalpegel,1,2025-09-28T05:31:14.101Z
sensor.smarte_steckdose_tp01_signalpegel,2,2025-09-28T05:31:19.115Z
sensor.smarte_steckdose_tp01_signalpegel,1,2025-09-28T05:31:39.129Z
sensor.smarte_steckdose_tp01_signalpegel,2,2025-09-28T05:31:44.096Z
sensor.smarte_steckdose_tp01_signalpegel,1,2025-09-28T05:31:54.126Z
sensor.smarte_steckdose_tp01_signalpegel,2,2025-09-28T05:32:34.127Z
sensor.smarte_steckdose_tp01_signalpegel,1,2025-09-28T05:32:49.090Z
sensor.smarte_steckdose_tp01_signalpegel,2,2025-09-28T05:32:54.107Z
sensor.smarte_steckdose_tp01_signalpegel,1,2025-09-28T05:32:59.123Z
sensor.smarte_steckdose_tp01_signalpegel,2,2025-09-28T05:33:34.104Z
sensor.smarte_steckdose_tp01_signalpegel,1,2025-09-28T05:33:49.128Z
sensor.smarte_steckdose_tp01_signalpegel,2,2025-09-28T05:33:59.119Z
sensor.smarte_steckdose_tp01_signalpegel,1,2025-09-28T05:34:19.083Z
sensor.smarte_steckdose_tp01_signalpegel,2,2025-09-28T05:34:29.137Z
sensor.smarte_steckdose_tp01_signalpegel,1,2025-09-28T05:34:34.129Z
sensor.smarte_steckdose_tp01_signalpegel,2,2025-09-28T05:36:29.196Z
sensor.smarte_steckdose_tp01_signalpegel,1,2025-09-28T05:36:39.108Z
sensor.smarte_steckdose_tp01_signalpegel,2,2025-09-28T05:38:14.129Z
sensor.smarte_steckdose_tp01_signalpegel,1,2025-09-28T05:38:24.188Z
sensor.smarte_steckdose_tp01_signalpegel,2,2025-09-28T05:38:59.139Z
sensor.smarte_steckdose_tp01_signalpegel,1,2025-09-28T05:39:04.124Z
sensor.smarte_steckdose_tp01_signalpegel,2,2025-09-28T05:39:14.147Z
sensor.smarte_steckdose_tp01_signalpegel,1,2025-09-28T05:39:29.110Z
sensor.smarte_steckdose_tp01_signalpegel,2,2025-09-28T05:41:19.120Z
sensor.smarte_steckdose_tp01_signalpegel,1,2025-09-28T05:41:24.117Z
sensor.smarte_steckdose_tp01_signalpegel,2,2025-09-28T05:41:34.147Z
sensor.smarte_steckdose_tp01_signalpegel,1,2025-09-28T05:41:44.107Z
sensor.smarte_steckdose_tp01_signalpegel,2,2025-09-28T05:41:49.129Z
sensor.smarte_steckdose_tp01_signalpegel,1,2025-09-28T05:42:04.106Z
sensor.smarte_steckdose_tp01_signalpegel,2,2025-09-28T05:42:09.121Z
sensor.smarte_steckdose_tp01_signalpegel,1,2025-09-28T05:42:19.120Z
sensor.smarte_steckdose_tp01_signalpegel,2,2025-09-28T05:42:34.112Z
sensor.smarte_steckdose_tp01_signalpegel,1,2025-09-28T05:42:39.130Z
sensor.smarte_steckdose_tp01_signalpegel,2,2025-09-28T05:42:54.131Z
sensor.smarte_steckdose_tp01_signalpegel,1,2025-09-28T05:42:59.098Z
sensor.smarte_steckdose_tp01_signalpegel,2,2025-09-28T05:43:29.131Z
sensor.smarte_steckdose_tp01_signalpegel,1,2025-09-28T05:43:34.101Z
sensor.smarte_steckdose_tp01_signalpegel,2,2025-09-28T05:44:49.122Z
sensor.smarte_steckdose_tp01_signalpegel,1,2025-09-28T05:44:54.114Z
sensor.smarte_steckdose_tp01_signalpegel,2,2025-09-28T05:45:39.155Z
sensor.smarte_steckdose_tp01_signalpegel,1,2025-09-28T05:45:44.321Z
sensor.smarte_steckdose_tp01_signalpegel,2,2025-09-28T05:46:14.125Z
sensor.smarte_steckdose_tp01_signalpegel,1,2025-09-28T05:46:24.116Z
sensor.smarte_steckdose_tp01_signalpegel,2,2025-09-28T05:50:14.129Z
sensor.smarte_steckdose_tp01_signalpegel,1,2025-09-28T05:50:24.093Z
sensor.smarte_steckdose_tp01_signalpegel,2,2025-09-28T05:51:09.109Z
sensor.smarte_steckdose_tp01_signalpegel,1,2025-09-28T05:51:14.124Z
sensor.smarte_steckdose_tp01_signalpegel,2,2025-09-28T05:51:24.116Z
sensor.smarte_steckdose_tp01_signalpegel,1,2025-09-28T05:51:39.106Z
sensor.smarte_steckdose_tp01_signalpegel,2,2025-09-28T05:51:54.117Z
sensor.smarte_steckdose_tp01_signalpegel,1,2025-09-28T05:52:09.099Z
sensor.smarte_steckdose_tp01_signalpegel,2,2025-09-28T05:52:29.116Z
sensor.smarte_steckdose_tp01_signalpegel,1,2025-09-28T05:52:49.144Z
sensor.smarte_steckdose_tp01_signalpegel,2,2025-09-28T05:53:04.154Z
sensor.smarte_steckdose_tp01_signalpegel,1,2025-09-28T05:53:09.116Z
sensor.smarte_steckdose_tp01_signalpegel,2,2025-09-28T05:53:19.123Z
sensor.smarte_steckdose_tp01_signalpegel,1,2025-09-28T05:53:24.176Z
sensor.smarte_steckdose_tp01_signalpegel,2,2025-09-28T05:54:19.104Z
sensor.smarte_steckdose_tp01_signalpegel,1,2025-09-28T05:54:24.102Z
sensor.smarte_steckdose_tp01_signalpegel,2,2025-09-28T05:54:44.097Z
sensor.smarte_steckdose_tp01_signalpegel,1,2025-09-28T05:54:49.090Z
sensor.smarte_steckdose_tp01_signalpegel,2,2025-09-28T05:55:09.139Z
sensor.smarte_steckdose_tp01_signalpegel,1,2025-09-28T05:55:14.104Z
sensor.smarte_steckdose_tp01_signalpegel,2,2025-09-28T05:55:59.110Z
sensor.smarte_steckdose_tp01_signalpegel,1,2025-09-28T05:56:04.098Z
sensor.smarte_steckdose_tp01_signalpegel,2,2025-09-28T05:56:54.102Z
sensor.smarte_steckdose_tp01_signalpegel,1,2025-09-28T05:56:59.112Z
sensor.smarte_steckdose_tp01_signalpegel,2,2025-09-28T06:00:14.119Z
sensor.smarte_steckdose_tp01_signalpegel,1,2025-09-28T06:00:24.171Z
sensor.smarte_steckdose_tp01_signalpegel,2,2025-09-28T06:02:24.117Z
sensor.smarte_steckdose_tp01_signalpegel,1,2025-09-28T06:02:39.130Z
sensor.smarte_steckdose_tp01_signalpegel,2,2025-09-28T06:03:14.193Z
sensor.smarte_steckdose_tp01_signalpegel,1,2025-09-28T06:03:24.122Z
sensor.smarte_steckdose_tp01_signalpegel,2,2025-09-28T06:03:29.150Z
sensor.smarte_steckdose_tp01_signalpegel,1,2025-09-28T06:03:34.098Z
sensor.smarte_steckdose_tp01_signalpegel,2,2025-09-28T06:04:29.085Z
sensor.smarte_steckdose_tp01_signalpegel,1,2025-09-28T06:04:39.129Z
sensor.smarte_steckdose_tp01_signalpegel,2,2025-09-28T06:05:49.133Z
sensor.smarte_steckdose_tp01_signalpegel,1,2025-09-28T06:05:59.131Z
sensor.smarte_steckdose_tp01_signalpegel,2,2025-09-28T06:06:44.101Z
sensor.smarte_steckdose_tp01_signalpegel,1,2025-09-28T06:07:14.109Z
sensor.smarte_steckdose_tp01_signalpegel,2,2025-09-28T06:10:19.155Z
sensor.smarte_steckdose_tp01_signalpegel,1,2025-09-28T06:10:24.095Z
sensor.smarte_steckdose_tp01_signalpegel,2,2025-09-28T06:11:14.136Z
sensor.smarte_steckdose_tp01_signalpegel,1,2025-09-28T06:11:44.116Z
sensor.smarte_steckdose_tp01_signalpegel,2,2025-09-28T06:12:44.155Z
sensor.smarte_steckdose_tp01_signalpegel,1,2025-09-28T06:12:49.155Z
sensor.smarte_steckdose_tp01_signalpegel,2,2025-09-28T06:12:59.132Z
sensor.smarte_steckdose_tp01_signalpegel,1,2025-09-28T06:13:04.136Z
sensor.smarte_steckdose_tp01_signalpegel,2,2025-09-28T06:13:39.144Z
sensor.smarte_steckdose_tp01_signalpegel,1,2025-09-28T06:13:49.116Z
sensor.smarte_steckdose_tp01_signalpegel,2,2025-09-28T06:14:09.126Z
sensor.smarte_steckdose_tp01_signalpegel,1,2025-09-28T06:14:24.132Z
sensor.smarte_steckdose_tp01_signalpegel,2,2025-09-28T06:14:29.127Z
sensor.smarte_steckdose_tp01_signalpegel,1,2025-09-28T06:14:39.122Z
sensor.smarte_steckdose_tp01_signalpegel,2,2025-09-28T06:14:54.094Z
sensor.smarte_steckdose_tp01_signalpegel,1,2025-09-28T06:14:59.128Z
sensor.smarte_steckdose_tp01_signalpegel,2,2025-09-28T06:15:44.141Z
sensor.smarte_steckdose_tp01_signalpegel,1,2025-09-28T06:15:49.101Z
sensor.smarte_steckdose_tp01_signalpegel,2,2025-09-28T06:15:59.093Z
sensor.smarte_steckdose_tp01_signalpegel,1,2025-09-28T06:16:09.182Z
sensor.smarte_steckdose_tp01_signalpegel,2,2025-09-28T06:19:29.109Z
sensor.smarte_steckdose_tp01_signalpegel,1,2025-09-28T06:19:44.143Z
sensor.smarte_steckdose_tp01_signalpegel,2,2025-09-28T06:27:29.111Z
sensor.smarte_steckdose_tp01_signalpegel,1,2025-09-28T06:27:34.086Z
sensor.smarte_steckdose_tp01_signalpegel,2,2025-09-28T06:29:49.141Z
sensor.smarte_steckdose_tp01_signalpegel,1,2025-09-28T06:30:04.105Z
sensor.smarte_steckdose_tp01_signalpegel,2,2025-09-28T06:30:44.131Z
sensor.smarte_steckdose_tp01_signalpegel,1,2025-09-28T06:31:04.149Z
sensor.smarte_steckdose_tp01_signalpegel,2,2025-09-28T06:32:04.161Z
sensor.smarte_steckdose_tp01_signalpegel,1,2025-09-28T06:32:29.130Z
sensor.smarte_steckdose_tp01_signalpegel,2,2025-09-28T06:32:39.128Z
sensor.smarte_steckdose_tp01_signalpegel,1,2025-09-28T06:32:54.096Z
sensor.smarte_steckdose_tp01_signalpegel,2,2025-09-28T06:33:19.090Z
sensor.smarte_steckdose_tp01_signalpegel,1,2025-09-28T06:33:24.111Z
sensor.smarte_steckdose_tp01_signalpegel,2,2025-09-28T06:33:34.114Z
sensor.smarte_steckdose_tp01_signalpegel,1,2025-09-28T06:33:39.131Z
sensor.smarte_steckdose_tp01_signalpegel,2,2025-09-28T06:33:49.103Z
sensor.smarte_steckdose_tp01_signalpegel,1,2025-09-28T06:34:34.117Z
sensor.smarte_steckdose_tp01_signalpegel,2,2025-09-28T06:35:19.125Z
sensor.smarte_steckdose_tp01_signalpegel,1,2025-09-28T06:35:24.096Z
sensor.smarte_steckdose_tp01_signalpegel,2,2025-09-28T06:35:54.138Z
sensor.smarte_steckdose_tp01_signalpegel,1,2025-09-28T06:35:59.101Z
sensor.smarte_steckdose_tp01_signalpegel,2,2025-09-28T06:40:03.815Z
sensor.smarte_steckdose_tp01_signalpegel,1,2025-09-28T06:40:08.624Z
sensor.smarte_steckdose_tp01_signalpegel,2,2025-09-28T06:40:18.646Z
sensor.smarte_steckdose_tp01_signalpegel,1,2025-09-28T06:40:23.914Z
sensor.smarte_steckdose_tp01_signalpegel,2,2025-09-28T06:40:33.624Z
sensor.smarte_steckdose_tp01_signalpegel,1,2025-09-28T06:40:48.640Z
sensor.smarte_steckdose_tp01_signalpegel,2,2025-09-28T06:41:13.638Z
sensor.smarte_steckdose_tp01_signalpegel,1,2025-09-28T06:41:48.688Z
sensor.smarte_steckdose_tp01_signalpegel,2,2025-09-28T06:41:53.657Z
sensor.smarte_steckdose_tp01_signalpegel,1,2025-09-28T06:41:58.652Z
sensor.smarte_steckdose_tp01_signalpegel,2,2025-09-28T06:42:23.676Z
sensor.smarte_steckdose_tp01_signalpegel,1,2025-09-28T06:42:38.640Z
sensor.smarte_steckdose_tp01_signalpegel,2,2025-09-28T06:43:03.618Z
sensor.smarte_steckdose_tp01_signalpegel,1,2025-09-28T06:43:23.630Z
sensor.smarte_steckdose_tp01_signalpegel,2,2025-09-28T06:43:28.638Z
sensor.smarte_steckdose_tp01_signalpegel,1,2025-09-28T06:43:58.696Z
sensor.smarte_steckdose_tp01_signalpegel,2,2025-09-28T06:44:18.664Z
sensor.smarte_steckdose_tp01_signalpegel,1,2025-09-28T06:44:58.662Z
sensor.smarte_steckdose_tp01_signalpegel,2,2025-09-28T06:45:03.637Z
sensor.smarte_steckdose_tp01_signalpegel,1,2025-09-28T06:45:08.678Z
sensor.smarte_steckdose_tp01_signalpegel,2,2025-09-28T06:45:58.656Z
sensor.smarte_steckdose_tp01_signalpegel,1,2025-09-28T06:46:13.649Z
sensor.smarte_steckdose_tp01_signalpegel,2,2025-09-28T06:46:33.696Z
sensor.smarte_steckdose_tp01_signalpegel,1,2025-09-28T06:46:43.665Z
sensor.smarte_steckdose_tp01_signalpegel,2,2025-09-28T06:47:13.659Z
sensor.smarte_steckdose_tp01_signalpegel,1,2025-09-28T06:47:18.640Z
sensor.smarte_steckdose_tp01_signalpegel,2,2025-09-28T06:48:23.626Z
sensor.smarte_steckdose_tp01_signalpegel,1,2025-09-28T06:48:33.632Z
sensor.smarte_steckdose_tp01_signalpegel,2,2025-09-28T06:48:38.649Z
sensor.smarte_steckdose_tp01_signalpegel,1,2025-09-28T06:48:43.817Z
sensor.smarte_steckdose_tp01_signalpegel,2,2025-09-28T06:48:58.668Z
sensor.smarte_steckdose_tp01_signalpegel,1,2025-09-28T06:49:58.622Z
sensor.smarte_steckdose_tp01_signalpegel,2,2025-09-28T06:50:03.615Z
sensor.smarte_steckdose_tp01_signalpegel,1,2025-09-28T06:50:18.621Z
sensor.smarte_steckdose_tp01_signalpegel,2,2025-09-28T06:50:28.648Z
sensor.smarte_steckdose_tp01_signalpegel,1,2025-09-28T06:50:48.667Z
sensor.smarte_steckdose_tp01_signalpegel,2,2025-09-28T06:50:58.623Z
sensor.smarte_steckdose_tp01_signalpegel,1,2025-09-28T06:51:08.670Z
sensor.smarte_steckdose_tp01_signalpegel,2,2025-09-28T06:51:18.651Z
sensor.smarte_steckdose_tp01_signalpegel,1,2025-09-28T06:52:03.623Z
sensor.smarte_steckdose_tp01_signalpegel,2,2025-09-28T06:52:53.618Z
sensor.smarte_steckdose_tp01_signalpegel,1,2025-09-28T06:54:18.652Z
sensor.smarte_steckdose_tp01_signalpegel,2,2025-09-28T06:54:48.650Z
sensor.smarte_steckdose_tp01_signalpegel,1,2025-09-28T06:54:58.638Z
sensor.smarte_steckdose_tp01_signalpegel,2,2025-09-28T06:55:33.630Z
sensor.smarte_steckdose_tp01_signalpegel,1,2025-09-28T06:55:43.659Z
sensor.smarte_steckdose_tp01_signalpegel,2,2025-09-28T06:55:48.678Z
sensor.smarte_steckdose_tp01_signalpegel,1,2025-09-28T06:55:58.632Z
sensor.smarte_steckdose_tp01_signalpegel,2,2025-09-28T06:57:53.673Z
sensor.smarte_steckdose_tp01_signalpegel,1,2025-09-28T06:58:13.623Z
sensor.smarte_steckdose_tp01_signalpegel,2,2025-09-28T06:58:33.647Z
sensor.smarte_steckdose_tp01_signalpegel,1,2025-09-28T06:59:03.724Z
sensor.smarte_steckdose_tp01_signalpegel,2,2025-09-28T06:59:18.630Z
sensor.smarte_steckdose_tp01_signalpegel,1,2025-09-28T06:59:33.664Z
sensor.smarte_steckdose_tp01_signalpegel,2,2025-09-28T06:59:48.643Z
sensor.smarte_steckdose_tp01_signalpegel,1,2025-09-28T06:59:53.745Z
sensor.smarte_steckdose_tp01_signalpegel,2,2025-09-28T07:03:23.630Z
sensor.smarte_steckdose_tp01_signalpegel,1,2025-09-28T07:03:48.620Z
sensor.smarte_steckdose_tp01_signalpegel,2,2025-09-28T07:08:05.885Z
sensor.smarte_steckdose_tp01_signalpegel,1,2025-09-28T07:08:10.720Z
sensor.smarte_steckdose_tp01_signalpegel,2,2025-09-28T07:08:45.823Z
sensor.smarte_steckdose_tp01_signalpegel,1,2025-09-28T07:08:50.794Z
sensor.smarte_steckdose_tp01_signalpegel,2,2025-09-28T07:10:32.700Z
sensor.smarte_steckdose_tp01_signalpegel,1,2025-09-28T07:10:37.671Z
sensor.smarte_steckdose_tp01_signalpegel,2,2025-09-28T07:12:08.817Z
sensor.smarte_steckdose_tp01_signalpegel,1,2025-09-28T07:12:18.665Z
sensor.smarte_steckdose_tp01_signalpegel,2,2025-09-28T07:12:43.716Z
sensor.smarte_steckdose_tp01_signalpegel,1,2025-09-28T07:12:48.651Z
sensor.smarte_steckdose_tp01_signalpegel,2,2025-09-28T07:13:28.633Z
sensor.smarte_steckdose_tp01_signalpegel,1,2025-09-28T07:13:33.606Z
sensor.smarte_steckdose_tp01_signalpegel,2,2025-09-28T07:15:08.743Z
sensor.smarte_steckdose_tp01_signalpegel,1,2025-09-28T07:15:13.669Z
sensor.smarte_steckdose_tp01_signalpegel,2,2025-09-28T07:20:08.655Z
sensor.smarte_steckdose_tp01_signalpegel,1,2025-09-28T07:20:13.636Z
sensor.smarte_steckdose_tp01_signalpegel,2,2025-09-28T07:25:53.653Z
sensor.smarte_steckdose_tp01_signalpegel,1,2025-09-28T07:25:58.686Z
sensor.smarte_steckdose_tp01_signalpegel,2,2025-09-28T07:26:33.622Z
sensor.smarte_steckdose_tp01_signalpegel,1,2025-09-28T07:26:38.609Z
sensor.smarte_steckdose_tp01_signalpegel,2,2025-09-28T07:27:28.628Z
sensor.smarte_steckdose_tp01_signalpegel,1,2025-09-28T07:27:33.635Z
sensor.smarte_steckdose_tp01_signalpegel,2,2025-09-28T07:48:43.628Z
sensor.smarte_steckdose_tp01_signalpegel,1,2025-09-28T07:48:48.627Z
sensor.smarte_steckdose_tp01_signalpegel,2,2025-09-28T07:50:28.615Z
sensor.smarte_steckdose_tp01_signalpegel,1,2025-09-28T07:50:38.648Z
sensor.smarte_steckdose_tp01_signalpegel,2,2025-09-28T07:57:18.664Z
sensor.smarte_steckdose_tp01_signalpegel,1,2025-09-28T07:57:23.640Z
sensor.smarte_steckdose_tp01_signalpegel,2,2025-09-28T07:57:53.708Z
sensor.smarte_steckdose_tp01_signalpegel,1,2025-09-28T07:58:03.621Z
sensor.smarte_steckdose_tp01_signalpegel,2,2025-09-28T07:58:13.629Z
sensor.smarte_steckdose_tp01_signalpegel,1,2025-09-28T07:58:18.660Z
sensor.smarte_steckdose_tp01_signalpegel,2,2025-09-28T07:58:23.665Z
sensor.smarte_steckdose_tp01_signalpegel,1,2025-09-28T07:58:33.611Z
sensor.smarte_steckdose_tp01_signalpegel,2,2025-09-28T07:58:38.716Z
sensor.smarte_steckdose_tp01_signalpegel,1,2025-09-28T07:58:43.637Z
sensor.smarte_steckdose_tp01_signalpegel,2,2025-09-28T08:20:25.646Z
sensor.smarte_steckdose_tp01_signalpegel,1,2025-09-28T08:20:40.690Z
sensor.smarte_steckdose_tp01_signalpegel,2,2025-09-28T09:07:22.646Z
sensor.smarte_steckdose_tp01_signalpegel,1,2025-09-28T09:07:32.690Z
sensor.smarte_steckdose_tp01_signalpegel,2,2025-09-28T12:05:06.661Z
sensor.smarte_steckdose_tp01_signalpegel,1,2025-09-28T12:05:11.614Z
sensor.smarte_steckdose_tp01_signalpegel,2,2025-09-28T12:10:21.643Z
sensor.smarte_steckdose_tp01_signalpegel,1,2025-09-28T12:10:26.657Z
sensor.smarte_steckdose_tp01_signalpegel,2,2025-09-28T12:12:56.609Z
sensor.smarte_steckdose_tp01_signalpegel,1,2025-09-28T12:13:06.628Z
sensor.smarte_steckdose_tp01_signalpegel,2,2025-09-28T12:18:26.702Z
sensor.smarte_steckdose_tp01_signalpegel,1,2025-09-28T12:19:01.670Z
sensor.smarte_steckdose_tp01_signalpegel,2,2025-09-28T12:19:21.631Z
sensor.smarte_steckdose_tp01_signalpegel,1,2025-09-28T12:19:26.612Z
sensor.smarte_steckdose_tp01_signalpegel,2,2025-09-28T12:19:41.610Z
sensor.smarte_steckdose_tp01_signalpegel,1,2025-09-28T12:28:15.626Z
sensor.smarte_steckdose_tp01_signalpegel,2,2025-09-28T12:28:20.643Z
sensor.smarte_steckdose_tp01_signalpegel,1,2025-09-28T12:29:25.639Z
sensor.smarte_steckdose_tp01_signalpegel,2,2025-09-28T12:29:30.647Z
sensor.smarte_steckdose_tp01_signalpegel,1,2025-09-28T12:33:36.659Z
sensor.smarte_steckdose_tp01_signalpegel,2,2025-09-28T12:34:16.650Z
sensor.smarte_steckdose_tp01_signalpegel,1,2025-09-28T12:34:31.648Z
sensor.smarte_steckdose_tp01_signalpegel,2,2025-09-28T12:35:27.646Z
sensor.smarte_steckdose_tp01_signalpegel,1,2025-09-28T12:49:59.620Z
sensor.smarte_steckdose_tp01_signalpegel,2,2025-09-28T12:51:29.663Z
sensor.smarte_steckdose_tp01_signalpegel,1,2025-09-28T12:53:49.650Z
sensor.smarte_steckdose_tp01_signalpegel,2,2025-09-28T12:54:34.735Z
sensor.smarte_steckdose_tp01_signalpegel,1,2025-09-28T12:54:59.621Z
sensor.smarte_steckdose_tp01_signalpegel,2,2025-09-28T12:55:44.632Z
sensor.smarte_steckdose_tp01_signalpegel,1,2025-09-28T12:56:39.627Z
sensor.smarte_steckdose_tp01_signalpegel,2,2025-09-28T12:58:39.628Z
sensor.smarte_steckdose_tp01_signalpegel,1,2025-09-28T12:58:45.180Z
sensor.smarte_steckdose_tp01_signalpegel,2,2025-09-28T12:58:50.828Z
sensor.smarte_steckdose_tp01_signalpegel,1,2025-09-28T12:59:30.770Z
sensor.smarte_steckdose_tp01_signalpegel,2,2025-09-28T12:59:50.651Z
sensor.smarte_steckdose_tp01_signalpegel,1,2025-09-28T12:59:55.703Z
sensor.smarte_steckdose_tp01_signalpegel,2,2025-09-28T13:10:01.661Z
sensor.smarte_steckdose_tp01_signalpegel,1,2025-09-28T13:10:22.204Z
sensor.smarte_steckdose_tp01_signalpegel,2,2025-09-28T13:10:42.611Z
sensor.smarte_steckdose_tp01_signalpegel,1,2025-09-28T13:10:47.652Z
sensor.smarte_steckdose_tp01_signalpegel,2,2025-09-28T13:10:57.649Z
sensor.smarte_steckdose_tp01_signalpegel,1,2025-09-28T13:11:02.662Z
sensor.smarte_steckdose_tp01_signalpegel,2,2025-09-28T13:11:57.621Z
sensor.smarte_steckdose_tp01_signalpegel,1,2025-09-28T13:12:42.700Z
sensor.smarte_steckdose_tp01_signalpegel,2,2025-09-28T13:13:37.634Z
sensor.smarte_steckdose_tp01_signalpegel,1,2025-09-28T13:13:52.618Z
sensor.smarte_steckdose_tp01_signalpegel,2,2025-09-28T13:14:02.611Z
sensor.smarte_steckdose_tp01_signalpegel,1,2025-09-28T13:14:07.612Z
sensor.smarte_steckdose_tp01_signalpegel,2,2025-09-28T13:14:57.675Z
sensor.smarte_steckdose_tp01_signalpegel,1,2025-09-28T13:15:07.686Z
sensor.smarte_steckdose_tp01_signalpegel,2,2025-09-28T13:16:37.015Z
sensor.smarte_steckdose_tp01_signalpegel,1,2025-09-28T13:16:49.056Z
sensor.smarte_steckdose_tp01_signalpegel,2,2025-09-28T13:17:29.104Z
sensor.smarte_steckdose_tp01_signalpegel,1,2025-09-28T13:17:33.744Z
sensor.smarte_steckdose_tp01_signalpegel,2,2025-09-28T13:18:18.661Z
sensor.smarte_steckdose_tp01_signalpegel,1,2025-09-28T13:18:33.864Z
sensor.smarte_steckdose_tp01_signalpegel,2,2025-09-28T13:18:43.610Z
sensor.smarte_steckdose_tp01_signalpegel,1,2025-09-28T13:18:53.656Z
sensor.smarte_steckdose_tp01_signalpegel,2,2025-09-28T13:19:08.668Z
sensor.smarte_steckdose_tp01_signalpegel,1,2025-09-28T13:19:18.689Z
sensor.smarte_steckdose_tp01_signalpegel,2,2025-09-28T13:19:33.660Z
sensor.smarte_steckdose_tp01_signalpegel,1,2025-09-28T13:19:38.687Z
sensor.smarte_steckdose_tp01_signalpegel,2,2025-09-28T13:20:38.652Z
sensor.smarte_steckdose_tp01_signalpegel,1,2025-09-28T13:20:48.635Z
sensor.smarte_steckdose_tp01_signalpegel,2,2025-09-28T13:22:28.669Z
sensor.smarte_steckdose_tp01_signalpegel,1,2025-09-28T13:23:03.633Z
sensor.smarte_steckdose_tp01_signalpegel,2,2025-09-28T13:24:33.639Z
sensor.smarte_steckdose_tp01_signalpegel,1,2025-09-28T13:25:03.658Z
sensor.smarte_steckdose_tp01_signalpegel,2,2025-09-28T13:25:13.663Z
sensor.smarte_steckdose_tp01_signalpegel,1,2025-09-28T13:25:18.640Z
sensor.smarte_steckdose_tp01_signalpegel,2,2025-09-28T13:25:28.639Z
sensor.smarte_steckdose_tp01_signalpegel,1,2025-09-28T13:25:33.661Z
sensor.smarte_steckdose_tp01_signalpegel,2,2025-09-28T13:25:53.627Z
sensor.smarte_steckdose_tp01_signalpegel,1,2025-09-28T13:26:43.694Z
sensor.smarte_steckdose_tp01_signalpegel,2,2025-09-28T13:27:08.648Z
sensor.smarte_steckdose_tp01_signalpegel,1,2025-09-28T13:27:18.605Z
sensor.smarte_steckdose_tp01_signalpegel,2,2025-09-28T13:27:23.648Z
sensor.smarte_steckdose_tp01_signalpegel,1,2025-09-28T13:27:33.626Z
sensor.smarte_steckdose_tp01_signalpegel,2,2025-09-28T13:27:53.642Z
sensor.smarte_steckdose_tp01_signalpegel,1,2025-09-28T13:28:03.610Z
sensor.smarte_steckdose_tp01_signalpegel,2,2025-09-28T13:28:43.625Z
sensor.smarte_steckdose_tp01_signalpegel,1,2025-09-28T13:28:48.633Z
sensor.smarte_steckdose_tp01_signalpegel,2,2025-09-28T13:29:08.647Z
sensor.smarte_steckdose_tp01_signalpegel,1,2025-09-28T13:29:13.621Z
sensor.smarte_steckdose_tp01_signalpegel,2,2025-09-28T13:29:23.726Z
sensor.smarte_steckdose_tp01_signalpegel,1,2025-09-28T13:29:28.628Z
sensor.smarte_steckdose_tp01_signalpegel,2,2025-09-28T13:30:13.620Z
sensor.smarte_steckdose_tp01_signalpegel,1,2025-09-28T13:30:43.642Z
sensor.smarte_steckdose_tp01_signalpegel,2,2025-09-28T13:30:49.243Z
sensor.smarte_steckdose_tp01_signalpegel,1,2025-09-28T13:30:54.796Z
sensor.smarte_steckdose_tp01_signalpegel,unavailable,2025-09-28T13:32:54.231Z
sensor.heat_pump_temperatur,25.129965845662213,2025-05-12T16:00:00.000Z
sensor.heat_pump_temperatur,23.730010607194444,2025-05-12T17:00:00.000Z
sensor.heat_pump_temperatur,19.000209820805555,2025-05-12T18:00:00.000Z
sensor.heat_pump_temperatur,16.48775095761111,2025-05-12T19:00:00.000Z
sensor.heat_pump_temperatur,15.197250192527777,2025-05-12T20:00:00.000Z
sensor.heat_pump_temperatur,14.417218338722222,2025-05-12T21:00:00.000Z
sensor.heat_pump_temperatur,13.90240530463889,2025-05-12T22:00:00.000Z
sensor.heat_pump_temperatur,13.52421956675,2025-05-12T23:00:00.000Z
sensor.heat_pump_temperatur,13.264925034194443,2025-05-13T00:00:00.000Z
sensor.heat_pump_temperatur,12.66874665013889,2025-05-13T01:00:00.000Z
sensor.heat_pump_temperatur,11.890568168416666,2025-05-13T02:00:00.000Z
sensor.heat_pump_temperatur,11.201111169,2025-05-13T03:00:00.000Z
sensor.heat_pump_temperatur,10.78140297225,2025-05-13T04:00:00.000Z
sensor.heat_pump_temperatur,10.81423458175,2025-05-13T05:00:00.000Z
sensor.heat_pump_temperatur,11.581551227638888,2025-05-13T06:00:00.000Z
sensor.heat_pump_temperatur,14.327687141555556,2025-05-13T07:00:00.000Z
sensor.heat_pump_temperatur,22.139464617416664,2025-05-13T08:00:00.000Z
sensor.heat_pump_temperatur,23.24427770052778,2025-05-13T09:00:00.000Z
sensor.heat_pump_temperatur,24.23269686825,2025-05-13T10:00:00.000Z
sensor.heat_pump_temperatur,25.345378331972224,2025-05-13T11:00:00.000Z
sensor.heat_pump_temperatur,26.389675352777775,2025-05-13T12:00:00.000Z
sensor.heat_pump_temperatur,27.28847466266667,2025-05-13T13:00:00.000Z
sensor.heat_pump_temperatur,28.13590773186111,2025-05-13T14:00:00.000Z
sensor.heat_pump_temperatur,28.108559706944444,2025-05-13T15:00:00.000Z
sensor.heat_pump_temperatur,27.746356704611113,2025-05-13T16:00:00.000Z
sensor.heat_pump_temperatur,27.007143781083332,2025-05-13T17:00:00.000Z
sensor.heat_pump_temperatur,24.328463467083335,2025-05-13T18:00:00.000Z
sensor.heat_pump_temperatur,21.784007463944448,2025-05-13T19:00:00.000Z
sensor.heat_pump_temperatur,19.251002290194446,2025-05-13T20:00:00.000Z
sensor.heat_pump_temperatur,17.16492412841667,2025-05-13T21:00:00.000Z
sensor.heat_pump_temperatur,15.594614034805554,2025-05-13T22:00:00.000Z
sensor.heat_pump_temperatur,14.244963018,2025-05-13T23:00:00.000Z
sensor.heat_pump_temperatur,13.066248388111111,2025-05-14T00:00:00.000Z
sensor.heat_pump_temperatur,12.158986502722222,2025-05-14T01:00:00.000Z
sensor.heat_pump_temperatur,11.233364471888889,2025-05-14T02:00:00.000Z
sensor.heat_pump_temperatur,10.4556336525,2025-05-14T03:00:00.000Z
sensor.heat_pump_temperatur,9.81167435811111,2025-05-14T04:00:00.000Z
sensor.heat_pump_temperatur,9.53952461375,2025-05-14T05:00:00.000Z
sensor.heat_pump_temperatur,10.269022589694444,2025-05-14T06:00:00.000Z
sensor.heat_pump_temperatur,13.708408900944443,2025-05-14T07:00:00.000Z
sensor.heat_pump_temperatur,24.66720385011111,2025-05-14T08:00:00.000Z
sensor.heat_pump_temperatur,25.991054719444445,2025-05-14T09:00:00.000Z
sensor.heat_pump_temperatur,27.045209694944443,2025-05-14T10:00:00.000Z
sensor.heat_pump_temperatur,28.181071056333334,2025-05-14T11:00:00.000Z
sensor.heat_pump_temperatur,29.114765227944446,2025-05-14T12:00:00.000Z
sensor.heat_pump_temperatur,29.68442278938889,2025-05-14T13:00:00.000Z
sensor.heat_pump_temperatur,29.955129192749997,2025-05-14T14:00:00.000Z
sensor.heat_pump_temperatur,29.827173342333335,2025-05-14T15:00:00.000Z
sensor.heat_pump_temperatur,29.479954465055556,2025-05-14T16:00:00.000Z
sensor.heat_pump_temperatur,28.18193065727778,2025-05-14T17:00:00.000Z
sensor.heat_pump_temperatur,25.31152066186111,2025-05-14T18:00:00.000Z
sensor.heat_pump_temperatur,22.70468622155556,2025-05-14T19:00:00.000Z
sensor.heat_pump_temperatur,19.799348657805556,2025-05-14T20:00:00.000Z
sensor.heat_pump_temperatur,17.57702370425,2025-05-14T21:00:00.000Z
sensor.heat_pump_temperatur,15.923273375972222,2025-05-14T22:00:00.000Z
sensor.heat_pump_temperatur,14.542284668222223,2025-05-14T23:00:00.000Z
sensor.heat_pump_temperatur,13.370525851861112,2025-05-15T00:00:00.000Z
sensor.heat_pump_temperatur,12.37266725047222,2025-05-15T01:00:00.000Z
sensor.heat_pump_temperatur,11.486885540694445,2025-05-15T02:00:00.000Z
sensor.heat_pump_temperatur,10.752550504111111,2025-05-15T03:00:00.000Z
sensor.heat_pump_temperatur,10.136329929944443,2025-05-15T04:00:00.000Z
sensor.heat_pump_temperatur,9.904631318666667,2025-05-15T05:00:00.000Z
sensor.heat_pump_temperatur,10.472140375944443,2025-05-15T06:00:00.000Z
sensor.heat_pump_temperatur,13.276102793250002,2025-05-15T07:00:00.000Z
sensor.heat_pump_temperatur,24.77249988463889,2025-05-15T08:00:00.000Z
sensor.heat_pump_temperatur,25.322241517305557,2025-05-15T09:00:00.000Z
sensor.heat_pump_temperatur,26.107152833166666,2025-05-15T10:00:00.000Z
sensor.heat_pump_temperatur,27.125914675222223,2025-05-15T11:00:00.000Z
sensor.heat_pump_temperatur,28.13071580633333,2025-05-15T12:00:00.000Z
sensor.heat_pump_temperatur,28.984510098416667,2025-05-15T13:00:00.000Z
sensor.heat_pump_temperatur,29.464896311388888,2025-05-15T14:00:00.000Z
sensor.heat_pump_temperatur,29.54354803502778,2025-05-15T15:00:00.000Z
sensor.heat_pump_temperatur,28.752721206,2025-05-15T16:00:00.000Z
sensor.heat_pump_temperatur,26.956031428666666,2025-05-15T17:00:00.000Z
sensor.heat_pump_temperatur,22.57113297313889,2025-05-15T18:00:00.000Z
sensor.heat_pump_temperatur,19.791512995944444,2025-05-15T19:00:00.000Z
sensor.heat_pump_temperatur,17.72929082025,2025-05-15T20:00:00.000Z
sensor.heat_pump_temperatur,15.9752666025,2025-05-15T21:00:00.000Z
sensor.heat_pump_temperatur,14.404298048444444,2025-05-15T22:00:00.000Z
sensor.heat_pump_temperatur,13.041471820916668,2025-05-15T23:00:00.000Z
sensor.heat_pump_temperatur,11.751381911472222,2025-05-16T00:00:00.000Z
sensor.heat_pump_temperatur,10.542753480666667,2025-05-16T01:00:00.000Z
sensor.heat_pump_temperatur,9.656494705555556,2025-05-16T02:00:00.000Z
sensor.heat_pump_temperatur,8.937807486472222,2025-05-16T03:00:00.000Z
sensor.heat_pump_temperatur,8.224587653055556,2025-05-16T04:00:00.000Z
sensor.heat_pump_temperatur,7.907777146111112,2025-05-16T05:00:00.000Z
sensor.heat_pump_temperatur,8.560253336833332,2025-05-16T06:00:00.000Z
sensor.heat_pump_temperatur,11.747177765805555,2025-05-16T07:00:00.000Z
sensor.heat_pump_temperatur,24.038122428666668,2025-05-16T08:00:00.000Z
sensor.heat_pump_temperatur,25.319822532444444,2025-05-16T09:00:00.000Z
sensor.heat_pump_temperatur,26.270830024416668,2025-05-16T10:00:00.000Z
sensor.heat_pump_temperatur,27.24466179566667,2025-05-16T11:00:00.000Z
sensor.heat_pump_temperatur,28.258328405555556,2025-05-16T12:00:00.000Z
sensor.heat_pump_temperatur,29.138174848416668,2025-05-16T13:00:00.000Z
sensor.heat_pump_temperatur,29.628629492583332,2025-05-16T14:00:00.000Z
sensor.heat_pump_temperatur,29.90463330558333,2025-05-16T15:00:00.000Z
sensor.heat_pump_temperatur,29.849026533833335,2025-05-16T16:00:00.000Z
sensor.heat_pump_temperatur,28.470393565916666,2025-05-16T17:00:00.000Z
sensor.heat_pump_temperatur,24.18566464455556,2025-05-16T18:00:00.000Z
sensor.heat_pump_temperatur,21.500691506638887,2025-05-16T19:00:00.000Z
sensor.heat_pump_temperatur,19.366584655555556,2025-05-16T20:00:00.000Z
sensor.heat_pump_temperatur,17.712533486222224,2025-05-16T21:00:00.000Z
sensor.heat_pump_temperatur,16.53352745386111,2025-05-16T22:00:00.000Z
sensor.heat_pump_temperatur,15.622879054222222,2025-05-16T23:00:00.000Z
sensor.heat_pump_temperatur,14.354902849388887,2025-05-17T00:00:00.000Z
sensor.heat_pump_temperatur,12.988751925833334,2025-05-17T01:00:00.000Z
sensor.heat_pump_temperatur,11.607249678805557,2025-05-17T02:00:00.000Z
sensor.heat_pump_temperatur,10.461581373472223,2025-05-17T03:00:00.000Z
sensor.heat_pump_temperatur,9.544146205944445,2025-05-17T04:00:00.000Z
sensor.heat_pump_temperatur,9.126447764694444,2025-05-17T05:00:00.000Z
sensor.heat_pump_temperatur,9.588933155972223,2025-05-17T06:00:00.000Z
sensor.heat_pump_temperatur,24.259064957388887,2025-05-17T07:00:00.000Z
sensor.heat_pump_temperatur,26.93180961111111,2025-05-17T08:00:00.000Z
sensor.heat_pump_temperatur,27.905237903777778,2025-05-17T09:00:00.000Z
sensor.heat_pump_temperatur,28.88099737875,2025-05-17T10:00:00.000Z
sensor.heat_pump_temperatur,29.426648341972225,2025-05-17T11:00:00.000Z
sensor.heat_pump_temperatur,29.831359247305556,2025-05-17T12:00:00.000Z
sensor.heat_pump_temperatur,29.89341759908333,2025-05-17T13:00:00.000Z
sensor.heat_pump_temperatur,29.757999181611112,2025-05-17T14:00:00.000Z
sensor.heat_pump_temperatur,29.50109531433333,2025-05-17T15:00:00.000Z
sensor.heat_pump_temperatur,29.240245755388887,2025-05-17T16:00:00.000Z
sensor.heat_pump_temperatur,27.96392410830556,2025-05-17T17:00:00.000Z
sensor.heat_pump_temperatur,24.067305972055554,2025-05-17T18:00:00.000Z
sensor.heat_pump_temperatur,21.45779987852778,2025-05-17T19:00:00.000Z
sensor.heat_pump_temperatur,19.301746524166667,2025-05-17T20:00:00.000Z
sensor.heat_pump_temperatur,17.54827485397222,2025-05-17T21:00:00.000Z
sensor.heat_pump_temperatur,16.106956127305555,2025-05-17T22:00:00.000Z
sensor.heat_pump_temperatur,14.868626783527779,2025-05-17T23:00:00.000Z
sensor.heat_pump_temperatur,13.883319196194444,2025-05-18T00:00:00.000Z
sensor.heat_pump_temperatur,12.820344313,2025-05-18T01:00:00.000Z
sensor.heat_pump_temperatur,11.700546994555557,2025-05-18T02:00:00.000Z
sensor.heat_pump_temperatur,10.769546670222221,2025-05-18T03:00:00.000Z
sensor.heat_pump_temperatur,10.08805281411111,2025-05-18T04:00:00.000Z
sensor.heat_pump_temperatur,9.966139021111111,2025-05-18T05:00:00.000Z
sensor.heat_pump_temperatur,15.346450806277778,2025-05-18T06:00:00.000Z
sensor.heat_pump_temperatur,25.31072030341667,2025-05-18T07:00:00.000Z
sensor.heat_pump_temperatur,25.598496226055556,2025-05-18T08:00:00.000Z
sensor.heat_pump_temperatur,25.894857653499997,2025-05-18T09:00:00.000Z
sensor.heat_pump_temperatur,26.15458085891667,2025-05-18T10:00:00.000Z
sensor.heat_pump_temperatur,26.676697898416666,2025-05-18T11:00:00.000Z
sensor.heat_pump_temperatur,27.430886740749997,2025-05-18T12:00:00.000Z
sensor.heat_pump_temperatur,28.311697143333333,2025-05-18T13:00:00.000Z
sensor.heat_pump_temperatur,28.83364544219444,2025-05-18T14:00:00.000Z
sensor.heat_pump_temperatur,28.96701572913889,2025-05-18T15:00:00.000Z
sensor.heat_pump_temperatur,28.906039062805558,2025-05-18T16:00:00.000Z
sensor.heat_pump_temperatur,27.89620932402778,2025-05-18T17:00:00.000Z
sensor.heat_pump_temperatur,24.544289836666668,2025-05-18T18:00:00.000Z
sensor.heat_pump_temperatur,22.15049444036111,2025-05-18T19:00:00.000Z
sensor.heat_pump_temperatur,20.021657703083335,2025-05-18T20:00:00.000Z
sensor.heat_pump_temperatur,17.972081412111113,2025-05-18T21:00:00.000Z
sensor.heat_pump_temperatur,16.18906669575,2025-05-18T22:00:00.000Z
sensor.heat_pump_temperatur,14.753232173444445,2025-05-18T23:00:00.000Z
sensor.heat_pump_temperatur,13.545298266277777,2025-05-19T00:00:00.000Z
sensor.heat_pump_temperatur,12.344255015972223,2025-05-19T01:00:00.000Z
sensor.heat_pump_temperatur,11.091557760944445,2025-05-19T02:00:00.000Z
sensor.heat_pump_temperatur,10.034705578638889,2025-05-19T03:00:00.000Z
sensor.heat_pump_temperatur,9.25327927236111,2025-05-19T04:00:00.000Z
sensor.heat_pump_temperatur,8.99714285275,2025-05-19T05:00:00.000Z
sensor.heat_pump_temperatur,9.745129170250001,2025-05-19T06:00:00.000Z
sensor.heat_pump_temperatur,13.039812058944444,2025-05-19T07:00:00.000Z
sensor.heat_pump_temperatur,25.231067610361112,2025-05-19T08:00:00.000Z
sensor.heat_pump_temperatur,26.535118263666664,2025-05-19T09:00:00.000Z
sensor.heat_pump_temperatur,27.58223169861111,2025-05-19T10:00:00.000Z
sensor.heat_pump_temperatur,28.654591176194444,2025-05-19T11:00:00.000Z
sensor.heat_pump_temperatur,29.414917649888892,2025-05-19T12:00:00.000Z
sensor.heat_pump_temperatur,29.994317437611112,2025-05-19T13:00:00.000Z
sensor.heat_pump_temperatur,30.264772896861114,2025-05-19T14:00:00.000Z
sensor.heat_pump_temperatur,30.304345246777775,2025-05-19T15:00:00.000Z
sensor.heat_pump_temperatur,30.026020519444444,2025-05-19T16:00:00.000Z
sensor.heat_pump_temperatur,28.836871442666666,2025-05-19T17:00:00.000Z
sensor.heat_pump_temperatur,25.600054186611114,2025-05-19T18:00:00.000Z
sensor.heat_pump_temperatur,23.7257505195,2025-05-19T19:00:00.000Z
sensor.heat_pump_temperatur,23.5,2025-05-19T20:00:00.000Z
sensor.heat_pump_temperatur,23.5,2025-05-19T21:00:00.000Z
sensor.heat_pump_temperatur,22.79001687325,2025-05-20T06:00:00.000Z
sensor.heat_pump_temperatur,20.966995912888887,2025-05-20T07:00:00.000Z
sensor.heat_pump_temperatur,26.782036481166667,2025-05-20T08:00:00.000Z
sensor.heat_pump_temperatur,27.752375084333334,2025-05-20T09:00:00.000Z
sensor.heat_pump_temperatur,28.820816090305556,2025-05-20T10:00:00.000Z
sensor.heat_pump_temperatur,29.604473223472223,2025-05-20T11:00:00.000Z
sensor.heat_pump_temperatur,30.123152997055556,2025-05-20T12:00:00.000Z
sensor.heat_pump_temperatur,30.421135270222223,2025-05-20T13:00:00.000Z
sensor.heat_pump_temperatur,30.5,2025-05-20T14:00:00.000Z
sensor.heat_pump_temperatur,30.47774495525,2025-05-20T15:00:00.000Z
sensor.heat_pump_temperatur,30.307956633666667,2025-05-20T16:00:00.000Z
sensor.heat_pump_temperatur,29.211718715694445,2025-05-20T17:00:00.000Z
sensor.heat_pump_temperatur,25.334001814638892,2025-05-20T18:00:00.000Z
sensor.heat_pump_temperatur,22.70308170466667,2025-05-20T19:00:00.000Z
sensor.heat_pump_temperatur,21.009960041916667,2025-05-20T20:00:00.000Z
sensor.heat_pump_temperatur,19.612884403888888,2025-05-20T21:00:00.000Z
sensor.heat_pump_temperatur,18.254359581694445,2025-05-20T22:00:00.000Z
sensor.heat_pump_temperatur,17.333333601694445,2025-05-20T23:00:00.000Z
sensor.heat_pump_temperatur,16.696968625388887,2025-05-21T00:00:00.000Z
sensor.heat_pump_temperatur,16.135356590111112,2025-05-21T01:00:00.000Z
sensor.heat_pump_temperatur,15.647243703666668,2025-05-21T02:00:00.000Z
sensor.heat_pump_temperatur,14.986643739805556,2025-05-21T03:00:00.000Z
sensor.heat_pump_temperatur,14.344043190472222,2025-05-21T04:00:00.000Z
sensor.heat_pump_temperatur,14.293834876972221,2025-05-21T05:00:00.000Z
sensor.heat_pump_temperatur,15.061336718222222,2025-05-21T06:00:00.000Z
sensor.heat_pump_temperatur,16.598188476972222,2025-05-21T07:00:00.000Z
sensor.heat_pump_temperatur,26.76982856325,2025-05-21T08:00:00.000Z
sensor.heat_pump_temperatur,27.885730341500004,2025-05-21T09:00:00.000Z
sensor.heat_pump_temperatur,28.821339771194445,2025-05-21T10:00:00.000Z
sensor.heat_pump_temperatur,29.43149422,2025-05-21T11:00:00.000Z
sensor.heat_pump_temperatur,29.56336790486111,2025-05-21T12:00:00.000Z
sensor.heat_pump_temperatur,28.926276619166668,2025-05-21T13:00:00.000Z
sensor.heat_pump_temperatur,28.910014594666666,2025-05-21T14:00:00.000Z
sensor.heat_pump_temperatur,29.169983699499998,2025-05-21T15:00:00.000Z
sensor.heat_pump_temperatur,29.327343321444445,2025-05-21T16:00:00.000Z
sensor.heat_pump_temperatur,28.234120309166666,2025-05-21T17:00:00.000Z
sensor.heat_pump_temperatur,23.07745685536111,2025-05-21T18:00:00.000Z
sensor.heat_pump_temperatur,19.880647612055554,2025-05-21T19:00:00.000Z
sensor.heat_pump_temperatur,17.154174853916665,2025-05-21T20:00:00.000Z
sensor.heat_pump_temperatur,15.660485407222223,2025-05-21T21:00:00.000Z
sensor.heat_pump_temperatur,15.196210007416667,2025-05-21T22:00:00.000Z
sensor.heat_pump_temperatur,13.866805840305554,2025-05-21T23:00:00.000Z
sensor.heat_pump_temperatur,13.226280526166667,2025-05-22T00:00:00.000Z
sensor.heat_pump_temperatur,12.914389095055554,2025-05-22T01:00:00.000Z
sensor.heat_pump_temperatur,12.613229901888888,2025-05-22T02:00:00.000Z
sensor.heat_pump_temperatur,12.308378586111111,2025-05-22T03:00:00.000Z
sensor.heat_pump_temperatur,12.090295019388888,2025-05-22T04:00:00.000Z
sensor.heat_pump_temperatur,12.00676839063889,2025-05-22T05:00:00.000Z
sensor.heat_pump_temperatur,12.058913637027779,2025-05-22T06:00:00.000Z
sensor.heat_pump_temperatur,12.903911426944445,2025-05-22T07:00:00.000Z
sensor.heat_pump_temperatur,24.53733264875,2025-05-22T08:00:00.000Z
sensor.heat_pump_temperatur,24.99077924711111,2025-05-22T09:00:00.000Z
sensor.heat_pump_temperatur,24.738777431666666,2025-05-22T10:00:00.000Z
sensor.heat_pump_temperatur,24.629081236416667,2025-05-22T11:00:00.000Z
sensor.heat_pump_temperatur,24.610813090361116,2025-05-22T12:00:00.000Z
sensor.heat_pump_temperatur,24.590756279027776,2025-05-22T13:00:00.000Z
sensor.heat_pump_temperatur,24.60577530275,2025-05-22T14:00:00.000Z
sensor.heat_pump_temperatur,24.598098687611113,2025-05-22T15:00:00.000Z
sensor.heat_pump_temperatur,24.477231997999997,2025-05-22T16:00:00.000Z
sensor.heat_pump_temperatur,23.49447319836111,2025-05-22T17:00:00.000Z
sensor.heat_pump_temperatur,20.20372326277778,2025-05-22T18:00:00.000Z
sensor.heat_pump_temperatur,18.049451791666666,2025-05-22T19:00:00.000Z
sensor.heat_pump_temperatur,16.560670862833334,2025-05-22T20:00:00.000Z
sensor.heat_pump_temperatur,15.557477708666667,2025-05-22T21:00:00.000Z
sensor.heat_pump_temperatur,14.618556853722223,2025-05-22T22:00:00.000Z
sensor.heat_pump_temperatur,13.810591726555556,2025-05-22T23:00:00.000Z
sensor.heat_pump_temperatur,12.97397056525,2025-05-23T00:00:00.000Z
sensor.heat_pump_temperatur,12.281925447250002,2025-05-23T01:00:00.000Z
sensor.heat_pump_temperatur,11.45871484475,2025-05-23T02:00:00.000Z
sensor.heat_pump_temperatur,10.620401185638888,2025-05-23T03:00:00.000Z
sensor.heat_pump_temperatur,10.005345294805556,2025-05-23T04:00:00.000Z
sensor.heat_pump_temperatur,9.909890494833334,2025-05-23T05:00:00.000Z
sensor.heat_pump_temperatur,10.401485655888889,2025-05-23T06:00:00.000Z
sensor.heat_pump_temperatur,12.072323162833333,2025-05-23T07:00:00.000Z
sensor.heat_pump_temperatur,21.34204925277778,2025-05-23T08:00:00.000Z
sensor.heat_pump_temperatur,21.7,2025-05-23T09:00:00.000Z
sensor.heat_pump_temperatur,21.866781457555557,2025-05-23T10:00:00.000Z
sensor.heat_pump_temperatur,22.070569320611114,2025-05-23T11:00:00.000Z
sensor.heat_pump_temperatur,22.428604444083334,2025-05-23T12:00:00.000Z
sensor.heat_pump_temperatur,22.781195289333336,2025-05-23T13:00:00.000Z
sensor.heat_pump_temperatur,22.93868016633333,2025-05-23T14:00:00.000Z
sensor.heat_pump_temperatur,23.098342828944443,2025-05-23T15:00:00.000Z
sensor.heat_pump_temperatur,23.066784632833333,2025-05-23T16:00:00.000Z
sensor.heat_pump_temperatur,22.168231516583333,2025-05-23T17:00:00.000Z
sensor.heat_pump_temperatur,18.919262940472223,2025-05-23T18:00:00.000Z
sensor.heat_pump_temperatur,16.671663456833333,2025-05-23T19:00:00.000Z
sensor.heat_pump_temperatur,15.24169760175,2025-05-23T20:00:00.000Z
sensor.heat_pump_temperatur,13.848120923333333,2025-05-23T21:00:00.000Z
sensor.heat_pump_temperatur,12.496420176888888,2025-05-23T22:00:00.000Z
sensor.heat_pump_temperatur,11.220455702805557,2025-05-23T23:00:00.000Z
sensor.heat_pump_temperatur,10.125923074944444,2025-05-24T00:00:00.000Z
sensor.heat_pump_temperatur,9.274947346,2025-05-24T01:00:00.000Z
sensor.heat_pump_temperatur,8.69625763888889,2025-05-24T02:00:00.000Z
sensor.heat_pump_temperatur,8.323979693166667,2025-05-24T03:00:00.000Z
sensor.heat_pump_temperatur,7.952991026944445,2025-05-24T04:00:00.000Z
sensor.heat_pump_temperatur,7.8733083583055565,2025-05-24T05:00:00.000Z
sensor.heat_pump_temperatur,9.498829959361112,2025-05-24T06:00:00.000Z
sensor.heat_pump_temperatur,20.638020410805556,2025-05-24T07:00:00.000Z
sensor.heat_pump_temperatur,21.531505511000002,2025-05-24T08:00:00.000Z
sensor.heat_pump_temperatur,22.508716232500003,2025-05-24T09:00:00.000Z
sensor.heat_pump_temperatur,23.548680009611115,2025-05-24T10:00:00.000Z
sensor.heat_pump_temperatur,24.494793260694447,2025-05-24T11:00:00.000Z
sensor.heat_pump_temperatur,25.412197792249998,2025-05-24T12:00:00.000Z
sensor.heat_pump_temperatur,26.254479915694446,2025-05-24T13:00:00.000Z
sensor.heat_pump_temperatur,26.978698150638888,2025-05-24T14:00:00.000Z
sensor.heat_pump_temperatur,27.526977267861113,2025-05-24T15:00:00.000Z
sensor.heat_pump_temperatur,28.005363277527778,2025-05-24T16:00:00.000Z
sensor.heat_pump_temperatur,26.82792436838889,2025-05-24T17:00:00.000Z
sensor.heat_pump_temperatur,21.883418077388885,2025-05-24T18:00:00.000Z
sensor.heat_pump_temperatur,19.048376494472222,2025-05-24T19:00:00.000Z
sensor.heat_pump_temperatur,17.166722400833333,2025-05-24T20:00:00.000Z
sensor.heat_pump_temperatur,16.138779626805555,2025-05-24T21:00:00.000Z
sensor.heat_pump_temperatur,15.556029474555556,2025-05-24T22:00:00.000Z
sensor.heat_pump_temperatur,15.085176234833334,2025-05-24T23:00:00.000Z
sensor.heat_pump_temperatur,14.81555085377778,2025-05-25T00:00:00.000Z
sensor.heat_pump_temperatur,14.572084780555556,2025-05-25T01:00:00.000Z
sensor.heat_pump_temperatur,14.358346601472222,2025-05-25T02:00:00.000Z
sensor.heat_pump_temperatur,14.135174509388888,2025-05-25T03:00:00.000Z
sensor.heat_pump_temperatur,13.742664327888889,2025-05-25T04:00:00.000Z
sensor.heat_pump_temperatur,13.273221495472223,2025-05-25T05:00:00.000Z
sensor.heat_pump_temperatur,13.241383563833333,2025-05-25T06:00:00.000Z
sensor.heat_pump_temperatur,13.42245498986111,2025-05-25T07:00:00.000Z
sensor.heat_pump_temperatur,24.112078676555555,2025-05-25T08:00:00.000Z
sensor.heat_pump_temperatur,25.069828915555558,2025-05-25T09:00:00.000Z
sensor.heat_pump_temperatur,25.725405708583335,2025-05-25T10:00:00.000Z
sensor.heat_pump_temperatur,26.4551561565,2025-05-25T11:00:00.000Z
sensor.heat_pump_temperatur,27.161547448666667,2025-05-25T12:00:00.000Z
sensor.heat_pump_temperatur,27.850834700972225,2025-05-25T13:00:00.000Z
sensor.heat_pump_temperatur,28.435332705805553,2025-05-25T14:00:00.000Z
sensor.heat_pump_temperatur,28.915387768749998,2025-05-25T15:00:00.000Z
sensor.heat_pump_temperatur,29.15853593886111,2025-05-25T16:00:00.000Z
sensor.heat_pump_temperatur,28.03539811633333,2025-05-25T17:00:00.000Z
sensor.heat_pump_temperatur,23.893496288222224,2025-05-25T18:00:00.000Z
sensor.heat_pump_temperatur,21.481825511944447,2025-05-25T19:00:00.000Z
sensor.heat_pump_temperatur,20.025037041388888,2025-05-25T20:00:00.000Z
sensor.heat_pump_temperatur,19.038707473888888,2025-05-25T21:00:00.000Z
sensor.heat_pump_temperatur,18.011569474194445,2025-05-25T22:00:00.000Z
sensor.heat_pump_temperatur,16.99173416761111,2025-05-25T23:00:00.000Z
sensor.heat_pump_temperatur,16.049448834194443,2025-05-26T00:00:00.000Z
sensor.heat_pump_temperatur,15.360673270916665,2025-05-26T01:00:00.000Z
sensor.heat_pump_temperatur,14.824154494027779,2025-05-26T02:00:00.000Z
sensor.heat_pump_temperatur,14.559297156194445,2025-05-26T03:00:00.000Z
sensor.heat_pump_temperatur,14.344934750444445,2025-05-26T04:00:00.000Z
sensor.heat_pump_temperatur,14.203750701916666,2025-05-26T05:00:00.000Z
sensor.heat_pump_temperatur,13.941195358333333,2025-05-26T06:00:00.000Z
sensor.heat_pump_temperatur,13.71438887536111,2025-05-26T07:00:00.000Z
sensor.heat_pump_temperatur,24.791501636888885,2025-05-26T08:00:00.000Z
sensor.heat_pump_temperatur,25.2,2025-05-26T09:00:00.000Z
sensor.heat_pump_temperatur,25.273647642,2025-05-26T10:00:00.000Z
sensor.heat_pump_temperatur,25.388221452222222,2025-05-26T11:00:00.000Z
sensor.heat_pump_temperatur,25.425560673361108,2025-05-26T12:00:00.000Z
sensor.heat_pump_temperatur,25.65542840888889,2025-05-26T13:00:00.000Z
sensor.heat_pump_temperatur,25.602711850055556,2025-05-26T14:00:00.000Z
sensor.heat_pump_temperatur,25.599538495694446,2025-05-26T15:00:00.000Z
sensor.heat_pump_temperatur,25.470466235444444,2025-05-26T16:00:00.000Z
sensor.heat_pump_temperatur,24.680320307777777,2025-05-26T17:00:00.000Z
sensor.heat_pump_temperatur,21.871574817944445,2025-05-26T18:00:00.000Z
sensor.heat_pump_temperatur,19.565567245500002,2025-05-26T19:00:00.000Z
sensor.heat_pump_temperatur,17.32676322402778,2025-05-26T20:00:00.000Z
sensor.heat_pump_temperatur,15.664973915916667,2025-05-26T21:00:00.000Z
sensor.heat_pump_temperatur,14.609485647666666,2025-05-26T22:00:00.000Z
sensor.heat_pump_temperatur,13.874817690999999,2025-05-26T23:00:00.000Z
sensor.heat_pump_temperatur,13.130987455194445,2025-05-27T00:00:00.000Z
sensor.heat_pump_temperatur,12.51141988511111,2025-05-27T01:00:00.000Z
sensor.heat_pump_temperatur,12.207037247416666,2025-05-27T02:00:00.000Z
sensor.heat_pump_temperatur,12.034082361277777,2025-05-27T03:00:00.000Z
sensor.heat_pump_temperatur,11.899607721194444,2025-05-27T04:00:00.000Z
sensor.heat_pump_temperatur,11.997099381416668,2025-05-27T05:00:00.000Z
sensor.heat_pump_temperatur,12.602440727333333,2025-05-27T06:00:00.000Z
sensor.heat_pump_temperatur,13.735644765416666,2025-05-27T07:00:00.000Z
sensor.heat_pump_temperatur,22.777441982777777,2025-05-27T08:00:00.000Z
sensor.heat_pump_temperatur,23.461353821055553,2025-05-27T09:00:00.000Z
sensor.heat_pump_temperatur,23.804028173194443,2025-05-27T10:00:00.000Z
sensor.heat_pump_temperatur,23.980460031333333,2025-05-27T11:00:00.000Z
sensor.heat_pump_temperatur,24.02192023513889,2025-05-27T12:00:00.000Z
sensor.heat_pump_temperatur,24.234872417083334,2025-05-27T13:00:00.000Z
sensor.heat_pump_temperatur,24.377821518416667,2025-05-27T14:00:00.000Z
sensor.heat_pump_temperatur,24.577286522083337,2025-05-27T15:00:00.000Z
sensor.heat_pump_temperatur,24.582410275361113,2025-05-27T16:00:00.000Z
sensor.heat_pump_temperatur,24.042139610611112,2025-05-27T17:00:00.000Z
sensor.heat_pump_temperatur,21.98038463702778,2025-05-27T18:00:00.000Z
sensor.heat_pump_temperatur,20.265332795694444,2025-05-27T19:00:00.000Z
sensor.heat_pump_temperatur,19.05233885522222,2025-05-27T20:00:00.000Z
sensor.heat_pump_temperatur,18.3256751665,2025-05-27T21:00:00.000Z
sensor.heat_pump_temperatur,17.783341643194444,2025-05-27T22:00:00.000Z
sensor.heat_pump_temperatur,17.45068833538889,2025-05-27T23:00:00.000Z
sensor.heat_pump_temperatur,17.304136400416667,2025-05-28T00:00:00.000Z
sensor.heat_pump_temperatur,17.149720083222224,2025-05-28T01:00:00.000Z
sensor.heat_pump_temperatur,16.94366597288889,2025-05-28T02:00:00.000Z
sensor.heat_pump_temperatur,16.68767633655556,2025-05-28T03:00:00.000Z
sensor.heat_pump_temperatur,16.515903903111113,2025-05-28T04:00:00.000Z
sensor.heat_pump_temperatur,16.5,2025-05-28T05:00:00.000Z
sensor.heat_pump_temperatur,16.510895251305556,2025-05-28T06:00:00.000Z
sensor.heat_pump_temperatur,16.624106326722224,2025-05-28T07:00:00.000Z
sensor.heat_pump_temperatur,22.25751255938889,2025-05-28T08:00:00.000Z
sensor.heat_pump_temperatur,22.325162765111113,2025-05-28T09:00:00.000Z
sensor.heat_pump_temperatur,22.10768121527778,2025-05-28T10:00:00.000Z
sensor.heat_pump_temperatur,21.916968183250003,2025-05-28T11:00:00.000Z
sensor.heat_pump_temperatur,21.71073641775,2025-05-28T12:00:00.000Z
sensor.heat_pump_temperatur,21.595740802611115,2025-05-28T13:00:00.000Z
sensor.heat_pump_temperatur,21.501109398666667,2025-05-28T14:00:00.000Z
sensor.heat_pump_temperatur,21.405825373638887,2025-05-28T15:00:00.000Z
sensor.heat_pump_temperatur,21.399999999999995,2025-05-28T16:00:00.000Z
sensor.heat_pump_temperatur,20.853815542194443,2025-05-28T17:00:00.000Z
sensor.heat_pump_temperatur,18.19198621388889,2025-05-28T18:00:00.000Z
sensor.heat_pump_temperatur,16.327706426055556,2025-05-28T19:00:00.000Z
sensor.heat_pump_temperatur,15.472751645777777,2025-05-28T20:00:00.000Z
sensor.heat_pump_temperatur,14.863169232694444,2025-05-28T21:00:00.000Z
sensor.heat_pump_temperatur,14.34730357872222,2025-05-28T22:00:00.000Z
sensor.heat_pump_temperatur,13.784134502194446,2025-05-28T23:00:00.000Z
sensor.heat_pump_temperatur,13.095711385916667,2025-05-29T00:00:00.000Z
sensor.heat_pump_temperatur,12.453387554027778,2025-05-29T01:00:00.000Z
sensor.heat_pump_temperatur,11.974689160750001,2025-05-29T02:00:00.000Z
sensor.heat_pump_temperatur,11.701163556027778,2025-05-29T03:00:00.000Z
sensor.heat_pump_temperatur,11.711220305749999,2025-05-29T04:00:00.000Z
sensor.heat_pump_temperatur,11.919761969527778,2025-05-29T05:00:00.000Z
sensor.heat_pump_temperatur,12.710161227916666,2025-05-29T06:00:00.000Z
sensor.heat_pump_temperatur,14.072288183083332,2025-05-29T07:00:00.000Z
sensor.heat_pump_temperatur,19.4880789625,2025-05-29T08:00:00.000Z
sensor.heat_pump_temperatur,20.141641084277776,2025-05-29T09:00:00.000Z
sensor.heat_pump_temperatur,20.71571267738889,2025-05-29T10:00:00.000Z
sensor.heat_pump_temperatur,21.787449446416662,2025-05-29T11:00:00.000Z
sensor.heat_pump_temperatur,23.030836620000002,2025-05-29T12:00:00.000Z
sensor.heat_pump_temperatur,24.13257130186111,2025-05-29T13:00:00.000Z
sensor.heat_pump_temperatur,25.084478489916666,2025-05-29T14:00:00.000Z
sensor.heat_pump_temperatur,25.967392603888886,2025-05-29T15:00:00.000Z
sensor.heat_pump_temperatur,26.655728557111107,2025-05-29T16:00:00.000Z
sensor.heat_pump_temperatur,26.598913630805555,2025-05-29T17:00:00.000Z
sensor.heat_pump_temperatur,27.068372637472223,2025-05-29T18:00:00.000Z
sensor.heat_pump_temperatur,26.615639735666665,2025-05-29T19:00:00.000Z
sensor.heat_pump_temperatur,23.228100885444444,2025-05-29T20:00:00.000Z
sensor.heat_pump_temperatur,20.33819124113889,2025-05-29T21:00:00.000Z
sensor.heat_pump_temperatur,18.2815143735,2025-05-29T22:00:00.000Z
sensor.heat_pump_temperatur,16.74166607913889,2025-05-29T23:00:00.000Z
sensor.heat_pump_temperatur,15.529674461416667,2025-05-30T00:00:00.000Z
sensor.heat_pump_temperatur,14.441342451611112,2025-05-30T01:00:00.000Z
sensor.heat_pump_temperatur,13.498738917083335,2025-05-30T02:00:00.000Z
sensor.heat_pump_temperatur,12.722576877583334,2025-05-30T03:00:00.000Z
sensor.heat_pump_temperatur,12.213169865055555,2025-05-30T04:00:00.000Z
sensor.heat_pump_temperatur,12.150786186194445,2025-05-30T05:00:00.000Z
sensor.heat_pump_temperatur,12.899900125,2025-05-30T06:00:00.000Z
sensor.heat_pump_temperatur,16.09889682163889,2025-05-30T07:00:00.000Z
sensor.heat_pump_temperatur,25.01253271738889,2025-05-30T08:00:00.000Z
sensor.heat_pump_temperatur,26.413255292416665,2025-05-30T09:00:00.000Z
sensor.heat_pump_temperatur,27.67963574213889,2025-05-30T10:00:00.000Z
sensor.heat_pump_temperatur,28.946734394638884,2025-05-30T11:00:00.000Z
sensor.heat_pump_temperatur,29.794444501944444,2025-05-30T12:00:00.000Z
sensor.heat_pump_temperatur,30.284218055694442,2025-05-30T13:00:00.000Z
sensor.heat_pump_temperatur,30.489785010555554,2025-05-30T14:00:00.000Z
sensor.heat_pump_temperatur,30.552689789138892,2025-05-30T15:00:00.000Z
sensor.heat_pump_temperatur,30.587474741694447,2025-05-30T16:00:00.000Z
sensor.heat_pump_temperatur,30.092321335305556,2025-05-30T17:00:00.000Z
sensor.heat_pump_temperatur,28.096387841277778,2025-05-30T18:00:00.000Z
sensor.heat_pump_temperatur,26.03385731308333,2025-05-30T19:00:00.000Z
sensor.heat_pump_temperatur,23.845615637555554,2025-05-30T20:00:00.000Z
sensor.heat_pump_temperatur,21.86439101483333,2025-05-30T21:00:00.000Z
sensor.heat_pump_temperatur,20.14374609,2025-05-30T22:00:00.000Z
sensor.heat_pump_temperatur,18.691160689638888,2025-05-30T23:00:00.000Z
sensor.heat_pump_temperatur,17.382726553305556,2025-05-31T00:00:00.000Z
sensor.heat_pump_temperatur,16.345006895083333,2025-05-31T01:00:00.000Z
sensor.heat_pump_temperatur,15.566132444527776,2025-05-31T02:00:00.000Z
sensor.heat_pump_temperatur,14.854325495277777,2025-05-31T03:00:00.000Z
sensor.heat_pump_temperatur,14.317109744555557,2025-05-31T04:00:00.000Z
sensor.heat_pump_temperatur,14.259215962250002,2025-05-31T05:00:00.000Z
sensor.heat_pump_temperatur,19.022301406083333,2025-05-31T06:00:00.000Z
sensor.heat_pump_temperatur,28.16019308702778,2025-05-31T07:00:00.000Z
sensor.heat_pump_temperatur,28.919829162444444,2025-05-31T08:00:00.000Z
sensor.heat_pump_temperatur,29.308278131277778,2025-05-31T09:00:00.000Z
sensor.heat_pump_temperatur,29.694974050166667,2025-05-31T10:00:00.000Z
sensor.heat_pump_temperatur,30.092055102305554,2025-05-31T11:00:00.000Z
sensor.heat_pump_temperatur,30.47354875625,2025-05-31T12:00:00.000Z
sensor.heat_pump_temperatur,30.855436628333333,2025-05-31T13:00:00.000Z
sensor.heat_pump_temperatur,31.17101216525,2025-05-31T14:00:00.000Z
sensor.heat_pump_temperatur,31.086372909555553,2025-05-31T15:00:00.000Z
sensor.heat_pump_temperatur,30.204646051944447,2025-05-31T16:00:00.000Z
sensor.heat_pump_temperatur,29.47074978225,2025-05-31T17:00:00.000Z
sensor.heat_pump_temperatur,27.368448149083335,2025-05-31T18:00:00.000Z
sensor.heat_pump_temperatur,25.29133540263889,2025-05-31T19:00:00.000Z
sensor.heat_pump_temperatur,23.56063183666667,2025-05-31T20:00:00.000Z
sensor.heat_pump_temperatur,22.14370327975,2025-05-31T21:00:00.000Z
sensor.heat_pump_temperatur,21.178139025583334,2025-05-31T22:00:00.000Z
sensor.heat_pump_temperatur,20.87166220197222,2025-05-31T23:00:00.000Z
sensor.heat_pump_temperatur,20.45389446822222,2025-06-01T00:00:00.000Z
sensor.heat_pump_temperatur,19.85724912227778,2025-06-01T01:00:00.000Z
sensor.heat_pump_temperatur,19.442897534,2025-06-01T02:00:00.000Z
sensor.heat_pump_temperatur,19.112091498111113,2025-06-01T03:00:00.000Z
sensor.heat_pump_temperatur,18.83404861788889,2025-06-01T04:00:00.000Z
sensor.heat_pump_temperatur,18.791644348277778,2025-06-01T05:00:00.000Z
sensor.heat_pump_temperatur,21.380307583388888,2025-06-01T06:00:00.000Z
sensor.heat_pump_temperatur,28.264417193916668,2025-06-01T07:00:00.000Z
sensor.heat_pump_temperatur,29.071673118472223,2025-06-01T08:00:00.000Z
sensor.heat_pump_temperatur,29.62219243825,2025-06-01T09:00:00.000Z
sensor.heat_pump_temperatur,30.131661564944448,2025-06-01T10:00:00.000Z
sensor.heat_pump_temperatur,30.541562376388892,2025-06-01T11:00:00.000Z
sensor.heat_pump_temperatur,30.698351512472225,2025-06-01T12:00:00.000Z
sensor.heat_pump_temperatur,30.775739687472225,2025-06-01T13:00:00.000Z
sensor.heat_pump_temperatur,30.013790790166667,2025-06-01T14:00:00.000Z
sensor.heat_pump_temperatur,30.489989143583333,2025-06-01T15:00:00.000Z
sensor.heat_pump_temperatur,30.634000701555554,2025-06-01T16:00:00.000Z
sensor.heat_pump_temperatur,29.789059161222223,2025-06-01T17:00:00.000Z
sensor.heat_pump_temperatur,27.247765578944442,2025-06-01T18:00:00.000Z
sensor.heat_pump_temperatur,24.702833270472222,2025-06-01T19:00:00.000Z
sensor.heat_pump_temperatur,21.62266818875,2025-06-01T20:00:00.000Z
sensor.heat_pump_temperatur,19.199196139194445,2025-06-01T21:00:00.000Z
sensor.heat_pump_temperatur,18.170699253305553,2025-06-01T22:00:00.000Z
sensor.heat_pump_temperatur,17.764643500055556,2025-06-01T23:00:00.000Z
sensor.heat_pump_temperatur,17.6,2025-06-02T00:00:00.000Z
sensor.heat_pump_temperatur,17.283572326805558,2025-06-02T01:00:00.000Z
sensor.heat_pump_temperatur,16.894432301055556,2025-06-02T02:00:00.000Z
sensor.heat_pump_temperatur,16.8,2025-06-02T03:00:00.000Z
sensor.heat_pump_temperatur,16.80077868361111,2025-06-02T04:00:00.000Z
sensor.heat_pump_temperatur,16.853506869944443,2025-06-02T05:00:00.000Z
sensor.heat_pump_temperatur,16.801942992416667,2025-06-02T06:00:00.000Z
sensor.heat_pump_temperatur,16.9313968976389,2025-06-02T07:00:00.000Z
sensor.heat_pump_temperatur,26.086093169527775,2025-06-02T08:00:00.000Z
sensor.heat_pump_temperatur,27.034942464277776,2025-06-02T09:00:00.000Z
sensor.heat_pump_temperatur,27.69960858727778,2025-06-02T10:00:00.000Z
sensor.heat_pump_temperatur,28.375914104194447,2025-06-02T11:00:00.000Z
sensor.heat_pump_temperatur,28.852117258555555,2025-06-02T12:00:00.000Z
sensor.heat_pump_temperatur,29.245664860250002,2025-06-02T13:00:00.000Z
sensor.heat_pump_temperatur,29.27023783641667,2025-06-02T14:00:00.000Z
sensor.heat_pump_temperatur,29.195257550305556,2025-06-02T15:00:00.000Z
sensor.heat_pump_temperatur,29.238439938305557,2025-06-02T16:00:00.000Z
sensor.heat_pump_temperatur,27.174912193555556,2025-06-02T17:00:00.000Z
sensor.heat_pump_temperatur,21.618072419666664,2025-06-02T18:00:00.000Z
sensor.heat_pump_temperatur,18.648261347194445,2025-06-02T19:00:00.000Z
sensor.heat_pump_temperatur,17.500101599944443,2025-06-02T20:00:00.000Z
sensor.heat_pump_temperatur,16.83469891477778,2025-06-02T21:00:00.000Z
sensor.heat_pump_temperatur,16.283766902916668,2025-06-02T22:00:00.000Z
sensor.heat_pump_temperatur,15.951458615916666,2025-06-02T23:00:00.000Z
sensor.heat_pump_temperatur,15.816348286694444,2025-06-03T00:00:00.000Z
sensor.heat_pump_temperatur,15.804252206055557,2025-06-03T01:00:00.000Z
sensor.heat_pump_temperatur,15.800000000000002,2025-06-03T02:00:00.000Z
sensor.heat_pump_temperatur,15.79109071763889,2025-06-03T03:00:00.000Z
sensor.heat_pump_temperatur,15.796919348194445,2025-06-03T04:00:00.000Z
sensor.heat_pump_temperatur,15.966323280972224,2025-06-03T05:00:00.000Z
sensor.heat_pump_temperatur,16.46221081827778,2025-06-03T06:00:00.000Z
sensor.heat_pump_temperatur,17.734522993,2025-06-03T07:00:00.000Z
sensor.heat_pump_temperatur,26.13970981527778,2025-06-03T08:00:00.000Z
sensor.heat_pump_temperatur,26.609945895694448,2025-06-03T09:00:00.000Z
sensor.heat_pump_temperatur,26.761475797444444,2025-06-03T10:00:00.000Z
sensor.heat_pump_temperatur,26.908878016999996,2025-06-03T11:00:00.000Z
sensor.heat_pump_temperatur,27.00193816075,2025-06-03T12:00:00.000Z
sensor.heat_pump_temperatur,26.968533409555558,2025-06-03T13:00:00.000Z
sensor.heat_pump_temperatur,26.741219079388888,2025-06-03T14:00:00.000Z
sensor.heat_pump_temperatur,26.513421575527776,2025-06-03T15:00:00.000Z
sensor.heat_pump_temperatur,26.304125942805555,2025-06-03T16:00:00.000Z
sensor.heat_pump_temperatur,25.268960839194445,2025-06-03T17:00:00.000Z
sensor.heat_pump_temperatur,22.39995997127778,2025-06-03T18:00:00.000Z
sensor.heat_pump_temperatur,20.723936010194446,2025-06-03T19:00:00.000Z
sensor.heat_pump_temperatur,19.508639783166668,2025-06-03T20:00:00.000Z
sensor.heat_pump_temperatur,18.555552476444443,2025-06-03T21:00:00.000Z
sensor.heat_pump_temperatur,17.8855096035,2025-06-03T22:00:00.000Z
sensor.heat_pump_temperatur,17.388685748472223,2025-06-03T23:00:00.000Z
sensor.heat_pump_temperatur,17.141848029416668,2025-06-04T00:00:00.000Z
sensor.heat_pump_temperatur,16.88924373177778,2025-06-04T01:00:00.000Z
sensor.heat_pump_temperatur,16.65191061261111,2025-06-04T02:00:00.000Z
sensor.heat_pump_temperatur,16.50844253325,2025-06-04T03:00:00.000Z
sensor.heat_pump_temperatur,16.413921682555554,2025-06-04T04:00:00.000Z
sensor.heat_pump_temperatur,16.166097377472223,2025-06-04T05:00:00.000Z
sensor.heat_pump_temperatur,16.22250193486111,2025-06-04T06:00:00.000Z
sensor.heat_pump_temperatur,16.640532959,2025-06-04T07:00:00.000Z
sensor.heat_pump_temperatur,23.636368199416665,2025-06-04T08:00:00.000Z
sensor.heat_pump_temperatur,24.456632695333337,2025-06-04T09:00:00.000Z
sensor.heat_pump_temperatur,25.03493484663889,2025-06-04T10:00:00.000Z
sensor.heat_pump_temperatur,25.666383095555556,2025-06-04T11:00:00.000Z
sensor.heat_pump_temperatur,26.323999954722222,2025-06-04T12:00:00.000Z
sensor.heat_pump_temperatur,26.871126171416666,2025-06-04T13:00:00.000Z
sensor.heat_pump_temperatur,27.253692082555556,2025-06-04T14:00:00.000Z
sensor.heat_pump_temperatur,27.6633572125,2025-06-04T15:00:00.000Z
sensor.heat_pump_temperatur,28.18824280177778,2025-06-04T16:00:00.000Z
sensor.heat_pump_temperatur,26.96594027625,2025-06-04T17:00:00.000Z
sensor.heat_pump_temperatur,22.44293251608333,2025-06-04T18:00:00.000Z
sensor.heat_pump_temperatur,20.021824281472224,2025-06-04T19:00:00.000Z
sensor.heat_pump_temperatur,18.890712399166667,2025-06-04T20:00:00.000Z
sensor.heat_pump_temperatur,18.165686063805556,2025-06-04T21:00:00.000Z
sensor.heat_pump_temperatur,17.459449355694446,2025-06-04T22:00:00.000Z
sensor.heat_pump_temperatur,16.770087235833333,2025-06-04T23:00:00.000Z
sensor.heat_pump_temperatur,16.40423141772222,2025-06-05T00:00:00.000Z
sensor.heat_pump_temperatur,16.202107238805556,2025-06-05T01:00:00.000Z
sensor.heat_pump_temperatur,15.926105316611112,2025-06-05T02:00:00.000Z
sensor.heat_pump_temperatur,15.709720056,2025-06-05T03:00:00.000Z
sensor.heat_pump_temperatur,15.601159865833333,2025-06-05T04:00:00.000Z
sensor.heat_pump_temperatur,15.615808916861111,2025-06-05T05:00:00.000Z
sensor.heat_pump_temperatur,15.927902379333332,2025-06-05T06:00:00.000Z
sensor.heat_pump_temperatur,17.34648890763889,2025-06-05T07:00:00.000Z
sensor.heat_pump_temperatur,25.410816387333337,2025-06-05T08:00:00.000Z
sensor.heat_pump_temperatur,26.395341718416663,2025-06-05T09:00:00.000Z
sensor.heat_pump_temperatur,26.97691125155556,2025-06-05T10:00:00.000Z
sensor.heat_pump_temperatur,27.677828544222223,2025-06-05T11:00:00.000Z
sensor.heat_pump_temperatur,28.385683296583334,2025-06-05T12:00:00.000Z
sensor.heat_pump_temperatur,28.864030794805554,2025-06-05T13:00:00.000Z
sensor.heat_pump_temperatur,29.20324442563889,2025-06-05T14:00:00.000Z
sensor.heat_pump_temperatur,29.49484253702778,2025-06-05T15:00:00.000Z
sensor.heat_pump_temperatur,29.53688806341667,2025-06-05T16:00:00.000Z
sensor.heat_pump_temperatur,28.14506467897222,2025-06-05T17:00:00.000Z
sensor.heat_pump_temperatur,24.043952637222223,2025-06-05T18:00:00.000Z
sensor.heat_pump_temperatur,21.736798683111108,2025-06-05T19:00:00.000Z
sensor.heat_pump_temperatur,20.17905336788889,2025-06-05T20:00:00.000Z
sensor.heat_pump_temperatur,19.520028658666668,2025-06-05T21:00:00.000Z
sensor.heat_pump_temperatur,19.199001822555555,2025-06-05T22:00:00.000Z
sensor.heat_pump_temperatur,18.933421322277777,2025-06-05T23:00:00.000Z
sensor.heat_pump_temperatur,18.837643853861113,2025-06-06T00:00:00.000Z
sensor.heat_pump_temperatur,18.8,2025-06-06T01:00:00.000Z
sensor.heat_pump_temperatur,18.759575947694444,2025-06-06T02:00:00.000Z
sensor.heat_pump_temperatur,18.613364885111114,2025-06-06T03:00:00.000Z
sensor.heat_pump_temperatur,18.5,2025-06-06T04:00:00.000Z
sensor.heat_pump_temperatur,18.593836894444447,2025-06-06T05:00:00.000Z
sensor.heat_pump_temperatur,18.87746605097222,2025-06-06T06:00:00.000Z
sensor.heat_pump_temperatur,20.228440259249997,2025-06-06T07:00:00.000Z
sensor.heat_pump_temperatur,27.161867418166665,2025-06-06T08:00:00.000Z
sensor.heat_pump_temperatur,28.378519434555557,2025-06-06T09:00:00.000Z
sensor.heat_pump_temperatur,29.084505969666665,2025-06-06T10:00:00.000Z
sensor.heat_pump_temperatur,29.433892261861114,2025-06-06T11:00:00.000Z
sensor.heat_pump_temperatur,29.70122108872222,2025-06-06T12:00:00.000Z
sensor.heat_pump_temperatur,29.953986382,2025-06-06T13:00:00.000Z
sensor.heat_pump_temperatur,30.000396228305558,2025-06-06T14:00:00.000Z
sensor.heat_pump_temperatur,29.945289758694443,2025-06-06T15:00:00.000Z
sensor.heat_pump_temperatur,29.815227361944448,2025-06-06T16:00:00.000Z
sensor.heat_pump_temperatur,27.626326589361113,2025-06-06T17:00:00.000Z
sensor.heat_pump_temperatur,21.406492791805558,2025-06-06T18:00:00.000Z
sensor.heat_pump_temperatur,19.367233654,2025-06-06T19:00:00.000Z
sensor.heat_pump_temperatur,18.482845494444444,2025-06-06T20:00:00.000Z
sensor.heat_pump_temperatur,18.12941059575,2025-06-06T21:00:00.000Z
sensor.heat_pump_temperatur,17.880873917666666,2025-06-06T22:00:00.000Z
sensor.heat_pump_temperatur,17.600393230416667,2025-06-06T23:00:00.000Z
sensor.heat_pump_temperatur,17.472638743138887,2025-06-07T00:00:00.000Z
sensor.heat_pump_temperatur,17.304556845555556,2025-06-07T01:00:00.000Z
sensor.heat_pump_temperatur,17.13502222586111,2025-06-07T02:00:00.000Z
sensor.heat_pump_temperatur,17.01252819025,2025-06-07T03:00:00.000Z
sensor.heat_pump_temperatur,17,2025-06-07T04:00:00.000Z
sensor.heat_pump_temperatur,17.13860429088889,2025-06-07T05:00:00.000Z
sensor.heat_pump_temperatur,17.680096038305553,2025-06-07T06:00:00.000Z
sensor.heat_pump_temperatur,17.62866096575,2025-06-07T07:00:00.000Z
sensor.heat_pump_temperatur,26.12265391102778,2025-06-07T08:00:00.000Z
sensor.heat_pump_temperatur,26.924675603055558,2025-06-07T09:00:00.000Z
sensor.heat_pump_temperatur,27.303931469277774,2025-06-07T10:00:00.000Z
sensor.heat_pump_temperatur,27.58621120933333,2025-06-07T11:00:00.000Z
sensor.heat_pump_temperatur,27.931898444833333,2025-06-07T12:00:00.000Z
sensor.heat_pump_temperatur,28.267599147416664,2025-06-07T13:00:00.000Z
sensor.heat_pump_temperatur,28.653618082972226,2025-06-07T14:00:00.000Z
sensor.heat_pump_temperatur,29.054031021472223,2025-06-07T15:00:00.000Z
sensor.heat_pump_temperatur,29.26589018713889,2025-06-07T16:00:00.000Z
sensor.heat_pump_temperatur,28.00507151838889,2025-06-07T17:00:00.000Z
sensor.heat_pump_temperatur,23.754862883361113,2025-06-07T18:00:00.000Z
sensor.heat_pump_temperatur,21.045891906972223,2025-06-07T19:00:00.000Z
sensor.heat_pump_temperatur,19.454181427861112,2025-06-07T20:00:00.000Z
sensor.heat_pump_temperatur,18.636664808305557,2025-06-07T21:00:00.000Z
sensor.heat_pump_temperatur,18.149503673055555,2025-06-07T22:00:00.000Z
sensor.heat_pump_temperatur,17.913099405194444,2025-06-07T23:00:00.000Z
sensor.heat_pump_temperatur,17.675582390555558,2025-06-08T00:00:00.000Z
sensor.heat_pump_temperatur,17.361532793333332,2025-06-08T01:00:00.000Z
sensor.heat_pump_temperatur,17.004932950027776,2025-06-08T02:00:00.000Z
sensor.heat_pump_temperatur,16.5788993185,2025-06-08T03:00:00.000Z
sensor.heat_pump_temperatur,16.32681646425,2025-06-08T04:00:00.000Z
sensor.heat_pump_temperatur,16.200785222666667,2025-06-08T05:00:00.000Z
sensor.heat_pump_temperatur,16.341938925972222,2025-06-08T06:00:00.000Z
sensor.heat_pump_temperatur,16.685335146638888,2025-06-08T07:00:00.000Z
sensor.heat_pump_temperatur,25.695032033,2025-06-08T08:00:00.000Z
sensor.heat_pump_temperatur,26.418013896027777,2025-06-08T09:00:00.000Z
sensor.heat_pump_temperatur,26.708296774138887,2025-06-08T10:00:00.000Z
sensor.heat_pump_temperatur,27.128103439750003,2025-06-08T11:00:00.000Z
sensor.heat_pump_temperatur,27.71107520166667,2025-06-08T12:00:00.000Z
sensor.heat_pump_temperatur,28.39432040825,2025-06-08T13:00:00.000Z
sensor.heat_pump_temperatur,28.92066463633333,2025-06-08T14:00:00.000Z
sensor.heat_pump_temperatur,29.236968677972225,2025-06-08T15:00:00.000Z
sensor.heat_pump_temperatur,29.399999999999995,2025-06-08T16:00:00.000Z
sensor.heat_pump_temperatur,27.951606834777778,2025-06-08T17:00:00.000Z
sensor.heat_pump_temperatur,22.914352233916663,2025-06-08T18:00:00.000Z
sensor.heat_pump_temperatur,19.6399942745,2025-06-08T19:00:00.000Z
sensor.heat_pump_temperatur,17.440157392444444,2025-06-08T20:00:00.000Z
sensor.heat_pump_temperatur,15.946302035083335,2025-06-08T21:00:00.000Z
sensor.heat_pump_temperatur,14.870037759027776,2025-06-08T22:00:00.000Z
sensor.heat_pump_temperatur,13.696893085888888,2025-06-08T23:00:00.000Z
sensor.heat_pump_temperatur,12.84249612752778,2025-06-09T00:00:00.000Z
sensor.heat_pump_temperatur,12.252742234666668,2025-06-09T01:00:00.000Z
sensor.heat_pump_temperatur,11.539974954888889,2025-06-09T02:00:00.000Z
sensor.heat_pump_temperatur,10.872103719611111,2025-06-09T03:00:00.000Z
sensor.heat_pump_temperatur,10.341373136805556,2025-06-09T04:00:00.000Z
sensor.heat_pump_temperatur,10.259434021444443,2025-06-09T05:00:00.000Z
sensor.heat_pump_temperatur,10.95237998563889,2025-06-09T06:00:00.000Z
sensor.heat_pump_temperatur,13.625557446472222,2025-06-09T07:00:00.000Z
sensor.heat_pump_temperatur,25.849004648972222,2025-06-09T08:00:00.000Z
sensor.heat_pump_temperatur,27.129007026916668,2025-06-09T09:00:00.000Z
sensor.heat_pump_temperatur,28.140272597055557,2025-06-09T10:00:00.000Z
sensor.heat_pump_temperatur,29.034162840555556,2025-06-09T11:00:00.000Z
sensor.heat_pump_temperatur,29.653556398694445,2025-06-09T12:00:00.000Z
sensor.heat_pump_temperatur,29.99428151677778,2025-06-09T13:00:00.000Z
sensor.heat_pump_temperatur,29.994537320083335,2025-06-09T14:00:00.000Z
sensor.heat_pump_temperatur,29.80885149466667,2025-06-09T15:00:00.000Z
sensor.heat_pump_temperatur,29.537926686916666,2025-06-09T16:00:00.000Z
sensor.heat_pump_temperatur,29.202688444222222,2025-06-09T17:00:00.000Z
sensor.heat_pump_temperatur,25.826617904083335,2025-06-09T18:00:00.000Z
sensor.heat_pump_temperatur,22.226454719499998,2025-06-09T19:00:00.000Z
sensor.heat_pump_temperatur,19.232339877222223,2025-06-09T20:00:00.000Z
sensor.heat_pump_temperatur,16.730303410805558,2025-06-09T21:00:00.000Z
sensor.heat_pump_temperatur,15.281612797222223,2025-06-09T22:00:00.000Z
sensor.heat_pump_temperatur,14.117217320972223,2025-06-09T23:00:00.000Z
sensor.heat_pump_temperatur,13.216095391388889,2025-06-10T00:00:00.000Z
sensor.heat_pump_temperatur,12.439002678055557,2025-06-10T01:00:00.000Z
sensor.heat_pump_temperatur,11.839427254527777,2025-06-10T02:00:00.000Z
sensor.heat_pump_temperatur,11.2635251585,2025-06-10T03:00:00.000Z
sensor.heat_pump_temperatur,10.886528312805558,2025-06-10T04:00:00.000Z
sensor.heat_pump_temperatur,10.948573043000001,2025-06-10T05:00:00.000Z
sensor.heat_pump_temperatur,11.680035755333334,2025-06-10T06:00:00.000Z
sensor.heat_pump_temperatur,14.363412952638889,2025-06-10T07:00:00.000Z
sensor.heat_pump_temperatur,25.730240317944446,2025-06-10T08:00:00.000Z
sensor.heat_pump_temperatur,26.448008334027776,2025-06-10T09:00:00.000Z
sensor.heat_pump_temperatur,26.80016532163889,2025-06-10T10:00:00.000Z
sensor.heat_pump_temperatur,27.17420295677778,2025-06-10T11:00:00.000Z
sensor.heat_pump_temperatur,27.513482378055556,2025-06-10T12:00:00.000Z
sensor.heat_pump_temperatur,27.772045231361115,2025-06-10T13:00:00.000Z
sensor.heat_pump_temperatur,28.06480723136111,2025-06-10T14:00:00.000Z
sensor.heat_pump_temperatur,28.19075493638889,2025-06-10T15:00:00.000Z
sensor.heat_pump_temperatur,28.19184350636111,2025-06-10T16:00:00.000Z
sensor.heat_pump_temperatur,27.43562249313889,2025-06-10T17:00:00.000Z
sensor.heat_pump_temperatur,24.857765628027778,2025-06-10T18:00:00.000Z
sensor.heat_pump_temperatur,22.686035853083336,2025-06-10T19:00:00.000Z
sensor.heat_pump_temperatur,20.571670372555555,2025-06-10T20:00:00.000Z
sensor.heat_pump_temperatur,18.345249459083334,2025-06-10T21:00:00.000Z
sensor.heat_pump_temperatur,16.918169823472223,2025-06-10T22:00:00.000Z
sensor.heat_pump_temperatur,16.166123267444444,2025-06-10T23:00:00.000Z
sensor.heat_pump_temperatur,15.670087568416667,2025-06-11T00:00:00.000Z
sensor.heat_pump_temperatur,15.039542586583332,2025-06-11T01:00:00.000Z
sensor.heat_pump_temperatur,14.368247748,2025-06-11T02:00:00.000Z
sensor.heat_pump_temperatur,13.859828989194446,2025-06-11T03:00:00.000Z
sensor.heat_pump_temperatur,13.526573997416667,2025-06-11T04:00:00.000Z
sensor.heat_pump_temperatur,13.637906577944443,2025-06-11T05:00:00.000Z
sensor.heat_pump_temperatur,14.48658278075,2025-06-11T06:00:00.000Z
sensor.heat_pump_temperatur,16.945789407194443,2025-06-11T07:00:00.000Z
sensor.heat_pump_temperatur,25.625425284777776,2025-06-11T08:00:00.000Z
sensor.heat_pump_temperatur,26.345377746083333,2025-06-11T09:00:00.000Z
sensor.heat_pump_temperatur,26.781525223972224,2025-06-11T10:00:00.000Z
sensor.heat_pump_temperatur,27.232290007000003,2025-06-11T11:00:00.000Z
sensor.heat_pump_temperatur,27.693859212583334,2025-06-11T12:00:00.000Z
sensor.heat_pump_temperatur,28.187101901166667,2025-06-11T13:00:00.000Z
sensor.heat_pump_temperatur,28.513349534333333,2025-06-11T14:00:00.000Z
sensor.heat_pump_temperatur,28.720977231694444,2025-06-11T15:00:00.000Z
sensor.heat_pump_temperatur,28.79961184491667,2025-06-11T16:00:00.000Z
sensor.heat_pump_temperatur,28.06983800636111,2025-06-11T17:00:00.000Z
sensor.heat_pump_temperatur,25.564231478527777,2025-06-11T18:00:00.000Z
sensor.heat_pump_temperatur,23.697273098583334,2025-06-11T19:00:00.000Z
sensor.heat_pump_temperatur,22.008343892222225,2025-06-11T20:00:00.000Z
sensor.heat_pump_temperatur,20.455451351,2025-06-11T21:00:00.000Z
sensor.heat_pump_temperatur,18.94299534202778,2025-06-11T22:00:00.000Z
sensor.heat_pump_temperatur,17.557287944694444,2025-06-11T23:00:00.000Z
sensor.heat_pump_temperatur,16.416545580944444,2025-06-12T00:00:00.000Z
sensor.heat_pump_temperatur,15.651924440638888,2025-06-12T01:00:00.000Z
sensor.heat_pump_temperatur,14.988510545888888,2025-06-12T02:00:00.000Z
sensor.heat_pump_temperatur,14.370908548527778,2025-06-12T03:00:00.000Z
sensor.heat_pump_temperatur,14.05720926611111,2025-06-12T04:00:00.000Z
sensor.heat_pump_temperatur,14.113264812638889,2025-06-12T05:00:00.000Z
sensor.heat_pump_temperatur,14.86035738538889,2025-06-12T06:00:00.000Z
sensor.heat_pump_temperatur,17.428276662444446,2025-06-12T07:00:00.000Z
sensor.heat_pump_temperatur,26.59511326388889,2025-06-12T08:00:00.000Z
sensor.heat_pump_temperatur,28.006068811777777,2025-06-12T09:00:00.000Z
sensor.heat_pump_temperatur,29.06470958811111,2025-06-12T10:00:00.000Z
sensor.heat_pump_temperatur,29.827010163861114,2025-06-12T11:00:00.000Z
sensor.heat_pump_temperatur,30.298853033694446,2025-06-12T12:00:00.000Z
sensor.heat_pump_temperatur,30.670915987055555,2025-06-12T13:00:00.000Z
sensor.heat_pump_temperatur,31.073658550666668,2025-06-12T14:00:00.000Z
sensor.heat_pump_temperatur,31.26455138511111,2025-06-12T15:00:00.000Z
sensor.heat_pump_temperatur,31.30889814963889,2025-06-12T16:00:00.000Z
sensor.heat_pump_temperatur,30.95142803025,2025-06-12T17:00:00.000Z
sensor.heat_pump_temperatur,29.332621645499998,2025-06-12T18:00:00.000Z
sensor.heat_pump_temperatur,27.42051033641667,2025-06-12T19:00:00.000Z
sensor.heat_pump_temperatur,25.357633655527778,2025-06-12T20:00:00.000Z
sensor.heat_pump_temperatur,23.43913183355556,2025-06-12T21:00:00.000Z
sensor.heat_pump_temperatur,22.10498076075,2025-06-12T22:00:00.000Z
sensor.heat_pump_temperatur,21.103344433055558,2025-06-12T23:00:00.000Z
sensor.heat_pump_temperatur,20.198027150749997,2025-06-13T00:00:00.000Z
sensor.heat_pump_temperatur,19.435125183777778,2025-06-13T01:00:00.000Z
sensor.heat_pump_temperatur,18.68627865913889,2025-06-13T02:00:00.000Z
sensor.heat_pump_temperatur,18.10151295236111,2025-06-13T03:00:00.000Z
sensor.heat_pump_temperatur,17.753026276499998,2025-06-13T04:00:00.000Z
sensor.heat_pump_temperatur,17.884748978694443,2025-06-13T05:00:00.000Z
sensor.heat_pump_temperatur,18.79223742338889,2025-06-13T06:00:00.000Z
sensor.heat_pump_temperatur,21.578540943805553,2025-06-13T07:00:00.000Z
sensor.heat_pump_temperatur,29.27089560641667,2025-06-13T08:00:00.000Z
sensor.heat_pump_temperatur,29.902382752222223,2025-06-13T09:00:00.000Z
sensor.heat_pump_temperatur,30.294624958833335,2025-06-13T10:00:00.000Z
sensor.heat_pump_temperatur,30.77206160702778,2025-06-13T11:00:00.000Z
sensor.heat_pump_temperatur,31.278605289277778,2025-06-13T12:00:00.000Z
sensor.heat_pump_temperatur,31.676333125722223,2025-06-13T13:00:00.000Z
sensor.heat_pump_temperatur,32.08799089627778,2025-06-13T14:00:00.000Z
sensor.heat_pump_temperatur,32.32830286302778,2025-06-13T15:00:00.000Z
sensor.heat_pump_temperatur,32.4,2025-06-13T16:00:00.000Z
sensor.heat_pump_temperatur,32.06503716908333,2025-06-13T17:00:00.000Z
sensor.heat_pump_temperatur,30.557793931472222,2025-06-13T18:00:00.000Z
sensor.heat_pump_temperatur,28.738405582555558,2025-06-13T19:00:00.000Z
sensor.heat_pump_temperatur,26.795074811000003,2025-06-13T20:00:00.000Z
sensor.heat_pump_temperatur,25.422787728583334,2025-06-13T21:00:00.000Z
sensor.heat_pump_temperatur,24.265684238194442,2025-06-13T22:00:00.000Z
sensor.heat_pump_temperatur,23.32503546288889,2025-06-13T23:00:00.000Z
sensor.heat_pump_temperatur,22.427679989666668,2025-06-14T00:00:00.000Z
sensor.heat_pump_temperatur,21.607283690111114,2025-06-14T01:00:00.000Z
sensor.heat_pump_temperatur,20.818221218666668,2025-06-14T02:00:00.000Z
sensor.heat_pump_temperatur,20.119912975277778,2025-06-14T03:00:00.000Z
sensor.heat_pump_temperatur,19.718243617166667,2025-06-14T04:00:00.000Z
sensor.heat_pump_temperatur,19.782645819527776,2025-06-14T05:00:00.000Z
sensor.heat_pump_temperatur,20.67830593661111,2025-06-14T06:00:00.000Z
sensor.heat_pump_temperatur,23.56919220763889,2025-06-14T07:00:00.000Z
sensor.heat_pump_temperatur,30.383141036805554,2025-06-14T08:00:00.000Z
sensor.heat_pump_temperatur,30.9297112965,2025-06-14T09:00:00.000Z
sensor.heat_pump_temperatur,31.19751124933333,2025-06-14T10:00:00.000Z
sensor.heat_pump_temperatur,31.59709180208333,2025-06-14T11:00:00.000Z
sensor.heat_pump_temperatur,32.08483145458333,2025-06-14T12:00:00.000Z
sensor.heat_pump_temperatur,32.493729936444446,2025-06-14T13:00:00.000Z
sensor.heat_pump_temperatur,32.62434122601575,2025-06-14T14:00:00.000Z
sensor.heat_pump_temperatur,32.69840979313889,2025-06-14T15:00:00.000Z
sensor.heat_pump_temperatur,32.69961171552778,2025-06-14T16:00:00.000Z
sensor.heat_pump_temperatur,32.47668110341667,2025-06-14T17:00:00.000Z
sensor.heat_pump_temperatur,30.983950229166666,2025-06-14T18:00:00.000Z
sensor.heat_pump_temperatur,29.15595316222222,2025-06-14T19:00:00.000Z
sensor.heat_pump_temperatur,26.887993894638893,2025-06-14T20:00:00.000Z
sensor.heat_pump_temperatur,25.014515467722223,2025-06-14T21:00:00.000Z
sensor.heat_pump_temperatur,23.59066997138889,2025-06-14T22:00:00.000Z
sensor.heat_pump_temperatur,22.495353722083333,2025-06-14T23:00:00.000Z
sensor.heat_pump_temperatur,21.69205859275,2025-06-15T00:00:00.000Z
sensor.heat_pump_temperatur,21.059543352916666,2025-06-15T01:00:00.000Z
sensor.heat_pump_temperatur,20.538146959194446,2025-06-15T02:00:00.000Z
sensor.heat_pump_temperatur,20.223346115138888,2025-06-15T03:00:00.000Z
sensor.heat_pump_temperatur,20.27894591997222,2025-06-15T04:00:00.000Z
sensor.heat_pump_temperatur,20.85206244938889,2025-06-15T05:00:00.000Z
sensor.heat_pump_temperatur,21.637386889500004,2025-06-15T06:00:00.000Z
sensor.heat_pump_temperatur,22.343249306916665,2025-06-15T07:00:00.000Z
sensor.heat_pump_temperatur,29.91691309683333,2025-06-15T08:00:00.000Z
sensor.heat_pump_temperatur,30.332829621805555,2025-06-15T09:00:00.000Z
sensor.heat_pump_temperatur,30.48070969288889,2025-06-15T10:00:00.000Z
sensor.heat_pump_temperatur,30.648865420666667,2025-06-15T11:00:00.000Z
sensor.heat_pump_temperatur,30.742439051,2025-06-15T12:00:00.000Z
sensor.heat_pump_temperatur,30.628785703583333,2025-06-15T13:00:00.000Z
sensor.heat_pump_temperatur,30.34436025286111,2025-06-15T14:00:00.000Z
sensor.heat_pump_temperatur,30.04280905052778,2025-06-15T15:00:00.000Z
sensor.heat_pump_temperatur,29.91084028608333,2025-06-15T16:00:00.000Z
sensor.heat_pump_temperatur,27.643451694361108,2025-06-15T17:00:00.000Z
sensor.heat_pump_temperatur,21.821344265277776,2025-06-15T18:00:00.000Z
sensor.heat_pump_temperatur,19.814081742694444,2025-06-15T19:00:00.000Z
sensor.heat_pump_temperatur,19.064203089472223,2025-06-15T20:00:00.000Z
sensor.heat_pump_temperatur,18.745699452333334,2025-06-15T21:00:00.000Z
sensor.heat_pump_temperatur,18.092076281027776,2025-06-15T22:00:00.000Z
sensor.heat_pump_temperatur,17.593345595583333,2025-06-15T23:00:00.000Z
sensor.heat_pump_temperatur,16.980939528805553,2025-06-16T00:00:00.000Z
sensor.heat_pump_temperatur,16.368574212416664,2025-06-16T01:00:00.000Z
sensor.heat_pump_temperatur,16.196500195972224,2025-06-16T02:00:00.000Z
sensor.heat_pump_temperatur,16.18373000102778,2025-06-16T03:00:00.000Z
sensor.heat_pump_temperatur,16.105983665111115,2025-06-16T04:00:00.000Z
sensor.heat_pump_temperatur,16.215790319,2025-06-16T05:00:00.000Z
sensor.heat_pump_temperatur,16.686341329083334,2025-06-16T06:00:00.000Z
sensor.heat_pump_temperatur,18.01803254102778,2025-06-16T07:00:00.000Z
sensor.heat_pump_temperatur,26.76070489886111,2025-06-16T08:00:00.000Z
sensor.heat_pump_temperatur,28.098722267444444,2025-06-16T09:00:00.000Z
sensor.heat_pump_temperatur,29.013741761000002,2025-06-16T10:00:00.000Z
sensor.heat_pump_temperatur,29.59655272213889,2025-06-16T11:00:00.000Z
sensor.heat_pump_temperatur,29.985867145333334,2025-06-16T12:00:00.000Z
sensor.heat_pump_temperatur,30.2290111335,2025-06-16T13:00:00.000Z
sensor.heat_pump_temperatur,30.424996242583333,2025-06-16T14:00:00.000Z
sensor.heat_pump_temperatur,30.5,2025-06-16T15:00:00.000Z
sensor.heat_pump_temperatur,30.445344435444444,2025-06-16T16:00:00.000Z
sensor.heat_pump_temperatur,29.194216434972223,2025-06-16T17:00:00.000Z
sensor.heat_pump_temperatur,25.407734889694442,2025-06-16T18:00:00.000Z
sensor.heat_pump_temperatur,23.086068378277776,2025-06-16T19:00:00.000Z
sensor.heat_pump_temperatur,21.030505198416666,2025-06-16T20:00:00.000Z
sensor.heat_pump_temperatur,19.13590766363889,2025-06-16T21:00:00.000Z
sensor.heat_pump_temperatur,17.8261643435,2025-06-16T22:00:00.000Z
sensor.heat_pump_temperatur,16.826481038055558,2025-06-16T23:00:00.000Z
sensor.heat_pump_temperatur,15.989525530527779,2025-06-17T00:00:00.000Z
sensor.heat_pump_temperatur,15.258093117888889,2025-06-17T01:00:00.000Z
sensor.heat_pump_temperatur,14.6047545825,2025-06-17T02:00:00.000Z
sensor.heat_pump_temperatur,14.147546467416667,2025-06-17T03:00:00.000Z
sensor.heat_pump_temperatur,13.9053512205,2025-06-17T04:00:00.000Z
sensor.heat_pump_temperatur,13.99023157975,2025-06-17T05:00:00.000Z
sensor.heat_pump_temperatur,14.705918465638888,2025-06-17T06:00:00.000Z
sensor.heat_pump_temperatur,17.36503594922222,2025-06-17T07:00:00.000Z
sensor.heat_pump_temperatur,27.56777368180555,2025-06-17T08:00:00.000Z
sensor.heat_pump_temperatur,28.917115005444444,2025-06-17T09:00:00.000Z
sensor.heat_pump_temperatur,29.617701303916665,2025-06-17T10:00:00.000Z
sensor.heat_pump_temperatur,30.136052826,2025-06-17T11:00:00.000Z
sensor.heat_pump_temperatur,30.494734110444444,2025-06-17T12:00:00.000Z
sensor.heat_pump_temperatur,30.856118177555558,2025-06-17T13:00:00.000Z
sensor.heat_pump_temperatur,31.115067708583336,2025-06-17T14:00:00.000Z
sensor.heat_pump_temperatur,30.934462124277776,2025-06-17T15:00:00.000Z
sensor.heat_pump_temperatur,30.365801555444445,2025-06-17T16:00:00.000Z
sensor.heat_pump_temperatur,27.926482410444446,2025-06-17T17:00:00.000Z
sensor.heat_pump_temperatur,27.85570900519444,2025-06-17T18:00:00.000Z
sensor.heat_pump_temperatur,28.790620694277777,2025-06-17T19:00:00.000Z
sensor.heat_pump_temperatur,24.96794602797222,2025-06-17T20:00:00.000Z
sensor.heat_pump_temperatur,21.879561700472223,2025-06-17T21:00:00.000Z
sensor.heat_pump_temperatur,19.859407176138888,2025-06-17T22:00:00.000Z
sensor.heat_pump_temperatur,18.432033175805557,2025-06-17T23:00:00.000Z
sensor.heat_pump_temperatur,17.304953107611112,2025-06-18T00:00:00.000Z
sensor.heat_pump_temperatur,16.50130420375,2025-06-18T01:00:00.000Z
sensor.heat_pump_temperatur,15.899783723805555,2025-06-18T02:00:00.000Z
sensor.heat_pump_temperatur,15.42203867075,2025-06-18T03:00:00.000Z
sensor.heat_pump_temperatur,15.143850481055557,2025-06-18T04:00:00.000Z
sensor.heat_pump_temperatur,15.357050239333333,2025-06-18T05:00:00.000Z
sensor.heat_pump_temperatur,16.131290421305554,2025-06-18T06:00:00.000Z
sensor.heat_pump_temperatur,19.02705851502778,2025-06-18T07:00:00.000Z
sensor.heat_pump_temperatur,27.746691737694448,2025-06-18T08:00:00.000Z
sensor.heat_pump_temperatur,29.013623411805554,2025-06-18T09:00:00.000Z
sensor.heat_pump_temperatur,29.75524196511111,2025-06-18T10:00:00.000Z
sensor.heat_pump_temperatur,30.282945154916664,2025-06-18T11:00:00.000Z
sensor.heat_pump_temperatur,30.71946696722222,2025-06-18T12:00:00.000Z
sensor.heat_pump_temperatur,31.179374182055554,2025-06-18T13:00:00.000Z
sensor.heat_pump_temperatur,31.502095967805555,2025-06-18T14:00:00.000Z
sensor.heat_pump_temperatur,31.702805766861115,2025-06-18T15:00:00.000Z
sensor.heat_pump_temperatur,31.774239158527777,2025-06-18T16:00:00.000Z
sensor.heat_pump_temperatur,31.079294732388888,2025-06-18T17:00:00.000Z
sensor.heat_pump_temperatur,28.414412257805555,2025-06-18T18:00:00.000Z
sensor.heat_pump_temperatur,25.713530060694442,2025-06-18T19:00:00.000Z
sensor.heat_pump_temperatur,23.480037544166667,2025-06-18T20:00:00.000Z
sensor.heat_pump_temperatur,21.65449165313889,2025-06-18T21:00:00.000Z
sensor.heat_pump_temperatur,20.32009224188889,2025-06-18T22:00:00.000Z
sensor.heat_pump_temperatur,19.34437326286111,2025-06-18T23:00:00.000Z
sensor.heat_pump_temperatur,18.480004919666666,2025-06-19T00:00:00.000Z
sensor.heat_pump_temperatur,17.77782885136111,2025-06-19T01:00:00.000Z
sensor.heat_pump_temperatur,17.19646184013889,2025-06-19T02:00:00.000Z
sensor.heat_pump_temperatur,16.684836170305555,2025-06-19T03:00:00.000Z
sensor.heat_pump_temperatur,16.359873254805553,2025-06-19T04:00:00.000Z
sensor.heat_pump_temperatur,16.480859847,2025-06-19T05:00:00.000Z
sensor.heat_pump_temperatur,17.226104180361112,2025-06-19T06:00:00.000Z
sensor.heat_pump_temperatur,19.641160097361112,2025-06-19T07:00:00.000Z
sensor.heat_pump_temperatur,28.996565083972225,2025-06-19T08:00:00.000Z
sensor.heat_pump_temperatur,29.914878319916667,2025-06-19T09:00:00.000Z
sensor.heat_pump_temperatur,30.36690899952778,2025-06-19T10:00:00.000Z
sensor.heat_pump_temperatur,30.791431394,2025-06-19T11:00:00.000Z
sensor.heat_pump_temperatur,31.072144025750003,2025-06-19T12:00:00.000Z
sensor.heat_pump_temperatur,31.250701751416667,2025-06-19T13:00:00.000Z
sensor.heat_pump_temperatur,31.32890376613889,2025-06-19T14:00:00.000Z
sensor.heat_pump_temperatur,31.303716563138888,2025-06-19T15:00:00.000Z
sensor.heat_pump_temperatur,31.3,2025-06-19T16:00:00.000Z
sensor.heat_pump_temperatur,31.3,2025-06-19T17:00:00.000Z
sensor.heat_pump_temperatur,30.916612504305558,2025-06-20T13:00:00.000Z
sensor.heat_pump_temperatur,30.64384522180556,2025-06-20T14:00:00.000Z
sensor.heat_pump_temperatur,30.599341181944443,2025-06-20T15:00:00.000Z
sensor.heat_pump_temperatur,30.460225540305554,2025-06-20T16:00:00.000Z
sensor.heat_pump_temperatur,29.860602101722222,2025-06-20T17:00:00.000Z
sensor.heat_pump_temperatur,27.6786579035,2025-06-20T18:00:00.000Z
sensor.heat_pump_temperatur,26.008166275194444,2025-06-20T19:00:00.000Z
sensor.heat_pump_temperatur,24.33144118888889,2025-06-20T20:00:00.000Z
sensor.heat_pump_temperatur,22.45332044183333,2025-06-20T21:00:00.000Z
sensor.heat_pump_temperatur,20.864527605305554,2025-06-20T22:00:00.000Z
sensor.heat_pump_temperatur,19.637545523916668,2025-06-20T23:00:00.000Z
sensor.heat_pump_temperatur,18.611191937138887,2025-06-21T00:00:00.000Z
sensor.heat_pump_temperatur,17.804676586499998,2025-06-21T01:00:00.000Z
sensor.heat_pump_temperatur,17.053107429527778,2025-06-21T02:00:00.000Z
sensor.heat_pump_temperatur,16.28439984238889,2025-06-21T03:00:00.000Z
sensor.heat_pump_temperatur,15.943810348055555,2025-06-21T04:00:00.000Z
sensor.heat_pump_temperatur,16.07925289225,2025-06-21T05:00:00.000Z
sensor.heat_pump_temperatur,17.017586993194445,2025-06-21T06:00:00.000Z
sensor.heat_pump_temperatur,19.690847859888887,2025-06-21T07:00:00.000Z
sensor.heat_pump_temperatur,28.05638084975,2025-06-21T08:00:00.000Z
sensor.heat_pump_temperatur,28.665747680194443,2025-06-21T09:00:00.000Z
sensor.heat_pump_temperatur,29.118888221472222,2025-06-21T10:00:00.000Z
sensor.heat_pump_temperatur,29.564432288027778,2025-06-21T11:00:00.000Z
sensor.heat_pump_temperatur,29.94942324961111,2025-06-21T12:00:00.000Z
sensor.heat_pump_temperatur,30.259656690694445,2025-06-21T13:00:00.000Z
sensor.heat_pump_temperatur,30.599043405555552,2025-06-21T14:00:00.000Z
sensor.heat_pump_temperatur,30.762450452277776,2025-06-21T15:00:00.000Z
sensor.heat_pump_temperatur,30.68468015322222,2025-06-21T16:00:00.000Z
sensor.heat_pump_temperatur,30.347101641555554,2025-06-21T17:00:00.000Z
sensor.heat_pump_temperatur,29.019886656944447,2025-06-21T18:00:00.000Z
sensor.heat_pump_temperatur,27.17844120975,2025-06-21T19:00:00.000Z
sensor.heat_pump_temperatur,25.10395265511111,2025-06-21T20:00:00.000Z
sensor.heat_pump_temperatur,23.136377220138886,2025-06-21T21:00:00.000Z
sensor.heat_pump_temperatur,21.555895198555557,2025-06-21T22:00:00.000Z
sensor.heat_pump_temperatur,20.246419623222224,2025-06-21T23:00:00.000Z
sensor.heat_pump_temperatur,19.01080084613889,2025-06-22T00:00:00.000Z
sensor.heat_pump_temperatur,18.093060444055556,2025-06-22T01:00:00.000Z
sensor.heat_pump_temperatur,17.31590535038889,2025-06-22T02:00:00.000Z
sensor.heat_pump_temperatur,16.774593113166667,2025-06-22T03:00:00.000Z
sensor.heat_pump_temperatur,16.470722320222222,2025-06-22T04:00:00.000Z
sensor.heat_pump_temperatur,16.525249617361112,2025-06-22T05:00:00.000Z
sensor.heat_pump_temperatur,17.348990266583332,2025-06-22T06:00:00.000Z
sensor.heat_pump_temperatur,20.405758516916666,2025-06-22T07:00:00.000Z
sensor.heat_pump_temperatur,28.582994249444443,2025-06-22T08:00:00.000Z
sensor.heat_pump_temperatur,29.914856839027777,2025-06-22T09:00:00.000Z
sensor.heat_pump_temperatur,30.766361155833334,2025-06-22T10:00:00.000Z
sensor.heat_pump_temperatur,31.401384349972222,2025-06-22T11:00:00.000Z
sensor.heat_pump_temperatur,31.917725245416666,2025-06-22T12:00:00.000Z
sensor.heat_pump_temperatur,32.393307525944444,2025-06-22T13:00:00.000Z
sensor.heat_pump_temperatur,32.74136985047222,2025-06-22T14:00:00.000Z
sensor.heat_pump_temperatur,32.79922043627777,2025-06-22T15:00:00.000Z
sensor.heat_pump_temperatur,32.580259422611114,2025-06-22T16:00:00.000Z
sensor.heat_pump_temperatur,31.813018145555557,2025-06-22T17:00:00.000Z
sensor.heat_pump_temperatur,30.45290433683333,2025-06-22T18:00:00.000Z
sensor.heat_pump_temperatur,29.81477087916667,2025-06-22T19:00:00.000Z
sensor.heat_pump_temperatur,27.008354868805554,2025-06-22T20:00:00.000Z
sensor.heat_pump_temperatur,25.092962425305554,2025-06-22T21:00:00.000Z
sensor.heat_pump_temperatur,23.93001117402778,2025-06-22T22:00:00.000Z
sensor.heat_pump_temperatur,23.538369186083333,2025-06-22T23:00:00.000Z
sensor.heat_pump_temperatur,23.496610332111114,2025-06-23T00:00:00.000Z
sensor.heat_pump_temperatur,23.389490942,2025-06-23T01:00:00.000Z
sensor.heat_pump_temperatur,23.565012424000003,2025-06-23T02:00:00.000Z
sensor.heat_pump_temperatur,23.273874477888892,2025-06-23T03:00:00.000Z
sensor.heat_pump_temperatur,23.303669552972224,2025-06-23T04:00:00.000Z
sensor.heat_pump_temperatur,23.513721838916666,2025-06-23T05:00:00.000Z
sensor.heat_pump_temperatur,23.783736026,2025-06-23T06:00:00.000Z
sensor.heat_pump_temperatur,25.01488377286111,2025-06-23T07:00:00.000Z
sensor.heat_pump_temperatur,29.83316949141667,2025-06-23T08:00:00.000Z
sensor.heat_pump_temperatur,30.141890664388892,2025-06-23T09:00:00.000Z
sensor.heat_pump_temperatur,30.36804426913889,2025-06-23T10:00:00.000Z
sensor.heat_pump_temperatur,30.576778236555555,2025-06-23T11:00:00.000Z
sensor.heat_pump_temperatur,30.904568004972223,2025-06-23T12:00:00.000Z
sensor.heat_pump_temperatur,31.203897242694442,2025-06-23T13:00:00.000Z
sensor.heat_pump_temperatur,31.39337091538889,2025-06-23T14:00:00.000Z
sensor.heat_pump_temperatur,31.590115938055558,2025-06-23T15:00:00.000Z
sensor.heat_pump_temperatur,31.7,2025-06-23T16:00:00.000Z
sensor.heat_pump_temperatur,30.97772713938889,2025-06-23T17:00:00.000Z
sensor.heat_pump_temperatur,28.532527587972222,2025-06-23T18:00:00.000Z
sensor.heat_pump_temperatur,26.217399892111114,2025-06-23T19:00:00.000Z
sensor.heat_pump_temperatur,24.15259417147222,2025-06-23T20:00:00.000Z
sensor.heat_pump_temperatur,22.83513077913889,2025-06-23T21:00:00.000Z
sensor.heat_pump_temperatur,21.048739138749998,2025-06-23T22:00:00.000Z
sensor.heat_pump_temperatur,19.515471219138888,2025-06-23T23:00:00.000Z
sensor.heat_pump_temperatur,18.452562545194443,2025-06-24T00:00:00.000Z
sensor.heat_pump_temperatur,17.77154590613889,2025-06-24T01:00:00.000Z
sensor.heat_pump_temperatur,17.296883658,2025-06-24T02:00:00.000Z
sensor.heat_pump_temperatur,16.904853175666666,2025-06-24T03:00:00.000Z
sensor.heat_pump_temperatur,16.671383930305556,2025-06-24T04:00:00.000Z
sensor.heat_pump_temperatur,16.692222468166666,2025-06-24T05:00:00.000Z
sensor.heat_pump_temperatur,17.457395922583334,2025-06-24T06:00:00.000Z
sensor.heat_pump_temperatur,20.158539000999998,2025-06-24T07:00:00.000Z
sensor.heat_pump_temperatur,29.306818347583334,2025-06-24T08:00:00.000Z
sensor.heat_pump_temperatur,30.396334478138886,2025-06-24T09:00:00.000Z
sensor.heat_pump_temperatur,31.0746548844306,2025-06-24T10:00:00.000Z
sensor.heat_pump_temperatur,31.531535341444442,2025-06-24T11:00:00.000Z
sensor.heat_pump_temperatur,31.994649355583334,2025-06-24T12:00:00.000Z
sensor.heat_pump_temperatur,32.39493774961111,2025-06-24T13:00:00.000Z
sensor.heat_pump_temperatur,32.69997174569445,2025-06-24T14:00:00.000Z
sensor.heat_pump_temperatur,32.882670514388884,2025-06-24T15:00:00.000Z
sensor.heat_pump_temperatur,32.83728533875,2025-06-24T16:00:00.000Z
sensor.heat_pump_temperatur,31.868988707194443,2025-06-24T17:00:00.000Z
sensor.heat_pump_temperatur,28.75072904061111,2025-06-24T18:00:00.000Z
sensor.heat_pump_temperatur,26.45377768363889,2025-06-24T19:00:00.000Z
sensor.heat_pump_temperatur,24.395663627027776,2025-06-24T20:00:00.000Z
sensor.heat_pump_temperatur,22.267903069055553,2025-06-24T21:00:00.000Z
sensor.heat_pump_temperatur,20.74592856568427,2025-06-24T22:00:00.000Z
sensor.heat_pump_temperatur,19.750679496361112,2025-06-24T23:00:00.000Z
sensor.heat_pump_temperatur,18.853593690651184,2025-06-25T00:00:00.000Z
sensor.heat_pump_temperatur,18.05782166436111,2025-06-25T01:00:00.000Z
sensor.heat_pump_temperatur,17.43790602575,2025-06-25T02:00:00.000Z
sensor.heat_pump_temperatur,16.867385930333334,2025-06-25T03:00:00.000Z
sensor.heat_pump_temperatur,16.6194118575,2025-06-25T04:00:00.000Z
sensor.heat_pump_temperatur,16.790689581555554,2025-06-25T05:00:00.000Z
sensor.heat_pump_temperatur,17.542020384,2025-06-25T06:00:00.000Z
sensor.heat_pump_temperatur,20.56893603686111,2025-06-25T07:00:00.000Z
sensor.heat_pump_temperatur,29.411424645555556,2025-06-25T08:00:00.000Z
sensor.heat_pump_temperatur,30.106705216555557,2025-06-25T09:00:00.000Z
sensor.heat_pump_temperatur,30.582384749222225,2025-06-25T10:00:00.000Z
sensor.heat_pump_temperatur,31.176844138472223,2025-06-25T11:00:00.000Z
sensor.heat_pump_temperatur,31.66191036875,2025-06-25T12:00:00.000Z
sensor.heat_pump_temperatur,32.17206179111111,2025-06-25T13:00:00.000Z
sensor.heat_pump_temperatur,32.55602034286111,2025-06-25T14:00:00.000Z
sensor.heat_pump_temperatur,32.75045191261111,2025-06-25T15:00:00.000Z
sensor.heat_pump_temperatur,32.69286184319444,2025-06-25T16:00:00.000Z
sensor.heat_pump_temperatur,32.49847133288889,2025-06-25T17:00:00.000Z
sensor.heat_pump_temperatur,31.761505443055555,2025-06-25T18:00:00.000Z
sensor.heat_pump_temperatur,31.136637178305552,2025-06-25T19:00:00.000Z
sensor.heat_pump_temperatur,28.766149075333335,2025-06-25T20:00:00.000Z
sensor.heat_pump_temperatur,25.651146089250002,2025-06-25T21:00:00.000Z
sensor.heat_pump_temperatur,23.65712265363889,2025-06-25T22:00:00.000Z
sensor.heat_pump_temperatur,22.27673634830556,2025-06-25T23:00:00.000Z
sensor.heat_pump_temperatur,21.472548489972223,2025-06-26T00:00:00.000Z
sensor.heat_pump_temperatur,21.61704361833333,2025-06-26T01:00:00.000Z
sensor.heat_pump_temperatur,22.108471759249998,2025-06-26T02:00:00.000Z
sensor.heat_pump_temperatur,22.199005493972223,2025-06-26T03:00:00.000Z
sensor.heat_pump_temperatur,21.745133929083334,2025-06-26T04:00:00.000Z
sensor.heat_pump_temperatur,21.475021764666664,2025-06-26T05:00:00.000Z
sensor.heat_pump_temperatur,21.838286321972223,2025-06-26T06:00:00.000Z
sensor.heat_pump_temperatur,22.953797665222222,2025-06-26T07:00:00.000Z
sensor.heat_pump_temperatur,29.56370303997222,2025-06-26T08:00:00.000Z
sensor.heat_pump_temperatur,30.378462888138888,2025-06-26T09:00:00.000Z
sensor.heat_pump_temperatur,30.865300184555554,2025-06-26T10:00:00.000Z
sensor.heat_pump_temperatur,31.090219728194445,2025-06-26T11:00:00.000Z
sensor.heat_pump_temperatur,31.211329785638885,2025-06-26T12:00:00.000Z
sensor.heat_pump_temperatur,31.487364022722222,2025-06-26T13:00:00.000Z
sensor.heat_pump_temperatur,31.54948659938889,2025-06-26T14:00:00.000Z
sensor.heat_pump_temperatur,31.445264381472224,2025-06-26T15:00:00.000Z
sensor.heat_pump_temperatur,31.379392798666668,2025-06-26T16:00:00.000Z
sensor.heat_pump_temperatur,30.590462069666668,2025-06-26T17:00:00.000Z
sensor.heat_pump_temperatur,27.840714374361113,2025-06-26T18:00:00.000Z
sensor.heat_pump_temperatur,25.978997810916667,2025-06-26T19:00:00.000Z
sensor.heat_pump_temperatur,24.306327811722223,2025-06-26T20:00:00.000Z
sensor.heat_pump_temperatur,22.864099729722223,2025-06-26T21:00:00.000Z
sensor.heat_pump_temperatur,21.990158459833335,2025-06-26T22:00:00.000Z
sensor.heat_pump_temperatur,21.18876514238889,2025-06-26T23:00:00.000Z
sensor.heat_pump_temperatur,20.630485273333335,2025-06-27T00:00:00.000Z
sensor.heat_pump_temperatur,20.1092379885,2025-06-27T01:00:00.000Z
sensor.heat_pump_temperatur,19.515878235388886,2025-06-27T02:00:00.000Z
sensor.heat_pump_temperatur,19.27230679175,2025-06-27T03:00:00.000Z
sensor.heat_pump_temperatur,19.231517929833334,2025-06-27T04:00:00.000Z
sensor.heat_pump_temperatur,19.435238909472222,2025-06-27T05:00:00.000Z
sensor.heat_pump_temperatur,20.21076534975,2025-06-27T06:00:00.000Z
sensor.heat_pump_temperatur,22.165904680194444,2025-06-27T07:00:00.000Z
sensor.heat_pump_temperatur,29.105471972722224,2025-06-27T08:00:00.000Z
sensor.heat_pump_temperatur,29.56368078563889,2025-06-27T09:00:00.000Z
sensor.heat_pump_temperatur,29.65233596394444,2025-06-27T10:00:00.000Z
sensor.heat_pump_temperatur,29.7,2025-06-27T11:00:00.000Z
sensor.heat_pump_temperatur,29.88565014625,2025-06-27T12:00:00.000Z
sensor.heat_pump_temperatur,30.046121963638893,2025-06-27T13:00:00.000Z
sensor.heat_pump_temperatur,30.16852432661111,2025-06-27T14:00:00.000Z
sensor.heat_pump_temperatur,30.209320844055554,2025-06-27T15:00:00.000Z
sensor.heat_pump_temperatur,30.2,2025-06-27T16:00:00.000Z
sensor.heat_pump_temperatur,29.806741734916667,2025-06-27T17:00:00.000Z
sensor.heat_pump_temperatur,28.12910647161111,2025-06-27T18:00:00.000Z
sensor.heat_pump_temperatur,26.525687594916665,2025-06-27T19:00:00.000Z
sensor.heat_pump_temperatur,24.77085212725,2025-06-27T20:00:00.000Z
sensor.heat_pump_temperatur,22.99652912511111,2025-06-27T21:00:00.000Z
sensor.heat_pump_temperatur,21.741108104250003,2025-06-27T22:00:00.000Z
sensor.heat_pump_temperatur,20.678191922249997,2025-06-27T23:00:00.000Z
sensor.heat_pump_temperatur,19.819239970944444,2025-06-28T00:00:00.000Z
sensor.heat_pump_temperatur,19.140186983666666,2025-06-28T01:00:00.000Z
sensor.heat_pump_temperatur,18.727888522833336,2025-06-28T02:00:00.000Z
sensor.heat_pump_temperatur,18.281884595055555,2025-06-28T03:00:00.000Z
sensor.heat_pump_temperatur,17.927033254305556,2025-06-28T04:00:00.000Z
sensor.heat_pump_temperatur,17.978218486916667,2025-06-28T05:00:00.000Z
sensor.heat_pump_temperatur,18.673008665222223,2025-06-28T06:00:00.000Z
sensor.heat_pump_temperatur,21.438457603444444,2025-06-28T07:00:00.000Z
sensor.heat_pump_temperatur,28.591225052166664,2025-06-28T08:00:00.000Z
sensor.heat_pump_temperatur,29.22805020075,2025-06-28T09:00:00.000Z
sensor.heat_pump_temperatur,29.658883058722225,2025-06-28T10:00:00.000Z
sensor.heat_pump_temperatur,30.107487036805555,2025-06-28T11:00:00.000Z
sensor.heat_pump_temperatur,30.565439038388888,2025-06-28T12:00:00.000Z
sensor.heat_pump_temperatur,31.07299044252778,2025-06-28T13:00:00.000Z
sensor.heat_pump_temperatur,31.448309071249998,2025-06-28T14:00:00.000Z
sensor.heat_pump_temperatur,31.72059695427778,2025-06-28T15:00:00.000Z
sensor.heat_pump_temperatur,31.810055983166666,2025-06-28T16:00:00.000Z
sensor.heat_pump_temperatur,31.59953741902778,2025-06-28T17:00:00.000Z
sensor.heat_pump_temperatur,30.155528262444445,2025-06-28T18:00:00.000Z
sensor.heat_pump_temperatur,28.592975155361113,2025-06-28T19:00:00.000Z
sensor.heat_pump_temperatur,26.678317928055552,2025-06-28T20:00:00.000Z
sensor.heat_pump_temperatur,24.785568231499997,2025-06-28T21:00:00.000Z
sensor.heat_pump_temperatur,23.234032050305554,2025-06-28T22:00:00.000Z
sensor.heat_pump_temperatur,22.060086050833334,2025-06-28T23:00:00.000Z
sensor.heat_pump_temperatur,21.20818111363889,2025-06-29T00:00:00.000Z
sensor.heat_pump_temperatur,20.30761132163889,2025-06-29T01:00:00.000Z
sensor.heat_pump_temperatur,19.64583125177778,2025-06-29T02:00:00.000Z
sensor.heat_pump_temperatur,19.048604801583334,2025-06-29T03:00:00.000Z
sensor.heat_pump_temperatur,18.68969020947222,2025-06-29T04:00:00.000Z
sensor.heat_pump_temperatur,18.697974915666666,2025-06-29T05:00:00.000Z
sensor.heat_pump_temperatur,19.367039100527776,2025-06-29T06:00:00.000Z
sensor.heat_pump_temperatur,22.18303120272222,2025-06-29T07:00:00.000Z
sensor.heat_pump_temperatur,30.08780207566667,2025-06-29T08:00:00.000Z
sensor.heat_pump_temperatur,31.00729951322222,2025-06-29T09:00:00.000Z
sensor.heat_pump_temperatur,31.464115745694443,2025-06-29T10:00:00.000Z
sensor.heat_pump_temperatur,31.959275429833337,2025-06-29T11:00:00.000Z
sensor.heat_pump_temperatur,32.41809243286111,2025-06-29T12:00:00.000Z
sensor.heat_pump_temperatur,32.763273200583335,2025-06-29T13:00:00.000Z
sensor.heat_pump_temperatur,32.9,2025-06-29T14:00:00.000Z
sensor.heat_pump_temperatur,32.86147293269445,2025-06-29T15:00:00.000Z
sensor.heat_pump_temperatur,32.73439039480556,2025-06-29T16:00:00.000Z
sensor.heat_pump_temperatur,32.53835617125,2025-06-29T17:00:00.000Z
sensor.heat_pump_temperatur,31.56207666763889,2025-06-29T18:00:00.000Z
sensor.heat_pump_temperatur,29.740956962333332,2025-06-29T19:00:00.000Z
sensor.heat_pump_temperatur,27.646318930027775,2025-06-29T20:00:00.000Z
sensor.heat_pump_temperatur,25.581960164888887,2025-06-29T21:00:00.000Z
sensor.heat_pump_temperatur,24.19407419202778,2025-06-29T22:00:00.000Z
sensor.heat_pump_temperatur,23.422295406416666,2025-06-29T23:00:00.000Z
sensor.heat_pump_temperatur,22.284394986888888,2025-06-30T00:00:00.000Z
sensor.heat_pump_temperatur,21.15261586061111,2025-06-30T01:00:00.000Z
sensor.heat_pump_temperatur,20.411701138999998,2025-06-30T02:00:00.000Z
sensor.heat_pump_temperatur,19.715216724555557,2025-06-30T03:00:00.000Z
sensor.heat_pump_temperatur,19.286324305277777,2025-06-30T04:00:00.000Z
sensor.heat_pump_temperatur,19.40600740786111,2025-06-30T05:00:00.000Z
sensor.heat_pump_temperatur,20.236372114194445,2025-06-30T06:00:00.000Z
sensor.heat_pump_temperatur,23.06996975125,2025-06-30T07:00:00.000Z
sensor.heat_pump_temperatur,30.388727681583333,2025-06-30T08:00:00.000Z
sensor.heat_pump_temperatur,31.09284559138889,2025-06-30T09:00:00.000Z
sensor.heat_pump_temperatur,31.550041936499998,2025-06-30T10:00:00.000Z
sensor.heat_pump_temperatur,32.07125369911111,2025-06-30T11:00:00.000Z
sensor.heat_pump_temperatur,32.541232743444446,2025-06-30T12:00:00.000Z
sensor.heat_pump_temperatur,32.932853951944445,2025-06-30T13:00:00.000Z
sensor.heat_pump_temperatur,33.27653022988889,2025-06-30T14:00:00.000Z
sensor.heat_pump_temperatur,33.52478761272223,2025-06-30T15:00:00.000Z
sensor.heat_pump_temperatur,33.64696870413889,2025-06-30T16:00:00.000Z
sensor.heat_pump_temperatur,33.36533349261111,2025-06-30T17:00:00.000Z
sensor.heat_pump_temperatur,31.819394946972224,2025-06-30T18:00:00.000Z
sensor.heat_pump_temperatur,29.949276650138888,2025-06-30T19:00:00.000Z
sensor.heat_pump_temperatur,28.436743186999994,2025-06-30T20:00:00.000Z
sensor.heat_pump_temperatur,27.082129140361115,2025-06-30T21:00:00.000Z
sensor.heat_pump_temperatur,25.960886736583333,2025-06-30T22:00:00.000Z
sensor.heat_pump_temperatur,25.144045541916665,2025-06-30T23:00:00.000Z
sensor.heat_pump_temperatur,24.445568824166667,2025-07-01T00:00:00.000Z
sensor.heat_pump_temperatur,23.634507254305557,2025-07-01T01:00:00.000Z
sensor.heat_pump_temperatur,22.919197191666665,2025-07-01T02:00:00.000Z
sensor.heat_pump_temperatur,22.29644536075,2025-07-01T03:00:00.000Z
sensor.heat_pump_temperatur,21.755692587277778,2025-07-01T04:00:00.000Z
sensor.heat_pump_temperatur,21.684400512916667,2025-07-01T05:00:00.000Z
sensor.heat_pump_temperatur,22.38460947302778,2025-07-01T06:00:00.000Z
sensor.heat_pump_temperatur,24.921236859833332,2025-07-01T07:00:00.000Z
sensor.heat_pump_temperatur,31.937288152333334,2025-07-01T08:00:00.000Z
sensor.heat_pump_temperatur,32.52752715872222,2025-07-01T09:00:00.000Z
sensor.heat_pump_temperatur,32.90875825725,2025-07-01T10:00:00.000Z
sensor.heat_pump_temperatur,33.35422866927778,2025-07-01T11:00:00.000Z
sensor.heat_pump_temperatur,33.514383495416666,2025-07-01T12:00:00.000Z
sensor.heat_pump_temperatur,33.5,2025-07-01T13:00:00.000Z
sensor.heat_pump_temperatur,33.557771847388885,2025-07-01T14:00:00.000Z
sensor.heat_pump_temperatur,33.68053131683334,2025-07-01T15:00:00.000Z
sensor.heat_pump_temperatur,33.71864154813889,2025-07-01T16:00:00.000Z
sensor.heat_pump_temperatur,33.38230095316667,2025-07-01T17:00:00.000Z
sensor.heat_pump_temperatur,31.993520165277776,2025-07-01T18:00:00.000Z
sensor.heat_pump_temperatur,30.173309248555555,2025-07-01T19:00:00.000Z
sensor.heat_pump_temperatur,28.379210804361108,2025-07-01T20:00:00.000Z
sensor.heat_pump_temperatur,26.56830619525,2025-07-01T21:00:00.000Z
sensor.heat_pump_temperatur,25.19279960213889,2025-07-01T22:00:00.000Z
sensor.heat_pump_temperatur,24.260309649305555,2025-07-01T23:00:00.000Z
sensor.heat_pump_temperatur,23.311485059861113,2025-07-02T00:00:00.000Z
sensor.heat_pump_temperatur,22.392811815111113,2025-07-02T01:00:00.000Z
sensor.heat_pump_temperatur,21.559739220083333,2025-07-02T02:00:00.000Z
sensor.heat_pump_temperatur,20.939013962,2025-07-02T03:00:00.000Z
sensor.heat_pump_temperatur,20.563676268,2025-07-02T04:00:00.000Z
sensor.heat_pump_temperatur,20.65130604147222,2025-07-02T05:00:00.000Z
sensor.heat_pump_temperatur,21.532100055444445,2025-07-02T06:00:00.000Z
sensor.heat_pump_temperatur,24.424714074305555,2025-07-02T07:00:00.000Z
sensor.heat_pump_temperatur,31.804634393444445,2025-07-02T08:00:00.000Z
sensor.heat_pump_temperatur,32.44046138927778,2025-07-02T09:00:00.000Z
sensor.heat_pump_temperatur,32.84106480211111,2025-07-02T10:00:00.000Z
sensor.heat_pump_temperatur,33.297740713416665,2025-07-02T11:00:00.000Z
sensor.heat_pump_temperatur,33.73911352936111,2025-07-02T12:00:00.000Z
sensor.heat_pump_temperatur,34.229190143972225,2025-07-02T13:00:00.000Z
sensor.heat_pump_temperatur,34.570246581,2025-07-02T14:00:00.000Z
sensor.heat_pump_temperatur,34.612019620333335,2025-07-02T15:00:00.000Z
sensor.heat_pump_temperatur,34.34105533436111,2025-07-02T16:00:00.000Z
sensor.heat_pump_temperatur,34.108039160194444,2025-07-02T17:00:00.000Z
sensor.heat_pump_temperatur,33.73341989136111,2025-07-02T18:00:00.000Z
sensor.heat_pump_temperatur,31.261694078555553,2025-07-02T19:00:00.000Z
sensor.heat_pump_temperatur,29.280856536138888,2025-07-02T20:00:00.000Z
sensor.heat_pump_temperatur,26.983668704277775,2025-07-02T21:00:00.000Z
sensor.heat_pump_temperatur,24.978115793,2025-07-02T22:00:00.000Z
sensor.heat_pump_temperatur,23.637789856083334,2025-07-02T23:00:00.000Z
sensor.heat_pump_temperatur,22.375021622861112,2025-07-03T00:00:00.000Z
sensor.heat_pump_temperatur,21.468655396444447,2025-07-03T01:00:00.000Z
sensor.heat_pump_temperatur,20.97112111163889,2025-07-03T02:00:00.000Z
sensor.heat_pump_temperatur,20.598678482083333,2025-07-03T03:00:00.000Z
sensor.heat_pump_temperatur,20.259964623583333,2025-07-03T04:00:00.000Z
sensor.heat_pump_temperatur,20.329501120361112,2025-07-03T05:00:00.000Z
sensor.heat_pump_temperatur,20.871195186222224,2025-07-03T06:00:00.000Z
sensor.heat_pump_temperatur,21.898556519583334,2025-07-03T07:00:00.000Z
sensor.heat_pump_temperatur,31.06279553427778,2025-07-03T08:00:00.000Z
sensor.heat_pump_temperatur,31.689213488194444,2025-07-03T09:00:00.000Z
sensor.heat_pump_temperatur,31.897829331222223,2025-07-03T10:00:00.000Z
sensor.heat_pump_temperatur,32.162431192666666,2025-07-03T11:00:00.000Z
sensor.heat_pump_temperatur,32.3,2025-07-03T12:00:00.000Z
sensor.heat_pump_temperatur,32.11931278127778,2025-07-03T13:00:00.000Z
sensor.heat_pump_temperatur,32.02355363769444,2025-07-03T14:00:00.000Z
sensor.heat_pump_temperatur,32.01986103686111,2025-07-03T15:00:00.000Z
sensor.heat_pump_temperatur,31.901656540944444,2025-07-03T16:00:00.000Z
sensor.heat_pump_temperatur,30.753810937694443,2025-07-03T17:00:00.000Z
sensor.heat_pump_temperatur,27.336380657305554,2025-07-03T18:00:00.000Z
sensor.heat_pump_temperatur,25.495518251333333,2025-07-03T19:00:00.000Z
sensor.heat_pump_temperatur,24.256215640388888,2025-07-03T20:00:00.000Z
sensor.heat_pump_temperatur,23.149002868861114,2025-07-03T21:00:00.000Z
sensor.heat_pump_temperatur,22.1557581855,2025-07-03T22:00:00.000Z
sensor.heat_pump_temperatur,21.45060262522222,2025-07-03T23:00:00.000Z
sensor.heat_pump_temperatur,21.121620715583333,2025-07-04T00:00:00.000Z
sensor.heat_pump_temperatur,20.94404131436111,2025-07-04T01:00:00.000Z
sensor.heat_pump_temperatur,20.51656256072222,2025-07-04T02:00:00.000Z
sensor.heat_pump_temperatur,19.620311895916668,2025-07-04T03:00:00.000Z
sensor.heat_pump_temperatur,18.67912382652778,2025-07-04T04:00:00.000Z
sensor.heat_pump_temperatur,18.39961055622222,2025-07-04T05:00:00.000Z
sensor.heat_pump_temperatur,18.613146030583334,2025-07-04T06:00:00.000Z
sensor.heat_pump_temperatur,20.34149805983333,2025-07-04T07:00:00.000Z
sensor.heat_pump_temperatur,29.143731382194442,2025-07-04T08:00:00.000Z
sensor.heat_pump_temperatur,29.81042514013889,2025-07-04T09:00:00.000Z
sensor.heat_pump_temperatur,30.162293753333334,2025-07-04T10:00:00.000Z
sensor.heat_pump_temperatur,30.554296406555554,2025-07-04T11:00:00.000Z
sensor.heat_pump_temperatur,31.036200770833332,2025-07-04T12:00:00.000Z
sensor.heat_pump_temperatur,31.428172276805554,2025-07-04T13:00:00.000Z
sensor.heat_pump_temperatur,31.72647629416667,2025-07-04T14:00:00.000Z
sensor.heat_pump_temperatur,31.982517394111113,2025-07-04T15:00:00.000Z
sensor.heat_pump_temperatur,32.09190783408334,2025-07-04T16:00:00.000Z
sensor.heat_pump_temperatur,31.25609683263889,2025-07-04T17:00:00.000Z
sensor.heat_pump_temperatur,28.36518348897222,2025-07-04T18:00:00.000Z
sensor.heat_pump_temperatur,25.900210196916664,2025-07-04T19:00:00.000Z
sensor.heat_pump_temperatur,23.452209919500003,2025-07-04T20:00:00.000Z
sensor.heat_pump_temperatur,21.215863616055554,2025-07-04T21:00:00.000Z
sensor.heat_pump_temperatur,19.653600753305557,2025-07-04T22:00:00.000Z
sensor.heat_pump_temperatur,18.421286467333335,2025-07-04T23:00:00.000Z
sensor.heat_pump_temperatur,17.343228579055555,2025-07-05T00:00:00.000Z
sensor.heat_pump_temperatur,16.411332703555555,2025-07-05T01:00:00.000Z
sensor.heat_pump_temperatur,15.775548752055556,2025-07-05T02:00:00.000Z
sensor.heat_pump_temperatur,15.256905935527778,2025-07-05T03:00:00.000Z
sensor.heat_pump_temperatur,14.880221233527777,2025-07-05T04:00:00.000Z
sensor.heat_pump_temperatur,14.943770170861113,2025-07-05T05:00:00.000Z
sensor.heat_pump_temperatur,15.611001576166666,2025-07-05T06:00:00.000Z
sensor.heat_pump_temperatur,18.46236391725,2025-07-05T07:00:00.000Z
sensor.heat_pump_temperatur,29.045313584055553,2025-07-05T08:00:00.000Z
sensor.heat_pump_temperatur,29.80768999341667,2025-07-05T09:00:00.000Z
sensor.heat_pump_temperatur,30.22483995663889,2025-07-05T10:00:00.000Z
sensor.heat_pump_temperatur,30.666083028944445,2025-07-05T11:00:00.000Z
sensor.heat_pump_temperatur,31.187205385333332,2025-07-05T12:00:00.000Z
sensor.heat_pump_temperatur,31.572210133416664,2025-07-05T13:00:00.000Z
sensor.heat_pump_temperatur,31.918699827861115,2025-07-05T14:00:00.000Z
sensor.heat_pump_temperatur,32.19292999719445,2025-07-05T15:00:00.000Z
sensor.heat_pump_temperatur,32.3,2025-07-05T16:00:00.000Z
sensor.heat_pump_temperatur,31.630666867305553,2025-07-05T17:00:00.000Z
sensor.heat_pump_temperatur,29.01385754877778,2025-07-05T18:00:00.000Z
sensor.heat_pump_temperatur,26.502081040916664,2025-07-05T19:00:00.000Z
sensor.heat_pump_temperatur,24.008242045305554,2025-07-05T20:00:00.000Z
sensor.heat_pump_temperatur,21.691900815166665,2025-07-05T21:00:00.000Z
sensor.heat_pump_temperatur,19.916359009083333,2025-07-05T22:00:00.000Z
sensor.heat_pump_temperatur,18.806643762472223,2025-07-05T23:00:00.000Z
sensor.heat_pump_temperatur,18.069757045666666,2025-07-06T00:00:00.000Z
sensor.heat_pump_temperatur,17.40268057736111,2025-07-06T01:00:00.000Z
sensor.heat_pump_temperatur,16.84098980352778,2025-07-06T02:00:00.000Z
sensor.heat_pump_temperatur,16.587838001694447,2025-07-06T03:00:00.000Z
sensor.heat_pump_temperatur,16.528343632027777,2025-07-06T04:00:00.000Z
sensor.heat_pump_temperatur,16.798808455944442,2025-07-06T05:00:00.000Z
sensor.heat_pump_temperatur,17.55780080227778,2025-07-06T06:00:00.000Z
sensor.heat_pump_temperatur,18.94808055075,2025-07-06T07:00:00.000Z
sensor.heat_pump_temperatur,29.012709809749996,2025-07-06T08:00:00.000Z
sensor.heat_pump_temperatur,29.444196324527777,2025-07-06T09:00:00.000Z
sensor.heat_pump_temperatur,29.387220825833335,2025-07-06T10:00:00.000Z
sensor.heat_pump_temperatur,29.299226248861114,2025-07-06T11:00:00.000Z
sensor.heat_pump_temperatur,29.354242401527774,2025-07-06T12:00:00.000Z
sensor.heat_pump_temperatur,29.399999999999995,2025-07-06T13:00:00.000Z
sensor.heat_pump_temperatur,29.322558982083333,2025-07-06T14:00:00.000Z
sensor.heat_pump_temperatur,29.26445440611111,2025-07-06T15:00:00.000Z
sensor.heat_pump_temperatur,29.112304974777775,2025-07-06T16:00:00.000Z
sensor.heat_pump_temperatur,26.551712357416665,2025-07-06T17:00:00.000Z
sensor.heat_pump_temperatur,20.76953128061111,2025-07-06T18:00:00.000Z
sensor.heat_pump_temperatur,18.068480843222222,2025-07-06T19:00:00.000Z
sensor.heat_pump_temperatur,16.182744562083332,2025-07-06T20:00:00.000Z
sensor.heat_pump_temperatur,15.600694833416666,2025-07-06T21:00:00.000Z
sensor.heat_pump_temperatur,15.41114694502778,2025-07-06T22:00:00.000Z
sensor.heat_pump_temperatur,15.207875139944443,2025-07-06T23:00:00.000Z
sensor.heat_pump_temperatur,15.079859582444444,2025-07-07T00:00:00.000Z
sensor.heat_pump_temperatur,15.0934142755,2025-07-07T01:00:00.000Z
sensor.heat_pump_temperatur,15.094583503777777,2025-07-07T02:00:00.000Z
sensor.heat_pump_temperatur,15.1,2025-07-07T03:00:00.000Z
sensor.heat_pump_temperatur,15.097293984027777,2025-07-07T04:00:00.000Z
sensor.heat_pump_temperatur,15.286179755388888,2025-07-07T05:00:00.000Z
sensor.heat_pump_temperatur,15.765987640555556,2025-07-07T06:00:00.000Z
sensor.heat_pump_temperatur,16.12049807316667,2025-07-07T07:00:00.000Z
sensor.heat_pump_temperatur,24.836924475361112,2025-07-07T08:00:00.000Z
sensor.heat_pump_temperatur,25.739874615361114,2025-07-07T09:00:00.000Z
sensor.heat_pump_temperatur,25.786965627333334,2025-07-07T10:00:00.000Z
sensor.heat_pump_temperatur,25.74833939552778,2025-07-07T11:00:00.000Z
sensor.heat_pump_temperatur,25.757077885527778,2025-07-07T12:00:00.000Z
sensor.heat_pump_temperatur,25.634967309694446,2025-07-07T13:00:00.000Z
sensor.heat_pump_temperatur,25.529497179499998,2025-07-07T14:00:00.000Z
sensor.heat_pump_temperatur,25.46596227361111,2025-07-07T15:00:00.000Z
sensor.heat_pump_temperatur,25.34919835438889,2025-07-07T16:00:00.000Z
sensor.heat_pump_temperatur,24.04894022111111,2025-07-07T17:00:00.000Z
sensor.heat_pump_temperatur,20.290793892916668,2025-07-07T18:00:00.000Z
sensor.heat_pump_temperatur,18.057614374083332,2025-07-07T19:00:00.000Z
sensor.heat_pump_temperatur,16.567606997055556,2025-07-07T20:00:00.000Z
sensor.heat_pump_temperatur,15.825598620166668,2025-07-07T21:00:00.000Z
sensor.heat_pump_temperatur,15.388307423611112,2025-07-07T22:00:00.000Z
sensor.heat_pump_temperatur,15.149478021055556,2025-07-07T23:00:00.000Z
sensor.heat_pump_temperatur,14.837740908055556,2025-07-08T00:00:00.000Z
sensor.heat_pump_temperatur,14.691774844666666,2025-07-08T01:00:00.000Z
sensor.heat_pump_temperatur,14.559755964694444,2025-07-08T02:00:00.000Z
sensor.heat_pump_temperatur,14.34369256211111,2025-07-08T03:00:00.000Z
sensor.heat_pump_temperatur,14.199999999999998,2025-07-08T04:00:00.000Z
sensor.heat_pump_temperatur,14.199999999999998,2025-07-08T05:00:00.000Z
sensor.heat_pump_temperatur,14.127175136777778,2025-07-08T06:00:00.000Z
sensor.heat_pump_temperatur,14.418960420666666,2025-07-08T07:00:00.000Z
sensor.heat_pump_temperatur,22.38925730072222,2025-07-08T08:00:00.000Z
sensor.heat_pump_temperatur,22.796289501416666,2025-07-08T09:00:00.000Z
sensor.heat_pump_temperatur,22.789164910777775,2025-07-08T10:00:00.000Z
sensor.heat_pump_temperatur,22.39324293997222,2025-07-08T11:00:00.000Z
sensor.heat_pump_temperatur,22.219824936,2025-07-08T12:00:00.000Z
sensor.heat_pump_temperatur,22.309041704305557,2025-07-08T13:00:00.000Z
sensor.heat_pump_temperatur,22.28760543163889,2025-07-08T14:00:00.000Z
sensor.heat_pump_temperatur,22.359839191361107,2025-07-08T15:00:00.000Z
sensor.heat_pump_temperatur,22.39884115136111,2025-07-08T16:00:00.000Z
sensor.heat_pump_temperatur,21.58884029808333,2025-07-08T17:00:00.000Z
sensor.heat_pump_temperatur,18.654754929972224,2025-07-08T18:00:00.000Z
sensor.heat_pump_temperatur,16.626289103305556,2025-07-08T19:00:00.000Z
sensor.heat_pump_temperatur,15.710366206944444,2025-07-08T20:00:00.000Z
sensor.heat_pump_temperatur,15.110591648055555,2025-07-08T21:00:00.000Z
sensor.heat_pump_temperatur,14.743257502694446,2025-07-08T22:00:00.000Z
sensor.heat_pump_temperatur,14.350196690583333,2025-07-08T23:00:00.000Z
sensor.heat_pump_temperatur,13.613647006611112,2025-07-09T00:00:00.000Z
sensor.heat_pump_temperatur,12.926707063583335,2025-07-09T01:00:00.000Z
sensor.heat_pump_temperatur,12.67868304275,2025-07-09T02:00:00.000Z
sensor.heat_pump_temperatur,12.336085070083334,2025-07-09T03:00:00.000Z
sensor.heat_pump_temperatur,11.797739636305556,2025-07-09T04:00:00.000Z
sensor.heat_pump_temperatur,11.928887488833334,2025-07-09T05:00:00.000Z
sensor.heat_pump_temperatur,12.649739260111112,2025-07-09T06:00:00.000Z
sensor.heat_pump_temperatur,15.07881766086111,2025-07-09T07:00:00.000Z
sensor.heat_pump_temperatur,20.693044845944446,2025-07-09T08:00:00.000Z
sensor.heat_pump_temperatur,21.097988712444444,2025-07-09T09:00:00.000Z
sensor.heat_pump_temperatur,21.284000243694447,2025-07-09T10:00:00.000Z
sensor.heat_pump_temperatur,21.543026542777778,2025-07-09T11:00:00.000Z
sensor.heat_pump_temperatur,21.818231277,2025-07-09T12:00:00.000Z
sensor.heat_pump_temperatur,22.175191414055558,2025-07-09T13:00:00.000Z
sensor.heat_pump_temperatur,22.492650645194445,2025-07-09T14:00:00.000Z
sensor.heat_pump_temperatur,22.654792708583333,2025-07-09T15:00:00.000Z
sensor.heat_pump_temperatur,22.698835277083333,2025-07-09T16:00:00.000Z
sensor.heat_pump_temperatur,22.427817497444448,2025-07-09T17:00:00.000Z
sensor.heat_pump_temperatur,20.96524603786111,2025-07-09T18:00:00.000Z
sensor.heat_pump_temperatur,19.358692906722222,2025-07-09T19:00:00.000Z
sensor.heat_pump_temperatur,17.504272439944444,2025-07-09T20:00:00.000Z
sensor.heat_pump_temperatur,15.896942008111111,2025-07-09T21:00:00.000Z
sensor.heat_pump_temperatur,14.57684031486111,2025-07-09T22:00:00.000Z
sensor.heat_pump_temperatur,13.530720124777778,2025-07-09T23:00:00.000Z
sensor.heat_pump_temperatur,12.835526296472223,2025-07-10T00:00:00.000Z
sensor.heat_pump_temperatur,12.143306890138888,2025-07-10T01:00:00.000Z
sensor.heat_pump_temperatur,11.513104310444445,2025-07-10T02:00:00.000Z
sensor.heat_pump_temperatur,10.966799009944445,2025-07-10T03:00:00.000Z
sensor.heat_pump_temperatur,10.524321207416667,2025-07-10T04:00:00.000Z
sensor.heat_pump_temperatur,10.471759776499999,2025-07-10T05:00:00.000Z
sensor.heat_pump_temperatur,11.074516438055555,2025-07-10T06:00:00.000Z
sensor.heat_pump_temperatur,13.91087334625,2025-07-10T07:00:00.000Z
sensor.heat_pump_temperatur,21.083059357583334,2025-07-10T08:00:00.000Z
sensor.heat_pump_temperatur,22.3290140835,2025-07-10T09:00:00.000Z
sensor.heat_pump_temperatur,23.51321202425,2025-07-10T10:00:00.000Z
sensor.heat_pump_temperatur,24.720461188277778,2025-07-10T11:00:00.000Z
sensor.heat_pump_temperatur,25.852895292138886,2025-07-10T12:00:00.000Z
sensor.heat_pump_temperatur,26.885841899972224,2025-07-10T13:00:00.000Z
sensor.heat_pump_temperatur,27.93902744758333,2025-07-10T14:00:00.000Z
sensor.heat_pump_temperatur,28.812417137555556,2025-07-10T15:00:00.000Z
sensor.heat_pump_temperatur,29.462858317444446,2025-07-10T16:00:00.000Z
sensor.heat_pump_temperatur,28.935152796944447,2025-07-10T17:00:00.000Z
sensor.heat_pump_temperatur,25.92006581088889,2025-07-10T18:00:00.000Z
sensor.heat_pump_temperatur,23.705383646166666,2025-07-10T19:00:00.000Z
sensor.heat_pump_temperatur,21.167083767222223,2025-07-10T20:00:00.000Z
sensor.heat_pump_temperatur,19.108145845888888,2025-07-10T21:00:00.000Z
sensor.heat_pump_temperatur,17.54876950997222,2025-07-10T22:00:00.000Z
sensor.heat_pump_temperatur,16.66686771238889,2025-07-10T23:00:00.000Z
sensor.heat_pump_temperatur,15.827927480722222,2025-07-11T00:00:00.000Z
sensor.heat_pump_temperatur,15.017194495916668,2025-07-11T01:00:00.000Z
sensor.heat_pump_temperatur,14.257526911833333,2025-07-11T02:00:00.000Z
sensor.heat_pump_temperatur,13.54112757,2025-07-11T03:00:00.000Z
sensor.heat_pump_temperatur,13.148996224305556,2025-07-11T04:00:00.000Z
sensor.heat_pump_temperatur,13.080538248027779,2025-07-11T05:00:00.000Z
sensor.heat_pump_temperatur,13.696272599472223,2025-07-11T06:00:00.000Z
sensor.heat_pump_temperatur,16.448226597416667,2025-07-11T07:00:00.000Z
sensor.heat_pump_temperatur,27.23773532805556,2025-07-11T08:00:00.000Z
sensor.heat_pump_temperatur,28.695312404916667,2025-07-11T09:00:00.000Z
sensor.heat_pump_temperatur,29.69092054525,2025-07-11T10:00:00.000Z
sensor.heat_pump_temperatur,30.44384573847222,2025-07-11T11:00:00.000Z
sensor.heat_pump_temperatur,31.04146895222222,2025-07-11T12:00:00.000Z
sensor.heat_pump_temperatur,31.195351834555556,2025-07-11T13:00:00.000Z
sensor.heat_pump_temperatur,31.19883818372222,2025-07-11T14:00:00.000Z
sensor.heat_pump_temperatur,31.227753014305552,2025-07-11T15:00:00.000Z
sensor.heat_pump_temperatur,31.261012400777776,2025-07-11T16:00:00.000Z
sensor.heat_pump_temperatur,30.311775859888886,2025-07-11T17:00:00.000Z
sensor.heat_pump_temperatur,27.130513354027773,2025-07-11T18:00:00.000Z
sensor.heat_pump_temperatur,24.514257208333333,2025-07-11T19:00:00.000Z
sensor.heat_pump_temperatur,22.052123625555556,2025-07-11T20:00:00.000Z
sensor.heat_pump_temperatur,20.012018580472223,2025-07-11T21:00:00.000Z
sensor.heat_pump_temperatur,18.40216478913889,2025-07-11T22:00:00.000Z
sensor.heat_pump_temperatur,17.189485497722224,2025-07-11T23:00:00.000Z
sensor.heat_pump_temperatur,16.24063875663889,2025-07-12T00:00:00.000Z
sensor.heat_pump_temperatur,15.52320892086111,2025-07-12T01:00:00.000Z
sensor.heat_pump_temperatur,14.71490864775,2025-07-12T02:00:00.000Z
sensor.heat_pump_temperatur,14.178207874333333,2025-07-12T03:00:00.000Z
sensor.heat_pump_temperatur,13.608739262472222,2025-07-12T04:00:00.000Z
sensor.heat_pump_temperatur,13.557756321527776,2025-07-12T05:00:00.000Z
sensor.heat_pump_temperatur,14.174883048361112,2025-07-12T06:00:00.000Z
sensor.heat_pump_temperatur,16.24241640575,2025-07-12T07:00:00.000Z
sensor.heat_pump_temperatur,28.163182386861113,2025-07-12T08:00:00.000Z
sensor.heat_pump_temperatur,29.548637279083334,2025-07-12T09:00:00.000Z
sensor.heat_pump_temperatur,30.3175221305,2025-07-12T10:00:00.000Z
sensor.heat_pump_temperatur,31.001908379305558,2025-07-12T11:00:00.000Z
sensor.heat_pump_temperatur,31.437997463333332,2025-07-12T12:00:00.000Z
sensor.heat_pump_temperatur,31.775236477000004,2025-07-12T13:00:00.000Z
sensor.heat_pump_temperatur,32.120089666055556,2025-07-12T14:00:00.000Z
sensor.heat_pump_temperatur,32.29161275305555,2025-07-12T15:00:00.000Z
sensor.heat_pump_temperatur,32.32633774275,2025-07-12T16:00:00.000Z
sensor.heat_pump_temperatur,31.319512512916663,2025-07-12T17:00:00.000Z
sensor.heat_pump_temperatur,27.857559332388888,2025-07-12T18:00:00.000Z
sensor.heat_pump_temperatur,24.84964253488889,2025-07-12T19:00:00.000Z
sensor.heat_pump_temperatur,22.156571684694445,2025-07-12T20:00:00.000Z
sensor.heat_pump_temperatur,19.776630629666666,2025-07-12T21:00:00.000Z
sensor.heat_pump_temperatur,17.9439900465,2025-07-12T22:00:00.000Z
sensor.heat_pump_temperatur,16.763041669916667,2025-07-12T23:00:00.000Z
sensor.heat_pump_temperatur,15.92044690388889,2025-07-13T00:00:00.000Z
sensor.heat_pump_temperatur,15.256309610833332,2025-07-13T01:00:00.000Z
sensor.heat_pump_temperatur,14.648552838666667,2025-07-13T02:00:00.000Z
sensor.heat_pump_temperatur,13.948940746444444,2025-07-13T03:00:00.000Z
sensor.heat_pump_temperatur,13.454348132277778,2025-07-13T04:00:00.000Z
sensor.heat_pump_temperatur,13.44018791002778,2025-07-13T05:00:00.000Z
sensor.heat_pump_temperatur,14.061691455277776,2025-07-13T06:00:00.000Z
sensor.heat_pump_temperatur,16.96499804086111,2025-07-13T07:00:00.000Z
sensor.heat_pump_temperatur,29.147827941666666,2025-07-13T08:00:00.000Z
sensor.heat_pump_temperatur,30.35552002011111,2025-07-13T09:00:00.000Z
sensor.heat_pump_temperatur,31.081242336055556,2025-07-13T10:00:00.000Z
sensor.heat_pump_temperatur,31.572769480555554,2025-07-13T11:00:00.000Z
sensor.heat_pump_temperatur,31.785263442944444,2025-07-13T12:00:00.000Z
sensor.heat_pump_temperatur,31.99346735022222,2025-07-13T13:00:00.000Z
sensor.heat_pump_temperatur,32.30630999280555,2025-07-13T14:00:00.000Z
sensor.heat_pump_temperatur,32.48237364775,2025-07-13T15:00:00.000Z
sensor.heat_pump_temperatur,32.48242581444445,2025-07-13T16:00:00.000Z
sensor.heat_pump_temperatur,31.73122015738889,2025-07-13T17:00:00.000Z
sensor.heat_pump_temperatur,29.021615616305553,2025-07-13T18:00:00.000Z
sensor.heat_pump_temperatur,26.908504994666668,2025-07-13T19:00:00.000Z
sensor.heat_pump_temperatur,25.274891458333332,2025-07-13T20:00:00.000Z
sensor.heat_pump_temperatur,24.298507321611112,2025-07-13T21:00:00.000Z
sensor.heat_pump_temperatur,23.72320684036111,2025-07-13T22:00:00.000Z
sensor.heat_pump_temperatur,22.586446362805557,2025-07-13T23:00:00.000Z
sensor.heat_pump_temperatur,21.969141010944444,2025-07-14T00:00:00.000Z
sensor.heat_pump_temperatur,21.77947262011111,2025-07-14T01:00:00.000Z
sensor.heat_pump_temperatur,21.8,2025-07-14T02:00:00.000Z
sensor.heat_pump_temperatur,20.983386001833335,2025-07-14T03:00:00.000Z
sensor.heat_pump_temperatur,20.07778675925,2025-07-14T04:00:00.000Z
sensor.heat_pump_temperatur,19.36226294291667,2025-07-14T05:00:00.000Z
sensor.heat_pump_temperatur,19.439125296777778,2025-07-14T06:00:00.000Z
sensor.heat_pump_temperatur,19.530935714555557,2025-07-14T07:00:00.000Z
sensor.heat_pump_temperatur,28.580825702555558,2025-07-14T08:00:00.000Z
sensor.heat_pump_temperatur,28.711906167305557,2025-07-14T09:00:00.000Z
sensor.heat_pump_temperatur,28.634859083055556,2025-07-14T10:00:00.000Z
sensor.heat_pump_temperatur,28.84705790538889,2025-07-14T11:00:00.000Z
sensor.heat_pump_temperatur,29.2007627465,2025-07-14T12:00:00.000Z
sensor.heat_pump_temperatur,29.44311461683333,2025-07-14T13:00:00.000Z
sensor.heat_pump_temperatur,29.69613504025,2025-07-14T14:00:00.000Z
sensor.heat_pump_temperatur,29.86719784772222,2025-07-14T15:00:00.000Z
sensor.heat_pump_temperatur,29.868154278305553,2025-07-14T16:00:00.000Z
sensor.heat_pump_temperatur,29.280854997444447,2025-07-14T17:00:00.000Z
sensor.heat_pump_temperatur,27.098748605194444,2025-07-14T18:00:00.000Z
sensor.heat_pump_temperatur,25.561021394555556,2025-07-14T19:00:00.000Z
sensor.heat_pump_temperatur,24.172193464777777,2025-07-14T20:00:00.000Z
sensor.heat_pump_temperatur,22.966244926777776,2025-07-14T21:00:00.000Z
sensor.heat_pump_temperatur,21.922114259472224,2025-07-14T22:00:00.000Z
sensor.heat_pump_temperatur,20.93991330563889,2025-07-14T23:00:00.000Z
sensor.heat_pump_temperatur,20.258453267194444,2025-07-15T00:00:00.000Z
sensor.heat_pump_temperatur,19.73644927552778,2025-07-15T01:00:00.000Z
sensor.heat_pump_temperatur,19.52314243097222,2025-07-15T02:00:00.000Z
sensor.heat_pump_temperatur,19.402964331138886,2025-07-15T03:00:00.000Z
sensor.heat_pump_temperatur,19.400174896194443,2025-07-15T04:00:00.000Z
sensor.heat_pump_temperatur,19.585835183416666,2025-07-15T05:00:00.000Z
sensor.heat_pump_temperatur,20.077981479833333,2025-07-15T06:00:00.000Z
sensor.heat_pump_temperatur,20.849829819083332,2025-07-15T07:00:00.000Z
sensor.heat_pump_temperatur,27.593486081638886,2025-07-15T08:00:00.000Z
sensor.heat_pump_temperatur,28.64552240702778,2025-07-15T09:00:00.000Z
sensor.heat_pump_temperatur,29.618309035472222,2025-07-15T10:00:00.000Z
sensor.heat_pump_temperatur,30.225837209138888,2025-07-15T11:00:00.000Z
sensor.heat_pump_temperatur,30.735990975861114,2025-07-15T12:00:00.000Z
sensor.heat_pump_temperatur,31.103746167472224,2025-07-15T13:00:00.000Z
sensor.heat_pump_temperatur,31.2,2025-07-15T14:00:00.000Z
sensor.heat_pump_temperatur,31.19729740775,2025-07-15T15:00:00.000Z
sensor.heat_pump_temperatur,31.084886825944448,2025-07-15T16:00:00.000Z
sensor.heat_pump_temperatur,30.105724142527777,2025-07-15T17:00:00.000Z
sensor.heat_pump_temperatur,26.90649789436111,2025-07-15T18:00:00.000Z
sensor.heat_pump_temperatur,24.652509225611112,2025-07-15T19:00:00.000Z
sensor.heat_pump_temperatur,23.24575625563889,2025-07-15T20:00:00.000Z
sensor.heat_pump_temperatur,22.100909578444444,2025-07-15T21:00:00.000Z
sensor.heat_pump_temperatur,21.14800540411111,2025-07-15T22:00:00.000Z
sensor.heat_pump_temperatur,20.31437635738889,2025-07-15T23:00:00.000Z
sensor.heat_pump_temperatur,19.4265712415,2025-07-16T00:00:00.000Z
sensor.heat_pump_temperatur,18.969502998,2025-07-16T01:00:00.000Z
sensor.heat_pump_temperatur,18.842859421305555,2025-07-16T02:00:00.000Z
sensor.heat_pump_temperatur,18.611927915805556,2025-07-16T03:00:00.000Z
sensor.heat_pump_temperatur,18.402249355055556,2025-07-16T04:00:00.000Z
sensor.heat_pump_temperatur,18.32920200436111,2025-07-16T05:00:00.000Z
sensor.heat_pump_temperatur,18.38825716511111,2025-07-16T06:00:00.000Z
sensor.heat_pump_temperatur,18.257073743694445,2025-07-16T07:00:00.000Z
sensor.heat_pump_temperatur,27.681056743055553,2025-07-16T08:00:00.000Z
sensor.heat_pump_temperatur,28,2025-07-16T09:00:00.000Z
sensor.heat_pump_temperatur,27.920833450999996,2025-07-16T10:00:00.000Z
sensor.heat_pump_temperatur,27.804581556583333,2025-07-16T11:00:00.000Z
sensor.heat_pump_temperatur,27.714323034416665,2025-07-16T12:00:00.000Z
sensor.heat_pump_temperatur,27.691872555388887,2025-07-16T13:00:00.000Z
sensor.heat_pump_temperatur,27.601443775888892,2025-07-16T14:00:00.000Z
sensor.heat_pump_temperatur,27.59961319769445,2025-07-16T15:00:00.000Z
sensor.heat_pump_temperatur,27.515788447555554,2025-07-16T16:00:00.000Z
sensor.heat_pump_temperatur,26.663337562472222,2025-07-16T17:00:00.000Z
sensor.heat_pump_temperatur,23.805995353777778,2025-07-16T18:00:00.000Z
sensor.heat_pump_temperatur,21.561909044305555,2025-07-16T19:00:00.000Z
sensor.heat_pump_temperatur,18.683294901638888,2025-07-16T20:00:00.000Z
sensor.heat_pump_temperatur,17.427428332416667,2025-07-16T21:00:00.000Z
sensor.heat_pump_temperatur,16.277988553333333,2025-07-16T22:00:00.000Z
sensor.heat_pump_temperatur,15.841407975083333,2025-07-16T23:00:00.000Z
sensor.heat_pump_temperatur,15.36243511211111,2025-07-17T00:00:00.000Z
sensor.heat_pump_temperatur,14.693080692166667,2025-07-17T01:00:00.000Z
sensor.heat_pump_temperatur,14.179100261583331,2025-07-17T02:00:00.000Z
sensor.heat_pump_temperatur,13.809634134000001,2025-07-17T03:00:00.000Z
sensor.heat_pump_temperatur,13.763680249916668,2025-07-17T04:00:00.000Z
sensor.heat_pump_temperatur,13.969889310194445,2025-07-17T05:00:00.000Z
sensor.heat_pump_temperatur,14.69715852013889,2025-07-17T06:00:00.000Z
sensor.heat_pump_temperatur,17.063541215333334,2025-07-17T07:00:00.000Z
sensor.heat_pump_temperatur,24.80129858536111,2025-07-17T08:00:00.000Z
sensor.heat_pump_temperatur,25.356550188194444,2025-07-17T09:00:00.000Z
sensor.heat_pump_temperatur,25.8475420045,2025-07-17T10:00:00.000Z
sensor.heat_pump_temperatur,26.304194551,2025-07-17T11:00:00.000Z
sensor.heat_pump_temperatur,26.603110056722226,2025-07-17T12:00:00.000Z
sensor.heat_pump_temperatur,26.94711836661111,2025-07-17T13:00:00.000Z
sensor.heat_pump_temperatur,27.294511190555554,2025-07-17T14:00:00.000Z
sensor.heat_pump_temperatur,27.506239746916666,2025-07-17T15:00:00.000Z
sensor.heat_pump_temperatur,27.600000000000005,2025-07-17T16:00:00.000Z
sensor.heat_pump_temperatur,27.059893667249998,2025-07-17T17:00:00.000Z
sensor.heat_pump_temperatur,25.003243374611113,2025-07-17T18:00:00.000Z
sensor.heat_pump_temperatur,23.091538601472223,2025-07-17T19:00:00.000Z
sensor.heat_pump_temperatur,21.163681276277778,2025-07-17T20:00:00.000Z
sensor.heat_pump_temperatur,19.201255243111113,2025-07-17T21:00:00.000Z
sensor.heat_pump_temperatur,17.794956252805555,2025-07-17T22:00:00.000Z
sensor.heat_pump_temperatur,16.807305240485537,2025-07-17T23:00:00.000Z
sensor.heat_pump_temperatur,16.27502937686111,2025-07-18T00:00:00.000Z
sensor.heat_pump_temperatur,15.62359649175,2025-07-18T01:00:00.000Z
sensor.heat_pump_temperatur,14.97569276011111,2025-07-18T02:00:00.000Z
sensor.heat_pump_temperatur,14.628075267305555,2025-07-18T03:00:00.000Z
sensor.heat_pump_temperatur,14.324033122000001,2025-07-18T04:00:00.000Z
sensor.heat_pump_temperatur,14.385788673166667,2025-07-18T05:00:00.000Z
sensor.heat_pump_temperatur,15.031970262694443,2025-07-18T06:00:00.000Z
sensor.heat_pump_temperatur,16.977375392611112,2025-07-18T07:00:00.000Z
sensor.heat_pump_temperatur,25.318078371,2025-07-18T08:00:00.000Z
sensor.heat_pump_temperatur,25.974161410194444,2025-07-18T09:00:00.000Z
sensor.heat_pump_temperatur,26.41841614786111,2025-07-18T10:00:00.000Z
sensor.heat_pump_temperatur,26.89267868025,2025-07-18T11:00:00.000Z
sensor.heat_pump_temperatur,27.369964768888888,2025-07-18T12:00:00.000Z
sensor.heat_pump_temperatur,27.789978200694446,2025-07-18T13:00:00.000Z
sensor.heat_pump_temperatur,28.16218464825,2025-07-18T14:00:00.000Z
sensor.heat_pump_temperatur,28.397397895555557,2025-07-18T15:00:00.000Z
sensor.heat_pump_temperatur,28.5,2025-07-18T16:00:00.000Z
sensor.heat_pump_temperatur,28.186007688694446,2025-07-18T17:00:00.000Z
sensor.heat_pump_temperatur,26.56088364022222,2025-07-18T18:00:00.000Z
sensor.heat_pump_temperatur,24.47709829538889,2025-07-18T19:00:00.000Z
sensor.heat_pump_temperatur,22.26798246983333,2025-07-18T20:00:00.000Z
sensor.heat_pump_temperatur,20.32257172136111,2025-07-18T21:00:00.000Z
sensor.heat_pump_temperatur,18.768579116222224,2025-07-18T22:00:00.000Z
sensor.heat_pump_temperatur,17.673104824166668,2025-07-18T23:00:00.000Z
sensor.heat_pump_temperatur,16.877302889305557,2025-07-19T00:00:00.000Z
sensor.heat_pump_temperatur,16.309054490250002,2025-07-19T01:00:00.000Z
sensor.heat_pump_temperatur,15.7713146205,2025-07-19T02:00:00.000Z
sensor.heat_pump_temperatur,15.311720325222224,2025-07-19T03:00:00.000Z
sensor.heat_pump_temperatur,15.243058047388887,2025-07-19T04:00:00.000Z
sensor.heat_pump_temperatur,15.6289519085,2025-07-19T05:00:00.000Z
sensor.heat_pump_temperatur,16.537341753333333,2025-07-19T06:00:00.000Z
sensor.heat_pump_temperatur,19.01295222663889,2025-07-19T07:00:00.000Z
sensor.heat_pump_temperatur,26.343519947138887,2025-07-19T08:00:00.000Z
sensor.heat_pump_temperatur,26.943475417944445,2025-07-19T09:00:00.000Z
sensor.heat_pump_temperatur,27.35000932188889,2025-07-19T10:00:00.000Z
sensor.heat_pump_temperatur,27.55587399163889,2025-07-19T11:00:00.000Z
sensor.heat_pump_temperatur,27.600000000000005,2025-07-19T12:00:00.000Z
sensor.heat_pump_temperatur,27.512722874638886,2025-07-19T13:00:00.000Z
sensor.heat_pump_temperatur,27.328249666250002,2025-07-19T14:00:00.000Z
sensor.heat_pump_temperatur,27.3,2025-07-19T15:00:00.000Z
sensor.heat_pump_temperatur,27.3,2025-07-19T16:00:00.000Z
sensor.heat_pump_temperatur,26.907435309972225,2025-07-19T17:00:00.000Z
sensor.heat_pump_temperatur,25.185045640888887,2025-07-19T18:00:00.000Z
sensor.heat_pump_temperatur,23.686987124555557,2025-07-19T19:00:00.000Z
sensor.heat_pump_temperatur,22.188082845666667,2025-07-19T20:00:00.000Z
sensor.heat_pump_temperatur,20.64343127072222,2025-07-19T21:00:00.000Z
sensor.heat_pump_temperatur,19.362078097583332,2025-07-19T22:00:00.000Z
sensor.heat_pump_temperatur,18.625122073694445,2025-07-19T23:00:00.000Z
sensor.heat_pump_temperatur,18.12621411111111,2025-07-20T00:00:00.000Z
sensor.heat_pump_temperatur,17.479735641999998,2025-07-20T01:00:00.000Z
sensor.heat_pump_temperatur,16.862514458305554,2025-07-20T02:00:00.000Z
sensor.heat_pump_temperatur,16.488143713194443,2025-07-20T03:00:00.000Z
sensor.heat_pump_temperatur,16.25813177025,2025-07-20T04:00:00.000Z
sensor.heat_pump_temperatur,16.390299759527778,2025-07-20T05:00:00.000Z
sensor.heat_pump_temperatur,17.197947992083332,2025-07-20T06:00:00.000Z
sensor.heat_pump_temperatur,19.250112068444444,2025-07-20T07:00:00.000Z
sensor.heat_pump_temperatur,25.804297210055555,2025-07-20T08:00:00.000Z
sensor.heat_pump_temperatur,27.080783380527777,2025-07-20T09:00:00.000Z
sensor.heat_pump_temperatur,28.27151451758333,2025-07-20T10:00:00.000Z
sensor.heat_pump_temperatur,29.384764428083333,2025-07-20T11:00:00.000Z
sensor.heat_pump_temperatur,30.168762034583334,2025-07-20T12:00:00.000Z
sensor.heat_pump_temperatur,30.405963014277777,2025-07-20T13:00:00.000Z
sensor.heat_pump_temperatur,30.72686572336111,2025-07-20T14:00:00.000Z
sensor.heat_pump_temperatur,30.749097291722222,2025-07-20T15:00:00.000Z
sensor.heat_pump_temperatur,30.565662420250003,2025-07-20T16:00:00.000Z
sensor.heat_pump_temperatur,28.512172985416665,2025-07-20T17:00:00.000Z
sensor.heat_pump_temperatur,22.31029242263889,2025-07-20T18:00:00.000Z
sensor.heat_pump_temperatur,20.51645803213889,2025-07-20T19:00:00.000Z
sensor.heat_pump_temperatur,19.681389265694445,2025-07-20T20:00:00.000Z
sensor.heat_pump_temperatur,19.313904963694444,2025-07-20T21:00:00.000Z
sensor.heat_pump_temperatur,19.128140465833333,2025-07-20T22:00:00.000Z
sensor.heat_pump_temperatur,18.655224205944446,2025-07-20T23:00:00.000Z
sensor.heat_pump_temperatur,18.187377295333334,2025-07-21T00:00:00.000Z
sensor.heat_pump_temperatur,17.89079801947222,2025-07-21T01:00:00.000Z
sensor.heat_pump_temperatur,17.573865676305555,2025-07-21T02:00:00.000Z
sensor.heat_pump_temperatur,17.355272569055554,2025-07-21T03:00:00.000Z
sensor.heat_pump_temperatur,17.248227532083334,2025-07-21T04:00:00.000Z
sensor.heat_pump_temperatur,17.13807478336111,2025-07-21T05:00:00.000Z
sensor.heat_pump_temperatur,17.238303218472222,2025-07-21T06:00:00.000Z
sensor.heat_pump_temperatur,17.678947301333334,2025-07-21T07:00:00.000Z
sensor.heat_pump_temperatur,26.963246881416666,2025-07-21T08:00:00.000Z
sensor.heat_pump_temperatur,27.97575248372222,2025-07-21T09:00:00.000Z
sensor.heat_pump_temperatur,28.94402477375,2025-07-21T10:00:00.000Z
sensor.heat_pump_temperatur,29.86486923344445,2025-07-21T11:00:00.000Z
sensor.heat_pump_temperatur,30.39034480505556,2025-07-21T12:00:00.000Z
sensor.heat_pump_temperatur,30.625768343833332,2025-07-21T13:00:00.000Z
sensor.heat_pump_temperatur,30.729821172305552,2025-07-21T14:00:00.000Z
sensor.heat_pump_temperatur,30.934899852444445,2025-07-21T15:00:00.000Z
sensor.heat_pump_temperatur,30.821922221333335,2025-07-21T16:00:00.000Z
sensor.heat_pump_temperatur,29.51557949963889,2025-07-21T17:00:00.000Z
sensor.heat_pump_temperatur,25.47319146175,2025-07-21T18:00:00.000Z
sensor.heat_pump_temperatur,23.100035229027778,2025-07-21T19:00:00.000Z
sensor.heat_pump_temperatur,21.79985542616667,2025-07-21T20:00:00.000Z
sensor.heat_pump_temperatur,20.60577478811111,2025-07-21T21:00:00.000Z
sensor.heat_pump_temperatur,19.507537309583334,2025-07-21T22:00:00.000Z
sensor.heat_pump_temperatur,18.72550497786111,2025-07-21T23:00:00.000Z
sensor.heat_pump_temperatur,18.4540203,2025-07-22T00:00:00.000Z
sensor.heat_pump_temperatur,18.4,2025-07-22T01:00:00.000Z
sensor.heat_pump_temperatur,18.4,2025-07-22T02:00:00.000Z
sensor.heat_pump_temperatur,18.374706392166665,2025-07-22T03:00:00.000Z
sensor.heat_pump_temperatur,18.239733844305555,2025-07-22T04:00:00.000Z
sensor.heat_pump_temperatur,18.10169275316667,2025-07-22T05:00:00.000Z
sensor.heat_pump_temperatur,18.344312275416666,2025-07-22T06:00:00.000Z
sensor.heat_pump_temperatur,18.859147865361113,2025-07-22T07:00:00.000Z
sensor.heat_pump_temperatur,26.84377009188889,2025-07-22T08:00:00.000Z
sensor.heat_pump_temperatur,27.100000000000005,2025-07-22T09:00:00.000Z
sensor.heat_pump_temperatur,27.100000000000005,2025-07-22T10:00:00.000Z
sensor.heat_pump_temperatur,27.18567975211111,2025-07-22T11:00:00.000Z
sensor.heat_pump_temperatur,27.2,2025-07-22T12:00:00.000Z
sensor.heat_pump_temperatur,27.263154156777777,2025-07-22T13:00:00.000Z
sensor.heat_pump_temperatur,27.37358650511111,2025-07-22T14:00:00.000Z
sensor.heat_pump_temperatur,27.39651832838889,2025-07-22T15:00:00.000Z
sensor.heat_pump_temperatur,27.319871567805553,2025-07-22T16:00:00.000Z
sensor.heat_pump_temperatur,26.434856347416666,2025-07-22T17:00:00.000Z
sensor.heat_pump_temperatur,23.746918196750002,2025-07-22T18:00:00.000Z
sensor.heat_pump_temperatur,21.742540076416663,2025-07-22T19:00:00.000Z
sensor.heat_pump_temperatur,19.726937868083333,2025-07-22T20:00:00.000Z
sensor.heat_pump_temperatur,17.92203255488889,2025-07-22T21:00:00.000Z
sensor.heat_pump_temperatur,16.664497435277777,2025-07-22T22:00:00.000Z
sensor.heat_pump_temperatur,15.824037964388891,2025-07-22T23:00:00.000Z
sensor.heat_pump_temperatur,14.918756963472221,2025-07-23T00:00:00.000Z
sensor.heat_pump_temperatur,14.23372170222222,2025-07-23T01:00:00.000Z
sensor.heat_pump_temperatur,13.740162274055555,2025-07-23T02:00:00.000Z
sensor.heat_pump_temperatur,13.239419315500001,2025-07-23T03:00:00.000Z
sensor.heat_pump_temperatur,12.764528524638889,2025-07-23T04:00:00.000Z
sensor.heat_pump_temperatur,12.804842914333333,2025-07-23T05:00:00.000Z
sensor.heat_pump_temperatur,13.707827422888888,2025-07-23T06:00:00.000Z
sensor.heat_pump_temperatur,16.43915319525,2025-07-23T07:00:00.000Z
sensor.heat_pump_temperatur,25.39827603022222,2025-07-23T08:00:00.000Z
sensor.heat_pump_temperatur,26.732620927222218,2025-07-23T09:00:00.000Z
sensor.heat_pump_temperatur,27.76176639038889,2025-07-23T10:00:00.000Z
sensor.heat_pump_temperatur,28.899579355527777,2025-07-23T11:00:00.000Z
sensor.heat_pump_temperatur,29.696419477916667,2025-07-23T12:00:00.000Z
sensor.heat_pump_temperatur,30.301368224833336,2025-07-23T13:00:00.000Z
sensor.heat_pump_temperatur,30.70570296875,2025-07-23T14:00:00.000Z
sensor.heat_pump_temperatur,30.974447668388887,2025-07-23T15:00:00.000Z
sensor.heat_pump_temperatur,30.80031101488889,2025-07-23T16:00:00.000Z
sensor.heat_pump_temperatur,29.800706296,2025-07-23T17:00:00.000Z
sensor.heat_pump_temperatur,26.284853220305553,2025-07-23T18:00:00.000Z
sensor.heat_pump_temperatur,23.63994154097222,2025-07-23T19:00:00.000Z
sensor.heat_pump_temperatur,21.717439090416665,2025-07-23T20:00:00.000Z
sensor.heat_pump_temperatur,20.433048191777775,2025-07-23T21:00:00.000Z
sensor.heat_pump_temperatur,19.575330215111112,2025-07-23T22:00:00.000Z
sensor.heat_pump_temperatur,18.86004534588889,2025-07-23T23:00:00.000Z
sensor.heat_pump_temperatur,17.80216262388889,2025-07-24T00:00:00.000Z
sensor.heat_pump_temperatur,17.29174796127778,2025-07-24T01:00:00.000Z
sensor.heat_pump_temperatur,17.087760857416665,2025-07-24T02:00:00.000Z
sensor.heat_pump_temperatur,16.874460912944443,2025-07-24T03:00:00.000Z
sensor.heat_pump_temperatur,16.692900465250002,2025-07-24T04:00:00.000Z
sensor.heat_pump_temperatur,16.599226625916668,2025-07-24T05:00:00.000Z
sensor.heat_pump_temperatur,16.760966344722224,2025-07-24T06:00:00.000Z
sensor.heat_pump_temperatur,17.186679622416666,2025-07-24T07:00:00.000Z
sensor.heat_pump_temperatur,27.712663155805558,2025-07-24T08:00:00.000Z
sensor.heat_pump_temperatur,28.81785968211111,2025-07-24T09:00:00.000Z
sensor.heat_pump_temperatur,29.58225118586111,2025-07-24T10:00:00.000Z
sensor.heat_pump_temperatur,30.196713515138892,2025-07-24T11:00:00.000Z
sensor.heat_pump_temperatur,30.734683815944447,2025-07-24T12:00:00.000Z
sensor.heat_pump_temperatur,31.081964958833336,2025-07-24T13:00:00.000Z
sensor.heat_pump_temperatur,30.79731936397222,2025-07-24T14:00:00.000Z
sensor.heat_pump_temperatur,30.7930080475,2025-07-24T15:00:00.000Z
sensor.heat_pump_temperatur,30.703307011777778,2025-07-24T16:00:00.000Z
sensor.heat_pump_temperatur,29.64785817177778,2025-07-24T17:00:00.000Z
sensor.heat_pump_temperatur,25.58957855761111,2025-07-24T18:00:00.000Z
sensor.heat_pump_temperatur,22.69892165463889,2025-07-24T19:00:00.000Z
sensor.heat_pump_temperatur,20.63669640627778,2025-07-24T20:00:00.000Z
sensor.heat_pump_temperatur,19.188987303583332,2025-07-24T21:00:00.000Z
sensor.heat_pump_temperatur,18.26393006777778,2025-07-24T22:00:00.000Z
sensor.heat_pump_temperatur,17.664071007194444,2025-07-24T23:00:00.000Z
sensor.heat_pump_temperatur,17.218651937388888,2025-07-25T00:00:00.000Z
sensor.heat_pump_temperatur,16.89623637833333,2025-07-25T01:00:00.000Z
sensor.heat_pump_temperatur,16.76471324686111,2025-07-25T02:00:00.000Z
sensor.heat_pump_temperatur,16.60023428827778,2025-07-25T03:00:00.000Z
sensor.heat_pump_temperatur,16.41499108333333,2025-07-25T04:00:00.000Z
sensor.heat_pump_temperatur,16.382183480583333,2025-07-25T05:00:00.000Z
sensor.heat_pump_temperatur,16.317570553472223,2025-07-25T06:00:00.000Z
sensor.heat_pump_temperatur,16.47154534497222,2025-07-25T07:00:00.000Z
sensor.heat_pump_temperatur,27.190202463833334,2025-07-25T08:00:00.000Z
sensor.heat_pump_temperatur,27.580402404055558,2025-07-25T09:00:00.000Z
sensor.heat_pump_temperatur,27.600000000000005,2025-07-25T10:00:00.000Z
sensor.heat_pump_temperatur,27.636283228555556,2025-07-25T11:00:00.000Z
sensor.heat_pump_temperatur,27.698066201222222,2025-07-25T12:00:00.000Z
sensor.heat_pump_temperatur,28.020599439277778,2025-07-25T13:00:00.000Z
sensor.heat_pump_temperatur,28.150395721333336,2025-07-25T14:00:00.000Z
sensor.heat_pump_temperatur,27.79284806936111,2025-07-25T15:00:00.000Z
sensor.heat_pump_temperatur,27.566065750000003,2025-07-25T16:00:00.000Z
sensor.heat_pump_temperatur,26.435399064666665,2025-07-25T17:00:00.000Z
sensor.heat_pump_temperatur,22.954589148861114,2025-07-25T18:00:00.000Z
sensor.heat_pump_temperatur,20.81307526077778,2025-07-25T19:00:00.000Z
sensor.heat_pump_temperatur,19.195721196527778,2025-07-25T20:00:00.000Z
sensor.heat_pump_temperatur,17.921519689916668,2025-07-25T21:00:00.000Z
sensor.heat_pump_temperatur,17.061246539194446,2025-07-25T22:00:00.000Z
sensor.heat_pump_temperatur,16.667612083277778,2025-07-25T23:00:00.000Z
sensor.heat_pump_temperatur,16.308606260055555,2025-07-26T00:00:00.000Z
sensor.heat_pump_temperatur,16.199224654305556,2025-07-26T01:00:00.000Z
sensor.heat_pump_temperatur,16.19612391463889,2025-07-26T02:00:00.000Z
sensor.heat_pump_temperatur,16.194991718833332,2025-07-26T03:00:00.000Z
sensor.heat_pump_temperatur,16.12330048205556,2025-07-26T04:00:00.000Z
sensor.heat_pump_temperatur,16.255920696444445,2025-07-26T05:00:00.000Z
sensor.heat_pump_temperatur,16.508304005166668,2025-07-26T06:00:00.000Z
sensor.heat_pump_temperatur,17.019716259,2025-07-26T07:00:00.000Z
sensor.heat_pump_temperatur,25.14253523388889,2025-07-26T08:00:00.000Z
sensor.heat_pump_temperatur,26.085130806,2025-07-26T09:00:00.000Z
sensor.heat_pump_temperatur,26.903382062555554,2025-07-26T10:00:00.000Z
sensor.heat_pump_temperatur,28.01712355502778,2025-07-26T11:00:00.000Z
sensor.heat_pump_temperatur,29.040195913638886,2025-07-26T12:00:00.000Z
sensor.heat_pump_temperatur,29.85493915177778,2025-07-26T13:00:00.000Z
sensor.heat_pump_temperatur,30.777640496643496,2025-07-26T14:00:00.000Z
sensor.heat_pump_temperatur,31.226622757750004,2025-07-26T15:00:00.000Z
sensor.heat_pump_temperatur,31.405903254611108,2025-07-26T16:00:00.000Z
sensor.heat_pump_temperatur,30.104965261916664,2025-07-26T17:00:00.000Z
sensor.heat_pump_temperatur,25.580889745972225,2025-07-26T18:00:00.000Z
sensor.heat_pump_temperatur,22.792823805583335,2025-07-26T19:00:00.000Z
sensor.heat_pump_temperatur,20.958325867805556,2025-07-26T20:00:00.000Z
sensor.heat_pump_temperatur,19.465453934444444,2025-07-26T21:00:00.000Z
sensor.heat_pump_temperatur,18.62830612647222,2025-07-26T22:00:00.000Z
sensor.heat_pump_temperatur,18.270511758555557,2025-07-26T23:00:00.000Z
sensor.heat_pump_temperatur,17.914288487694446,2025-07-27T00:00:00.000Z
sensor.heat_pump_temperatur,17.433527742722223,2025-07-27T01:00:00.000Z
sensor.heat_pump_temperatur,17.2,2025-07-27T02:00:00.000Z
sensor.heat_pump_temperatur,17.2,2025-07-27T03:00:00.000Z
sensor.heat_pump_temperatur,16.537054754555555,2025-07-28T05:00:00.000Z
sensor.heat_pump_temperatur,15.671570876888888,2025-07-28T06:00:00.000Z
sensor.heat_pump_temperatur,15.445009540166668,2025-07-28T07:00:00.000Z
sensor.heat_pump_temperatur,24.298202321222224,2025-07-28T08:00:00.000Z
sensor.heat_pump_temperatur,24.43059487747222,2025-07-28T09:00:00.000Z
sensor.heat_pump_temperatur,24.32318070936111,2025-07-28T10:00:00.000Z
sensor.heat_pump_temperatur,24.301165268333335,2025-07-28T11:00:00.000Z
sensor.heat_pump_temperatur,24.382927479888888,2025-07-28T12:00:00.000Z
sensor.heat_pump_temperatur,24.493440635888888,2025-07-28T13:00:00.000Z
sensor.heat_pump_temperatur,24.40117126722222,2025-07-28T14:00:00.000Z
sensor.heat_pump_temperatur,24.399999999999995,2025-07-28T15:00:00.000Z
sensor.heat_pump_temperatur,24.334512741472224,2025-07-28T16:00:00.000Z
sensor.heat_pump_temperatur,23.52316158972222,2025-07-28T17:00:00.000Z
sensor.heat_pump_temperatur,20.580297510416667,2025-07-28T18:00:00.000Z
sensor.heat_pump_temperatur,18.605346694500003,2025-07-28T19:00:00.000Z
sensor.heat_pump_temperatur,17.31818035113889,2025-07-28T20:00:00.000Z
sensor.heat_pump_temperatur,16.742885733694447,2025-07-28T21:00:00.000Z
sensor.heat_pump_temperatur,16.203634467388888,2025-07-28T22:00:00.000Z
sensor.heat_pump_temperatur,15.898617019083334,2025-07-28T23:00:00.000Z
sensor.heat_pump_temperatur,15.53207645588889,2025-07-29T00:00:00.000Z
sensor.heat_pump_temperatur,15.275928229194443,2025-07-29T01:00:00.000Z
sensor.heat_pump_temperatur,15.199999999999998,2025-07-29T02:00:00.000Z
sensor.heat_pump_temperatur,15.153157873861112,2025-07-29T03:00:00.000Z
sensor.heat_pump_temperatur,15.001121740666667,2025-07-29T04:00:00.000Z
sensor.heat_pump_temperatur,14.93316242161111,2025-07-29T05:00:00.000Z
sensor.heat_pump_temperatur,15.224893495638888,2025-07-29T06:00:00.000Z
sensor.heat_pump_temperatur,16.044960654416666,2025-07-29T07:00:00.000Z
sensor.heat_pump_temperatur,22.461030451,2025-07-29T08:00:00.000Z
sensor.heat_pump_temperatur,23.210535054091327,2025-07-29T09:00:00.000Z
sensor.heat_pump_temperatur,24.27603666297222,2025-07-29T10:00:00.000Z
sensor.heat_pump_temperatur,25.32606169275,2025-07-29T11:00:00.000Z
sensor.heat_pump_temperatur,26.414996609055553,2025-07-29T12:00:00.000Z
sensor.heat_pump_temperatur,27.366080139164225,2025-07-29T13:00:00.000Z
sensor.heat_pump_temperatur,28.022325320580137,2025-07-29T14:00:00.000Z
sensor.heat_pump_temperatur,28.526960558166667,2025-07-29T15:00:00.000Z
sensor.heat_pump_temperatur,29.125899575361114,2025-07-29T16:00:00.000Z
sensor.heat_pump_temperatur,28.44219094641667,2025-07-29T17:00:00.000Z
sensor.heat_pump_temperatur,24.543274890333333,2025-07-29T18:00:00.000Z
sensor.heat_pump_temperatur,21.448467022366504,2025-07-29T19:00:00.000Z
sensor.heat_pump_temperatur,19.33596368986111,2025-07-29T20:00:00.000Z
sensor.heat_pump_temperatur,17.697995360738002,2025-07-29T21:00:00.000Z
sensor.heat_pump_temperatur,16.44487674233333,2025-07-29T22:00:00.000Z
sensor.heat_pump_temperatur,15.504990645666666,2025-07-29T23:00:00.000Z
sensor.heat_pump_temperatur,14.684541444138889,2025-07-30T00:00:00.000Z
sensor.heat_pump_temperatur,14.101566426166668,2025-07-30T01:00:00.000Z
sensor.heat_pump_temperatur,13.582589306916667,2025-07-30T02:00:00.000Z
sensor.heat_pump_temperatur,13.257983095277778,2025-07-30T03:00:00.000Z
sensor.heat_pump_temperatur,13.20348403138889,2025-07-30T04:00:00.000Z
sensor.heat_pump_temperatur,13.38951146475,2025-07-30T05:00:00.000Z
sensor.heat_pump_temperatur,14.012856617175016,2025-07-30T06:00:00.000Z
sensor.heat_pump_temperatur,15.514514248583334,2025-07-30T07:00:00.000Z
sensor.heat_pump_temperatur,26.43218360208333,2025-07-30T08:00:00.000Z
sensor.heat_pump_temperatur,27.368389489194445,2025-07-30T09:00:00.000Z
sensor.heat_pump_temperatur,28.001912515944444,2025-07-30T10:00:00.000Z
sensor.heat_pump_temperatur,28.67469776499495,2025-07-30T11:00:00.000Z
sensor.heat_pump_temperatur,29.42258341436111,2025-07-30T12:00:00.000Z
sensor.heat_pump_temperatur,29.94038806311111,2025-07-30T13:00:00.000Z
sensor.heat_pump_temperatur,30.25604539875,2025-07-30T14:00:00.000Z
sensor.heat_pump_temperatur,30.237822231985266,2025-07-30T15:00:00.000Z
sensor.heat_pump_temperatur,30.261435688027778,2025-07-30T16:00:00.000Z
sensor.heat_pump_temperatur,28.810565315305553,2025-07-30T17:00:00.000Z
sensor.heat_pump_temperatur,24.244619934190453,2025-07-30T18:00:00.000Z
sensor.heat_pump_temperatur,21.311088257138888,2025-07-30T19:00:00.000Z
sensor.heat_pump_temperatur,19.433683616666666,2025-07-30T20:00:00.000Z
sensor.heat_pump_temperatur,18.179773444972223,2025-07-30T21:00:00.000Z
sensor.heat_pump_temperatur,17.062137658305556,2025-07-30T22:00:00.000Z
sensor.heat_pump_temperatur,16.485104894527776,2025-07-30T23:00:00.000Z
sensor.heat_pump_temperatur,16.016101015305555,2025-07-31T00:00:00.000Z
sensor.heat_pump_temperatur,15.698410160463036,2025-07-31T01:00:00.000Z
sensor.heat_pump_temperatur,15.327693476583335,2025-07-31T02:00:00.000Z
sensor.heat_pump_temperatur,14.796807158805557,2025-07-31T03:00:00.000Z
sensor.heat_pump_temperatur,14.40773339938889,2025-07-31T04:00:00.000Z
sensor.heat_pump_temperatur,14.376354558333333,2025-07-31T05:00:00.000Z
sensor.heat_pump_temperatur,15.059115339305556,2025-07-31T06:00:00.000Z
sensor.heat_pump_temperatur,16.24327863975,2025-07-31T07:00:00.000Z
sensor.heat_pump_temperatur,26.983685377555556,2025-07-31T08:00:00.000Z
sensor.heat_pump_temperatur,27.494689914694444,2025-07-31T09:00:00.000Z
sensor.heat_pump_temperatur,27.600000000000005,2025-07-31T10:00:00.000Z
sensor.heat_pump_temperatur,27.600000000000005,2025-07-31T11:00:00.000Z
sensor.heat_pump_temperatur,27.602704342722223,2025-07-31T12:00:00.000Z
sensor.heat_pump_temperatur,27.7783067955,2025-07-31T13:00:00.000Z
sensor.heat_pump_temperatur,28.11216915163889,2025-07-31T14:00:00.000Z
sensor.heat_pump_temperatur,28.275995935472224,2025-07-31T15:00:00.000Z
sensor.heat_pump_temperatur,28.328718569777777,2025-07-31T16:00:00.000Z
sensor.heat_pump_temperatur,27.68244917375,2025-07-31T17:00:00.000Z
sensor.heat_pump_temperatur,25.086781497,2025-07-31T18:00:00.000Z
sensor.heat_pump_temperatur,22.58136419525,2025-07-31T19:00:00.000Z
sensor.heat_pump_temperatur,20.65114002788889,2025-07-31T20:00:00.000Z
sensor.heat_pump_temperatur,19.329298826194442,2025-07-31T21:00:00.000Z
sensor.heat_pump_temperatur,18.28878323875,2025-07-31T22:00:00.000Z
sensor.heat_pump_temperatur,17.502132305055557,2025-07-31T23:00:00.000Z
sensor.heat_pump_temperatur,17.309287533194446,2025-08-01T00:00:00.000Z
sensor.heat_pump_temperatur,17.312395942166667,2025-08-01T01:00:00.000Z
sensor.heat_pump_temperatur,17.299461421638892,2025-08-01T02:00:00.000Z
sensor.heat_pump_temperatur,17.22919374875,2025-08-01T03:00:00.000Z
sensor.heat_pump_temperatur,17.20616039538889,2025-08-01T04:00:00.000Z
sensor.heat_pump_temperatur,17.429036230444442,2025-08-01T05:00:00.000Z
sensor.heat_pump_temperatur,17.91976875469444,2025-08-01T06:00:00.000Z
sensor.heat_pump_temperatur,18.81942677402778,2025-08-01T07:00:00.000Z
sensor.heat_pump_temperatur,25.932143773305555,2025-08-01T08:00:00.000Z
sensor.heat_pump_temperatur,26.002968248055556,2025-08-01T09:00:00.000Z
sensor.heat_pump_temperatur,25.95928506025,2025-08-01T10:00:00.000Z
sensor.heat_pump_temperatur,25.961505642000002,2025-08-01T11:00:00.000Z
sensor.heat_pump_temperatur,26.17027990275,2025-08-01T12:00:00.000Z
sensor.heat_pump_temperatur,26.205562184444446,2025-08-01T13:00:00.000Z
sensor.heat_pump_temperatur,26.208893745487615,2025-08-01T14:00:00.000Z
sensor.heat_pump_temperatur,26.1287501155,2025-08-01T15:00:00.000Z
sensor.heat_pump_temperatur,25.97294394591667,2025-08-01T16:00:00.000Z
sensor.heat_pump_temperatur,24.32917611297222,2025-08-01T17:00:00.000Z
sensor.heat_pump_temperatur,19.88415601727778,2025-08-01T18:00:00.000Z
sensor.heat_pump_temperatur,18.208182123777778,2025-08-01T19:00:00.000Z
sensor.heat_pump_temperatur,17.263176048194442,2025-08-01T20:00:00.000Z
sensor.heat_pump_temperatur,16.461728014749998,2025-08-01T21:00:00.000Z
sensor.heat_pump_temperatur,16.112623436194443,2025-08-01T22:00:00.000Z
sensor.heat_pump_temperatur,15.881479144416668,2025-08-01T23:00:00.000Z
sensor.heat_pump_temperatur,15.725713275194444,2025-08-02T00:00:00.000Z
sensor.heat_pump_temperatur,15.626785296833333,2025-08-02T01:00:00.000Z
sensor.heat_pump_temperatur,15.444646449444443,2025-08-02T02:00:00.000Z
sensor.heat_pump_temperatur,15.251705119194446,2025-08-02T03:00:00.000Z
sensor.heat_pump_temperatur,15.083696638583334,2025-08-02T04:00:00.000Z
sensor.heat_pump_temperatur,15.0982328575,2025-08-02T05:00:00.000Z
sensor.heat_pump_temperatur,15.296694315722222,2025-08-02T06:00:00.000Z
sensor.heat_pump_temperatur,15.854547819277778,2025-08-02T07:00:00.000Z
sensor.heat_pump_temperatur,23.17963052886111,2025-08-02T08:00:00.000Z
sensor.heat_pump_temperatur,23.399999999999995,2025-08-02T09:00:00.000Z
sensor.heat_pump_temperatur,23.31801636575,2025-08-02T10:00:00.000Z
sensor.heat_pump_temperatur,23.201157291805554,2025-08-02T11:00:00.000Z
sensor.heat_pump_temperatur,23.220813080305557,2025-08-02T12:00:00.000Z
sensor.heat_pump_temperatur,23.3,2025-08-02T13:00:00.000Z
sensor.heat_pump_temperatur,23.469005433611112,2025-08-02T14:00:00.000Z
sensor.heat_pump_temperatur,23.951513098888892,2025-08-02T15:00:00.000Z
sensor.heat_pump_temperatur,24.478821463305554,2025-08-02T16:00:00.000Z
sensor.heat_pump_temperatur,23.96364542111111,2025-08-02T17:00:00.000Z
sensor.heat_pump_temperatur,20.88228627238889,2025-08-02T18:00:00.000Z
sensor.heat_pump_temperatur,18.738570370972223,2025-08-02T19:00:00.000Z
sensor.heat_pump_temperatur,17.3401448195,2025-08-02T20:00:00.000Z
sensor.heat_pump_temperatur,16.417494681694446,2025-08-02T21:00:00.000Z
sensor.heat_pump_temperatur,16.06788442338889,2025-08-02T22:00:00.000Z
sensor.heat_pump_temperatur,15.799096243527778,2025-08-02T23:00:00.000Z
sensor.heat_pump_temperatur,15.497881443944445,2025-08-03T00:00:00.000Z
sensor.heat_pump_temperatur,15.321974549833334,2025-08-03T01:00:00.000Z
sensor.heat_pump_temperatur,15.300000000000002,2025-08-03T02:00:00.000Z
sensor.heat_pump_temperatur,15.221056185499998,2025-08-03T03:00:00.000Z
sensor.heat_pump_temperatur,15.12796574011111,2025-08-03T04:00:00.000Z
sensor.heat_pump_temperatur,15.190695696222221,2025-08-03T05:00:00.000Z
sensor.heat_pump_temperatur,15.516849898583333,2025-08-03T06:00:00.000Z
sensor.heat_pump_temperatur,16.522191979888888,2025-08-03T07:00:00.000Z
sensor.heat_pump_temperatur,23.259601744222223,2025-08-03T08:00:00.000Z
sensor.heat_pump_temperatur,24.36634030516667,2025-08-03T09:00:00.000Z
sensor.heat_pump_temperatur,25.20355841988889,2025-08-03T10:00:00.000Z
sensor.heat_pump_temperatur,25.930795794555554,2025-08-03T11:00:00.000Z
sensor.heat_pump_temperatur,26.61027035588889,2025-08-03T12:00:00.000Z
sensor.heat_pump_temperatur,27.327365131277777,2025-08-03T13:00:00.000Z
sensor.heat_pump_temperatur,28.075944222916664,2025-08-03T14:00:00.000Z
sensor.heat_pump_temperatur,28.566886757861113,2025-08-03T15:00:00.000Z
sensor.heat_pump_temperatur,29.040752262083334,2025-08-03T16:00:00.000Z
sensor.heat_pump_temperatur,28.138970088833332,2025-08-03T17:00:00.000Z
sensor.heat_pump_temperatur,23.92219828458333,2025-08-03T18:00:00.000Z
sensor.heat_pump_temperatur,21.026421111699552,2025-08-03T19:00:00.000Z
sensor.heat_pump_temperatur,18.700725031805558,2025-08-03T20:00:00.000Z
sensor.heat_pump_temperatur,16.897030978416666,2025-08-03T21:00:00.000Z
sensor.heat_pump_temperatur,15.777092159,2025-08-03T22:00:00.000Z
sensor.heat_pump_temperatur,14.908606393694443,2025-08-03T23:00:00.000Z
sensor.heat_pump_temperatur,14.23517791111111,2025-08-04T00:00:00.000Z
sensor.heat_pump_temperatur,13.761362020666667,2025-08-04T01:00:00.000Z
sensor.heat_pump_temperatur,13.454327501166667,2025-08-04T02:00:00.000Z
sensor.heat_pump_temperatur,13.327055160134721,2025-08-04T03:00:00.000Z
sensor.heat_pump_temperatur,13.382087641555556,2025-08-04T04:00:00.000Z
sensor.heat_pump_temperatur,13.688916378583334,2025-08-04T05:00:00.000Z
sensor.heat_pump_temperatur,14.284491884046728,2025-08-04T06:00:00.000Z
sensor.heat_pump_temperatur,15.267374779904374,2025-08-04T07:00:00.000Z
sensor.heat_pump_temperatur,25.984095245972224,2025-08-04T08:00:00.000Z
sensor.heat_pump_temperatur,26.938924941326118,2025-08-04T09:00:00.000Z
sensor.heat_pump_temperatur,27.86248968069121,2025-08-04T10:00:00.000Z
sensor.heat_pump_temperatur,28.897397097555555,2025-08-04T11:00:00.000Z
sensor.heat_pump_temperatur,29.859352370833335,2025-08-04T12:00:00.000Z
sensor.heat_pump_temperatur,30.584007100527774,2025-08-04T13:00:00.000Z
sensor.heat_pump_temperatur,31.056959161500004,2025-08-04T14:00:00.000Z
sensor.heat_pump_temperatur,31.173808815884232,2025-08-04T15:00:00.000Z
sensor.heat_pump_temperatur,31.119807856972226,2025-08-04T16:00:00.000Z
sensor.heat_pump_temperatur,29.99322990475,2025-08-04T17:00:00.000Z
sensor.heat_pump_temperatur,26.519342139499997,2025-08-04T18:00:00.000Z
sensor.heat_pump_temperatur,24.084597927111115,2025-08-04T19:00:00.000Z
sensor.heat_pump_temperatur,22.278864760416667,2025-08-04T20:00:00.000Z
sensor.heat_pump_temperatur,20.811081819916666,2025-08-04T21:00:00.000Z
sensor.heat_pump_temperatur,19.684341720305557,2025-08-04T22:00:00.000Z
sensor.heat_pump_temperatur,18.81810739361111,2025-08-04T23:00:00.000Z
sensor.heat_pump_temperatur,18.06325294838889,2025-08-05T00:00:00.000Z
sensor.heat_pump_temperatur,17.394659553805557,2025-08-05T01:00:00.000Z
sensor.heat_pump_temperatur,17.078413264416668,2025-08-05T02:00:00.000Z
sensor.heat_pump_temperatur,16.607523674916667,2025-08-05T03:00:00.000Z
sensor.heat_pump_temperatur,16.4,2025-08-05T04:00:00.000Z
sensor.heat_pump_temperatur,16.48165914652778,2025-08-05T05:00:00.000Z
sensor.heat_pump_temperatur,16.936875051583332,2025-08-05T06:00:00.000Z
sensor.heat_pump_temperatur,18.44337504911111,2025-08-05T07:00:00.000Z
sensor.heat_pump_temperatur,28.469913045833334,2025-08-05T08:00:00.000Z
sensor.heat_pump_temperatur,29.5303632065,2025-08-05T09:00:00.000Z
sensor.heat_pump_temperatur,30.30231752077778,2025-08-05T10:00:00.000Z
sensor.heat_pump_temperatur,30.96332182177778,2025-08-05T11:00:00.000Z
sensor.heat_pump_temperatur,31.199224388944444,2025-08-05T12:00:00.000Z
sensor.heat_pump_temperatur,30.759846044694445,2025-08-05T13:00:00.000Z
sensor.heat_pump_temperatur,30.40197740686111,2025-08-05T14:00:00.000Z
sensor.heat_pump_temperatur,30.269764357777778,2025-08-05T15:00:00.000Z
sensor.heat_pump_temperatur,30.18058807136111,2025-08-05T16:00:00.000Z
sensor.heat_pump_temperatur,28.96144611472222,2025-08-05T17:00:00.000Z
sensor.heat_pump_temperatur,25.10903634688889,2025-08-05T18:00:00.000Z
sensor.heat_pump_temperatur,22.128558365222222,2025-08-05T19:00:00.000Z
sensor.heat_pump_temperatur,19.687507903027775,2025-08-05T20:00:00.000Z
sensor.heat_pump_temperatur,17.83539626302778,2025-08-05T21:00:00.000Z
sensor.heat_pump_temperatur,16.39354943075,2025-08-05T22:00:00.000Z
sensor.heat_pump_temperatur,15.341917929472222,2025-08-05T23:00:00.000Z
sensor.heat_pump_temperatur,14.417914191305556,2025-08-06T00:00:00.000Z
sensor.heat_pump_temperatur,13.684083805444445,2025-08-06T01:00:00.000Z
sensor.heat_pump_temperatur,13.112260399361112,2025-08-06T02:00:00.000Z
sensor.heat_pump_temperatur,12.483083191444443,2025-08-06T03:00:00.000Z
sensor.heat_pump_temperatur,11.894221475,2025-08-06T04:00:00.000Z
sensor.heat_pump_temperatur,11.605531638222223,2025-08-06T05:00:00.000Z
sensor.heat_pump_temperatur,12.011006519027779,2025-08-06T06:00:00.000Z
sensor.heat_pump_temperatur,13.646151628527777,2025-08-06T07:00:00.000Z
sensor.heat_pump_temperatur,26.42337231997222,2025-08-06T08:00:00.000Z
sensor.heat_pump_temperatur,27.565744997083332,2025-08-06T09:00:00.000Z
sensor.heat_pump_temperatur,28.375436437583332,2025-08-06T10:00:00.000Z
sensor.heat_pump_temperatur,29.141059665444445,2025-08-06T11:00:00.000Z
sensor.heat_pump_temperatur,29.74531422153784,2025-08-06T12:00:00.000Z
sensor.heat_pump_temperatur,30.23183775847222,2025-08-06T13:00:00.000Z
sensor.heat_pump_temperatur,30.54540416136111,2025-08-06T14:00:00.000Z
sensor.heat_pump_temperatur,30.691600643,2025-08-06T15:00:00.000Z
sensor.heat_pump_temperatur,30.76368054069444,2025-08-06T16:00:00.000Z
sensor.heat_pump_temperatur,29.40842768827778,2025-08-06T17:00:00.000Z
sensor.heat_pump_temperatur,25.02463413838889,2025-08-06T18:00:00.000Z
sensor.heat_pump_temperatur,21.617400210083332,2025-08-06T19:00:00.000Z
sensor.heat_pump_temperatur,18.999484496111112,2025-08-06T20:00:00.000Z
sensor.heat_pump_temperatur,17.17693339988889,2025-08-06T21:00:00.000Z
sensor.heat_pump_temperatur,15.92873048236111,2025-08-06T22:00:00.000Z
sensor.heat_pump_temperatur,14.92092926961111,2025-08-06T23:00:00.000Z
sensor.heat_pump_temperatur,14.092978076694445,2025-08-07T00:00:00.000Z
sensor.heat_pump_temperatur,13.372047510333333,2025-08-07T01:00:00.000Z
sensor.heat_pump_temperatur,12.736095116666666,2025-08-07T02:00:00.000Z
sensor.heat_pump_temperatur,12.251156189222222,2025-08-07T03:00:00.000Z
sensor.heat_pump_temperatur,12.010800647027779,2025-08-07T04:00:00.000Z
sensor.heat_pump_temperatur,12.023417571944444,2025-08-07T05:00:00.000Z
sensor.heat_pump_temperatur,12.425310365194443,2025-08-07T06:00:00.000Z
sensor.heat_pump_temperatur,14.677291512333333,2025-08-07T07:00:00.000Z
sensor.heat_pump_temperatur,27.236866253111113,2025-08-07T08:00:00.000Z
sensor.heat_pump_temperatur,28.59932481811111,2025-08-07T09:00:00.000Z
sensor.heat_pump_temperatur,29.622683038575346,2025-08-07T10:00:00.000Z
sensor.heat_pump_temperatur,30.42989115111111,2025-08-07T11:00:00.000Z
sensor.heat_pump_temperatur,31.082705847555555,2025-08-07T12:00:00.000Z
sensor.heat_pump_temperatur,31.43276243963889,2025-08-07T13:00:00.000Z
sensor.heat_pump_temperatur,31.685752459944442,2025-08-07T14:00:00.000Z
sensor.heat_pump_temperatur,31.8,2025-08-07T15:00:00.000Z
sensor.heat_pump_temperatur,31.8,2025-08-07T16:00:00.000Z
sensor.heat_pump_temperatur,30.875949595583336,2025-08-07T17:00:00.000Z
sensor.heat_pump_temperatur,27.522466392,2025-08-07T18:00:00.000Z
sensor.heat_pump_temperatur,24.429321731083334,2025-08-07T19:00:00.000Z
sensor.heat_pump_temperatur,21.835910091055556,2025-08-07T20:00:00.000Z
sensor.heat_pump_temperatur,19.838145668027778,2025-08-07T21:00:00.000Z
sensor.heat_pump_temperatur,18.444714706194443,2025-08-07T22:00:00.000Z
sensor.heat_pump_temperatur,17.289770040222223,2025-08-07T23:00:00.000Z
sensor.heat_pump_temperatur,16.384479037138888,2025-08-08T00:00:00.000Z
sensor.heat_pump_temperatur,15.716156447722222,2025-08-08T01:00:00.000Z
sensor.heat_pump_temperatur,15.129831556055557,2025-08-08T02:00:00.000Z
sensor.heat_pump_temperatur,14.696931795,2025-08-08T03:00:00.000Z
sensor.heat_pump_temperatur,14.212105175083332,2025-08-08T04:00:00.000Z
sensor.heat_pump_temperatur,14.061256034166666,2025-08-08T05:00:00.000Z
sensor.heat_pump_temperatur,14.460861643249999,2025-08-08T06:00:00.000Z
sensor.heat_pump_temperatur,16.840709559416666,2025-08-08T07:00:00.000Z
sensor.heat_pump_temperatur,28.88196094997222,2025-08-08T08:00:00.000Z
sensor.heat_pump_temperatur,30.14261275377778,2025-08-08T09:00:00.000Z
sensor.heat_pump_temperatur,30.856226832722225,2025-08-08T10:00:00.000Z
sensor.heat_pump_temperatur,31.36482678361111,2025-08-08T11:00:00.000Z
sensor.heat_pump_temperatur,31.766396482333334,2025-08-08T12:00:00.000Z
sensor.heat_pump_temperatur,32.18305880041667,2025-08-08T13:00:00.000Z
sensor.heat_pump_temperatur,32.47114117555555,2025-08-08T14:00:00.000Z
sensor.heat_pump_temperatur,32.65287596322222,2025-08-08T15:00:00.000Z
sensor.heat_pump_temperatur,32.57660676127778,2025-08-08T16:00:00.000Z
sensor.heat_pump_temperatur,31.801553316888885,2025-08-08T17:00:00.000Z
sensor.heat_pump_temperatur,28.982573328833336,2025-08-08T18:00:00.000Z
sensor.heat_pump_temperatur,26.049471171555556,2025-08-08T19:00:00.000Z
sensor.heat_pump_temperatur,23.593169898750002,2025-08-08T20:00:00.000Z
sensor.heat_pump_temperatur,21.61347610236111,2025-08-08T21:00:00.000Z
sensor.heat_pump_temperatur,20.132537662805557,2025-08-08T22:00:00.000Z
sensor.heat_pump_temperatur,18.948676392444444,2025-08-08T23:00:00.000Z
sensor.heat_pump_temperatur,17.903113602083334,2025-08-09T00:00:00.000Z
sensor.heat_pump_temperatur,17.059613048694445,2025-08-09T01:00:00.000Z
sensor.heat_pump_temperatur,16.34936802747222,2025-08-09T02:00:00.000Z
sensor.heat_pump_temperatur,15.879439104222222,2025-08-09T03:00:00.000Z
sensor.heat_pump_temperatur,15.417052837611111,2025-08-09T04:00:00.000Z
sensor.heat_pump_temperatur,15.24423578311111,2025-08-09T05:00:00.000Z
sensor.heat_pump_temperatur,15.641910093111113,2025-08-09T06:00:00.000Z
sensor.heat_pump_temperatur,17.818001171972224,2025-08-09T07:00:00.000Z
sensor.heat_pump_temperatur,29.312067195277777,2025-08-09T08:00:00.000Z
sensor.heat_pump_temperatur,30.110533431666667,2025-08-09T09:00:00.000Z
sensor.heat_pump_temperatur,30.813865555777777,2025-08-09T10:00:00.000Z
sensor.heat_pump_temperatur,31.358638886333335,2025-08-09T11:00:00.000Z
sensor.heat_pump_temperatur,31.791011431777775,2025-08-09T12:00:00.000Z
sensor.heat_pump_temperatur,32.22345570866667,2025-08-09T13:00:00.000Z
sensor.heat_pump_temperatur,32.52055726508333,2025-08-09T14:00:00.000Z
sensor.heat_pump_temperatur,32.610932153722224,2025-08-09T15:00:00.000Z
sensor.heat_pump_temperatur,32.51615525241667,2025-08-09T16:00:00.000Z
sensor.heat_pump_temperatur,32.003254930055554,2025-08-09T17:00:00.000Z
sensor.heat_pump_temperatur,29.91606150191667,2025-08-09T18:00:00.000Z
sensor.heat_pump_temperatur,27.281338278666666,2025-08-09T19:00:00.000Z
sensor.heat_pump_temperatur,24.912784715194444,2025-08-09T20:00:00.000Z
sensor.heat_pump_temperatur,23.225619704805553,2025-08-09T21:00:00.000Z
sensor.heat_pump_temperatur,22.244868607749996,2025-08-09T22:00:00.000Z
sensor.heat_pump_temperatur,21.459069885861112,2025-08-09T23:00:00.000Z
sensor.heat_pump_temperatur,20.831147396333332,2025-08-10T00:00:00.000Z
sensor.heat_pump_temperatur,20.26207777386111,2025-08-10T01:00:00.000Z
sensor.heat_pump_temperatur,19.8294790615,2025-08-10T02:00:00.000Z
sensor.heat_pump_temperatur,19.36547170463889,2025-08-10T03:00:00.000Z
sensor.heat_pump_temperatur,18.616705487055558,2025-08-10T04:00:00.000Z
sensor.heat_pump_temperatur,18.454819864388888,2025-08-10T05:00:00.000Z
sensor.heat_pump_temperatur,18.92059504586111,2025-08-10T06:00:00.000Z
sensor.heat_pump_temperatur,20.392786280944446,2025-08-10T07:00:00.000Z
sensor.heat_pump_temperatur,29.963381149416666,2025-08-10T08:00:00.000Z
sensor.heat_pump_temperatur,30.81973200727778,2025-08-10T09:00:00.000Z
sensor.heat_pump_temperatur,31.250793059611112,2025-08-10T10:00:00.000Z
sensor.heat_pump_temperatur,31.567727288833336,2025-08-10T11:00:00.000Z
sensor.heat_pump_temperatur,31.903631848305555,2025-08-10T12:00:00.000Z
sensor.heat_pump_temperatur,32.20699086766667,2025-08-10T13:00:00.000Z
sensor.heat_pump_temperatur,32.394539407694445,2025-08-10T14:00:00.000Z
sensor.heat_pump_temperatur,32.499615495166665,2025-08-10T15:00:00.000Z
sensor.heat_pump_temperatur,32.43840474333333,2025-08-10T16:00:00.000Z
sensor.heat_pump_temperatur,31.289769615222934,2025-08-10T17:00:00.000Z
sensor.heat_pump_temperatur,27.731236240817385,2025-08-10T18:00:00.000Z
sensor.heat_pump_temperatur,25.360525531805553,2025-08-10T19:00:00.000Z
sensor.heat_pump_temperatur,23.048671721694443,2025-08-10T20:00:00.000Z
sensor.heat_pump_temperatur,21.13560956327778,2025-08-10T21:00:00.000Z
sensor.heat_pump_temperatur,19.764430182055555,2025-08-10T22:00:00.000Z
sensor.heat_pump_temperatur,18.75040996802778,2025-08-10T23:00:00.000Z
sensor.heat_pump_temperatur,17.920109583305557,2025-08-11T00:00:00.000Z
sensor.heat_pump_temperatur,17.16022938788889,2025-08-11T01:00:00.000Z
sensor.heat_pump_temperatur,16.493707405,2025-08-11T02:00:00.000Z
sensor.heat_pump_temperatur,15.983112775583335,2025-08-11T03:00:00.000Z
sensor.heat_pump_temperatur,15.563431779388887,2025-08-11T04:00:00.000Z
sensor.heat_pump_temperatur,15.273201428027777,2025-08-11T05:00:00.000Z
sensor.heat_pump_temperatur,15.611227692833333,2025-08-11T06:00:00.000Z
sensor.heat_pump_temperatur,17.227198816583336,2025-08-11T07:00:00.000Z
sensor.heat_pump_temperatur,29.36964040463889,2025-08-11T08:00:00.000Z
sensor.heat_pump_temperatur,30.430473962611114,2025-08-11T09:00:00.000Z
sensor.heat_pump_temperatur,31.0287511385,2025-08-11T10:00:00.000Z
sensor.heat_pump_temperatur,31.43063367522222,2025-08-11T11:00:00.000Z
sensor.heat_pump_temperatur,31.78467650513889,2025-08-11T12:00:00.000Z
sensor.heat_pump_temperatur,32.151843938944445,2025-08-11T13:00:00.000Z
sensor.heat_pump_temperatur,32.30658961597222,2025-08-11T14:00:00.000Z
sensor.heat_pump_temperatur,32.25929190322222,2025-08-11T15:00:00.000Z
sensor.heat_pump_temperatur,31.850531681861113,2025-08-11T16:00:00.000Z
sensor.heat_pump_temperatur,31.27119877963636,2025-08-11T17:00:00.000Z
sensor.heat_pump_temperatur,30.054181287549113,2025-08-11T18:00:00.000Z
sensor.heat_pump_temperatur,26.92492766193776,2025-08-11T19:00:00.000Z
sensor.heat_pump_temperatur,24.30483107747222,2025-08-11T20:00:00.000Z
sensor.heat_pump_temperatur,22.37492925976517,2025-08-11T21:00:00.000Z
sensor.heat_pump_temperatur,20.89820145641667,2025-08-11T22:00:00.000Z
sensor.heat_pump_temperatur,19.772714325027778,2025-08-11T23:00:00.000Z
sensor.heat_pump_temperatur,18.89444857059956,2025-08-12T00:00:00.000Z
sensor.heat_pump_temperatur,18.144197984444443,2025-08-12T01:00:00.000Z
sensor.heat_pump_temperatur,17.57769510468756,2025-08-12T02:00:00.000Z
sensor.heat_pump_temperatur,17.012929876969316,2025-08-12T03:00:00.000Z
sensor.heat_pump_temperatur,16.583429536249998,2025-08-12T04:00:00.000Z
sensor.heat_pump_temperatur,16.5,2025-08-12T05:00:00.000Z
sensor.heat_pump_temperatur,16.5,2025-08-12T06:00:00.000Z
sensor.heat_pump_temperatur,17.27043344611111,2025-08-13T02:00:00.000Z
sensor.heat_pump_temperatur,19.078842803222223,2025-08-13T03:00:00.000Z
sensor.heat_pump_temperatur,18.47219567847222,2025-08-13T04:00:00.000Z
sensor.heat_pump_temperatur,18.3,2025-08-13T05:00:00.000Z
sensor.heat_pump_temperatur,18.3,2025-08-13T06:00:00.000Z
sensor.heat_pump_temperatur,19.174065210694444,2025-08-14T02:00:00.000Z
sensor.heat_pump_temperatur,21.714289891694445,2025-08-14T03:00:00.000Z
sensor.heat_pump_temperatur,22.166252849972224,2025-08-14T04:00:00.000Z
sensor.heat_pump_temperatur,22.2,2025-08-14T05:00:00.000Z
sensor.heat_pump_temperatur,22.2,2025-08-14T06:00:00.000Z
sensor.heat_pump_temperatur,21.665477470499997,2025-08-15T02:00:00.000Z
sensor.heat_pump_temperatur,20.40500468763889,2025-08-15T03:00:00.000Z
sensor.heat_pump_temperatur,20.002317018777777,2025-08-15T04:00:00.000Z
sensor.heat_pump_temperatur,19.9,2025-08-15T05:00:00.000Z
sensor.heat_pump_temperatur,19.9,2025-08-15T06:00:00.000Z
sensor.heat_pump_temperatur,20.194409402444442,2025-08-16T02:00:00.000Z
sensor.heat_pump_temperatur,20.659891167222224,2025-08-16T03:00:00.000Z
sensor.heat_pump_temperatur,20.283399274333334,2025-08-16T04:00:00.000Z
sensor.heat_pump_temperatur,20.2,2025-08-16T05:00:00.000Z
sensor.heat_pump_temperatur,20.2,2025-08-16T06:00:00.000Z
sensor.heat_pump_temperatur,19.587911461694443,2025-08-17T02:00:00.000Z
sensor.heat_pump_temperatur,17.97429049525,2025-08-17T03:00:00.000Z
sensor.heat_pump_temperatur,17.31939518202778,2025-08-17T04:00:00.000Z
sensor.heat_pump_temperatur,17.2,2025-08-17T05:00:00.000Z
sensor.heat_pump_temperatur,17.2,2025-08-17T06:00:00.000Z
sensor.heat_pump_temperatur,16.39852624152778,2025-08-18T02:00:00.000Z
sensor.heat_pump_temperatur,14.594736205305557,2025-08-18T03:00:00.000Z
sensor.heat_pump_temperatur,13.982189528944446,2025-08-18T04:00:00.000Z
sensor.heat_pump_temperatur,13.9,2025-08-18T05:00:00.000Z
sensor.heat_pump_temperatur,13.9,2025-08-18T06:00:00.000Z
sensor.heat_pump_temperatur,14.626875284472222,2025-08-19T02:00:00.000Z
sensor.heat_pump_temperatur,15.301156143083332,2025-08-19T03:00:00.000Z
sensor.heat_pump_temperatur,14.758888613694443,2025-08-19T04:00:00.000Z
sensor.heat_pump_temperatur,14.699999999999998,2025-08-19T05:00:00.000Z
sensor.heat_pump_temperatur,14.699999999999998,2025-08-19T06:00:00.000Z
sensor.heat_pump_temperatur,16.318583160694445,2025-08-19T20:00:00.000Z
sensor.heat_pump_temperatur,24.680844806083332,2025-08-19T21:00:00.000Z
sensor.heat_pump_temperatur,23.993167089055557,2025-08-19T22:00:00.000Z
sensor.heat_pump_temperatur,23.19361631061111,2025-08-19T23:00:00.000Z
sensor.heat_pump_temperatur,22.609729607333335,2025-08-20T00:00:00.000Z
sensor.heat_pump_temperatur,22.600000000000005,2025-08-20T01:00:00.000Z
sensor.heat_pump_temperatur,22.322416188638893,2025-08-20T02:00:00.000Z
sensor.heat_pump_temperatur,20.740805379194445,2025-08-20T03:00:00.000Z
sensor.heat_pump_temperatur,20.15541403302778,2025-08-20T04:00:00.000Z
sensor.heat_pump_temperatur,20,2025-08-20T05:00:00.000Z
sensor.heat_pump_temperatur,20,2025-08-20T06:00:00.000Z
sensor.heat_pump_temperatur,17.74518849002778,2025-08-21T03:00:00.000Z
sensor.heat_pump_temperatur,17.550457548333334,2025-08-21T04:00:00.000Z
sensor.heat_pump_temperatur,17.5,2025-08-21T05:00:00.000Z
sensor.heat_pump_temperatur,17.5,2025-08-21T06:00:00.000Z
sensor.heat_pump_temperatur,16.56448256338889,2025-08-22T03:00:00.000Z
sensor.heat_pump_temperatur,16.394511356527776,2025-08-22T04:00:00.000Z
sensor.heat_pump_temperatur,16.3,2025-08-22T05:00:00.000Z
sensor.heat_pump_temperatur,16.3,2025-08-22T06:00:00.000Z
sensor.heat_pump_temperatur,15.755457440083333,2025-08-23T02:00:00.000Z
sensor.heat_pump_temperatur,14.388999998444445,2025-08-23T03:00:00.000Z
sensor.heat_pump_temperatur,14.134937819138889,2025-08-23T04:00:00.000Z
sensor.heat_pump_temperatur,14.1,2025-08-23T05:00:00.000Z
sensor.heat_pump_temperatur,14.1,2025-08-23T06:00:00.000Z
sensor.heat_pump_temperatur,13.792985075305557,2025-08-24T02:00:00.000Z
sensor.heat_pump_temperatur,12.848816518500001,2025-08-24T03:00:00.000Z
sensor.heat_pump_temperatur,12.626043703444445,2025-08-24T04:00:00.000Z
sensor.heat_pump_temperatur,12.5,2025-08-24T05:00:00.000Z
sensor.heat_pump_temperatur,12.5,2025-08-24T06:00:00.000Z
sensor.heat_pump_temperatur,12.330437921888889,2025-08-25T02:00:00.000Z
sensor.heat_pump_temperatur,11.474692162277778,2025-08-25T03:00:00.000Z
sensor.heat_pump_temperatur,11.022093037555555,2025-08-25T04:00:00.000Z
sensor.heat_pump_temperatur,10.9,2025-08-25T05:00:00.000Z
sensor.heat_pump_temperatur,10.9,2025-08-25T06:00:00.000Z
sensor.heat_pump_temperatur,11.570730153583334,2025-08-26T02:00:00.000Z
sensor.heat_pump_temperatur,12.624466039611113,2025-08-26T03:00:00.000Z
sensor.heat_pump_temperatur,12.207919572444444,2025-08-26T04:00:00.000Z
sensor.heat_pump_temperatur,12.1,2025-08-26T05:00:00.000Z
sensor.heat_pump_temperatur,12.1,2025-08-26T06:00:00.000Z
sensor.heat_pump_temperatur,13.242266728638889,2025-08-27T02:00:00.000Z
sensor.heat_pump_temperatur,17.458691573444444,2025-08-27T03:00:00.000Z
sensor.heat_pump_temperatur,17.066654325194445,2025-08-27T04:00:00.000Z
sensor.heat_pump_temperatur,17,2025-08-27T05:00:00.000Z
sensor.heat_pump_temperatur,17,2025-08-27T06:00:00.000Z
sensor.heat_pump_temperatur,17.161572929916666,2025-08-28T02:00:00.000Z
sensor.heat_pump_temperatur,17.43491149330708,2025-08-28T03:00:00.000Z
sensor.heat_pump_temperatur,17.40582871033957,2025-08-28T04:00:00.000Z
sensor.heat_pump_temperatur,17.4,2025-08-28T05:00:00.000Z
sensor.heat_pump_temperatur,17.4,2025-08-28T06:00:00.000Z
sensor.heat_pump_temperatur,16.59312917722222,2025-08-29T02:00:00.000Z
sensor.heat_pump_temperatur,14.617225943833333,2025-08-29T03:00:00.000Z
sensor.heat_pump_temperatur,13.929769699333335,2025-08-29T04:00:00.000Z
sensor.heat_pump_temperatur,13.800000000000002,2025-08-29T05:00:00.000Z
sensor.heat_pump_temperatur,13.800000000000002,2025-08-29T06:00:00.000Z
sensor.heat_pump_temperatur,14.385566241777779,2025-08-30T02:00:00.000Z
sensor.heat_pump_temperatur,15.23818547236111,2025-08-30T03:00:00.000Z
sensor.heat_pump_temperatur,15.101164282944444,2025-08-30T04:00:00.000Z
sensor.heat_pump_temperatur,15.1,2025-08-30T05:00:00.000Z
sensor.heat_pump_temperatur,15.1,2025-08-30T06:00:00.000Z
sensor.heat_pump_temperatur,14.56502780377778,2025-08-31T02:00:00.000Z
sensor.heat_pump_temperatur,13.042523370277777,2025-08-31T03:00:00.000Z
sensor.heat_pump_temperatur,12.9,2025-08-31T04:00:00.000Z
sensor.heat_pump_temperatur,12.9,2025-08-31T05:00:00.000Z
sensor.heat_pump_temperatur,14.398602963888889,2025-09-01T02:00:00.000Z
sensor.heat_pump_temperatur,17.51941674386111,2025-09-01T03:00:00.000Z
sensor.heat_pump_temperatur,16.799538912305554,2025-09-01T04:00:00.000Z
sensor.heat_pump_temperatur,16.7,2025-09-01T05:00:00.000Z
sensor.heat_pump_temperatur,16.7,2025-09-01T06:00:00.000Z
sensor.heat_pump_temperatur,16.585969688638887,2025-09-02T02:00:00.000Z
sensor.heat_pump_temperatur,15.70975445788889,2025-09-02T03:00:00.000Z
sensor.heat_pump_temperatur,15.517998972694445,2025-09-02T04:00:00.000Z
sensor.heat_pump_temperatur,15.5,2025-09-02T05:00:00.000Z
sensor.heat_pump_temperatur,15.5,2025-09-02T06:00:00.000Z
sensor.heat_pump_temperatur,16.84943428191667,2025-09-03T03:00:00.000Z
sensor.heat_pump_temperatur,17.08025867819048,2025-09-03T04:00:00.000Z
sensor.heat_pump_temperatur,16.30080631404762,2025-09-05T02:00:00.000Z
sensor.heat_pump_temperatur,15.473919329555555,2025-09-05T03:00:00.000Z
sensor.heat_pump_temperatur,15.036936736166666,2025-09-05T04:00:00.000Z
sensor.heat_pump_temperatur,15,2025-09-05T05:00:00.000Z
sensor.heat_pump_temperatur,15,2025-09-05T06:00:00.000Z
sensor.heat_pump_temperatur,12.713853393666668,2025-09-06T02:00:00.000Z
sensor.heat_pump_temperatur,10.400716555361111,2025-09-06T03:00:00.000Z
sensor.heat_pump_temperatur,10.034874861833332,2025-09-06T04:00:00.000Z
sensor.heat_pump_temperatur,10,2025-09-06T05:00:00.000Z
sensor.heat_pump_temperatur,10,2025-09-06T06:00:00.000Z
sensor.heat_pump_temperatur,11.408388936833333,2025-09-07T02:00:00.000Z
sensor.heat_pump_temperatur,12.159076294444445,2025-09-07T03:00:00.000Z
sensor.heat_pump_temperatur,11.737217899194443,2025-09-07T04:00:00.000Z
sensor.heat_pump_temperatur,11.699999999999998,2025-09-07T05:00:00.000Z
sensor.heat_pump_temperatur,11.699999999999998,2025-09-07T06:00:00.000Z
sensor.heat_pump_temperatur,13.815781935138888,2025-09-08T02:00:00.000Z
sensor.heat_pump_temperatur,15.38838260688889,2025-09-08T03:00:00.000Z
sensor.heat_pump_temperatur,15.300000000000002,2025-09-08T04:00:00.000Z
sensor.heat_pump_temperatur,15.300000000000002,2025-09-08T05:00:00.000Z
sensor.heat_pump_temperatur,15.448346611611113,2025-09-09T03:00:00.000Z
sensor.heat_pump_temperatur,16.49852811413889,2025-09-09T04:00:00.000Z
sensor.heat_pump_temperatur,16.5,2025-09-09T05:00:00.000Z
sensor.heat_pump_temperatur,16.5,2025-09-09T06:00:00.000Z
sensor.heat_pump_temperatur,14.862780641694444,2025-09-10T02:00:00.000Z
sensor.heat_pump_temperatur,12.858828643305555,2025-09-10T03:00:00.000Z
sensor.heat_pump_temperatur,12.614377508611112,2025-09-10T04:00:00.000Z
sensor.heat_pump_temperatur,12.6,2025-09-10T05:00:00.000Z
sensor.heat_pump_temperatur,12.6,2025-09-10T06:00:00.000Z
sensor.heat_pump_temperatur,13.996813446222221,2025-09-11T02:00:00.000Z
sensor.heat_pump_temperatur,15.164788910805555,2025-09-11T03:00:00.000Z
sensor.heat_pump_temperatur,15.199999999999998,2025-09-11T04:00:00.000Z
sensor.heat_pump_temperatur,15.199999999999998,2025-09-11T05:00:00.000Z
sensor.heat_pump_temperatur,15.137930754972222,2025-09-12T02:00:00.000Z
sensor.heat_pump_temperatur,14.879262514083335,2025-09-12T03:00:00.000Z
sensor.heat_pump_temperatur,14.726740964583334,2025-09-12T04:00:00.000Z
sensor.heat_pump_temperatur,14.699999999999998,2025-09-12T05:00:00.000Z
sensor.heat_pump_temperatur,14.699999999999998,2025-09-12T06:00:00.000Z
sensor.heat_pump_temperatur,13.509073075611111,2025-09-13T02:00:00.000Z
sensor.heat_pump_temperatur,12.026085567777777,2025-09-13T03:00:00.000Z
sensor.heat_pump_temperatur,11.637565569194443,2025-09-13T04:00:00.000Z
sensor.heat_pump_temperatur,11.6,2025-09-13T05:00:00.000Z
sensor.heat_pump_temperatur,11.6,2025-09-13T06:00:00.000Z
sensor.heat_pump_temperatur,13.435890385222223,2025-09-14T02:00:00.000Z
sensor.heat_pump_temperatur,15.129604015111111,2025-09-14T03:00:00.000Z
sensor.heat_pump_temperatur,15.01978763075,2025-09-14T04:00:00.000Z
sensor.heat_pump_temperatur,15,2025-09-14T05:00:00.000Z
sensor.heat_pump_temperatur,15,2025-09-14T06:00:00.000Z
sensor.heat_pump_temperatur,19.429821134166666,2025-09-15T03:00:00.000Z
sensor.heat_pump_temperatur,19.7,2025-09-15T04:00:00.000Z
sensor.heat_pump_temperatur,19.7,2025-09-15T05:00:00.000Z
sensor.heat_pump_temperatur,17.109803076722223,2025-09-16T02:00:00.000Z
sensor.heat_pump_temperatur,14.792095539805556,2025-09-16T03:00:00.000Z
sensor.heat_pump_temperatur,14.502831101055556,2025-09-16T04:00:00.000Z
sensor.heat_pump_temperatur,14.5,2025-09-16T05:00:00.000Z
sensor.heat_pump_temperatur,14.5,2025-09-16T06:00:00.000Z
sensor.heat_pump_temperatur,14.452716501083332,2025-09-17T02:00:00.000Z
sensor.heat_pump_temperatur,13.995741991416667,2025-09-17T03:00:00.000Z
sensor.heat_pump_temperatur,13.901707600027777,2025-09-17T04:00:00.000Z
sensor.heat_pump_temperatur,13.9,2025-09-17T05:00:00.000Z
sensor.heat_pump_temperatur,13.9,2025-09-17T06:00:00.000Z
sensor.heat_pump_temperatur,13.591184398138891,2025-09-18T01:00:00.000Z
sensor.heat_pump_temperatur,12.09933021986111,2025-09-18T02:00:00.000Z
sensor.heat_pump_temperatur,11.502938900777778,2025-09-18T03:00:00.000Z
sensor.heat_pump_temperatur,11.132687763749999,2025-09-18T04:00:00.000Z
sensor.heat_pump_temperatur,11.1,2025-09-18T05:00:00.000Z
sensor.heat_pump_temperatur,11.1,2025-09-18T06:00:00.000Z
sensor.heat_pump_temperatur,10.960301042194445,2025-09-19T02:00:00.000Z
sensor.heat_pump_temperatur,10.515600386194444,2025-09-19T03:00:00.000Z
sensor.heat_pump_temperatur,10.214370103638888,2025-09-19T04:00:00.000Z
sensor.heat_pump_temperatur,10.2,2025-09-19T05:00:00.000Z
sensor.heat_pump_temperatur,10.2,2025-09-19T06:00:00.000Z
sensor.heat_pump_temperatur,13.713297388194443,2025-09-20T02:00:00.000Z
sensor.heat_pump_temperatur,14.781846377638887,2025-09-20T03:00:00.000Z
sensor.heat_pump_temperatur,14.699999999999998,2025-09-20T04:00:00.000Z
sensor.heat_pump_temperatur,14.699999999999998,2025-09-20T05:00:00.000Z
sensor.heat_pump_temperatur,25.878827649861112,2025-09-20T12:00:00.000Z
sensor.heat_pump_temperatur,32.08596972583334,2025-09-20T13:00:00.000Z
sensor.heat_pump_temperatur,32.10154985916667,2025-09-20T14:00:00.000Z
sensor.heat_pump_temperatur,32.1,2025-09-20T15:00:00.000Z
sensor.heat_pump_temperatur,32.1,2025-09-20T16:00:00.000Z
sensor.heat_pump_temperatur,24.4603651665,2025-09-28T06:00:00.000Z
sensor.heat_pump_temperatur,9.0,2025-09-28T06:40:03.568Z
sensor.heat_pump_temperatur,9.1,2025-09-28T06:41:19.684Z
sensor.heat_pump_temperatur,9.0,2025-09-28T06:41:33.657Z
sensor.heat_pump_temperatur,9.1,2025-09-28T06:42:15.507Z
sensor.heat_pump_temperatur,9.0,2025-09-28T06:42:29.331Z
sensor.heat_pump_temperatur,9.1,2025-09-28T06:42:43.380Z
sensor.heat_pump_temperatur,9.0,2025-09-28T06:44:06.814Z
sensor.heat_pump_temperatur,9.1,2025-09-28T06:44:20.665Z
sensor.heat_pump_temperatur,9.2,2025-09-28T06:55:01.634Z
sensor.heat_pump_temperatur,9.3,2025-09-28T07:05:42.515Z
sensor.heat_pump_temperatur,9.2,2025-09-28T07:06:10.344Z
sensor.heat_pump_temperatur,9.3,2025-09-28T07:06:38.110Z
sensor.heat_pump_temperatur,9.4,2025-09-28T07:18:42.783Z
sensor.heat_pump_temperatur,9.3,2025-09-28T07:19:10.474Z
sensor.heat_pump_temperatur,9.4,2025-09-28T07:19:38.376Z
sensor.heat_pump_temperatur,9.3,2025-09-28T07:20:34.017Z
sensor.heat_pump_temperatur,9.4,2025-09-28T07:20:47.902Z
sensor.heat_pump_temperatur,9.5,2025-09-28T07:28:27.778Z
sensor.heat_pump_temperatur,9.6,2025-09-28T07:37:03.091Z
sensor.heat_pump_temperatur,9.5,2025-09-28T07:37:17.055Z
sensor.heat_pump_temperatur,9.6,2025-09-28T07:37:30.994Z
sensor.heat_pump_temperatur,9.7,2025-09-28T07:44:15.044Z
sensor.heat_pump_temperatur,9.6,2025-09-28T07:44:42.801Z
sensor.heat_pump_temperatur,9.7,2025-09-28T07:45:10.786Z
sensor.heat_pump_temperatur,9.6,2025-09-28T07:45:38.707Z
sensor.heat_pump_temperatur,9.7,2025-09-28T07:45:52.534Z
sensor.heat_pump_temperatur,9.8,2025-09-28T07:52:36.636Z
sensor.heat_pump_temperatur,9.7,2025-09-28T07:53:32.347Z
sensor.heat_pump_temperatur,9.8,2025-09-28T07:53:46.395Z
sensor.heat_pump_temperatur,unavailable,2025-09-28T07:53:56.413Z
sensor.heat_pump_temperatur,9.8,2025-09-28T07:57:23.051Z
sensor.heat_pump_temperatur,10.6,2025-09-28T08:01:12.035Z
sensor.heat_pump_temperatur,12.5,2025-09-28T08:01:26.036Z
sensor.heat_pump_temperatur,16.2,2025-09-28T08:01:39.889Z
sensor.heat_pump_temperatur,19.6,2025-09-28T08:01:53.978Z
sensor.heat_pump_temperatur,21.3,2025-09-28T08:02:07.921Z
sensor.heat_pump_temperatur,22.2,2025-09-28T08:02:21.799Z
sensor.heat_pump_temperatur,22.5,2025-09-28T08:02:35.612Z
sensor.heat_pump_temperatur,22.8,2025-09-28T08:02:49.594Z
sensor.heat_pump_temperatur,22.9,2025-09-28T08:03:03.609Z
sensor.heat_pump_temperatur,23.0,2025-09-28T08:03:31.323Z
sensor.heat_pump_temperatur,23.1,2025-09-28T08:18:28.874Z
sensor.heat_pump_temperatur,23.2,2025-09-28T08:28:41.736Z
sensor.heat_pump_temperatur,23.1,2025-09-28T08:28:55.568Z
sensor.heat_pump_temperatur,23.2,2025-09-28T08:29:09.580Z
sensor.heat_pump_temperatur,23.1,2025-09-28T08:29:23.460Z
sensor.heat_pump_temperatur,23.2,2025-09-28T08:29:37.542Z
sensor.heat_pump_temperatur,23.1,2025-09-28T08:29:51.368Z
sensor.heat_pump_temperatur,23.2,2025-09-28T08:31:14.946Z
sensor.heat_pump_temperatur,23.1,2025-09-28T08:31:28.807Z
sensor.heat_pump_temperatur,23.2,2025-09-28T08:31:42.837Z
sensor.heat_pump_temperatur,23.3,2025-09-28T08:39:36.608Z
sensor.heat_pump_temperatur,23.2,2025-09-28T08:39:50.471Z
sensor.heat_pump_temperatur,23.3,2025-09-28T08:40:46.052Z
sensor.heat_pump_temperatur,23.2,2025-09-28T08:41:14.050Z
sensor.heat_pump_temperatur,23.3,2025-09-28T08:41:27.874Z
sensor.heat_pump_temperatur,23.4,2025-09-28T08:53:32.275Z
sensor.heat_pump_temperatur,23.5,2025-09-28T09:06:32.467Z
sensor.heat_pump_temperatur,23.6,2025-09-28T09:07:56.022Z
sensor.heat_pump_temperatur,23.5,2025-09-28T09:08:23.673Z
sensor.heat_pump_temperatur,23.4,2025-09-28T09:10:01.241Z
sensor.heat_pump_temperatur,23.3,2025-09-28T09:11:10.716Z
sensor.heat_pump_temperatur,23.2,2025-09-28T09:11:52.883Z
sensor.heat_pump_temperatur,23.1,2025-09-28T09:13:02.340Z
sensor.heat_pump_temperatur,23.0,2025-09-28T09:13:44.091Z
sensor.heat_pump_temperatur,22.9,2025-09-28T09:14:39.947Z
sensor.heat_pump_temperatur,22.8,2025-09-28T09:15:21.547Z
sensor.heat_pump_temperatur,22.7,2025-09-28T09:16:17.239Z
sensor.heat_pump_temperatur,22.6,2025-09-28T09:16:59.170Z
sensor.heat_pump_temperatur,22.5,2025-09-28T09:17:40.861Z
sensor.heat_pump_temperatur,22.4,2025-09-28T09:18:36.538Z
sensor.heat_pump_temperatur,22.3,2025-09-28T09:19:18.418Z
sensor.heat_pump_temperatur,22.2,2025-09-28T09:20:00.295Z
sensor.heat_pump_temperatur,22.1,2025-09-28T09:20:55.843Z
sensor.heat_pump_temperatur,22.0,2025-09-28T09:21:38.007Z
sensor.heat_pump_temperatur,22.8,2025-09-28T09:22:33.442Z
sensor.heat_pump_temperatur,23.2,2025-09-28T09:22:47.325Z
sensor.heat_pump_temperatur,23.3,2025-09-28T09:23:01.294Z
sensor.heat_pump_temperatur,23.4,2025-09-28T09:23:15.295Z
sensor.heat_pump_temperatur,23.5,2025-09-28T09:24:11.076Z
sensor.heat_pump_temperatur,23.6,2025-09-28T09:35:33.572Z
sensor.heat_pump_temperatur,23.5,2025-09-28T09:36:15.387Z
sensor.heat_pump_temperatur,23.6,2025-09-28T09:36:29.367Z
sensor.heat_pump_temperatur,23.7,2025-09-28T09:49:01.736Z
sensor.heat_pump_temperatur,23.8,2025-09-28T09:56:59.753Z
sensor.heat_pump_temperatur,23.9,2025-09-28T10:04:07.323Z
sensor.heat_pump_temperatur,23.8,2025-09-28T10:04:21.146Z
sensor.heat_pump_temperatur,23.9,2025-09-28T10:04:49.144Z
sensor.heat_pump_temperatur,24.0,2025-09-28T10:13:24.690Z
sensor.heat_pump_temperatur,24.1,2025-09-28T10:19:26.952Z
sensor.heat_pump_temperatur,24.2,2025-09-28T10:26:10.868Z
sensor.heat_pump_temperatur,24.3,2025-09-28T10:32:55.032Z
sensor.heat_pump_temperatur,24.2,2025-09-28T10:33:22.711Z
sensor.heat_pump_temperatur,24.3,2025-09-28T10:34:46.504Z
sensor.heat_pump_temperatur,24.4,2025-09-28T10:41:30.735Z
sensor.heat_pump_temperatur,24.5,2025-09-28T10:46:50.998Z
sensor.heat_pump_temperatur,24.4,2025-09-28T10:47:05.018Z
sensor.heat_pump_temperatur,24.5,2025-09-28T10:47:18.931Z
sensor.heat_pump_temperatur,24.6,2025-09-28T10:54:16.865Z
sensor.heat_pump_temperatur,24.5,2025-09-28T10:54:30.777Z
sensor.heat_pump_temperatur,24.6,2025-09-28T10:54:44.841Z
sensor.heat_pump_temperatur,24.7,2025-09-28T11:01:42.710Z
sensor.heat_pump_temperatur,24.6,2025-09-28T11:02:24.444Z
sensor.heat_pump_temperatur,24.7,2025-09-28T11:02:38.436Z
sensor.heat_pump_temperatur,24.8,2025-09-28T11:08:40.659Z
sensor.heat_pump_temperatur,24.9,2025-09-28T11:16:34.334Z
sensor.heat_pump_temperatur,25.0,2025-09-28T11:22:08.710Z
sensor.heat_pump_temperatur,24.9,2025-09-28T11:22:36.524Z
sensor.heat_pump_temperatur,25.0,2025-09-28T11:23:32.266Z
sensor.heat_pump_temperatur,25.1,2025-09-28T11:30:44.267Z
sensor.heat_pump_temperatur,25.0,2025-09-28T11:30:58.128Z
sensor.heat_pump_temperatur,25.1,2025-09-28T11:31:25.912Z
sensor.heat_pump_temperatur,25.0,2025-09-28T11:31:53.900Z
sensor.heat_pump_temperatur,25.1,2025-09-28T11:32:07.803Z
sensor.heat_pump_temperatur,25.2,2025-09-28T11:38:10.048Z
sensor.heat_pump_temperatur,25.1,2025-09-28T11:39:33.616Z
sensor.heat_pump_temperatur,25.2,2025-09-28T11:39:47.672Z
sensor.heat_pump_temperatur,25.3,2025-09-28T11:48:09.173Z
sensor.heat_pump_temperatur,25.4,2025-09-28T11:55:48.888Z
sensor.heat_pump_temperatur,25.3,2025-09-28T11:56:02.921Z
sensor.heat_pump_temperatur,25.4,2025-09-28T11:59:17.870Z
sensor.heat_pump_temperatur,25.5,2025-09-28T12:07:11.619Z
sensor.heat_pump_temperatur,25.7,2025-09-28T12:07:25.315Z
sensor.heat_pump_temperatur,25.8,2025-09-28T12:07:39.445Z
sensor.heat_pump_temperatur,25.7,2025-09-28T12:09:58.657Z
sensor.heat_pump_temperatur,25.6,2025-09-28T12:10:54.446Z
sensor.heat_pump_temperatur,25.5,2025-09-28T12:11:50.156Z
sensor.heat_pump_temperatur,25.4,2025-09-28T12:12:45.815Z
sensor.heat_pump_temperatur,25.3,2025-09-28T12:13:27.696Z
sensor.heat_pump_temperatur,26.3,2025-09-28T12:13:55.501Z
sensor.heat_pump_temperatur,28.6,2025-09-28T12:14:09.573Z
sensor.heat_pump_temperatur,29.6,2025-09-28T12:14:23.531Z
sensor.heat_pump_temperatur,30.0,2025-09-28T12:14:37.339Z
sensor.heat_pump_temperatur,30.2,2025-09-28T12:14:51.378Z
sensor.heat_pump_temperatur,30.1,2025-09-28T12:15:47.027Z
sensor.heat_pump_temperatur,30.0,2025-09-28T12:16:14.844Z
sensor.heat_pump_temperatur,29.9,2025-09-28T12:16:29.036Z
sensor.heat_pump_temperatur,29.8,2025-09-28T12:16:42.723Z
sensor.heat_pump_temperatur,29.7,2025-09-28T12:17:10.679Z
sensor.heat_pump_temperatur,29.6,2025-09-28T12:17:24.757Z
sensor.heat_pump_temperatur,29.5,2025-09-28T12:17:38.428Z
sensor.heat_pump_temperatur,29.4,2025-09-28T12:17:52.332Z
sensor.heat_pump_temperatur,29.3,2025-09-28T12:18:20.364Z
sensor.heat_pump_temperatur,29.2,2025-09-28T12:18:34.273Z
sensor.heat_pump_temperatur,29.1,2025-09-28T12:19:02.161Z
sensor.heat_pump_temperatur,29.0,2025-09-28T12:19:15.922Z
sensor.heat_pump_temperatur,unavailable,2025-09-28T12:21:03.882Z
switch.heat_pump_schalter,off,2025-09-28T06:40:03.573Z
switch.heat_pump_schalter,unavailable,2025-09-28T07:53:56.414Z
switch.heat_pump_schalter,off,2025-09-28T07:57:23.051Z
switch.heat_pump_schalter,on,2025-09-28T08:05:07.992Z
switch.heat_pump_schalter,unavailable,2025-09-28T12:21:03.882Z
binary_sensor.smarte_steckdose_tp01_uberhitzt,unavailable,2025-09-21T05:34:50.690Z
binary_sensor.smarte_steckdose_tp01_uberhitzt,off,2025-09-21T05:37:16.071Z
binary_sensor.smarte_steckdose_tp01_uberhitzt,unavailable,2025-09-21T14:16:04.690Z
binary_sensor.smarte_steckdose_tp01_uberhitzt,off,2025-09-21T14:16:39.451Z
binary_sensor.smarte_steckdose_tp01_uberhitzt,unavailable,2025-09-21T19:34:49.747Z
binary_sensor.smarte_steckdose_tp01_uberhitzt,off,2025-09-21T19:36:48.497Z
binary_sensor.smarte_steckdose_tp01_uberhitzt,unavailable,2025-09-22T14:04:13.690Z
binary_sensor.smarte_steckdose_tp01_uberhitzt,off,2025-09-22T14:04:19.818Z
binary_sensor.smarte_steckdose_tp01_uberhitzt,unavailable,2025-09-22T14:06:32.690Z
binary_sensor.smarte_steckdose_tp01_uberhitzt,off,2025-09-22T14:06:52.190Z
binary_sensor.smarte_steckdose_tp01_uberhitzt,unavailable,2025-09-22T15:23:06.904Z
binary_sensor.smarte_steckdose_tp01_uberhitzt,off,2025-09-22T15:23:12.089Z
binary_sensor.smarte_steckdose_tp01_uberhitzt,unavailable,2025-09-22T17:46:23.690Z
binary_sensor.smarte_steckdose_tp01_uberhitzt,off,2025-09-22T17:46:53.748Z
binary_sensor.smarte_steckdose_tp01_uberhitzt,unavailable,2025-09-23T14:34:58.691Z
binary_sensor.smarte_steckdose_tp01_uberhitzt,off,2025-09-23T14:37:19.090Z
binary_sensor.smarte_steckdose_tp01_uberhitzt,unavailable,2025-09-25T12:08:08.690Z
binary_sensor.smarte_steckdose_tp01_uberhitzt,off,2025-09-25T12:08:55.906Z
binary_sensor.smarte_steckdose_tp01_uberhitzt,unavailable,2025-09-28T13:32:54.172Z
binary_sensor.smarte_steckdose_tp01_cloud_verbindung,unavailable,2025-09-21T05:34:50.690Z
binary_sensor.smarte_steckdose_tp01_cloud_verbindung,on,2025-09-21T05:37:16.070Z
binary_sensor.smarte_steckdose_tp01_cloud_verbindung,unavailable,2025-09-21T14:16:04.690Z
binary_sensor.smarte_steckdose_tp01_cloud_verbindung,on,2025-09-21T14:16:39.451Z
binary_sensor.smarte_steckdose_tp01_cloud_verbindung,unavailable,2025-09-21T19:34:49.747Z
binary_sensor.smarte_steckdose_tp01_cloud_verbindung,on,2025-09-21T19:36:48.497Z
binary_sensor.smarte_steckdose_tp01_cloud_verbindung,off,2025-09-22T02:16:33.084Z
binary_sensor.smarte_steckdose_tp01_cloud_verbindung,on,2025-09-22T02:17:33.086Z
binary_sensor.smarte_steckdose_tp01_cloud_verbindung,unavailable,2025-09-22T14:04:13.689Z
binary_sensor.smarte_steckdose_tp01_cloud_verbindung,on,2025-09-22T14:04:19.818Z
binary_sensor.smarte_steckdose_tp01_cloud_verbindung,unavailable,2025-09-22T14:06:32.690Z
binary_sensor.smarte_steckdose_tp01_cloud_verbindung,on,2025-09-22T14:06:52.189Z
binary_sensor.smarte_steckdose_tp01_cloud_verbindung,unavailable,2025-09-22T15:23:06.903Z
binary_sensor.smarte_steckdose_tp01_cloud_verbindung,on,2025-09-22T15:23:12.088Z
binary_sensor.smarte_steckdose_tp01_cloud_verbindung,unavailable,2025-09-22T17:46:23.690Z
binary_sensor.smarte_steckdose_tp01_cloud_verbindung,on,2025-09-22T17:46:53.747Z
binary_sensor.smarte_steckdose_tp01_cloud_verbindung,unavailable,2025-09-23T14:34:58.690Z
binary_sensor.smarte_steckdose_tp01_cloud_verbindung,on,2025-09-23T14:37:19.090Z
binary_sensor.smarte_steckdose_tp01_cloud_verbindung,off,2025-09-25T02:13:31.116Z
binary_sensor.smarte_steckdose_tp01_cloud_verbindung,on,2025-09-25T02:14:36.152Z
binary_sensor.smarte_steckdose_tp01_cloud_verbindung,unavailable,2025-09-25T12:08:08.690Z
binary_sensor.smarte_steckdose_tp01_cloud_verbindung,on,2025-09-25T12:08:55.906Z
binary_sensor.smarte_steckdose_tp01_cloud_verbindung,off,2025-09-26T02:10:07.143Z
binary_sensor.smarte_steckdose_tp01_cloud_verbindung,on,2025-09-26T02:11:12.126Z
binary_sensor.smarte_steckdose_tp01_cloud_verbindung,off,2025-09-27T02:10:02.105Z
binary_sensor.smarte_steckdose_tp01_cloud_verbindung,on,2025-09-27T02:11:07.114Z
binary_sensor.smarte_steckdose_tp01_cloud_verbindung,unavailable,2025-09-28T13:32:54.172Z
binary_sensor.smarte_steckdose_tp01_aktualisieren,unavailable,2025-09-28T06:40:16.079Z
sensor.smarte_steckdose_tp01_automatische_abschaltung_bei,unavailable,2025-09-21T05:34:50.713Z
sensor.smarte_steckdose_tp01_automatische_abschaltung_bei,unknown,2025-09-21T05:37:16.072Z
sensor.smarte_steckdose_tp01_automatische_abschaltung_bei,unavailable,2025-09-21T14:16:04.719Z
sensor.smarte_steckdose_tp01_automatische_abschaltung_bei,unknown,2025-09-21T14:16:39.452Z
sensor.smarte_steckdose_tp01_automatische_abschaltung_bei,unavailable,2025-09-21T19:34:49.771Z
sensor.smarte_steckdose_tp01_automatische_abschaltung_bei,unknown,2025-09-21T19:36:48.498Z
sensor.smarte_steckdose_tp01_automatische_abschaltung_bei,unavailable,2025-09-22T14:04:13.717Z
sensor.smarte_steckdose_tp01_automatische_abschaltung_bei,unknown,2025-09-22T14:04:19.819Z
sensor.smarte_steckdose_tp01_automatische_abschaltung_bei,unavailable,2025-09-22T14:06:32.717Z
sensor.smarte_steckdose_tp01_automatische_abschaltung_bei,unknown,2025-09-22T14:06:52.190Z
sensor.smarte_steckdose_tp01_automatische_abschaltung_bei,unavailable,2025-09-22T15:23:06.924Z
sensor.smarte_steckdose_tp01_automatische_abschaltung_bei,unknown,2025-09-22T15:23:12.089Z
sensor.smarte_steckdose_tp01_automatische_abschaltung_bei,unavailable,2025-09-22T17:46:23.712Z
sensor.smarte_steckdose_tp01_automatische_abschaltung_bei,unknown,2025-09-22T17:46:53.749Z
sensor.smarte_steckdose_tp01_automatische_abschaltung_bei,unavailable,2025-09-23T14:34:58.715Z
sensor.smarte_steckdose_tp01_automatische_abschaltung_bei,unknown,2025-09-23T14:37:19.091Z
sensor.smarte_steckdose_tp01_automatische_abschaltung_bei,unavailable,2025-09-25T12:08:08.714Z
sensor.smarte_steckdose_tp01_automatische_abschaltung_bei,unknown,2025-09-25T12:08:55.907Z
sensor.smarte_steckdose_tp01_automatische_abschaltung_bei,unavailable,2025-09-28T13:32:54.231Z
switch.smarte_steckdose_tp01,unavailable,2025-09-21T05:34:50.713Z
switch.smarte_steckdose_tp01,off,2025-09-21T05:37:16.072Z
switch.smarte_steckdose_tp01,on,2025-09-21T08:01:01.032Z
switch.smarte_steckdose_tp01,unavailable,2025-09-21T14:16:04.719Z
switch.smarte_steckdose_tp01,on,2025-09-21T14:16:39.452Z
switch.smarte_steckdose_tp01,off,2025-09-21T16:20:01.026Z
switch.smarte_steckdose_tp01,unavailable,2025-09-21T19:34:49.771Z
switch.smarte_steckdose_tp01,off,2025-09-21T19:36:48.498Z
switch.smarte_steckdose_tp01,on,2025-09-22T08:01:00.740Z
switch.smarte_steckdose_tp01,unavailable,2025-09-22T14:04:13.718Z
switch.smarte_steckdose_tp01,on,2025-09-22T14:04:19.819Z
switch.smarte_steckdose_tp01,unavailable,2025-09-22T14:06:32.717Z
switch.smarte_steckdose_tp01,on,2025-09-22T14:06:52.191Z
switch.smarte_steckdose_tp01,unavailable,2025-09-22T15:23:06.924Z
switch.smarte_steckdose_tp01,on,2025-09-22T15:23:12.090Z
switch.smarte_steckdose_tp01,off,2025-09-22T16:20:00.997Z
switch.smarte_steckdose_tp01,unavailable,2025-09-22T17:46:23.713Z
switch.smarte_steckdose_tp01,off,2025-09-22T17:46:53.749Z
switch.smarte_steckdose_tp01,on,2025-09-23T08:01:00.738Z
switch.smarte_steckdose_tp01,unavailable,2025-09-23T14:34:58.716Z
switch.smarte_steckdose_tp01,on,2025-09-23T14:37:19.092Z
switch.smarte_steckdose_tp01,off,2025-09-23T16:20:00.999Z
switch.smarte_steckdose_tp01,on,2025-09-24T08:01:00.741Z
switch.smarte_steckdose_tp01,off,2025-09-24T16:20:01.196Z
switch.smarte_steckdose_tp01,on,2025-09-25T08:01:00.788Z
switch.smarte_steckdose_tp01,unavailable,2025-09-25T12:08:08.714Z
switch.smarte_steckdose_tp01,on,2025-09-25T12:08:55.907Z
switch.smarte_steckdose_tp01,off,2025-09-25T15:27:21.105Z
switch.smarte_steckdose_tp01,on,2025-09-25T15:27:26.104Z
switch.smarte_steckdose_tp01,off,2025-09-25T15:34:21.138Z
switch.smarte_steckdose_tp01,on,2025-09-25T15:34:26.118Z
switch.smarte_steckdose_tp01,off,2025-09-25T16:20:01.048Z
switch.smarte_steckdose_tp01,on,2025-09-26T08:01:00.852Z
switch.smarte_steckdose_tp01,off,2025-09-26T09:31:01.121Z
switch.smarte_steckdose_tp01,on,2025-09-26T09:31:06.090Z
switch.smarte_steckdose_tp01,off,2025-09-26T16:20:01.050Z
switch.smarte_steckdose_tp01,on,2025-09-27T08:01:01.054Z
switch.smarte_steckdose_tp01,off,2025-09-27T16:20:01.062Z
switch.smarte_steckdose_tp01,on,2025-09-28T08:01:00.904Z
switch.smarte_steckdose_tp01,off,2025-09-28T12:58:39.628Z
switch.smarte_steckdose_tp01,unavailable,2025-09-28T13:32:54.231Z
switch.smarte_steckdose_tp01_automatische_abschaltung_aktiviert,unavailable,2025-09-21T05:34:50.732Z
switch.smarte_steckdose_tp01_automatische_abschaltung_aktiviert,off,2025-09-21T05:37:16.072Z
switch.smarte_steckdose_tp01_automatische_abschaltung_aktiviert,unavailable,2025-09-21T14:16:04.740Z
switch.smarte_steckdose_tp01_automatische_abschaltung_aktiviert,off,2025-09-21T14:16:44.082Z
switch.smarte_steckdose_tp01_automatische_abschaltung_aktiviert,unavailable,2025-09-21T19:34:49.793Z
switch.smarte_steckdose_tp01_automatische_abschaltung_aktiviert,off,2025-09-21T19:36:53.150Z
switch.smarte_steckdose_tp01_automatische_abschaltung_aktiviert,unavailable,2025-09-22T14:04:13.737Z
switch.smarte_steckdose_tp01_automatische_abschaltung_aktiviert,off,2025-09-22T14:04:19.819Z
switch.smarte_steckdose_tp01_automatische_abschaltung_aktiviert,unavailable,2025-09-22T14:05:07.593Z
switch.smarte_steckdose_tp01_automatische_abschaltung_aktiviert,off,2025-09-22T14:05:29.875Z
switch.smarte_steckdose_tp01_automatische_abschaltung_aktiviert,unavailable,2025-09-22T14:06:32.739Z
switch.smarte_steckdose_tp01_automatische_abschaltung_aktiviert,off,2025-09-22T14:06:52.191Z
switch.smarte_steckdose_tp01_automatische_abschaltung_aktiviert,unavailable,2025-09-22T15:23:06.945Z
switch.smarte_steckdose_tp01_automatische_abschaltung_aktiviert,off,2025-09-22T15:23:12.090Z
switch.smarte_steckdose_tp01_automatische_abschaltung_aktiviert,unavailable,2025-09-22T17:46:23.732Z
switch.smarte_steckdose_tp01_automatische_abschaltung_aktiviert,off,2025-09-22T17:46:53.749Z
switch.smarte_steckdose_tp01_automatische_abschaltung_aktiviert,unavailable,2025-09-23T14:34:58.736Z
switch.smarte_steckdose_tp01_automatische_abschaltung_aktiviert,off,2025-09-23T14:37:19.092Z
switch.smarte_steckdose_tp01_automatische_abschaltung_aktiviert,unavailable,2025-09-25T12:08:08.735Z
switch.smarte_steckdose_tp01_automatische_abschaltung_aktiviert,off,2025-09-25T12:08:55.907Z
switch.smarte_steckdose_tp01_automatische_abschaltung_aktiviert,unavailable,2025-09-28T09:33:53.905Z
switch.smarte_steckdose_tp01_automatische_abschaltung_aktiviert,off,2025-09-28T09:34:03.645Z
switch.smarte_steckdose_tp01_automatische_abschaltung_aktiviert,unavailable,2025-09-28T13:32:54.252Z
switch.smarte_steckdose_tp01_automatisches_update_aktiviert,unavailable,2025-09-21T05:34:50.733Z
switch.smarte_steckdose_tp01_automatisches_update_aktiviert,on,2025-09-21T05:37:16.072Z
switch.smarte_steckdose_tp01_automatisches_update_aktiviert,unavailable,2025-09-21T14:16:04.741Z
switch.smarte_steckdose_tp01_automatisches_update_aktiviert,on,2025-09-21T14:16:39.452Z
switch.smarte_steckdose_tp01_automatisches_update_aktiviert,unavailable,2025-09-21T19:34:49.794Z
switch.smarte_steckdose_tp01_automatisches_update_aktiviert,on,2025-09-21T19:36:48.498Z
switch.smarte_steckdose_tp01_automatisches_update_aktiviert,unavailable,2025-09-22T14:04:13.738Z
switch.smarte_steckdose_tp01_automatisches_update_aktiviert,on,2025-09-22T14:04:19.820Z
switch.smarte_steckdose_tp01_automatisches_update_aktiviert,unavailable,2025-09-22T14:06:32.740Z
switch.smarte_steckdose_tp01_automatisches_update_aktiviert,on,2025-09-22T14:06:52.191Z
switch.smarte_steckdose_tp01_automatisches_update_aktiviert,unavailable,2025-09-22T15:23:06.945Z
switch.smarte_steckdose_tp01_automatisches_update_aktiviert,on,2025-09-22T15:23:12.090Z
switch.smarte_steckdose_tp01_automatisches_update_aktiviert,unavailable,2025-09-22T17:46:23.733Z
switch.smarte_steckdose_tp01_automatisches_update_aktiviert,on,2025-09-22T17:46:53.749Z
switch.smarte_steckdose_tp01_automatisches_update_aktiviert,unavailable,2025-09-23T14:34:58.736Z
switch.smarte_steckdose_tp01_automatisches_update_aktiviert,on,2025-09-23T14:37:19.092Z
switch.smarte_steckdose_tp01_automatisches_update_aktiviert,unavailable,2025-09-25T12:08:08.735Z
switch.smarte_steckdose_tp01_automatisches_update_aktiviert,on,2025-09-25T12:08:55.908Z
switch.smarte_steckdose_tp01_automatisches_update_aktiviert,unavailable,2025-09-28T13:32:54.253Z
switch.smarte_steckdose_tp01_led,unavailable,2025-09-21T05:34:50.733Z
switch.smarte_steckdose_tp01_led,on,2025-09-21T05:37:16.072Z
switch.smarte_steckdose_tp01_led,unavailable,2025-09-21T14:16:04.741Z
switch.smarte_steckdose_tp01_led,on,2025-09-21T14:16:39.453Z
switch.smarte_steckdose_tp01_led,unavailable,2025-09-21T19:34:49.794Z
switch.smarte_steckdose_tp01_led,on,2025-09-21T19:36:48.499Z
switch.smarte_steckdose_tp01_led,unavailable,2025-09-22T14:04:13.738Z
switch.smarte_steckdose_tp01_led,on,2025-09-22T14:04:19.820Z
switch.smarte_steckdose_tp01_led,unavailable,2025-09-22T14:06:32.740Z
switch.smarte_steckdose_tp01_led,on,2025-09-22T14:06:52.191Z
switch.smarte_steckdose_tp01_led,unavailable,2025-09-22T15:23:06.945Z
switch.smarte_steckdose_tp01_led,on,2025-09-22T15:23:12.090Z
switch.smarte_steckdose_tp01_led,unavailable,2025-09-22T17:46:23.733Z
switch.smarte_steckdose_tp01_led,on,2025-09-22T17:46:53.749Z
switch.smarte_steckdose_tp01_led,unavailable,2025-09-23T14:34:58.736Z
switch.smarte_steckdose_tp01_led,on,2025-09-23T14:37:19.092Z
switch.smarte_steckdose_tp01_led,unavailable,2025-09-25T12:08:08.735Z
switch.smarte_steckdose_tp01_led,on,2025-09-25T12:08:55.908Z
switch.smarte_steckdose_tp01_led,unavailable,2025-09-28T13:32:54.253Z
